PROCESSING CAG
_______________ 
+ cat config/config_CAG.json
+ sed -e s/DINI/2026-04-19/g
+ sed -e s/DEND/2026-04-24/
+ sed -e s/DOUT/20260419/
+ sed -e s/FREQ/hourly/
+ 1> config/config_CAG_2026-04-19.json
+ cp config/cmems_DOMAIN.dat config/cmems_CAG_2026-04-19.dat
+ cp config/variables_mit_DOMAIN.dat config/variables_mit_CAG_2026-04-19.dat
+ jq -r .diagdir config/config_CAG_2026-04-19.json
+ diagdir=/home/cfontana/DIAGS/CAG_2026-04-19
+ jq -r .radardir config/config_CAG_2026-04-19.json
+ radardir=/home/cfontana/RADAR/
+ [ 0 -eq 0 -a 0 -eq 1 ]
+ [ 1 -eq 1 ]
+ cd datasets/CMEMS
+ python get_data_sat.py -c CAG_2026-04-19 -v thetao
INFO - 2026-04-20T07:37:24Z - Selected dataset version: "202311"
INFO - 2026-04-20T07:37:24Z - Selected dataset part: "default"
WARNING - 2026-04-20T07:37:24Z - Some of your subset selection [2026-04-19 00:00:00+00:00, 2026-04-24 00:00:00+00:00] for the time dimension exceed the dataset coordinates [2008-01-01 00:00:00+00:00, 2026-04-19 00:00:00+00:00]
----------------------------------
=> Config file CAG_2026-04-19 loaded
----------------------------------

Downloading CMEMS products : SST_MED_SST_L3S_NRT_OBSERVATIONS_010_012_a
=> Variable [np.str_('sea_surface_temperature')] 


[FILE SAVED ] /home/cfontana/DIAGS/CAG_2026-04-19/CMEMS/data/SST_MED_SST_L3S_NRT_OBSERVATIONS_010_012_a.nc
+ python interp_cmems.py -c CAG_2026-04-19 -v thetao
----------------------------------
=> Config file CAG_2026-04-19 loaded
----------------------------------


[FILE SAVED] /home/cfontana/DIAGS/CAG_2026-04-19/CMEMS/thetao/ITP_NC/thetao_20260419.nc

Traceback (most recent call last):
  File "/home/cfontana/DATA_MED/datasets/CMEMS/interp_cmems.py", line 95, in <module>
    data = np.array(ds[cvar][i,:,:]).squeeze().flatten()
                    ~~~~~~~~^^^^^^^
  File "src/netCDF4/_netCDF4.pyx", line 5107, in netCDF4._netCDF4.Variable.__getitem__
  File "src/netCDF4/_netCDF4.pyx", line 6079, in netCDF4._netCDF4.Variable._get
IndexError: index exceeds dimension bounds
+ [ 1 -eq 2 ]
+ cd ../../plot
+ python plot_CMEMS_pickle_data_vs_sat.py -c CAG_2026-04-19 -v thetao -s CMEMS
----------------------------------
=> Config file CAG_2026-04-19 loaded
----------------------------------

Processing
739725 17.330630950301668 16.879492 17.003923596186226 0.5877070445020954
[Errno 2] No such file or directory: '/home/cfontana/DIAGS/CAG_2026-04-19/CMEMS/thetao/ITP_NC/thetao_20260420.nc' 

=> in get_sat_2D :
Error processing file /home/cfontana/DIAGS/CAG_2026-04-19/CMEMS/thetao/ITP_NC/thetao_20260420.nc
File not found
739726 17.76284656735275 nan 17.459406547404487 1
[Errno 2] No such file or directory: '/home/cfontana/DIAGS/CAG_2026-04-19/CMEMS/thetao/ITP_NC/thetao_20260421.nc' 

=> in get_sat_2D :
Error processing file /home/cfontana/DIAGS/CAG_2026-04-19/CMEMS/thetao/ITP_NC/thetao_20260421.nc
File not found
739727 17.89865945299522 nan 17.737952373815624 1
[Errno 2] No such file or directory: '/home/cfontana/DIAGS/CAG_2026-04-19/CMEMS/thetao/ITP_NC/thetao_20260422.nc' 

=> in get_sat_2D :
Error processing file /home/cfontana/DIAGS/CAG_2026-04-19/CMEMS/thetao/ITP_NC/thetao_20260422.nc
File not found
739728 18.247818232232888 nan 18.12097898824854 1
[Errno 2] No such file or directory: '/home/cfontana/DIAGS/CAG_2026-04-19/CMEMS/thetao/ITP_NC/thetao_20260423.nc' 

=> in get_sat_2D :
Error processing file /home/cfontana/DIAGS/CAG_2026-04-19/CMEMS/thetao/ITP_NC/thetao_20260423.nc
File not found
739729 18.657596219111717 nan 18.042598957358784 1
[Errno 2] No such file or directory: '/home/cfontana/DIAGS/CAG_2026-04-19/CMEMS/thetao/ITP_NC/thetao_20260424.nc' 

=> in get_sat_2D :
Error processing file /home/cfontana/DIAGS/CAG_2026-04-19/CMEMS/thetao/ITP_NC/thetao_20260424.nc
File not found
739730 18.68713809166698 nan 17.628838420746074 1
[SAVED FIG] /home/cfontana/DIAGS/CAG_2026-04-19/CMEMS/thetao/ITP_NC/PLOT/2026041900_thetao.jpg
[SAVED FIG] /home/cfontana/DIAGS/CAG_2026-04-19/CMEMS/thetao/ITP_NC/PLOT/2026042000_thetao.jpg
[SAVED FIG] /home/cfontana/DIAGS/CAG_2026-04-19/CMEMS/thetao/ITP_NC/PLOT/2026042100_thetao.jpg
[SAVED FIG] /home/cfontana/DIAGS/CAG_2026-04-19/CMEMS/thetao/ITP_NC/PLOT/2026042200_thetao.jpg
[SAVED FIG] /home/cfontana/DIAGS/CAG_2026-04-19/CMEMS/thetao/ITP_NC/PLOT/2026042300_thetao.jpg
[SAVED FIG] /home/cfontana/DIAGS/CAG_2026-04-19/CMEMS/thetao/ITP_NC/PLOT/2026042400_thetao.jpg
+ python plot_sat_CMEMS_timeseries.py -c CAG_2026-04-19 -v thetao -s CMEMS
----------------------------------
=> Config file CAG_2026-04-19 loaded
----------------------------------

[SAVED FIG] /home/cfontana/DIAGS/CAG_2026-04-19/CMEMS/thetao/ITP_NC/time_series.jpg
+ cd ..
+ [ 1 -eq 1 ]
+ cd datasets/HFRADAR
+ python read_radar.py -c CAG_2026-04-19
----------------------------------
=> Config file CAG_2026-04-19 loaded
----------------------------------


----------
20260419 0
[Errno 2] No such file or directory: '/home/cfontana/RADAR//2026-04-19/EUHFR_NRTcurrent_HFR-TirLig-Total_v3.nc'
[Errno 2] No such file or directory: '/home/cfontana/RADAR//2026-04-19/EUHFR_NRTcurrent_HFR-ARPAS-Total_v3.nc'
[Errno 2] No such file or directory: '/home/cfontana/RADAR//2026-04-19/EUHFR_NRTcurrent_HFR-LaMMA-Total_v3.nc'
[Errno 2] No such file or directory: '/home/cfontana/RADAR//2026-04-19/EUHFR_NRTcurrent_HFR-GoS-Total_v3.nc'
[Errno 2] No such file or directory: '/home/cfontana/RADAR//2026-04-19/EUHFR_NRTcurrent_HFR-WesternItaly-Total_v3.nc'
[Errno 2] No such file or directory: '/home/cfontana/RADAR//2026-04-19/EUHFR_NRTcurrent_HFR-Granitola-Total_v3.nc'
[Errno 2] No such file or directory: '/home/cfontana/RADAR//2026-04-19/EUHFR_NRTcurrent_HFR-NAdr-Total_v3.nc'
[Errno 2] No such file or directory: '/home/cfontana/RADAR//2026-04-19/EUHFR_NRTcurrent_HFR-GoM-Total_v3.nc'
[SAVED FIG] /home/cfontana/DIAGS/CAG_2026-04-19/RADAR/20260419_00.jpg

----------
20260420 0
[Errno 2] No such file or directory: '/home/cfontana/RADAR//2026-04-19/EUHFR_NRTcurrent_HFR-TirLig-Total_v3.nc'
[Errno 2] No such file or directory: '/home/cfontana/RADAR//2026-04-19/EUHFR_NRTcurrent_HFR-ARPAS-Total_v3.nc'
[Errno 2] No such file or directory: '/home/cfontana/RADAR//2026-04-19/EUHFR_NRTcurrent_HFR-LaMMA-Total_v3.nc'
[Errno 2] No such file or directory: '/home/cfontana/RADAR//2026-04-19/EUHFR_NRTcurrent_HFR-GoS-Total_v3.nc'
[Errno 2] No such file or directory: '/home/cfontana/RADAR//2026-04-19/EUHFR_NRTcurrent_HFR-WesternItaly-Total_v3.nc'
[Errno 2] No such file or directory: '/home/cfontana/RADAR//2026-04-19/EUHFR_NRTcurrent_HFR-Granitola-Total_v3.nc'
[Errno 2] No such file or directory: '/home/cfontana/RADAR//2026-04-19/EUHFR_NRTcurrent_HFR-NAdr-Total_v3.nc'
[Errno 2] No such file or directory: '/home/cfontana/RADAR//2026-04-19/EUHFR_NRTcurrent_HFR-GoM-Total_v3.nc'
[SAVED FIG] /home/cfontana/DIAGS/CAG_2026-04-19/RADAR/20260420_00.jpg

----------
20260421 0
[Errno 2] No such file or directory: '/home/cfontana/RADAR//2026-04-19/EUHFR_NRTcurrent_HFR-TirLig-Total_v3.nc'
[Errno 2] No such file or directory: '/home/cfontana/RADAR//2026-04-19/EUHFR_NRTcurrent_HFR-ARPAS-Total_v3.nc'
[Errno 2] No such file or directory: '/home/cfontana/RADAR//2026-04-19/EUHFR_NRTcurrent_HFR-LaMMA-Total_v3.nc'
[Errno 2] No such file or directory: '/home/cfontana/RADAR//2026-04-19/EUHFR_NRTcurrent_HFR-GoS-Total_v3.nc'
[Errno 2] No such file or directory: '/home/cfontana/RADAR//2026-04-19/EUHFR_NRTcurrent_HFR-WesternItaly-Total_v3.nc'
[Errno 2] No such file or directory: '/home/cfontana/RADAR//2026-04-19/EUHFR_NRTcurrent_HFR-Granitola-Total_v3.nc'
[Errno 2] No such file or directory: '/home/cfontana/RADAR//2026-04-19/EUHFR_NRTcurrent_HFR-NAdr-Total_v3.nc'
[Errno 2] No such file or directory: '/home/cfontana/RADAR//2026-04-19/EUHFR_NRTcurrent_HFR-GoM-Total_v3.nc'
[SAVED FIG] /home/cfontana/DIAGS/CAG_2026-04-19/RADAR/20260421_00.jpg

----------
20260422 0
[Errno 2] No such file or directory: '/home/cfontana/RADAR//2026-04-19/EUHFR_NRTcurrent_HFR-TirLig-Total_v3.nc'
[Errno 2] No such file or directory: '/home/cfontana/RADAR//2026-04-19/EUHFR_NRTcurrent_HFR-ARPAS-Total_v3.nc'
[Errno 2] No such file or directory: '/home/cfontana/RADAR//2026-04-19/EUHFR_NRTcurrent_HFR-LaMMA-Total_v3.nc'
[Errno 2] No such file or directory: '/home/cfontana/RADAR//2026-04-19/EUHFR_NRTcurrent_HFR-GoS-Total_v3.nc'
[Errno 2] No such file or directory: '/home/cfontana/RADAR//2026-04-19/EUHFR_NRTcurrent_HFR-WesternItaly-Total_v3.nc'
[Errno 2] No such file or directory: '/home/cfontana/RADAR//2026-04-19/EUHFR_NRTcurrent_HFR-Granitola-Total_v3.nc'
[Errno 2] No such file or directory: '/home/cfontana/RADAR//2026-04-19/EUHFR_NRTcurrent_HFR-NAdr-Total_v3.nc'
[Errno 2] No such file or directory: '/home/cfontana/RADAR//2026-04-19/EUHFR_NRTcurrent_HFR-GoM-Total_v3.nc'
[SAVED FIG] /home/cfontana/DIAGS/CAG_2026-04-19/RADAR/20260422_00.jpg

----------
20260423 0
[Errno 2] No such file or directory: '/home/cfontana/RADAR//2026-04-19/EUHFR_NRTcurrent_HFR-TirLig-Total_v3.nc'
[Errno 2] No such file or directory: '/home/cfontana/RADAR//2026-04-19/EUHFR_NRTcurrent_HFR-ARPAS-Total_v3.nc'
[Errno 2] No such file or directory: '/home/cfontana/RADAR//2026-04-19/EUHFR_NRTcurrent_HFR-LaMMA-Total_v3.nc'
[Errno 2] No such file or directory: '/home/cfontana/RADAR//2026-04-19/EUHFR_NRTcurrent_HFR-GoS-Total_v3.nc'
[Errno 2] No such file or directory: '/home/cfontana/RADAR//2026-04-19/EUHFR_NRTcurrent_HFR-WesternItaly-Total_v3.nc'
[Errno 2] No such file or directory: '/home/cfontana/RADAR//2026-04-19/EUHFR_NRTcurrent_HFR-Granitola-Total_v3.nc'
[Errno 2] No such file or directory: '/home/cfontana/RADAR//2026-04-19/EUHFR_NRTcurrent_HFR-NAdr-Total_v3.nc'
[Errno 2] No such file or directory: '/home/cfontana/RADAR//2026-04-19/EUHFR_NRTcurrent_HFR-GoM-Total_v3.nc'
[SAVED FIG] /home/cfontana/DIAGS/CAG_2026-04-19/RADAR/20260423_00.jpg

----------
20260424 0
[Errno 2] No such file or directory: '/home/cfontana/RADAR//2026-04-19/EUHFR_NRTcurrent_HFR-TirLig-Total_v3.nc'
[Errno 2] No such file or directory: '/home/cfontana/RADAR//2026-04-19/EUHFR_NRTcurrent_HFR-ARPAS-Total_v3.nc'
[Errno 2] No such file or directory: '/home/cfontana/RADAR//2026-04-19/EUHFR_NRTcurrent_HFR-LaMMA-Total_v3.nc'
[Errno 2] No such file or directory: '/home/cfontana/RADAR//2026-04-19/EUHFR_NRTcurrent_HFR-GoS-Total_v3.nc'
[Errno 2] No such file or directory: '/home/cfontana/RADAR//2026-04-19/EUHFR_NRTcurrent_HFR-WesternItaly-Total_v3.nc'
[Errno 2] No such file or directory: '/home/cfontana/RADAR//2026-04-19/EUHFR_NRTcurrent_HFR-Granitola-Total_v3.nc'
[Errno 2] No such file or directory: '/home/cfontana/RADAR//2026-04-19/EUHFR_NRTcurrent_HFR-NAdr-Total_v3.nc'
[Errno 2] No such file or directory: '/home/cfontana/RADAR//2026-04-19/EUHFR_NRTcurrent_HFR-GoM-Total_v3.nc'
[SAVED FIG] /home/cfontana/DIAGS/CAG_2026-04-19/RADAR/20260424_00.jpg
+ cd ../..
+ cat config/config_CAG.json
+ sed -e s/FREQ/daily/
+ 1> config/config_CAG_2026-04-19.json
+ sed -e s/DINI/2026-04-19/g
+ sed -e s/DOUT/20260419/
+ sed -e s/DEND/2026-04-24/
+ [ 1 -eq 1 ]
+ cd datasets/CMEMS
+ python get_data_sat.py -c CAG_2026-04-19 -v chl
INFO - 2026-04-20T07:53:39Z - Selected dataset version: "202211"
INFO - 2026-04-20T07:53:39Z - Selected dataset part: "default"
WARNING - 2026-04-20T07:53:39Z - Some of your subset selection [2026-04-19 00:00:00+00:00, 2026-04-24 00:00:00+00:00] for the time dimension exceed the dataset coordinates [2023-04-29 00:00:00+00:00, 2026-04-19 00:00:00+00:00]
----------------------------------
=> Config file CAG_2026-04-19 loaded
----------------------------------

Downloading CMEMS products : cmems_obs-oc_med_bgc-plankton_nrt_l3-multi-1km_P1D
=> Variable ['CHL', 'KD490'] 


[FILE SAVED ] /home/cfontana/DIAGS/CAG_2026-04-19/CMEMS/data/cmems_obs-oc_med_bgc-plankton_nrt_l3-multi-1km_P1D.nc
+ python interp_cmems.py -c CAG_2026-04-19 -v chl
----------------------------------
=> Config file CAG_2026-04-19 loaded
----------------------------------


[FILE SAVED] /home/cfontana/DIAGS/CAG_2026-04-19/CMEMS/chl/ITP_NC/chl_20260419.nc

Traceback (most recent call last):
  File "/home/cfontana/DATA_MED/datasets/CMEMS/interp_cmems.py", line 95, in <module>
    data = np.array(ds[cvar][i,:,:]).squeeze().flatten()
                    ~~~~~~~~^^^^^^^
  File "src/netCDF4/_netCDF4.pyx", line 5107, in netCDF4._netCDF4.Variable.__getitem__
  File "src/netCDF4/_netCDF4.pyx", line 6079, in netCDF4._netCDF4.Variable._get
IndexError: index exceeds dimension bounds
+ [ 1 -eq 2 ]
+ cd ../../plot
+ python plot_CMEMS_pickle_data_vs_sat.py -c CAG_2026-04-19 -v chl -s CMEMS
----------------------------------
=> Config file CAG_2026-04-19 loaded
----------------------------------

Processing
739725 0.13407751351706917 0.3301299 0.14964460109066155 0.8337627071438518
[Errno 2] No such file or directory: '/home/cfontana/DIAGS/CAG_2026-04-19/CMEMS/chl/ITP_NC/chl_20260420.nc' 

=> in get_sat_2D :
Error processing file /home/cfontana/DIAGS/CAG_2026-04-19/CMEMS/chl/ITP_NC/chl_20260420.nc
File not found
739726 0.14456852939058804 nan 0.1489942256151114 1
[Errno 2] No such file or directory: '/home/cfontana/DIAGS/CAG_2026-04-19/CMEMS/chl/ITP_NC/chl_20260421.nc' 

=> in get_sat_2D :
Error processing file /home/cfontana/DIAGS/CAG_2026-04-19/CMEMS/chl/ITP_NC/chl_20260421.nc
File not found
739727 0.15278699215659303 nan 0.15254624628725377 1
[Errno 2] No such file or directory: '/home/cfontana/DIAGS/CAG_2026-04-19/CMEMS/chl/ITP_NC/chl_20260422.nc' 

=> in get_sat_2D :
Error processing file /home/cfontana/DIAGS/CAG_2026-04-19/CMEMS/chl/ITP_NC/chl_20260422.nc
File not found
739728 0.1597909400015693 nan 0.1539442544240553 1
[Errno 2] No such file or directory: '/home/cfontana/DIAGS/CAG_2026-04-19/CMEMS/chl/ITP_NC/chl_20260423.nc' 

=> in get_sat_2D :
Error processing file /home/cfontana/DIAGS/CAG_2026-04-19/CMEMS/chl/ITP_NC/chl_20260423.nc
File not found
739729 0.1689423748331622 nan 0.15628300319807337 1
[Errno 2] No such file or directory: '/home/cfontana/DIAGS/CAG_2026-04-19/CMEMS/chl/ITP_NC/chl_20260424.nc' 

=> in get_sat_2D :
Error processing file /home/cfontana/DIAGS/CAG_2026-04-19/CMEMS/chl/ITP_NC/chl_20260424.nc
File not found
739730 0.18857447572674307 nan 0.15923150646666362 1
[SAVED FIG] /home/cfontana/DIAGS/CAG_2026-04-19/CMEMS/chl/ITP_NC/PLOT/2026041912_chl.jpg
[SAVED FIG] /home/cfontana/DIAGS/CAG_2026-04-19/CMEMS/chl/ITP_NC/PLOT/2026042012_chl.jpg
[SAVED FIG] /home/cfontana/DIAGS/CAG_2026-04-19/CMEMS/chl/ITP_NC/PLOT/2026042112_chl.jpg
[SAVED FIG] /home/cfontana/DIAGS/CAG_2026-04-19/CMEMS/chl/ITP_NC/PLOT/2026042212_chl.jpg
[SAVED FIG] /home/cfontana/DIAGS/CAG_2026-04-19/CMEMS/chl/ITP_NC/PLOT/2026042312_chl.jpg
[SAVED FIG] /home/cfontana/DIAGS/CAG_2026-04-19/CMEMS/chl/ITP_NC/PLOT/2026042412_chl.jpg
+ python plot_sat_CMEMS_timeseries.py -c CAG_2026-04-19 -v chl -s CMEMS
----------------------------------
=> Config file CAG_2026-04-19 loaded
----------------------------------

[SAVED FIG] /home/cfontana/DIAGS/CAG_2026-04-19/CMEMS/chl/ITP_NC/time_series.jpg
+ cd ..
+ [ 1 -eq 0 ]
+ [ 1 -eq 1 ]
+ source /home/cfontana/venv/a/bin/activate
+ 1> /dev/null
+ deactivate nondestructive
+ [ -n /home/cfontana/venv/c/bin:/usr/local/sbin:/usr/local/bin:/usr/sbin:/usr/bin:/sbin:/bin:/usr/games:/usr/local/games:/snap/bin ]
+ PATH=/home/cfontana/venv/c/bin:/usr/local/sbin:/usr/local/bin:/usr/sbin:/usr/bin:/sbin:/bin:/usr/games:/usr/local/games:/snap/bin
+ export PATH
+ unset _OLD_VIRTUAL_PATH
+ [ -n '' ]
+ hash -r
+ 2> /dev/null
+ [ -n '(c) \[\e]0;\u@\h: \w\a\]${debian_chroot:+($debian_chroot)}\[\033[01;32m\]\u@\h\[\033[00m\]:\[\033[01;34m\]\w\[\033[00m\]\$ ' ]
+ PS1='(c) \[\e]0;\u@\h: \w\a\]${debian_chroot:+($debian_chroot)}\[\033[01;32m\]\u@\h\[\033[00m\]:\[\033[01;34m\]\w\[\033[00m\]\$ '
+ export PS1
+ unset _OLD_VIRTUAL_PS1
+ unset VIRTUAL_ENV
+ unset VIRTUAL_ENV_PROMPT
+ [ ! nondestructive '=' nondestructive ]
+ [ '' '=' cygwin ]
+ [ '' '=' msys ]
+ VIRTUAL_ENV=/home/cfontana/venv/a
+ export VIRTUAL_ENV
+ _OLD_VIRTUAL_PATH=/home/cfontana/venv/c/bin:/usr/local/sbin:/usr/local/bin:/usr/sbin:/usr/bin:/sbin:/bin:/usr/games:/usr/local/games:/snap/bin
+ PATH=/home/cfontana/venv/a/bin:/home/cfontana/venv/c/bin:/usr/local/sbin:/usr/local/bin:/usr/sbin:/usr/bin:/sbin:/bin:/usr/games:/usr/local/games:/snap/bin
+ export PATH
+ [ -n '' ]
+ [ -z '' ]
+ _OLD_VIRTUAL_PS1='(c) \[\e]0;\u@\h: \w\a\]${debian_chroot:+($debian_chroot)}\[\033[01;32m\]\u@\h\[\033[00m\]:\[\033[01;34m\]\w\[\033[00m\]\$ '
+ PS1='(a) (c) \[\e]0;\u@\h: \w\a\]${debian_chroot:+($debian_chroot)}\[\033[01;32m\]\u@\h\[\033[00m\]:\[\033[01;34m\]\w\[\033[00m\]\$ '
+ export PS1
+ VIRTUAL_ENV_PROMPT='(a) '
+ export VIRTUAL_ENV_PROMPT
+ hash -r
+ 2> /dev/null
+ sed -i s/daily/hourly/ config/config_CAG_2026-04-19.json
+ cd datasets/ARGO
+ python get_argo.py -c CAG_2026-04-19
Traceback (most recent call last):
  File "/home/cfontana/DATA_MED/datasets/ARGO/get_argo.py", line 9, in <module>
    from fun_gen import *
  File "/home/cfontana/DATA_MED/modules/fun_gen.py", line 5, in <module>
    from fun_io import load_coords
  File "/home/cfontana/DATA_MED/modules/fun_io.py", line 15, in <module>
    import copernicusmarine
ModuleNotFoundError: No module named 'copernicusmarine'
+ [ 1 -eq 0 ]
+ cd ../../
+ sed -i s/phy/bgc/ config/config_CAG_2026-04-19.json
+ cd datasets/ARGO
+ python get_argo.py -c CAG_2026-04-19
Traceback (most recent call last):
  File "/home/cfontana/DATA_MED/datasets/ARGO/get_argo.py", line 9, in <module>
    from fun_gen import *
  File "/home/cfontana/DATA_MED/modules/fun_gen.py", line 5, in <module>
    from fun_io import load_coords
  File "/home/cfontana/DATA_MED/modules/fun_io.py", line 15, in <module>
    import copernicusmarine
ModuleNotFoundError: No module named 'copernicusmarine'
+ [ 1 -eq 0 ]
+ cd ../../
+ [ 1 -eq 1 ]
+ source /home/cfontana/venv/c/bin/activate
+ 1> /dev/null
+ deactivate nondestructive
+ [ -n /home/cfontana/venv/c/bin:/usr/local/sbin:/usr/local/bin:/usr/sbin:/usr/bin:/sbin:/bin:/usr/games:/usr/local/games:/snap/bin ]
+ PATH=/home/cfontana/venv/c/bin:/usr/local/sbin:/usr/local/bin:/usr/sbin:/usr/bin:/sbin:/bin:/usr/games:/usr/local/games:/snap/bin
+ export PATH
+ unset _OLD_VIRTUAL_PATH
+ [ -n '' ]
+ hash -r
+ 2> /dev/null
+ [ -n '(c) \[\e]0;\u@\h: \w\a\]${debian_chroot:+($debian_chroot)}\[\033[01;32m\]\u@\h\[\033[00m\]:\[\033[01;34m\]\w\[\033[00m\]\$ ' ]
+ PS1='(c) \[\e]0;\u@\h: \w\a\]${debian_chroot:+($debian_chroot)}\[\033[01;32m\]\u@\h\[\033[00m\]:\[\033[01;34m\]\w\[\033[00m\]\$ '
+ export PS1
+ unset _OLD_VIRTUAL_PS1
+ unset VIRTUAL_ENV
+ unset VIRTUAL_ENV_PROMPT
+ [ ! nondestructive '=' nondestructive ]
+ [ '' '=' cygwin ]
+ [ '' '=' msys ]
+ VIRTUAL_ENV=/home/cfontana/venv/c
+ export VIRTUAL_ENV
+ _OLD_VIRTUAL_PATH=/home/cfontana/venv/c/bin:/usr/local/sbin:/usr/local/bin:/usr/sbin:/usr/bin:/sbin:/bin:/usr/games:/usr/local/games:/snap/bin
+ PATH=/home/cfontana/venv/c/bin:/home/cfontana/venv/c/bin:/usr/local/sbin:/usr/local/bin:/usr/sbin:/usr/bin:/sbin:/bin:/usr/games:/usr/local/games:/snap/bin
+ export PATH
+ [ -n '' ]
+ [ -z '' ]
+ _OLD_VIRTUAL_PS1='(c) \[\e]0;\u@\h: \w\a\]${debian_chroot:+($debian_chroot)}\[\033[01;32m\]\u@\h\[\033[00m\]:\[\033[01;34m\]\w\[\033[00m\]\$ '
+ PS1='(c) (c) \[\e]0;\u@\h: \w\a\]${debian_chroot:+($debian_chroot)}\[\033[01;32m\]\u@\h\[\033[00m\]:\[\033[01;34m\]\w\[\033[00m\]\$ '
+ export PS1
+ VIRTUAL_ENV_PROMPT='(c) '
+ export VIRTUAL_ENV_PROMPT
+ hash -r
+ 2> /dev/null
+ static=/home/cfontana/DIAGS/CAG_2026-04-19/static_CAG_2026-04-19
+ mkdir /home/cfontana/DIAGS/CAG_2026-04-19/static_CAG_2026-04-19
+ dir=/home/cfontana/DIAGS/CAG_2026-04-19/CMEMS/thetao/ITP_NC
+ i=1
+ ls /home/cfontana/DIAGS/CAG_2026-04-19/CMEMS/thetao/ITP_NC/PLOT/
+ cp /home/cfontana/DIAGS/CAG_2026-04-19/CMEMS/thetao/ITP_NC/PLOT/2026041900_thetao.jpg /home/cfontana/DIAGS/CAG_2026-04-19/static_CAG_2026-04-19/thetao_1.jpg
+ let i=1+1
+ cp /home/cfontana/DIAGS/CAG_2026-04-19/CMEMS/thetao/ITP_NC/PLOT/2026042000_thetao.jpg /home/cfontana/DIAGS/CAG_2026-04-19/static_CAG_2026-04-19/thetao_2.jpg
+ let i=2+1
+ cp /home/cfontana/DIAGS/CAG_2026-04-19/CMEMS/thetao/ITP_NC/PLOT/2026042100_thetao.jpg /home/cfontana/DIAGS/CAG_2026-04-19/static_CAG_2026-04-19/thetao_3.jpg
+ let i=3+1
+ cp /home/cfontana/DIAGS/CAG_2026-04-19/CMEMS/thetao/ITP_NC/PLOT/2026042200_thetao.jpg /home/cfontana/DIAGS/CAG_2026-04-19/static_CAG_2026-04-19/thetao_4.jpg
+ let i=4+1
+ cp /home/cfontana/DIAGS/CAG_2026-04-19/CMEMS/thetao/ITP_NC/PLOT/2026042300_thetao.jpg /home/cfontana/DIAGS/CAG_2026-04-19/static_CAG_2026-04-19/thetao_5.jpg
+ let i=5+1
+ cp /home/cfontana/DIAGS/CAG_2026-04-19/CMEMS/thetao/ITP_NC/PLOT/2026042400_thetao.jpg /home/cfontana/DIAGS/CAG_2026-04-19/static_CAG_2026-04-19/thetao_6.jpg
+ let i=6+1
+ cp /home/cfontana/DIAGS/CAG_2026-04-19/CMEMS/thetao/ITP_NC/time_series.jpg /home/cfontana/DIAGS/CAG_2026-04-19/static_CAG_2026-04-19/time_series_thetao.jpg
+ dir=/home/cfontana/DIAGS/CAG_2026-04-19/CMEMS/chl/ITP_NC
+ i=1
+ ls /home/cfontana/DIAGS/CAG_2026-04-19/CMEMS/chl/ITP_NC/PLOT/
+ cp /home/cfontana/DIAGS/CAG_2026-04-19/CMEMS/chl/ITP_NC/PLOT/2026041912_chl.jpg /home/cfontana/DIAGS/CAG_2026-04-19/static_CAG_2026-04-19/chl_1.jpg
+ let i=1+1
+ cp /home/cfontana/DIAGS/CAG_2026-04-19/CMEMS/chl/ITP_NC/PLOT/2026042012_chl.jpg /home/cfontana/DIAGS/CAG_2026-04-19/static_CAG_2026-04-19/chl_2.jpg
+ let i=2+1
+ cp /home/cfontana/DIAGS/CAG_2026-04-19/CMEMS/chl/ITP_NC/PLOT/2026042112_chl.jpg /home/cfontana/DIAGS/CAG_2026-04-19/static_CAG_2026-04-19/chl_3.jpg
+ let i=3+1
+ cp /home/cfontana/DIAGS/CAG_2026-04-19/CMEMS/chl/ITP_NC/PLOT/2026042212_chl.jpg /home/cfontana/DIAGS/CAG_2026-04-19/static_CAG_2026-04-19/chl_4.jpg
+ let i=4+1
+ cp /home/cfontana/DIAGS/CAG_2026-04-19/CMEMS/chl/ITP_NC/PLOT/2026042312_chl.jpg /home/cfontana/DIAGS/CAG_2026-04-19/static_CAG_2026-04-19/chl_5.jpg
+ let i=5+1
+ cp /home/cfontana/DIAGS/CAG_2026-04-19/CMEMS/chl/ITP_NC/PLOT/2026042412_chl.jpg /home/cfontana/DIAGS/CAG_2026-04-19/static_CAG_2026-04-19/chl_6.jpg
+ let i=6+1
+ cp /home/cfontana/DIAGS/CAG_2026-04-19/CMEMS/chl/ITP_NC/time_series.jpg /home/cfontana/DIAGS/CAG_2026-04-19/static_CAG_2026-04-19/time_series_chl.jpg
+ dir=/home/cfontana/DIAGS/CAG_2026-04-19/RADAR/
+ i=1
+ ls /home/cfontana/DIAGS/CAG_2026-04-19/RADAR//20260419_00.jpg /home/cfontana/DIAGS/CAG_2026-04-19/RADAR//20260420_00.jpg /home/cfontana/DIAGS/CAG_2026-04-19/RADAR//20260421_00.jpg /home/cfontana/DIAGS/CAG_2026-04-19/RADAR//20260422_00.jpg /home/cfontana/DIAGS/CAG_2026-04-19/RADAR//20260423_00.jpg /home/cfontana/DIAGS/CAG_2026-04-19/RADAR//20260424_00.jpg
+ cp /home/cfontana/DIAGS/CAG_2026-04-19/RADAR//20260419_00.jpg /home/cfontana/DIAGS/CAG_2026-04-19/static_CAG_2026-04-19/radar_1.jpg
+ let i=1+1
+ cp /home/cfontana/DIAGS/CAG_2026-04-19/RADAR//20260420_00.jpg /home/cfontana/DIAGS/CAG_2026-04-19/static_CAG_2026-04-19/radar_2.jpg
+ let i=2+1
+ cp /home/cfontana/DIAGS/CAG_2026-04-19/RADAR//20260421_00.jpg /home/cfontana/DIAGS/CAG_2026-04-19/static_CAG_2026-04-19/radar_3.jpg
+ let i=3+1
+ cp /home/cfontana/DIAGS/CAG_2026-04-19/RADAR//20260422_00.jpg /home/cfontana/DIAGS/CAG_2026-04-19/static_CAG_2026-04-19/radar_4.jpg
+ let i=4+1
+ cp /home/cfontana/DIAGS/CAG_2026-04-19/RADAR//20260423_00.jpg /home/cfontana/DIAGS/CAG_2026-04-19/static_CAG_2026-04-19/radar_5.jpg
+ let i=5+1
+ cp /home/cfontana/DIAGS/CAG_2026-04-19/RADAR//20260424_00.jpg /home/cfontana/DIAGS/CAG_2026-04-19/static_CAG_2026-04-19/radar_6.jpg
+ let i=6+1
+ dir=/home/cfontana/DIAGS/CAG_2026-04-19/ARGO/
+ ls -d '/home/cfontana/DIAGS/CAG_2026-04-19/ARGO//bio*/'
ls: cannot access '/home/cfontana/DIAGS/CAG_2026-04-19/ARGO//bio*/': No such file or directory
+ i=1
+ 1> /home/cfontana/DIAGS/CAG_2026-04-19/static_CAG_2026-04-19/list.txt
+ ls -d '/home/cfontana/DIAGS/CAG_2026-04-19/ARGO//*/'
ls: cannot access '/home/cfontana/DIAGS/CAG_2026-04-19/ARGO//*/': No such file or directory
+ cp /home/cfontana/DIAGS/CAG_2026-04-19/ARGO//map.jpg /home/cfontana/DIAGS/CAG_2026-04-19/static_CAG_2026-04-19
cp: cannot stat '/home/cfontana/DIAGS/CAG_2026-04-19/ARGO//map.jpg': No such file or directory
+ scp -r /home/cfontana/DIAGS/CAG_2026-04-19/static_CAG_2026-04-19 yulpa175555@webhost03.yulpa.io:/datas/yulpa175555/sites/merval.eg2.fr/htdocs/DIAGS
+ echo 'PROCESSING SAR'
PROCESSING SAR
+ echo '_______________ '
_______________ 
+ config=SAR_2026-04-19
+ echo SAR
+ awk '{print tolower($0)}'
+ lower=sar
+ set -x
+ cat config/config_SAR.json
+ sed -e s/DEND/2026-04-24/
+ sed -e s/DINI/2026-04-19/g
+ sed -e s/DOUT/20260419/
+ sed -e s/FREQ/hourly/
+ 1> config/config_SAR_2026-04-19.json
+ cp config/cmems_DOMAIN.dat config/cmems_SAR_2026-04-19.dat
+ cp config/variables_mit_DOMAIN.dat config/variables_mit_SAR_2026-04-19.dat
+ jq -r .diagdir config/config_SAR_2026-04-19.json
+ diagdir=/home/cfontana/DIAGS/SAR_2026-04-19
+ jq -r .radardir config/config_SAR_2026-04-19.json
+ radardir=/home/cfontana/RADAR/
+ [ 0 -eq 0 -a 0 -eq 1 ]
+ [ 1 -eq 1 ]
+ cd datasets/CMEMS
+ python get_data_sat.py -c SAR_2026-04-19 -v thetao
INFO - 2026-04-20T08:07:40Z - Selected dataset version: "202311"
INFO - 2026-04-20T08:07:40Z - Selected dataset part: "default"
WARNING - 2026-04-20T08:07:40Z - The dataset SST_MED_SST_L3S_NRT_OBSERVATIONS_010_012_a, version '202311', part 'default' is currently being updated. Data after 2026-04-20T00:00:00.000Z may not be up to date.
WARNING - 2026-04-20T08:07:40Z - Some of your subset selection [2026-04-19 00:00:00+00:00, 2026-04-24 00:00:00+00:00] for the time dimension exceed the dataset coordinates [2008-01-01 00:00:00+00:00, 2026-04-20 00:00:00+00:00]
----------------------------------
=> Config file SAR_2026-04-19 loaded
----------------------------------

Downloading CMEMS products : SST_MED_SST_L3S_NRT_OBSERVATIONS_010_012_a
=> Variable [np.str_('sea_surface_temperature')] 


[FILE SAVED ] /home/cfontana/DIAGS/SAR_2026-04-19/CMEMS/data/SST_MED_SST_L3S_NRT_OBSERVATIONS_010_012_a.nc
+ python interp_cmems.py -c SAR_2026-04-19 -v thetao
----------------------------------
=> Config file SAR_2026-04-19 loaded
----------------------------------


[FILE SAVED] /home/cfontana/DIAGS/SAR_2026-04-19/CMEMS/thetao/ITP_NC/thetao_20260419.nc


[FILE SAVED] /home/cfontana/DIAGS/SAR_2026-04-19/CMEMS/thetao/ITP_NC/thetao_20260420.nc

Traceback (most recent call last):
  File "/home/cfontana/DATA_MED/datasets/CMEMS/interp_cmems.py", line 95, in <module>
    data = np.array(ds[cvar][i,:,:]).squeeze().flatten()
                    ~~~~~~~~^^^^^^^
  File "src/netCDF4/_netCDF4.pyx", line 5107, in netCDF4._netCDF4.Variable.__getitem__
  File "src/netCDF4/_netCDF4.pyx", line 6079, in netCDF4._netCDF4.Variable._get
IndexError: index exceeds dimension bounds
+ [ 1 -eq 2 ]
+ cd ../../plot
+ python plot_CMEMS_pickle_data_vs_sat.py -c SAR_2026-04-19 -v thetao -s CMEMS
----------------------------------
=> Config file SAR_2026-04-19 loaded
----------------------------------

Processing
739725 17.053193293255813 16.487097 16.53625 0.9753216125748942
739726 17.463014743424093 16.919537 16.793867 0.9043478032759362
[Errno 2] No such file or directory: '/home/cfontana/DIAGS/SAR_2026-04-19/CMEMS/thetao/ITP_NC/thetao_20260421.nc' 

=> in get_sat_2D :
Error processing file /home/cfontana/DIAGS/SAR_2026-04-19/CMEMS/thetao/ITP_NC/thetao_20260421.nc
File not found
739727 17.737952373815624 nan 16.975306 1
[Errno 2] No such file or directory: '/home/cfontana/DIAGS/SAR_2026-04-19/CMEMS/thetao/ITP_NC/thetao_20260422.nc' 

=> in get_sat_2D :
Error processing file /home/cfontana/DIAGS/SAR_2026-04-19/CMEMS/thetao/ITP_NC/thetao_20260422.nc
File not found
739728 18.12097898824854 nan 17.28718 1
[Errno 2] No such file or directory: '/home/cfontana/DIAGS/SAR_2026-04-19/CMEMS/thetao/ITP_NC/thetao_20260423.nc' 

=> in get_sat_2D :
Error processing file /home/cfontana/DIAGS/SAR_2026-04-19/CMEMS/thetao/ITP_NC/thetao_20260423.nc
File not found
739729 18.042598957358784 nan 17.345568 1
[Errno 2] No such file or directory: '/home/cfontana/DIAGS/SAR_2026-04-19/CMEMS/thetao/ITP_NC/thetao_20260424.nc' 

=> in get_sat_2D :
Error processing file /home/cfontana/DIAGS/SAR_2026-04-19/CMEMS/thetao/ITP_NC/thetao_20260424.nc
File not found
739730 17.628838420746074 nan 16.933567 1
[SAVED FIG] /home/cfontana/DIAGS/SAR_2026-04-19/CMEMS/thetao/ITP_NC/PLOT/2026041900_thetao.jpg
[SAVED FIG] /home/cfontana/DIAGS/SAR_2026-04-19/CMEMS/thetao/ITP_NC/PLOT/2026042000_thetao.jpg
[SAVED FIG] /home/cfontana/DIAGS/SAR_2026-04-19/CMEMS/thetao/ITP_NC/PLOT/2026042100_thetao.jpg
[SAVED FIG] /home/cfontana/DIAGS/SAR_2026-04-19/CMEMS/thetao/ITP_NC/PLOT/2026042200_thetao.jpg
[SAVED FIG] /home/cfontana/DIAGS/SAR_2026-04-19/CMEMS/thetao/ITP_NC/PLOT/2026042300_thetao.jpg
[SAVED FIG] /home/cfontana/DIAGS/SAR_2026-04-19/CMEMS/thetao/ITP_NC/PLOT/2026042400_thetao.jpg
+ python plot_sat_CMEMS_timeseries.py -c SAR_2026-04-19 -v thetao -s CMEMS
----------------------------------
=> Config file SAR_2026-04-19 loaded
----------------------------------

[SAVED FIG] /home/cfontana/DIAGS/SAR_2026-04-19/CMEMS/thetao/ITP_NC/time_series.jpg
+ cd ..
+ [ 1 -eq 1 ]
+ cd datasets/HFRADAR
+ python read_radar.py -c SAR_2026-04-19
----------------------------------
=> Config file SAR_2026-04-19 loaded
----------------------------------


----------
20260419 0
[Errno 2] No such file or directory: '/home/cfontana/RADAR//2026-04-19/EUHFR_NRTcurrent_HFR-TirLig-Total_v3.nc'
[Errno 2] No such file or directory: '/home/cfontana/RADAR//2026-04-19/EUHFR_NRTcurrent_HFR-ARPAS-Total_v3.nc'
[Errno 2] No such file or directory: '/home/cfontana/RADAR//2026-04-19/EUHFR_NRTcurrent_HFR-LaMMA-Total_v3.nc'
[Errno 2] No such file or directory: '/home/cfontana/RADAR//2026-04-19/EUHFR_NRTcurrent_HFR-GoS-Total_v3.nc'
[Errno 2] No such file or directory: '/home/cfontana/RADAR//2026-04-19/EUHFR_NRTcurrent_HFR-WesternItaly-Total_v3.nc'
[Errno 2] No such file or directory: '/home/cfontana/RADAR//2026-04-19/EUHFR_NRTcurrent_HFR-Granitola-Total_v3.nc'
[Errno 2] No such file or directory: '/home/cfontana/RADAR//2026-04-19/EUHFR_NRTcurrent_HFR-NAdr-Total_v3.nc'
[Errno 2] No such file or directory: '/home/cfontana/RADAR//2026-04-19/EUHFR_NRTcurrent_HFR-GoM-Total_v3.nc'
[SAVED FIG] /home/cfontana/DIAGS/SAR_2026-04-19/RADAR/20260419_00.jpg

----------
20260420 0
[Errno 2] No such file or directory: '/home/cfontana/RADAR//2026-04-19/EUHFR_NRTcurrent_HFR-TirLig-Total_v3.nc'
[Errno 2] No such file or directory: '/home/cfontana/RADAR//2026-04-19/EUHFR_NRTcurrent_HFR-ARPAS-Total_v3.nc'
[Errno 2] No such file or directory: '/home/cfontana/RADAR//2026-04-19/EUHFR_NRTcurrent_HFR-LaMMA-Total_v3.nc'
[Errno 2] No such file or directory: '/home/cfontana/RADAR//2026-04-19/EUHFR_NRTcurrent_HFR-GoS-Total_v3.nc'
[Errno 2] No such file or directory: '/home/cfontana/RADAR//2026-04-19/EUHFR_NRTcurrent_HFR-WesternItaly-Total_v3.nc'
[Errno 2] No such file or directory: '/home/cfontana/RADAR//2026-04-19/EUHFR_NRTcurrent_HFR-Granitola-Total_v3.nc'
[Errno 2] No such file or directory: '/home/cfontana/RADAR//2026-04-19/EUHFR_NRTcurrent_HFR-NAdr-Total_v3.nc'
[Errno 2] No such file or directory: '/home/cfontana/RADAR//2026-04-19/EUHFR_NRTcurrent_HFR-GoM-Total_v3.nc'
[SAVED FIG] /home/cfontana/DIAGS/SAR_2026-04-19/RADAR/20260420_00.jpg

----------
20260421 0
[Errno 2] No such file or directory: '/home/cfontana/RADAR//2026-04-19/EUHFR_NRTcurrent_HFR-TirLig-Total_v3.nc'
[Errno 2] No such file or directory: '/home/cfontana/RADAR//2026-04-19/EUHFR_NRTcurrent_HFR-ARPAS-Total_v3.nc'
[Errno 2] No such file or directory: '/home/cfontana/RADAR//2026-04-19/EUHFR_NRTcurrent_HFR-LaMMA-Total_v3.nc'
[Errno 2] No such file or directory: '/home/cfontana/RADAR//2026-04-19/EUHFR_NRTcurrent_HFR-GoS-Total_v3.nc'
[Errno 2] No such file or directory: '/home/cfontana/RADAR//2026-04-19/EUHFR_NRTcurrent_HFR-WesternItaly-Total_v3.nc'
[Errno 2] No such file or directory: '/home/cfontana/RADAR//2026-04-19/EUHFR_NRTcurrent_HFR-Granitola-Total_v3.nc'
[Errno 2] No such file or directory: '/home/cfontana/RADAR//2026-04-19/EUHFR_NRTcurrent_HFR-NAdr-Total_v3.nc'
[Errno 2] No such file or directory: '/home/cfontana/RADAR//2026-04-19/EUHFR_NRTcurrent_HFR-GoM-Total_v3.nc'
[SAVED FIG] /home/cfontana/DIAGS/SAR_2026-04-19/RADAR/20260421_00.jpg

----------
20260422 0
[Errno 2] No such file or directory: '/home/cfontana/RADAR//2026-04-19/EUHFR_NRTcurrent_HFR-TirLig-Total_v3.nc'
[Errno 2] No such file or directory: '/home/cfontana/RADAR//2026-04-19/EUHFR_NRTcurrent_HFR-ARPAS-Total_v3.nc'
[Errno 2] No such file or directory: '/home/cfontana/RADAR//2026-04-19/EUHFR_NRTcurrent_HFR-LaMMA-Total_v3.nc'
[Errno 2] No such file or directory: '/home/cfontana/RADAR//2026-04-19/EUHFR_NRTcurrent_HFR-GoS-Total_v3.nc'
[Errno 2] No such file or directory: '/home/cfontana/RADAR//2026-04-19/EUHFR_NRTcurrent_HFR-WesternItaly-Total_v3.nc'
[Errno 2] No such file or directory: '/home/cfontana/RADAR//2026-04-19/EUHFR_NRTcurrent_HFR-Granitola-Total_v3.nc'
[Errno 2] No such file or directory: '/home/cfontana/RADAR//2026-04-19/EUHFR_NRTcurrent_HFR-NAdr-Total_v3.nc'
[Errno 2] No such file or directory: '/home/cfontana/RADAR//2026-04-19/EUHFR_NRTcurrent_HFR-GoM-Total_v3.nc'
[SAVED FIG] /home/cfontana/DIAGS/SAR_2026-04-19/RADAR/20260422_00.jpg

----------
20260423 0
[Errno 2] No such file or directory: '/home/cfontana/RADAR//2026-04-19/EUHFR_NRTcurrent_HFR-TirLig-Total_v3.nc'
[Errno 2] No such file or directory: '/home/cfontana/RADAR//2026-04-19/EUHFR_NRTcurrent_HFR-ARPAS-Total_v3.nc'
[Errno 2] No such file or directory: '/home/cfontana/RADAR//2026-04-19/EUHFR_NRTcurrent_HFR-LaMMA-Total_v3.nc'
[Errno 2] No such file or directory: '/home/cfontana/RADAR//2026-04-19/EUHFR_NRTcurrent_HFR-GoS-Total_v3.nc'
[Errno 2] No such file or directory: '/home/cfontana/RADAR//2026-04-19/EUHFR_NRTcurrent_HFR-WesternItaly-Total_v3.nc'
[Errno 2] No such file or directory: '/home/cfontana/RADAR//2026-04-19/EUHFR_NRTcurrent_HFR-Granitola-Total_v3.nc'
[Errno 2] No such file or directory: '/home/cfontana/RADAR//2026-04-19/EUHFR_NRTcurrent_HFR-NAdr-Total_v3.nc'
[Errno 2] No such file or directory: '/home/cfontana/RADAR//2026-04-19/EUHFR_NRTcurrent_HFR-GoM-Total_v3.nc'
[SAVED FIG] /home/cfontana/DIAGS/SAR_2026-04-19/RADAR/20260423_00.jpg

----------
20260424 0
[Errno 2] No such file or directory: '/home/cfontana/RADAR//2026-04-19/EUHFR_NRTcurrent_HFR-TirLig-Total_v3.nc'
[Errno 2] No such file or directory: '/home/cfontana/RADAR//2026-04-19/EUHFR_NRTcurrent_HFR-ARPAS-Total_v3.nc'
[Errno 2] No such file or directory: '/home/cfontana/RADAR//2026-04-19/EUHFR_NRTcurrent_HFR-LaMMA-Total_v3.nc'
[Errno 2] No such file or directory: '/home/cfontana/RADAR//2026-04-19/EUHFR_NRTcurrent_HFR-GoS-Total_v3.nc'
[Errno 2] No such file or directory: '/home/cfontana/RADAR//2026-04-19/EUHFR_NRTcurrent_HFR-WesternItaly-Total_v3.nc'
[Errno 2] No such file or directory: '/home/cfontana/RADAR//2026-04-19/EUHFR_NRTcurrent_HFR-Granitola-Total_v3.nc'
[Errno 2] No such file or directory: '/home/cfontana/RADAR//2026-04-19/EUHFR_NRTcurrent_HFR-NAdr-Total_v3.nc'
[Errno 2] No such file or directory: '/home/cfontana/RADAR//2026-04-19/EUHFR_NRTcurrent_HFR-GoM-Total_v3.nc'
[SAVED FIG] /home/cfontana/DIAGS/SAR_2026-04-19/RADAR/20260424_00.jpg
+ cd ../..
+ cat config/config_SAR.json
+ sed -e s/DINI/2026-04-19/g
+ sed -e s/FREQ/daily/
+ 1> config/config_SAR_2026-04-19.json
+ sed -e s/DEND/2026-04-24/
+ sed -e s/DOUT/20260419/
+ [ 1 -eq 1 ]
+ cd datasets/CMEMS
+ python get_data_sat.py -c SAR_2026-04-19 -v chl
INFO - 2026-04-20T08:55:36Z - Selected dataset version: "202211"
INFO - 2026-04-20T08:55:36Z - Selected dataset part: "default"
WARNING - 2026-04-20T08:55:36Z - Some of your subset selection [2026-04-19 00:00:00+00:00, 2026-04-24 00:00:00+00:00] for the time dimension exceed the dataset coordinates [2023-04-29 00:00:00+00:00, 2026-04-19 00:00:00+00:00]
----------------------------------
=> Config file SAR_2026-04-19 loaded
----------------------------------

Downloading CMEMS products : cmems_obs-oc_med_bgc-plankton_nrt_l3-multi-1km_P1D
=> Variable ['CHL', 'KD490'] 

  0%|                                                                                           | 0/78 [00:00<?, ?it/s]  1%|█                                                                                  | 1/78 [00:00<00:26,  2.93it/s]  9%|███████▍                                                                           | 7/78 [00:00<00:04, 16.18it/s] 17%|█████████████▋                                                                    | 13/78 [00:00<00:02, 26.17it/s] 24%|███████████████████▉                                                              | 19/78 [00:00<00:01, 33.46it/s] 32%|██████████████████████████▎                                                       | 25/78 [00:00<00:01, 39.27it/s] 38%|███████████████████████████████▌                                                  | 30/78 [00:00<00:01, 41.40it/s] 45%|████████████████████████████████████▊                                             | 35/78 [00:01<00:01, 42.05it/s] 51%|██████████████████████████████████████████                                        | 40/78 [00:01<00:00, 42.56it/s] 58%|███████████████████████████████████████████████▎                                  | 45/78 [00:01<00:00, 44.56it/s] 65%|█████████████████████████████████████████████████████▌                            | 51/78 [00:01<00:00, 46.87it/s] 73%|███████████████████████████████████████████████████████████▉                      | 57/78 [00:01<00:00, 45.96it/s] 81%|██████████████████████████████████████████████████████████████████▏               | 63/78 [00:01<00:00, 46.61it/s] 91%|██████████████████████████████████████████████████████████████████████████▋       | 71/78 [00:01<00:00, 55.11it/s] 99%|████████████████████████████████████████████████████████████████████████████████▉ | 77/78 [00:01<00:00, 51.62it/s]100%|██████████████████████████████████████████████████████████████████████████████████| 78/78 [00:01<00:00, 40.80it/s]

[FILE SAVED ] /home/cfontana/DIAGS/SAR_2026-04-19/CMEMS/data/cmems_obs-oc_med_bgc-plankton_nrt_l3-multi-1km_P1D.nc
+ python interp_cmems.py -c SAR_2026-04-19 -v chl
----------------------------------
=> Config file SAR_2026-04-19 loaded
----------------------------------


[FILE SAVED] /home/cfontana/DIAGS/SAR_2026-04-19/CMEMS/chl/ITP_NC/chl_20260419.nc

Traceback (most recent call last):
  File "/home/cfontana/DATA_MED/datasets/CMEMS/interp_cmems.py", line 95, in <module>
    data = np.array(ds[cvar][i,:,:]).squeeze().flatten()
                    ~~~~~~~~^^^^^^^
  File "src/netCDF4/_netCDF4.pyx", line 5107, in netCDF4._netCDF4.Variable.__getitem__
  File "src/netCDF4/_netCDF4.pyx", line 6079, in netCDF4._netCDF4.Variable._get
IndexError: index exceeds dimension bounds
+ [ 1 -eq 2 ]
+ cd ../../plot
+ python plot_CMEMS_pickle_data_vs_sat.py -c SAR_2026-04-19 -v chl -s CMEMS
----------------------------------
=> Config file SAR_2026-04-19 loaded
----------------------------------

Processing
739725 0.14214402591149516 0.0880948 0.16729598 0.9754097822676873
[Errno 2] No such file or directory: '/home/cfontana/DIAGS/SAR_2026-04-19/CMEMS/chl/ITP_NC/chl_20260420.nc' 

=> in get_sat_2D :
Error processing file /home/cfontana/DIAGS/SAR_2026-04-19/CMEMS/chl/ITP_NC/chl_20260420.nc
File not found
739726 0.1489942256151114 nan 0.16471846 1
[Errno 2] No such file or directory: '/home/cfontana/DIAGS/SAR_2026-04-19/CMEMS/chl/ITP_NC/chl_20260421.nc' 

=> in get_sat_2D :
Error processing file /home/cfontana/DIAGS/SAR_2026-04-19/CMEMS/chl/ITP_NC/chl_20260421.nc
File not found
739727 0.15254624628725377 nan 0.1610393 1
[Errno 2] No such file or directory: '/home/cfontana/DIAGS/SAR_2026-04-19/CMEMS/chl/ITP_NC/chl_20260422.nc' 

=> in get_sat_2D :
Error processing file /home/cfontana/DIAGS/SAR_2026-04-19/CMEMS/chl/ITP_NC/chl_20260422.nc
File not found
739728 0.1539442544240553 nan 0.15698917 1
[Errno 2] No such file or directory: '/home/cfontana/DIAGS/SAR_2026-04-19/CMEMS/chl/ITP_NC/chl_20260423.nc' 

=> in get_sat_2D :
Error processing file /home/cfontana/DIAGS/SAR_2026-04-19/CMEMS/chl/ITP_NC/chl_20260423.nc
File not found
739729 0.15628300319807337 nan 0.15335119 1
[Errno 2] No such file or directory: '/home/cfontana/DIAGS/SAR_2026-04-19/CMEMS/chl/ITP_NC/chl_20260424.nc' 

=> in get_sat_2D :
Error processing file /home/cfontana/DIAGS/SAR_2026-04-19/CMEMS/chl/ITP_NC/chl_20260424.nc
File not found
739730 0.15923150646666362 nan 0.15036388 1
[SAVED FIG] /home/cfontana/DIAGS/SAR_2026-04-19/CMEMS/chl/ITP_NC/PLOT/2026041912_chl.jpg
[SAVED FIG] /home/cfontana/DIAGS/SAR_2026-04-19/CMEMS/chl/ITP_NC/PLOT/2026042012_chl.jpg
[SAVED FIG] /home/cfontana/DIAGS/SAR_2026-04-19/CMEMS/chl/ITP_NC/PLOT/2026042112_chl.jpg
[SAVED FIG] /home/cfontana/DIAGS/SAR_2026-04-19/CMEMS/chl/ITP_NC/PLOT/2026042212_chl.jpg
[SAVED FIG] /home/cfontana/DIAGS/SAR_2026-04-19/CMEMS/chl/ITP_NC/PLOT/2026042312_chl.jpg
[SAVED FIG] /home/cfontana/DIAGS/SAR_2026-04-19/CMEMS/chl/ITP_NC/PLOT/2026042412_chl.jpg
+ python plot_sat_CMEMS_timeseries.py -c SAR_2026-04-19 -v chl -s CMEMS
----------------------------------
=> Config file SAR_2026-04-19 loaded
----------------------------------

[SAVED FIG] /home/cfontana/DIAGS/SAR_2026-04-19/CMEMS/chl/ITP_NC/time_series.jpg
+ cd ..
+ [ 1 -eq 0 ]
+ [ 1 -eq 1 ]
+ source /home/cfontana/venv/a/bin/activate
+ 1> /dev/null
+ deactivate nondestructive
+ [ -n /home/cfontana/venv/c/bin:/usr/local/sbin:/usr/local/bin:/usr/sbin:/usr/bin:/sbin:/bin:/usr/games:/usr/local/games:/snap/bin ]
+ PATH=/home/cfontana/venv/c/bin:/usr/local/sbin:/usr/local/bin:/usr/sbin:/usr/bin:/sbin:/bin:/usr/games:/usr/local/games:/snap/bin
+ export PATH
+ unset _OLD_VIRTUAL_PATH
+ [ -n '' ]
+ hash -r
+ 2> /dev/null
+ [ -n '(c) \[\e]0;\u@\h: \w\a\]${debian_chroot:+($debian_chroot)}\[\033[01;32m\]\u@\h\[\033[00m\]:\[\033[01;34m\]\w\[\033[00m\]\$ ' ]
+ PS1='(c) \[\e]0;\u@\h: \w\a\]${debian_chroot:+($debian_chroot)}\[\033[01;32m\]\u@\h\[\033[00m\]:\[\033[01;34m\]\w\[\033[00m\]\$ '
+ export PS1
+ unset _OLD_VIRTUAL_PS1
+ unset VIRTUAL_ENV
+ unset VIRTUAL_ENV_PROMPT
+ [ ! nondestructive '=' nondestructive ]
+ [ '' '=' cygwin ]
+ [ '' '=' msys ]
+ VIRTUAL_ENV=/home/cfontana/venv/a
+ export VIRTUAL_ENV
+ _OLD_VIRTUAL_PATH=/home/cfontana/venv/c/bin:/usr/local/sbin:/usr/local/bin:/usr/sbin:/usr/bin:/sbin:/bin:/usr/games:/usr/local/games:/snap/bin
+ PATH=/home/cfontana/venv/a/bin:/home/cfontana/venv/c/bin:/usr/local/sbin:/usr/local/bin:/usr/sbin:/usr/bin:/sbin:/bin:/usr/games:/usr/local/games:/snap/bin
+ export PATH
+ [ -n '' ]
+ [ -z '' ]
+ _OLD_VIRTUAL_PS1='(c) \[\e]0;\u@\h: \w\a\]${debian_chroot:+($debian_chroot)}\[\033[01;32m\]\u@\h\[\033[00m\]:\[\033[01;34m\]\w\[\033[00m\]\$ '
+ PS1='(a) (c) \[\e]0;\u@\h: \w\a\]${debian_chroot:+($debian_chroot)}\[\033[01;32m\]\u@\h\[\033[00m\]:\[\033[01;34m\]\w\[\033[00m\]\$ '
+ export PS1
+ VIRTUAL_ENV_PROMPT='(a) '
+ export VIRTUAL_ENV_PROMPT
+ hash -r
+ 2> /dev/null
+ sed -i s/daily/hourly/ config/config_SAR_2026-04-19.json
+ cd datasets/ARGO
+ python get_argo.py -c SAR_2026-04-19
Traceback (most recent call last):
  File "/home/cfontana/DATA_MED/datasets/ARGO/get_argo.py", line 9, in <module>
    from fun_gen import *
  File "/home/cfontana/DATA_MED/modules/fun_gen.py", line 5, in <module>
    from fun_io import load_coords
  File "/home/cfontana/DATA_MED/modules/fun_io.py", line 15, in <module>
    import copernicusmarine
ModuleNotFoundError: No module named 'copernicusmarine'
+ [ 1 -eq 0 ]
+ cd ../../
+ sed -i s/phy/bgc/ config/config_SAR_2026-04-19.json
+ cd datasets/ARGO
+ python get_argo.py -c SAR_2026-04-19
Traceback (most recent call last):
  File "/home/cfontana/DATA_MED/datasets/ARGO/get_argo.py", line 9, in <module>
    from fun_gen import *
  File "/home/cfontana/DATA_MED/modules/fun_gen.py", line 5, in <module>
    from fun_io import load_coords
  File "/home/cfontana/DATA_MED/modules/fun_io.py", line 15, in <module>
    import copernicusmarine
ModuleNotFoundError: No module named 'copernicusmarine'
+ [ 1 -eq 0 ]
+ cd ../../
+ [ 1 -eq 1 ]
+ source /home/cfontana/venv/c/bin/activate
+ 1> /dev/null
+ deactivate nondestructive
+ [ -n /home/cfontana/venv/c/bin:/usr/local/sbin:/usr/local/bin:/usr/sbin:/usr/bin:/sbin:/bin:/usr/games:/usr/local/games:/snap/bin ]
+ PATH=/home/cfontana/venv/c/bin:/usr/local/sbin:/usr/local/bin:/usr/sbin:/usr/bin:/sbin:/bin:/usr/games:/usr/local/games:/snap/bin
+ export PATH
+ unset _OLD_VIRTUAL_PATH
+ [ -n '' ]
+ hash -r
+ 2> /dev/null
+ [ -n '(c) \[\e]0;\u@\h: \w\a\]${debian_chroot:+($debian_chroot)}\[\033[01;32m\]\u@\h\[\033[00m\]:\[\033[01;34m\]\w\[\033[00m\]\$ ' ]
+ PS1='(c) \[\e]0;\u@\h: \w\a\]${debian_chroot:+($debian_chroot)}\[\033[01;32m\]\u@\h\[\033[00m\]:\[\033[01;34m\]\w\[\033[00m\]\$ '
+ export PS1
+ unset _OLD_VIRTUAL_PS1
+ unset VIRTUAL_ENV
+ unset VIRTUAL_ENV_PROMPT
+ [ ! nondestructive '=' nondestructive ]
+ [ '' '=' cygwin ]
+ [ '' '=' msys ]
+ VIRTUAL_ENV=/home/cfontana/venv/c
+ export VIRTUAL_ENV
+ _OLD_VIRTUAL_PATH=/home/cfontana/venv/c/bin:/usr/local/sbin:/usr/local/bin:/usr/sbin:/usr/bin:/sbin:/bin:/usr/games:/usr/local/games:/snap/bin
+ PATH=/home/cfontana/venv/c/bin:/home/cfontana/venv/c/bin:/usr/local/sbin:/usr/local/bin:/usr/sbin:/usr/bin:/sbin:/bin:/usr/games:/usr/local/games:/snap/bin
+ export PATH
+ [ -n '' ]
+ [ -z '' ]
+ _OLD_VIRTUAL_PS1='(c) \[\e]0;\u@\h: \w\a\]${debian_chroot:+($debian_chroot)}\[\033[01;32m\]\u@\h\[\033[00m\]:\[\033[01;34m\]\w\[\033[00m\]\$ '
+ PS1='(c) (c) \[\e]0;\u@\h: \w\a\]${debian_chroot:+($debian_chroot)}\[\033[01;32m\]\u@\h\[\033[00m\]:\[\033[01;34m\]\w\[\033[00m\]\$ '
+ export PS1
+ VIRTUAL_ENV_PROMPT='(c) '
+ export VIRTUAL_ENV_PROMPT
+ hash -r
+ 2> /dev/null
+ static=/home/cfontana/DIAGS/SAR_2026-04-19/static_SAR_2026-04-19
+ mkdir /home/cfontana/DIAGS/SAR_2026-04-19/static_SAR_2026-04-19
+ dir=/home/cfontana/DIAGS/SAR_2026-04-19/CMEMS/thetao/ITP_NC
+ i=1
+ ls /home/cfontana/DIAGS/SAR_2026-04-19/CMEMS/thetao/ITP_NC/PLOT/
+ cp /home/cfontana/DIAGS/SAR_2026-04-19/CMEMS/thetao/ITP_NC/PLOT/2026041900_thetao.jpg /home/cfontana/DIAGS/SAR_2026-04-19/static_SAR_2026-04-19/thetao_1.jpg
+ let i=1+1
+ cp /home/cfontana/DIAGS/SAR_2026-04-19/CMEMS/thetao/ITP_NC/PLOT/2026042000_thetao.jpg /home/cfontana/DIAGS/SAR_2026-04-19/static_SAR_2026-04-19/thetao_2.jpg
+ let i=2+1
+ cp /home/cfontana/DIAGS/SAR_2026-04-19/CMEMS/thetao/ITP_NC/PLOT/2026042100_thetao.jpg /home/cfontana/DIAGS/SAR_2026-04-19/static_SAR_2026-04-19/thetao_3.jpg
+ let i=3+1
+ cp /home/cfontana/DIAGS/SAR_2026-04-19/CMEMS/thetao/ITP_NC/PLOT/2026042200_thetao.jpg /home/cfontana/DIAGS/SAR_2026-04-19/static_SAR_2026-04-19/thetao_4.jpg
+ let i=4+1
+ cp /home/cfontana/DIAGS/SAR_2026-04-19/CMEMS/thetao/ITP_NC/PLOT/2026042300_thetao.jpg /home/cfontana/DIAGS/SAR_2026-04-19/static_SAR_2026-04-19/thetao_5.jpg
+ let i=5+1
+ cp /home/cfontana/DIAGS/SAR_2026-04-19/CMEMS/thetao/ITP_NC/PLOT/2026042400_thetao.jpg /home/cfontana/DIAGS/SAR_2026-04-19/static_SAR_2026-04-19/thetao_6.jpg
+ let i=6+1
+ cp /home/cfontana/DIAGS/SAR_2026-04-19/CMEMS/thetao/ITP_NC/time_series.jpg /home/cfontana/DIAGS/SAR_2026-04-19/static_SAR_2026-04-19/time_series_thetao.jpg
+ dir=/home/cfontana/DIAGS/SAR_2026-04-19/CMEMS/chl/ITP_NC
+ i=1
+ ls /home/cfontana/DIAGS/SAR_2026-04-19/CMEMS/chl/ITP_NC/PLOT/
+ cp /home/cfontana/DIAGS/SAR_2026-04-19/CMEMS/chl/ITP_NC/PLOT/2026041912_chl.jpg /home/cfontana/DIAGS/SAR_2026-04-19/static_SAR_2026-04-19/chl_1.jpg
+ let i=1+1
+ cp /home/cfontana/DIAGS/SAR_2026-04-19/CMEMS/chl/ITP_NC/PLOT/2026042012_chl.jpg /home/cfontana/DIAGS/SAR_2026-04-19/static_SAR_2026-04-19/chl_2.jpg
+ let i=2+1
+ cp /home/cfontana/DIAGS/SAR_2026-04-19/CMEMS/chl/ITP_NC/PLOT/2026042112_chl.jpg /home/cfontana/DIAGS/SAR_2026-04-19/static_SAR_2026-04-19/chl_3.jpg
+ let i=3+1
+ cp /home/cfontana/DIAGS/SAR_2026-04-19/CMEMS/chl/ITP_NC/PLOT/2026042212_chl.jpg /home/cfontana/DIAGS/SAR_2026-04-19/static_SAR_2026-04-19/chl_4.jpg
+ let i=4+1
+ cp /home/cfontana/DIAGS/SAR_2026-04-19/CMEMS/chl/ITP_NC/PLOT/2026042312_chl.jpg /home/cfontana/DIAGS/SAR_2026-04-19/static_SAR_2026-04-19/chl_5.jpg
+ let i=5+1
+ cp /home/cfontana/DIAGS/SAR_2026-04-19/CMEMS/chl/ITP_NC/PLOT/2026042412_chl.jpg /home/cfontana/DIAGS/SAR_2026-04-19/static_SAR_2026-04-19/chl_6.jpg
+ let i=6+1
+ cp /home/cfontana/DIAGS/SAR_2026-04-19/CMEMS/chl/ITP_NC/time_series.jpg /home/cfontana/DIAGS/SAR_2026-04-19/static_SAR_2026-04-19/time_series_chl.jpg
+ dir=/home/cfontana/DIAGS/SAR_2026-04-19/RADAR/
+ i=1
+ ls /home/cfontana/DIAGS/SAR_2026-04-19/RADAR//20260419_00.jpg /home/cfontana/DIAGS/SAR_2026-04-19/RADAR//20260420_00.jpg /home/cfontana/DIAGS/SAR_2026-04-19/RADAR//20260421_00.jpg /home/cfontana/DIAGS/SAR_2026-04-19/RADAR//20260422_00.jpg /home/cfontana/DIAGS/SAR_2026-04-19/RADAR//20260423_00.jpg /home/cfontana/DIAGS/SAR_2026-04-19/RADAR//20260424_00.jpg
+ cp /home/cfontana/DIAGS/SAR_2026-04-19/RADAR//20260419_00.jpg /home/cfontana/DIAGS/SAR_2026-04-19/static_SAR_2026-04-19/radar_1.jpg
+ let i=1+1
+ cp /home/cfontana/DIAGS/SAR_2026-04-19/RADAR//20260420_00.jpg /home/cfontana/DIAGS/SAR_2026-04-19/static_SAR_2026-04-19/radar_2.jpg
+ let i=2+1
+ cp /home/cfontana/DIAGS/SAR_2026-04-19/RADAR//20260421_00.jpg /home/cfontana/DIAGS/SAR_2026-04-19/static_SAR_2026-04-19/radar_3.jpg
+ let i=3+1
+ cp /home/cfontana/DIAGS/SAR_2026-04-19/RADAR//20260422_00.jpg /home/cfontana/DIAGS/SAR_2026-04-19/static_SAR_2026-04-19/radar_4.jpg
+ let i=4+1
+ cp /home/cfontana/DIAGS/SAR_2026-04-19/RADAR//20260423_00.jpg /home/cfontana/DIAGS/SAR_2026-04-19/static_SAR_2026-04-19/radar_5.jpg
+ let i=5+1
+ cp /home/cfontana/DIAGS/SAR_2026-04-19/RADAR//20260424_00.jpg /home/cfontana/DIAGS/SAR_2026-04-19/static_SAR_2026-04-19/radar_6.jpg
+ let i=6+1
+ dir=/home/cfontana/DIAGS/SAR_2026-04-19/ARGO/
+ ls -d '/home/cfontana/DIAGS/SAR_2026-04-19/ARGO//bio*/'
ls: cannot access '/home/cfontana/DIAGS/SAR_2026-04-19/ARGO//bio*/': No such file or directory
+ i=1
+ 1> /home/cfontana/DIAGS/SAR_2026-04-19/static_SAR_2026-04-19/list.txt
+ ls -d '/home/cfontana/DIAGS/SAR_2026-04-19/ARGO//*/'
ls: cannot access '/home/cfontana/DIAGS/SAR_2026-04-19/ARGO//*/': No such file or directory
+ cp /home/cfontana/DIAGS/SAR_2026-04-19/ARGO//map.jpg /home/cfontana/DIAGS/SAR_2026-04-19/static_SAR_2026-04-19
cp: cannot stat '/home/cfontana/DIAGS/SAR_2026-04-19/ARGO//map.jpg': No such file or directory
+ scp -r /home/cfontana/DIAGS/SAR_2026-04-19/static_SAR_2026-04-19 yulpa175555@webhost03.yulpa.io:/datas/yulpa175555/sites/merval.eg2.fr/htdocs/DIAGS
+ echo 'PROCESSING CON'
PROCESSING CON
+ echo '_______________ '
_______________ 
+ config=CON_2026-04-19
+ awk '{print tolower($0)}'
+ echo CON
+ lower=con
+ set -x
+ cat config/config_CON.json
+ sed -e s/FREQ/hourly/
+ sed -e s/DINI/2026-04-19/g
+ 1> config/config_CON_2026-04-19.json
+ sed -e s/DOUT/20260419/
+ sed -e s/DEND/2026-04-24/
+ cp config/cmems_DOMAIN.dat config/cmems_CON_2026-04-19.dat
+ cp config/variables_mit_DOMAIN.dat config/variables_mit_CON_2026-04-19.dat
+ jq -r .diagdir config/config_CON_2026-04-19.json
+ diagdir=/home/cfontana/DIAGS/CON_2026-04-19
+ jq -r .radardir config/config_CON_2026-04-19.json
+ radardir=/home/cfontana/RADAR/
+ [ 0 -eq 0 -a 0 -eq 1 ]
+ [ 1 -eq 1 ]
+ cd datasets/CMEMS
+ python get_data_sat.py -c CON_2026-04-19 -v thetao
INFO - 2026-04-20T09:23:31Z - Selected dataset version: "202311"
INFO - 2026-04-20T09:23:31Z - Selected dataset part: "default"
WARNING - 2026-04-20T09:23:31Z - Some of your subset selection [2026-04-19 00:00:00+00:00, 2026-04-24 00:00:00+00:00] for the time dimension exceed the dataset coordinates [2008-01-01 00:00:00+00:00, 2026-04-20 00:00:00+00:00]
----------------------------------
=> Config file CON_2026-04-19 loaded
----------------------------------

Downloading CMEMS products : SST_MED_SST_L3S_NRT_OBSERVATIONS_010_012_a
=> Variable [np.str_('sea_surface_temperature')] 


[FILE SAVED ] /home/cfontana/DIAGS/CON_2026-04-19/CMEMS/data/SST_MED_SST_L3S_NRT_OBSERVATIONS_010_012_a.nc
+ python interp_cmems.py -c CON_2026-04-19 -v thetao
----------------------------------
=> Config file CON_2026-04-19 loaded
----------------------------------


[FILE SAVED] /home/cfontana/DIAGS/CON_2026-04-19/CMEMS/thetao/ITP_NC/thetao_20260419.nc


[FILE SAVED] /home/cfontana/DIAGS/CON_2026-04-19/CMEMS/thetao/ITP_NC/thetao_20260420.nc

Traceback (most recent call last):
  File "/home/cfontana/DATA_MED/datasets/CMEMS/interp_cmems.py", line 95, in <module>
    data = np.array(ds[cvar][i,:,:]).squeeze().flatten()
                    ~~~~~~~~^^^^^^^
  File "src/netCDF4/_netCDF4.pyx", line 5107, in netCDF4._netCDF4.Variable.__getitem__
  File "src/netCDF4/_netCDF4.pyx", line 6079, in netCDF4._netCDF4.Variable._get
IndexError: index exceeds dimension bounds
+ [ 1 -eq 2 ]
+ cd ../../plot
+ python plot_CMEMS_pickle_data_vs_sat.py -c CON_2026-04-19 -v thetao -s CMEMS
----------------------------------
=> Config file CON_2026-04-19 loaded
----------------------------------

Processing
739725 15.745541004663714 15.86017 16.123236280070152 0.6701713177861044
739726 16.1556491501905 16.225977 16.384493962879453 0.6701713177861044
[Errno 2] No such file or directory: '/home/cfontana/DIAGS/CON_2026-04-19/CMEMS/thetao/ITP_NC/thetao_20260421.nc' 

=> in get_sat_2D :
Error processing file /home/cfontana/DIAGS/CON_2026-04-19/CMEMS/thetao/ITP_NC/thetao_20260421.nc
File not found
739727 16.112232731374576 nan 16.614068489098734 1
[Errno 2] No such file or directory: '/home/cfontana/DIAGS/CON_2026-04-19/CMEMS/thetao/ITP_NC/thetao_20260422.nc' 

=> in get_sat_2D :
Error processing file /home/cfontana/DIAGS/CON_2026-04-19/CMEMS/thetao/ITP_NC/thetao_20260422.nc
File not found
739728 16.089953314401786 nan 16.17618528742081 1
[Errno 2] No such file or directory: '/home/cfontana/DIAGS/CON_2026-04-19/CMEMS/thetao/ITP_NC/thetao_20260423.nc' 

=> in get_sat_2D :
Error processing file /home/cfontana/DIAGS/CON_2026-04-19/CMEMS/thetao/ITP_NC/thetao_20260423.nc
File not found
739729 16.132470925409002 nan 15.717552991584627 1
[Errno 2] No such file or directory: '/home/cfontana/DIAGS/CON_2026-04-19/CMEMS/thetao/ITP_NC/thetao_20260424.nc' 

=> in get_sat_2D :
Error processing file /home/cfontana/DIAGS/CON_2026-04-19/CMEMS/thetao/ITP_NC/thetao_20260424.nc
File not found
739730 15.861942017387074 nan 15.690062946202973 1
[SAVED FIG] /home/cfontana/DIAGS/CON_2026-04-19/CMEMS/thetao/ITP_NC/PLOT/2026041900_thetao.jpg
[SAVED FIG] /home/cfontana/DIAGS/CON_2026-04-19/CMEMS/thetao/ITP_NC/PLOT/2026042000_thetao.jpg
[SAVED FIG] /home/cfontana/DIAGS/CON_2026-04-19/CMEMS/thetao/ITP_NC/PLOT/2026042100_thetao.jpg
[SAVED FIG] /home/cfontana/DIAGS/CON_2026-04-19/CMEMS/thetao/ITP_NC/PLOT/2026042200_thetao.jpg
[SAVED FIG] /home/cfontana/DIAGS/CON_2026-04-19/CMEMS/thetao/ITP_NC/PLOT/2026042300_thetao.jpg
[SAVED FIG] /home/cfontana/DIAGS/CON_2026-04-19/CMEMS/thetao/ITP_NC/PLOT/2026042400_thetao.jpg
+ python plot_sat_CMEMS_timeseries.py -c CON_2026-04-19 -v thetao -s CMEMS
----------------------------------
=> Config file CON_2026-04-19 loaded
----------------------------------

[SAVED FIG] /home/cfontana/DIAGS/CON_2026-04-19/CMEMS/thetao/ITP_NC/time_series.jpg
+ cd ..
+ [ 1 -eq 1 ]
+ cd datasets/HFRADAR
+ python read_radar.py -c CON_2026-04-19
----------------------------------
=> Config file CON_2026-04-19 loaded
----------------------------------


----------
20260419 0
[Errno 2] No such file or directory: '/home/cfontana/RADAR//2026-04-19/EUHFR_NRTcurrent_HFR-TirLig-Total_v3.nc'
[Errno 2] No such file or directory: '/home/cfontana/RADAR//2026-04-19/EUHFR_NRTcurrent_HFR-ARPAS-Total_v3.nc'
[Errno 2] No such file or directory: '/home/cfontana/RADAR//2026-04-19/EUHFR_NRTcurrent_HFR-LaMMA-Total_v3.nc'
[Errno 2] No such file or directory: '/home/cfontana/RADAR//2026-04-19/EUHFR_NRTcurrent_HFR-GoS-Total_v3.nc'
[Errno 2] No such file or directory: '/home/cfontana/RADAR//2026-04-19/EUHFR_NRTcurrent_HFR-WesternItaly-Total_v3.nc'
[Errno 2] No such file or directory: '/home/cfontana/RADAR//2026-04-19/EUHFR_NRTcurrent_HFR-Granitola-Total_v3.nc'
[Errno 2] No such file or directory: '/home/cfontana/RADAR//2026-04-19/EUHFR_NRTcurrent_HFR-NAdr-Total_v3.nc'
[Errno 2] No such file or directory: '/home/cfontana/RADAR//2026-04-19/EUHFR_NRTcurrent_HFR-GoM-Total_v3.nc'
[SAVED FIG] /home/cfontana/DIAGS/CON_2026-04-19/RADAR/20260419_00.jpg

----------
20260420 0
[Errno 2] No such file or directory: '/home/cfontana/RADAR//2026-04-19/EUHFR_NRTcurrent_HFR-TirLig-Total_v3.nc'
[Errno 2] No such file or directory: '/home/cfontana/RADAR//2026-04-19/EUHFR_NRTcurrent_HFR-ARPAS-Total_v3.nc'
[Errno 2] No such file or directory: '/home/cfontana/RADAR//2026-04-19/EUHFR_NRTcurrent_HFR-LaMMA-Total_v3.nc'
[Errno 2] No such file or directory: '/home/cfontana/RADAR//2026-04-19/EUHFR_NRTcurrent_HFR-GoS-Total_v3.nc'
[Errno 2] No such file or directory: '/home/cfontana/RADAR//2026-04-19/EUHFR_NRTcurrent_HFR-WesternItaly-Total_v3.nc'
[Errno 2] No such file or directory: '/home/cfontana/RADAR//2026-04-19/EUHFR_NRTcurrent_HFR-Granitola-Total_v3.nc'
[Errno 2] No such file or directory: '/home/cfontana/RADAR//2026-04-19/EUHFR_NRTcurrent_HFR-NAdr-Total_v3.nc'
[Errno 2] No such file or directory: '/home/cfontana/RADAR//2026-04-19/EUHFR_NRTcurrent_HFR-GoM-Total_v3.nc'
[SAVED FIG] /home/cfontana/DIAGS/CON_2026-04-19/RADAR/20260420_00.jpg

----------
20260421 0
[Errno 2] No such file or directory: '/home/cfontana/RADAR//2026-04-19/EUHFR_NRTcurrent_HFR-TirLig-Total_v3.nc'
[Errno 2] No such file or directory: '/home/cfontana/RADAR//2026-04-19/EUHFR_NRTcurrent_HFR-ARPAS-Total_v3.nc'
[Errno 2] No such file or directory: '/home/cfontana/RADAR//2026-04-19/EUHFR_NRTcurrent_HFR-LaMMA-Total_v3.nc'
[Errno 2] No such file or directory: '/home/cfontana/RADAR//2026-04-19/EUHFR_NRTcurrent_HFR-GoS-Total_v3.nc'
[Errno 2] No such file or directory: '/home/cfontana/RADAR//2026-04-19/EUHFR_NRTcurrent_HFR-WesternItaly-Total_v3.nc'
[Errno 2] No such file or directory: '/home/cfontana/RADAR//2026-04-19/EUHFR_NRTcurrent_HFR-Granitola-Total_v3.nc'
[Errno 2] No such file or directory: '/home/cfontana/RADAR//2026-04-19/EUHFR_NRTcurrent_HFR-NAdr-Total_v3.nc'
[Errno 2] No such file or directory: '/home/cfontana/RADAR//2026-04-19/EUHFR_NRTcurrent_HFR-GoM-Total_v3.nc'
[SAVED FIG] /home/cfontana/DIAGS/CON_2026-04-19/RADAR/20260421_00.jpg

----------
20260422 0
[Errno 2] No such file or directory: '/home/cfontana/RADAR//2026-04-19/EUHFR_NRTcurrent_HFR-TirLig-Total_v3.nc'
[Errno 2] No such file or directory: '/home/cfontana/RADAR//2026-04-19/EUHFR_NRTcurrent_HFR-ARPAS-Total_v3.nc'
[Errno 2] No such file or directory: '/home/cfontana/RADAR//2026-04-19/EUHFR_NRTcurrent_HFR-LaMMA-Total_v3.nc'
[Errno 2] No such file or directory: '/home/cfontana/RADAR//2026-04-19/EUHFR_NRTcurrent_HFR-GoS-Total_v3.nc'
[Errno 2] No such file or directory: '/home/cfontana/RADAR//2026-04-19/EUHFR_NRTcurrent_HFR-WesternItaly-Total_v3.nc'
[Errno 2] No such file or directory: '/home/cfontana/RADAR//2026-04-19/EUHFR_NRTcurrent_HFR-Granitola-Total_v3.nc'
[Errno 2] No such file or directory: '/home/cfontana/RADAR//2026-04-19/EUHFR_NRTcurrent_HFR-NAdr-Total_v3.nc'
[Errno 2] No such file or directory: '/home/cfontana/RADAR//2026-04-19/EUHFR_NRTcurrent_HFR-GoM-Total_v3.nc'
[SAVED FIG] /home/cfontana/DIAGS/CON_2026-04-19/RADAR/20260422_00.jpg

----------
20260423 0
[Errno 2] No such file or directory: '/home/cfontana/RADAR//2026-04-19/EUHFR_NRTcurrent_HFR-TirLig-Total_v3.nc'
[Errno 2] No such file or directory: '/home/cfontana/RADAR//2026-04-19/EUHFR_NRTcurrent_HFR-ARPAS-Total_v3.nc'
[Errno 2] No such file or directory: '/home/cfontana/RADAR//2026-04-19/EUHFR_NRTcurrent_HFR-LaMMA-Total_v3.nc'
[Errno 2] No such file or directory: '/home/cfontana/RADAR//2026-04-19/EUHFR_NRTcurrent_HFR-GoS-Total_v3.nc'
[Errno 2] No such file or directory: '/home/cfontana/RADAR//2026-04-19/EUHFR_NRTcurrent_HFR-WesternItaly-Total_v3.nc'
[Errno 2] No such file or directory: '/home/cfontana/RADAR//2026-04-19/EUHFR_NRTcurrent_HFR-Granitola-Total_v3.nc'
[Errno 2] No such file or directory: '/home/cfontana/RADAR//2026-04-19/EUHFR_NRTcurrent_HFR-NAdr-Total_v3.nc'
[Errno 2] No such file or directory: '/home/cfontana/RADAR//2026-04-19/EUHFR_NRTcurrent_HFR-GoM-Total_v3.nc'
[SAVED FIG] /home/cfontana/DIAGS/CON_2026-04-19/RADAR/20260423_00.jpg

----------
20260424 0
[Errno 2] No such file or directory: '/home/cfontana/RADAR//2026-04-19/EUHFR_NRTcurrent_HFR-TirLig-Total_v3.nc'
[Errno 2] No such file or directory: '/home/cfontana/RADAR//2026-04-19/EUHFR_NRTcurrent_HFR-ARPAS-Total_v3.nc'
[Errno 2] No such file or directory: '/home/cfontana/RADAR//2026-04-19/EUHFR_NRTcurrent_HFR-LaMMA-Total_v3.nc'
[Errno 2] No such file or directory: '/home/cfontana/RADAR//2026-04-19/EUHFR_NRTcurrent_HFR-GoS-Total_v3.nc'
[Errno 2] No such file or directory: '/home/cfontana/RADAR//2026-04-19/EUHFR_NRTcurrent_HFR-WesternItaly-Total_v3.nc'
[Errno 2] No such file or directory: '/home/cfontana/RADAR//2026-04-19/EUHFR_NRTcurrent_HFR-Granitola-Total_v3.nc'
[Errno 2] No such file or directory: '/home/cfontana/RADAR//2026-04-19/EUHFR_NRTcurrent_HFR-NAdr-Total_v3.nc'
[Errno 2] No such file or directory: '/home/cfontana/RADAR//2026-04-19/EUHFR_NRTcurrent_HFR-GoM-Total_v3.nc'
[SAVED FIG] /home/cfontana/DIAGS/CON_2026-04-19/RADAR/20260424_00.jpg
+ cd ../..
+ cat config/config_CON.json
+ sed -e s/DINI/2026-04-19/g
+ sed -e s/DOUT/20260419/
+ sed -e s/DEND/2026-04-24/
+ sed -e s/FREQ/daily/
+ 1> config/config_CON_2026-04-19.json
+ [ 1 -eq 1 ]
+ cd datasets/CMEMS
+ python get_data_sat.py -c CON_2026-04-19 -v chl
INFO - 2026-04-20T09:31:35Z - Selected dataset version: "202211"
INFO - 2026-04-20T09:31:35Z - Selected dataset part: "default"
WARNING - 2026-04-20T09:31:35Z - Some of your subset selection [2026-04-19 00:00:00+00:00, 2026-04-24 00:00:00+00:00] for the time dimension exceed the dataset coordinates [2023-04-29 00:00:00+00:00, 2026-04-19 00:00:00+00:00]
----------------------------------
=> Config file CON_2026-04-19 loaded
----------------------------------

Downloading CMEMS products : cmems_obs-oc_med_bgc-plankton_nrt_l3-multi-1km_P1D
=> Variable ['CHL', 'KD490'] 


[FILE SAVED ] /home/cfontana/DIAGS/CON_2026-04-19/CMEMS/data/cmems_obs-oc_med_bgc-plankton_nrt_l3-multi-1km_P1D.nc
+ python interp_cmems.py -c CON_2026-04-19 -v chl
----------------------------------
=> Config file CON_2026-04-19 loaded
----------------------------------


[FILE SAVED] /home/cfontana/DIAGS/CON_2026-04-19/CMEMS/chl/ITP_NC/chl_20260419.nc

Traceback (most recent call last):
  File "/home/cfontana/DATA_MED/datasets/CMEMS/interp_cmems.py", line 95, in <module>
    data = np.array(ds[cvar][i,:,:]).squeeze().flatten()
                    ~~~~~~~~^^^^^^^
  File "src/netCDF4/_netCDF4.pyx", line 5107, in netCDF4._netCDF4.Variable.__getitem__
  File "src/netCDF4/_netCDF4.pyx", line 6079, in netCDF4._netCDF4.Variable._get
IndexError: index exceeds dimension bounds
+ [ 1 -eq 2 ]
+ cd ../../plot
+ python plot_CMEMS_pickle_data_vs_sat.py -c CON_2026-04-19 -v chl -s CMEMS
----------------------------------
=> Config file CON_2026-04-19 loaded
----------------------------------

Processing
739725 0.5553954375261624 7.2400002 0.5486022156408876 0.8639448131068871
[Errno 2] No such file or directory: '/home/cfontana/DIAGS/CON_2026-04-19/CMEMS/chl/ITP_NC/chl_20260420.nc' 

=> in get_sat_2D :
Error processing file /home/cfontana/DIAGS/CON_2026-04-19/CMEMS/chl/ITP_NC/chl_20260420.nc
File not found
739726 0.5930929758448384 nan 0.2797621671011673 1
[Errno 2] No such file or directory: '/home/cfontana/DIAGS/CON_2026-04-19/CMEMS/chl/ITP_NC/chl_20260421.nc' 

=> in get_sat_2D :
Error processing file /home/cfontana/DIAGS/CON_2026-04-19/CMEMS/chl/ITP_NC/chl_20260421.nc
File not found
739727 0.6185393512039635 nan 0.2752025270732003 1
[Errno 2] No such file or directory: '/home/cfontana/DIAGS/CON_2026-04-19/CMEMS/chl/ITP_NC/chl_20260422.nc' 

=> in get_sat_2D :
Error processing file /home/cfontana/DIAGS/CON_2026-04-19/CMEMS/chl/ITP_NC/chl_20260422.nc
File not found
739728 0.6472828837750351 nan 0.263181251763536 1
[Errno 2] No such file or directory: '/home/cfontana/DIAGS/CON_2026-04-19/CMEMS/chl/ITP_NC/chl_20260423.nc' 

=> in get_sat_2D :
Error processing file /home/cfontana/DIAGS/CON_2026-04-19/CMEMS/chl/ITP_NC/chl_20260423.nc
File not found
739729 0.6282064233396195 nan 0.2550838184737789 1
[Errno 2] No such file or directory: '/home/cfontana/DIAGS/CON_2026-04-19/CMEMS/chl/ITP_NC/chl_20260424.nc' 

=> in get_sat_2D :
Error processing file /home/cfontana/DIAGS/CON_2026-04-19/CMEMS/chl/ITP_NC/chl_20260424.nc
File not found
739730 0.602192994431935 nan 0.25002519350277397 1
[SAVED FIG] /home/cfontana/DIAGS/CON_2026-04-19/CMEMS/chl/ITP_NC/PLOT/2026041912_chl.jpg
[SAVED FIG] /home/cfontana/DIAGS/CON_2026-04-19/CMEMS/chl/ITP_NC/PLOT/2026042012_chl.jpg
[SAVED FIG] /home/cfontana/DIAGS/CON_2026-04-19/CMEMS/chl/ITP_NC/PLOT/2026042112_chl.jpg
[SAVED FIG] /home/cfontana/DIAGS/CON_2026-04-19/CMEMS/chl/ITP_NC/PLOT/2026042212_chl.jpg
[SAVED FIG] /home/cfontana/DIAGS/CON_2026-04-19/CMEMS/chl/ITP_NC/PLOT/2026042312_chl.jpg
[SAVED FIG] /home/cfontana/DIAGS/CON_2026-04-19/CMEMS/chl/ITP_NC/PLOT/2026042412_chl.jpg
+ python plot_sat_CMEMS_timeseries.py -c CON_2026-04-19 -v chl -s CMEMS
----------------------------------
=> Config file CON_2026-04-19 loaded
----------------------------------

[SAVED FIG] /home/cfontana/DIAGS/CON_2026-04-19/CMEMS/chl/ITP_NC/time_series.jpg
+ cd ..
+ [ 1 -eq 0 ]
+ [ 1 -eq 1 ]
+ source /home/cfontana/venv/a/bin/activate
+ 1> /dev/null
+ deactivate nondestructive
+ [ -n /home/cfontana/venv/c/bin:/usr/local/sbin:/usr/local/bin:/usr/sbin:/usr/bin:/sbin:/bin:/usr/games:/usr/local/games:/snap/bin ]
+ PATH=/home/cfontana/venv/c/bin:/usr/local/sbin:/usr/local/bin:/usr/sbin:/usr/bin:/sbin:/bin:/usr/games:/usr/local/games:/snap/bin
+ export PATH
+ unset _OLD_VIRTUAL_PATH
+ [ -n '' ]
+ hash -r
+ 2> /dev/null
+ [ -n '(c) \[\e]0;\u@\h: \w\a\]${debian_chroot:+($debian_chroot)}\[\033[01;32m\]\u@\h\[\033[00m\]:\[\033[01;34m\]\w\[\033[00m\]\$ ' ]
+ PS1='(c) \[\e]0;\u@\h: \w\a\]${debian_chroot:+($debian_chroot)}\[\033[01;32m\]\u@\h\[\033[00m\]:\[\033[01;34m\]\w\[\033[00m\]\$ '
+ export PS1
+ unset _OLD_VIRTUAL_PS1
+ unset VIRTUAL_ENV
+ unset VIRTUAL_ENV_PROMPT
+ [ ! nondestructive '=' nondestructive ]
+ [ '' '=' cygwin ]
+ [ '' '=' msys ]
+ VIRTUAL_ENV=/home/cfontana/venv/a
+ export VIRTUAL_ENV
+ _OLD_VIRTUAL_PATH=/home/cfontana/venv/c/bin:/usr/local/sbin:/usr/local/bin:/usr/sbin:/usr/bin:/sbin:/bin:/usr/games:/usr/local/games:/snap/bin
+ PATH=/home/cfontana/venv/a/bin:/home/cfontana/venv/c/bin:/usr/local/sbin:/usr/local/bin:/usr/sbin:/usr/bin:/sbin:/bin:/usr/games:/usr/local/games:/snap/bin
+ export PATH
+ [ -n '' ]
+ [ -z '' ]
+ _OLD_VIRTUAL_PS1='(c) \[\e]0;\u@\h: \w\a\]${debian_chroot:+($debian_chroot)}\[\033[01;32m\]\u@\h\[\033[00m\]:\[\033[01;34m\]\w\[\033[00m\]\$ '
+ PS1='(a) (c) \[\e]0;\u@\h: \w\a\]${debian_chroot:+($debian_chroot)}\[\033[01;32m\]\u@\h\[\033[00m\]:\[\033[01;34m\]\w\[\033[00m\]\$ '
+ export PS1
+ VIRTUAL_ENV_PROMPT='(a) '
+ export VIRTUAL_ENV_PROMPT
+ hash -r
+ 2> /dev/null
+ sed -i s/daily/hourly/ config/config_CON_2026-04-19.json
+ cd datasets/ARGO
+ python get_argo.py -c CON_2026-04-19
Traceback (most recent call last):
  File "/home/cfontana/DATA_MED/datasets/ARGO/get_argo.py", line 9, in <module>
    from fun_gen import *
  File "/home/cfontana/DATA_MED/modules/fun_gen.py", line 5, in <module>
    from fun_io import load_coords
  File "/home/cfontana/DATA_MED/modules/fun_io.py", line 15, in <module>
    import copernicusmarine
ModuleNotFoundError: No module named 'copernicusmarine'
+ [ 1 -eq 0 ]
+ cd ../../
+ sed -i s/phy/bgc/ config/config_CON_2026-04-19.json
+ cd datasets/ARGO
+ python get_argo.py -c CON_2026-04-19
Traceback (most recent call last):
  File "/home/cfontana/DATA_MED/datasets/ARGO/get_argo.py", line 9, in <module>
    from fun_gen import *
  File "/home/cfontana/DATA_MED/modules/fun_gen.py", line 5, in <module>
    from fun_io import load_coords
  File "/home/cfontana/DATA_MED/modules/fun_io.py", line 15, in <module>
    import copernicusmarine
ModuleNotFoundError: No module named 'copernicusmarine'
+ [ 1 -eq 0 ]
+ cd ../../
+ [ 1 -eq 1 ]
+ source /home/cfontana/venv/c/bin/activate
+ 1> /dev/null
+ deactivate nondestructive
+ [ -n /home/cfontana/venv/c/bin:/usr/local/sbin:/usr/local/bin:/usr/sbin:/usr/bin:/sbin:/bin:/usr/games:/usr/local/games:/snap/bin ]
+ PATH=/home/cfontana/venv/c/bin:/usr/local/sbin:/usr/local/bin:/usr/sbin:/usr/bin:/sbin:/bin:/usr/games:/usr/local/games:/snap/bin
+ export PATH
+ unset _OLD_VIRTUAL_PATH
+ [ -n '' ]
+ hash -r
+ 2> /dev/null
+ [ -n '(c) \[\e]0;\u@\h: \w\a\]${debian_chroot:+($debian_chroot)}\[\033[01;32m\]\u@\h\[\033[00m\]:\[\033[01;34m\]\w\[\033[00m\]\$ ' ]
+ PS1='(c) \[\e]0;\u@\h: \w\a\]${debian_chroot:+($debian_chroot)}\[\033[01;32m\]\u@\h\[\033[00m\]:\[\033[01;34m\]\w\[\033[00m\]\$ '
+ export PS1
+ unset _OLD_VIRTUAL_PS1
+ unset VIRTUAL_ENV
+ unset VIRTUAL_ENV_PROMPT
+ [ ! nondestructive '=' nondestructive ]
+ [ '' '=' cygwin ]
+ [ '' '=' msys ]
+ VIRTUAL_ENV=/home/cfontana/venv/c
+ export VIRTUAL_ENV
+ _OLD_VIRTUAL_PATH=/home/cfontana/venv/c/bin:/usr/local/sbin:/usr/local/bin:/usr/sbin:/usr/bin:/sbin:/bin:/usr/games:/usr/local/games:/snap/bin
+ PATH=/home/cfontana/venv/c/bin:/home/cfontana/venv/c/bin:/usr/local/sbin:/usr/local/bin:/usr/sbin:/usr/bin:/sbin:/bin:/usr/games:/usr/local/games:/snap/bin
+ export PATH
+ [ -n '' ]
+ [ -z '' ]
+ _OLD_VIRTUAL_PS1='(c) \[\e]0;\u@\h: \w\a\]${debian_chroot:+($debian_chroot)}\[\033[01;32m\]\u@\h\[\033[00m\]:\[\033[01;34m\]\w\[\033[00m\]\$ '
+ PS1='(c) (c) \[\e]0;\u@\h: \w\a\]${debian_chroot:+($debian_chroot)}\[\033[01;32m\]\u@\h\[\033[00m\]:\[\033[01;34m\]\w\[\033[00m\]\$ '
+ export PS1
+ VIRTUAL_ENV_PROMPT='(c) '
+ export VIRTUAL_ENV_PROMPT
+ hash -r
+ 2> /dev/null
+ static=/home/cfontana/DIAGS/CON_2026-04-19/static_CON_2026-04-19
+ mkdir /home/cfontana/DIAGS/CON_2026-04-19/static_CON_2026-04-19
+ dir=/home/cfontana/DIAGS/CON_2026-04-19/CMEMS/thetao/ITP_NC
+ i=1
+ ls /home/cfontana/DIAGS/CON_2026-04-19/CMEMS/thetao/ITP_NC/PLOT/
+ cp /home/cfontana/DIAGS/CON_2026-04-19/CMEMS/thetao/ITP_NC/PLOT/2026041900_thetao.jpg /home/cfontana/DIAGS/CON_2026-04-19/static_CON_2026-04-19/thetao_1.jpg
+ let i=1+1
+ cp /home/cfontana/DIAGS/CON_2026-04-19/CMEMS/thetao/ITP_NC/PLOT/2026042000_thetao.jpg /home/cfontana/DIAGS/CON_2026-04-19/static_CON_2026-04-19/thetao_2.jpg
+ let i=2+1
+ cp /home/cfontana/DIAGS/CON_2026-04-19/CMEMS/thetao/ITP_NC/PLOT/2026042100_thetao.jpg /home/cfontana/DIAGS/CON_2026-04-19/static_CON_2026-04-19/thetao_3.jpg
+ let i=3+1
+ cp /home/cfontana/DIAGS/CON_2026-04-19/CMEMS/thetao/ITP_NC/PLOT/2026042200_thetao.jpg /home/cfontana/DIAGS/CON_2026-04-19/static_CON_2026-04-19/thetao_4.jpg
+ let i=4+1
+ cp /home/cfontana/DIAGS/CON_2026-04-19/CMEMS/thetao/ITP_NC/PLOT/2026042300_thetao.jpg /home/cfontana/DIAGS/CON_2026-04-19/static_CON_2026-04-19/thetao_5.jpg
+ let i=5+1
+ cp /home/cfontana/DIAGS/CON_2026-04-19/CMEMS/thetao/ITP_NC/PLOT/2026042400_thetao.jpg /home/cfontana/DIAGS/CON_2026-04-19/static_CON_2026-04-19/thetao_6.jpg
+ let i=6+1
+ cp /home/cfontana/DIAGS/CON_2026-04-19/CMEMS/thetao/ITP_NC/time_series.jpg /home/cfontana/DIAGS/CON_2026-04-19/static_CON_2026-04-19/time_series_thetao.jpg
+ dir=/home/cfontana/DIAGS/CON_2026-04-19/CMEMS/chl/ITP_NC
+ i=1
+ ls /home/cfontana/DIAGS/CON_2026-04-19/CMEMS/chl/ITP_NC/PLOT/
+ cp /home/cfontana/DIAGS/CON_2026-04-19/CMEMS/chl/ITP_NC/PLOT/2026041912_chl.jpg /home/cfontana/DIAGS/CON_2026-04-19/static_CON_2026-04-19/chl_1.jpg
+ let i=1+1
+ cp /home/cfontana/DIAGS/CON_2026-04-19/CMEMS/chl/ITP_NC/PLOT/2026042012_chl.jpg /home/cfontana/DIAGS/CON_2026-04-19/static_CON_2026-04-19/chl_2.jpg
+ let i=2+1
+ cp /home/cfontana/DIAGS/CON_2026-04-19/CMEMS/chl/ITP_NC/PLOT/2026042112_chl.jpg /home/cfontana/DIAGS/CON_2026-04-19/static_CON_2026-04-19/chl_3.jpg
+ let i=3+1
+ cp /home/cfontana/DIAGS/CON_2026-04-19/CMEMS/chl/ITP_NC/PLOT/2026042212_chl.jpg /home/cfontana/DIAGS/CON_2026-04-19/static_CON_2026-04-19/chl_4.jpg
+ let i=4+1
+ cp /home/cfontana/DIAGS/CON_2026-04-19/CMEMS/chl/ITP_NC/PLOT/2026042312_chl.jpg /home/cfontana/DIAGS/CON_2026-04-19/static_CON_2026-04-19/chl_5.jpg
+ let i=5+1
+ cp /home/cfontana/DIAGS/CON_2026-04-19/CMEMS/chl/ITP_NC/PLOT/2026042412_chl.jpg /home/cfontana/DIAGS/CON_2026-04-19/static_CON_2026-04-19/chl_6.jpg
+ let i=6+1
+ cp /home/cfontana/DIAGS/CON_2026-04-19/CMEMS/chl/ITP_NC/time_series.jpg /home/cfontana/DIAGS/CON_2026-04-19/static_CON_2026-04-19/time_series_chl.jpg
+ dir=/home/cfontana/DIAGS/CON_2026-04-19/RADAR/
+ i=1
+ ls /home/cfontana/DIAGS/CON_2026-04-19/RADAR//20260419_00.jpg /home/cfontana/DIAGS/CON_2026-04-19/RADAR//20260420_00.jpg /home/cfontana/DIAGS/CON_2026-04-19/RADAR//20260421_00.jpg /home/cfontana/DIAGS/CON_2026-04-19/RADAR//20260422_00.jpg /home/cfontana/DIAGS/CON_2026-04-19/RADAR//20260423_00.jpg /home/cfontana/DIAGS/CON_2026-04-19/RADAR//20260424_00.jpg
+ cp /home/cfontana/DIAGS/CON_2026-04-19/RADAR//20260419_00.jpg /home/cfontana/DIAGS/CON_2026-04-19/static_CON_2026-04-19/radar_1.jpg
+ let i=1+1
+ cp /home/cfontana/DIAGS/CON_2026-04-19/RADAR//20260420_00.jpg /home/cfontana/DIAGS/CON_2026-04-19/static_CON_2026-04-19/radar_2.jpg
+ let i=2+1
+ cp /home/cfontana/DIAGS/CON_2026-04-19/RADAR//20260421_00.jpg /home/cfontana/DIAGS/CON_2026-04-19/static_CON_2026-04-19/radar_3.jpg
+ let i=3+1
+ cp /home/cfontana/DIAGS/CON_2026-04-19/RADAR//20260422_00.jpg /home/cfontana/DIAGS/CON_2026-04-19/static_CON_2026-04-19/radar_4.jpg
+ let i=4+1
+ cp /home/cfontana/DIAGS/CON_2026-04-19/RADAR//20260423_00.jpg /home/cfontana/DIAGS/CON_2026-04-19/static_CON_2026-04-19/radar_5.jpg
+ let i=5+1
+ cp /home/cfontana/DIAGS/CON_2026-04-19/RADAR//20260424_00.jpg /home/cfontana/DIAGS/CON_2026-04-19/static_CON_2026-04-19/radar_6.jpg
+ let i=6+1
+ dir=/home/cfontana/DIAGS/CON_2026-04-19/ARGO/
+ ls -d '/home/cfontana/DIAGS/CON_2026-04-19/ARGO//bio*/'
ls: cannot access '/home/cfontana/DIAGS/CON_2026-04-19/ARGO//bio*/': No such file or directory
+ i=1
+ 1> /home/cfontana/DIAGS/CON_2026-04-19/static_CON_2026-04-19/list.txt
+ ls -d '/home/cfontana/DIAGS/CON_2026-04-19/ARGO//*/'
ls: cannot access '/home/cfontana/DIAGS/CON_2026-04-19/ARGO//*/': No such file or directory
+ cp /home/cfontana/DIAGS/CON_2026-04-19/ARGO//map.jpg /home/cfontana/DIAGS/CON_2026-04-19/static_CON_2026-04-19
cp: cannot stat '/home/cfontana/DIAGS/CON_2026-04-19/ARGO//map.jpg': No such file or directory
+ scp -r /home/cfontana/DIAGS/CON_2026-04-19/static_CON_2026-04-19 yulpa175555@webhost03.yulpa.io:/datas/yulpa175555/sites/merval.eg2.fr/htdocs/DIAGS
+ echo 'PROCESSING FOL'
PROCESSING FOL
+ echo '_______________ '
_______________ 
+ config=FOL_2026-04-19
+ echo FOL
+ awk '{print tolower($0)}'
+ lower=fol
+ set -x
+ cat config/config_FOL.json
+ sed -e s/DINI/2026-04-19/g
+ sed -e s/DOUT/20260419/
+ sed -e s/FREQ/hourly/
+ 1> config/config_FOL_2026-04-19.json
+ sed -e s/DEND/2026-04-24/
+ cp config/cmems_DOMAIN.dat config/cmems_FOL_2026-04-19.dat
+ cp config/variables_mit_DOMAIN.dat config/variables_mit_FOL_2026-04-19.dat
+ jq -r .diagdir config/config_FOL_2026-04-19.json
+ diagdir=/home/cfontana/DIAGS/FOL_2026-04-19
+ jq -r .radardir config/config_FOL_2026-04-19.json
+ radardir=/home/cfontana/RADAR/
+ [ 0 -eq 0 -a 0 -eq 1 ]
+ [ 1 -eq 1 ]
+ cd datasets/CMEMS
+ python get_data_sat.py -c FOL_2026-04-19 -v thetao
INFO - 2026-04-20T09:37:22Z - Selected dataset version: "202311"
INFO - 2026-04-20T09:37:22Z - Selected dataset part: "default"
WARNING - 2026-04-20T09:37:22Z - Some of your subset selection [2026-04-19 00:00:00+00:00, 2026-04-24 00:00:00+00:00] for the time dimension exceed the dataset coordinates [2008-01-01 00:00:00+00:00, 2026-04-20 00:00:00+00:00]
----------------------------------
=> Config file FOL_2026-04-19 loaded
----------------------------------

Downloading CMEMS products : SST_MED_SST_L3S_NRT_OBSERVATIONS_010_012_a
=> Variable [np.str_('sea_surface_temperature')] 


[FILE SAVED ] /home/cfontana/DIAGS/FOL_2026-04-19/CMEMS/data/SST_MED_SST_L3S_NRT_OBSERVATIONS_010_012_a.nc
+ python interp_cmems.py -c FOL_2026-04-19 -v thetao
----------------------------------
=> Config file FOL_2026-04-19 loaded
----------------------------------


[FILE SAVED] /home/cfontana/DIAGS/FOL_2026-04-19/CMEMS/thetao/ITP_NC/thetao_20260419.nc


[FILE SAVED] /home/cfontana/DIAGS/FOL_2026-04-19/CMEMS/thetao/ITP_NC/thetao_20260420.nc

Traceback (most recent call last):
  File "/home/cfontana/DATA_MED/datasets/CMEMS/interp_cmems.py", line 95, in <module>
    data = np.array(ds[cvar][i,:,:]).squeeze().flatten()
                    ~~~~~~~~^^^^^^^
  File "src/netCDF4/_netCDF4.pyx", line 5107, in netCDF4._netCDF4.Variable.__getitem__
  File "src/netCDF4/_netCDF4.pyx", line 6079, in netCDF4._netCDF4.Variable._get
IndexError: index exceeds dimension bounds
+ [ 1 -eq 2 ]
+ cd ../../plot
+ python plot_CMEMS_pickle_data_vs_sat.py -c FOL_2026-04-19 -v thetao -s CMEMS
----------------------------------
=> Config file FOL_2026-04-19 loaded
----------------------------------

Processing
Traceback (most recent call last):
  File "/home/cfontana/venv/c/lib/python3.12/site-packages/xarray/backends/zarr.py", line 1874, in _get_open_params
    zarr_root_group = zarr.open_consolidated(store, **open_kwargs)
                      ^^^^^^^^^^^^^^^^^^^^^^^^^^^^^^^^^^^^^^^^^^^^
  File "/home/cfontana/venv/c/lib/python3.12/site-packages/zarr/api/synchronous.py", line 238, in open_consolidated
    sync(async_api.open_consolidated(*args, use_consolidated=use_consolidated, **kwargs))
  File "/home/cfontana/venv/c/lib/python3.12/site-packages/zarr/core/sync.py", line 159, in sync
    raise return_result
  File "/home/cfontana/venv/c/lib/python3.12/site-packages/zarr/core/sync.py", line 119, in _runner
    return await coro
           ^^^^^^^^^^
  File "/home/cfontana/venv/c/lib/python3.12/site-packages/zarr/api/asynchronous.py", line 415, in open_consolidated
    return await open_group(*args, use_consolidated=use_consolidated, **kwargs)
           ^^^^^^^^^^^^^^^^^^^^^^^^^^^^^^^^^^^^^^^^^^^^^^^^^^^^^^^^^^^^^^^^^^^^
  File "/home/cfontana/venv/c/lib/python3.12/site-packages/zarr/api/asynchronous.py", line 881, in open_group
    raise GroupNotFoundError(msg)
zarr.errors.GroupNotFoundError: No group found in store 'https://mer-staging.exact-lab.it/output/FOL/20260419-MER-MITgcmBFM-FOL-fc-hourly-v01.zarr' at path ''

During handling of the above exception, another exception occurred:

Traceback (most recent call last):
  File "/home/cfontana/DATA_MED/plot/plot_CMEMS_pickle_data_vs_sat.py", line 220, in <module>
    var2d = get_var_2D(jd,jdini,fname,var,hour,1) # !!!!
            ^^^^^^^^^^^^^^^^^^^^^^^^^^^^^^^^^^^^^
  File "/home/cfontana/DATA_MED/modules/fun_io.py", line 103, in get_var_2D
    ds = xr.open_dataset(fname,engine=ftype)
         ^^^^^^^^^^^^^^^^^^^^^^^^^^^^^^^^^^^
  File "/home/cfontana/venv/c/lib/python3.12/site-packages/xarray/backends/api.py", line 606, in open_dataset
    backend_ds = backend.open_dataset(
                 ^^^^^^^^^^^^^^^^^^^^^
  File "/home/cfontana/venv/c/lib/python3.12/site-packages/xarray/backends/zarr.py", line 1666, in open_dataset
    store = ZarrStore.open_group(
            ^^^^^^^^^^^^^^^^^^^^^
  File "/home/cfontana/venv/c/lib/python3.12/site-packages/xarray/backends/zarr.py", line 719, in open_group
    ) = _get_open_params(
        ^^^^^^^^^^^^^^^^^
  File "/home/cfontana/venv/c/lib/python3.12/site-packages/xarray/backends/zarr.py", line 1878, in _get_open_params
    zarr_root_group = zarr.open_group(store, **open_kwargs)
                      ^^^^^^^^^^^^^^^^^^^^^^^^^^^^^^^^^^^^^
  File "/home/cfontana/venv/c/lib/python3.12/site-packages/zarr/api/synchronous.py", line 549, in open_group
    sync(
  File "/home/cfontana/venv/c/lib/python3.12/site-packages/zarr/core/sync.py", line 159, in sync
    raise return_result
  File "/home/cfontana/venv/c/lib/python3.12/site-packages/zarr/core/sync.py", line 119, in _runner
    return await coro
           ^^^^^^^^^^
  File "/home/cfontana/venv/c/lib/python3.12/site-packages/zarr/api/asynchronous.py", line 881, in open_group
    raise GroupNotFoundError(msg)
zarr.errors.GroupNotFoundError: No group found in store 'https://mer-staging.exact-lab.it/output/FOL/20260419-MER-MITgcmBFM-FOL-fc-hourly-v01.zarr' at path ''
+ python plot_sat_CMEMS_timeseries.py -c FOL_2026-04-19 -v thetao -s CMEMS
----------------------------------
=> Config file FOL_2026-04-19 loaded
----------------------------------

Traceback (most recent call last):
  File "/home/cfontana/DATA_MED/plot/plot_sat_CMEMS_timeseries.py", line 88, in <module>
    data = np.loadtxt(fname,ndmin=2)
           ^^^^^^^^^^^^^^^^^^^^^^^^^
  File "/home/cfontana/venv/c/lib/python3.12/site-packages/numpy/lib/_npyio_impl.py", line 1384, in loadtxt
    arr = _read(fname, dtype=dtype, comment=comment, delimiter=delimiter,
          ^^^^^^^^^^^^^^^^^^^^^^^^^^^^^^^^^^^^^^^^^^^^^^^^^^^^^^^^^^^^^^^
  File "/home/cfontana/venv/c/lib/python3.12/site-packages/numpy/lib/_npyio_impl.py", line 1011, in _read
    fh = np.lib._datasource.open(fname, 'rt', encoding=encoding)
         ^^^^^^^^^^^^^^^^^^^^^^^^^^^^^^^^^^^^^^^^^^^^^^^^^^^^^^^
  File "/home/cfontana/venv/c/lib/python3.12/site-packages/numpy/lib/_datasource.py", line 192, in open
    return ds.open(path, mode, encoding=encoding, newline=newline)
           ^^^^^^^^^^^^^^^^^^^^^^^^^^^^^^^^^^^^^^^^^^^^^^^^^^^^^^^
  File "/home/cfontana/venv/c/lib/python3.12/site-packages/numpy/lib/_datasource.py", line 529, in open
    raise FileNotFoundError(f"{path} not found.")
FileNotFoundError: /home/cfontana/DIAGS/FOL_2026-04-19/CMEMS/thetao/ITP_NC/time_series.dat not found.
+ cd ..
+ [ 1 -eq 1 ]
+ cd datasets/HFRADAR
+ python read_radar.py -c FOL_2026-04-19
----------------------------------
=> Config file FOL_2026-04-19 loaded
----------------------------------


----------
20260419 0
[Errno 2] No such file or directory: '/home/cfontana/RADAR//2026-04-19/EUHFR_NRTcurrent_HFR-TirLig-Total_v3.nc'
[Errno 2] No such file or directory: '/home/cfontana/RADAR//2026-04-19/EUHFR_NRTcurrent_HFR-ARPAS-Total_v3.nc'
[Errno 2] No such file or directory: '/home/cfontana/RADAR//2026-04-19/EUHFR_NRTcurrent_HFR-LaMMA-Total_v3.nc'
[Errno 2] No such file or directory: '/home/cfontana/RADAR//2026-04-19/EUHFR_NRTcurrent_HFR-GoS-Total_v3.nc'
[Errno 2] No such file or directory: '/home/cfontana/RADAR//2026-04-19/EUHFR_NRTcurrent_HFR-WesternItaly-Total_v3.nc'
[Errno 2] No such file or directory: '/home/cfontana/RADAR//2026-04-19/EUHFR_NRTcurrent_HFR-Granitola-Total_v3.nc'
[Errno 2] No such file or directory: '/home/cfontana/RADAR//2026-04-19/EUHFR_NRTcurrent_HFR-NAdr-Total_v3.nc'
[Errno 2] No such file or directory: '/home/cfontana/RADAR//2026-04-19/EUHFR_NRTcurrent_HFR-GoM-Total_v3.nc'
Traceback (most recent call last):
  File "/home/cfontana/venv/c/lib/python3.12/site-packages/xarray/backends/zarr.py", line 1874, in _get_open_params
    zarr_root_group = zarr.open_consolidated(store, **open_kwargs)
                      ^^^^^^^^^^^^^^^^^^^^^^^^^^^^^^^^^^^^^^^^^^^^
  File "/home/cfontana/venv/c/lib/python3.12/site-packages/zarr/api/synchronous.py", line 238, in open_consolidated
    sync(async_api.open_consolidated(*args, use_consolidated=use_consolidated, **kwargs))
  File "/home/cfontana/venv/c/lib/python3.12/site-packages/zarr/core/sync.py", line 159, in sync
    raise return_result
  File "/home/cfontana/venv/c/lib/python3.12/site-packages/zarr/core/sync.py", line 119, in _runner
    return await coro
           ^^^^^^^^^^
  File "/home/cfontana/venv/c/lib/python3.12/site-packages/zarr/api/asynchronous.py", line 415, in open_consolidated
    return await open_group(*args, use_consolidated=use_consolidated, **kwargs)
           ^^^^^^^^^^^^^^^^^^^^^^^^^^^^^^^^^^^^^^^^^^^^^^^^^^^^^^^^^^^^^^^^^^^^
  File "/home/cfontana/venv/c/lib/python3.12/site-packages/zarr/api/asynchronous.py", line 881, in open_group
    raise GroupNotFoundError(msg)
zarr.errors.GroupNotFoundError: No group found in store 'https://mer-staging.exact-lab.it/output/FOL/20260419-MER-MITgcmBFM-FOL-fc-hourly-v01.zarr' at path ''

During handling of the above exception, another exception occurred:

Traceback (most recent call last):
  File "/home/cfontana/DATA_MED/datasets/HFRADAR/read_radar.py", line 250, in <module>
    mu = get_var_2D(jd,jdini,fname,'uo',hour,0)
         ^^^^^^^^^^^^^^^^^^^^^^^^^^^^^^^^^^^^^^
  File "/home/cfontana/DATA_MED/modules/fun_io.py", line 103, in get_var_2D
    ds = xr.open_dataset(fname,engine=ftype)
         ^^^^^^^^^^^^^^^^^^^^^^^^^^^^^^^^^^^
  File "/home/cfontana/venv/c/lib/python3.12/site-packages/xarray/backends/api.py", line 606, in open_dataset
    backend_ds = backend.open_dataset(
                 ^^^^^^^^^^^^^^^^^^^^^
  File "/home/cfontana/venv/c/lib/python3.12/site-packages/xarray/backends/zarr.py", line 1666, in open_dataset
    store = ZarrStore.open_group(
            ^^^^^^^^^^^^^^^^^^^^^
  File "/home/cfontana/venv/c/lib/python3.12/site-packages/xarray/backends/zarr.py", line 719, in open_group
    ) = _get_open_params(
        ^^^^^^^^^^^^^^^^^
  File "/home/cfontana/venv/c/lib/python3.12/site-packages/xarray/backends/zarr.py", line 1878, in _get_open_params
    zarr_root_group = zarr.open_group(store, **open_kwargs)
                      ^^^^^^^^^^^^^^^^^^^^^^^^^^^^^^^^^^^^^
  File "/home/cfontana/venv/c/lib/python3.12/site-packages/zarr/api/synchronous.py", line 549, in open_group
    sync(
  File "/home/cfontana/venv/c/lib/python3.12/site-packages/zarr/core/sync.py", line 159, in sync
    raise return_result
  File "/home/cfontana/venv/c/lib/python3.12/site-packages/zarr/core/sync.py", line 119, in _runner
    return await coro
           ^^^^^^^^^^
  File "/home/cfontana/venv/c/lib/python3.12/site-packages/zarr/api/asynchronous.py", line 881, in open_group
    raise GroupNotFoundError(msg)
zarr.errors.GroupNotFoundError: No group found in store 'https://mer-staging.exact-lab.it/output/FOL/20260419-MER-MITgcmBFM-FOL-fc-hourly-v01.zarr' at path ''
+ cd ../..
+ cat config/config_FOL.json
+ sed -e s/DOUT/20260419/
+ sed -e s/DINI/2026-04-19/g
+ sed -e s/FREQ/daily/
+ 1> config/config_FOL_2026-04-19.json
+ sed -e s/DEND/2026-04-24/
+ [ 1 -eq 1 ]
+ cd datasets/CMEMS
+ python get_data_sat.py -c FOL_2026-04-19 -v chl
INFO - 2026-04-20T09:37:37Z - Selected dataset version: "202211"
INFO - 2026-04-20T09:37:37Z - Selected dataset part: "default"
WARNING - 2026-04-20T09:37:37Z - Some of your subset selection [2026-04-19 00:00:00+00:00, 2026-04-24 00:00:00+00:00] for the time dimension exceed the dataset coordinates [2023-04-29 00:00:00+00:00, 2026-04-19 00:00:00+00:00]
----------------------------------
=> Config file FOL_2026-04-19 loaded
----------------------------------

Downloading CMEMS products : cmems_obs-oc_med_bgc-plankton_nrt_l3-multi-1km_P1D
=> Variable ['CHL', 'KD490'] 


[FILE SAVED ] /home/cfontana/DIAGS/FOL_2026-04-19/CMEMS/data/cmems_obs-oc_med_bgc-plankton_nrt_l3-multi-1km_P1D.nc
+ python interp_cmems.py -c FOL_2026-04-19 -v chl
----------------------------------
=> Config file FOL_2026-04-19 loaded
----------------------------------


[FILE SAVED] /home/cfontana/DIAGS/FOL_2026-04-19/CMEMS/chl/ITP_NC/chl_20260419.nc

Traceback (most recent call last):
  File "/home/cfontana/DATA_MED/datasets/CMEMS/interp_cmems.py", line 95, in <module>
    data = np.array(ds[cvar][i,:,:]).squeeze().flatten()
                    ~~~~~~~~^^^^^^^
  File "src/netCDF4/_netCDF4.pyx", line 5107, in netCDF4._netCDF4.Variable.__getitem__
  File "src/netCDF4/_netCDF4.pyx", line 6079, in netCDF4._netCDF4.Variable._get
IndexError: index exceeds dimension bounds
+ [ 1 -eq 2 ]
+ cd ../../plot
+ python plot_CMEMS_pickle_data_vs_sat.py -c FOL_2026-04-19 -v chl -s CMEMS
----------------------------------
=> Config file FOL_2026-04-19 loaded
----------------------------------

Processing
Traceback (most recent call last):
  File "/home/cfontana/venv/c/lib/python3.12/site-packages/xarray/backends/zarr.py", line 1874, in _get_open_params
    zarr_root_group = zarr.open_consolidated(store, **open_kwargs)
                      ^^^^^^^^^^^^^^^^^^^^^^^^^^^^^^^^^^^^^^^^^^^^
  File "/home/cfontana/venv/c/lib/python3.12/site-packages/zarr/api/synchronous.py", line 238, in open_consolidated
    sync(async_api.open_consolidated(*args, use_consolidated=use_consolidated, **kwargs))
  File "/home/cfontana/venv/c/lib/python3.12/site-packages/zarr/core/sync.py", line 159, in sync
    raise return_result
  File "/home/cfontana/venv/c/lib/python3.12/site-packages/zarr/core/sync.py", line 119, in _runner
    return await coro
           ^^^^^^^^^^
  File "/home/cfontana/venv/c/lib/python3.12/site-packages/zarr/api/asynchronous.py", line 415, in open_consolidated
    return await open_group(*args, use_consolidated=use_consolidated, **kwargs)
           ^^^^^^^^^^^^^^^^^^^^^^^^^^^^^^^^^^^^^^^^^^^^^^^^^^^^^^^^^^^^^^^^^^^^
  File "/home/cfontana/venv/c/lib/python3.12/site-packages/zarr/api/asynchronous.py", line 881, in open_group
    raise GroupNotFoundError(msg)
zarr.errors.GroupNotFoundError: No group found in store 'https://mer-staging.exact-lab.it/output/FOL/20260419-MER-MITgcmBFM-FOL-fc-daily-v01.zarr' at path ''

During handling of the above exception, another exception occurred:

Traceback (most recent call last):
  File "/home/cfontana/DATA_MED/plot/plot_CMEMS_pickle_data_vs_sat.py", line 233, in <module>
    var2d = get_integre_2D(jd,jdini,fname,var,levels,hour)
            ^^^^^^^^^^^^^^^^^^^^^^^^^^^^^^^^^^^^^^^^^^^^^^
  File "/home/cfontana/DATA_MED/modules/fun_io.py", line 174, in get_integre_2D
    ds = xr.open_dataset(fname,engine=ftype)
         ^^^^^^^^^^^^^^^^^^^^^^^^^^^^^^^^^^^
  File "/home/cfontana/venv/c/lib/python3.12/site-packages/xarray/backends/api.py", line 606, in open_dataset
    backend_ds = backend.open_dataset(
                 ^^^^^^^^^^^^^^^^^^^^^
  File "/home/cfontana/venv/c/lib/python3.12/site-packages/xarray/backends/zarr.py", line 1666, in open_dataset
    store = ZarrStore.open_group(
            ^^^^^^^^^^^^^^^^^^^^^
  File "/home/cfontana/venv/c/lib/python3.12/site-packages/xarray/backends/zarr.py", line 719, in open_group
    ) = _get_open_params(
        ^^^^^^^^^^^^^^^^^
  File "/home/cfontana/venv/c/lib/python3.12/site-packages/xarray/backends/zarr.py", line 1878, in _get_open_params
    zarr_root_group = zarr.open_group(store, **open_kwargs)
                      ^^^^^^^^^^^^^^^^^^^^^^^^^^^^^^^^^^^^^
  File "/home/cfontana/venv/c/lib/python3.12/site-packages/zarr/api/synchronous.py", line 549, in open_group
    sync(
  File "/home/cfontana/venv/c/lib/python3.12/site-packages/zarr/core/sync.py", line 159, in sync
    raise return_result
  File "/home/cfontana/venv/c/lib/python3.12/site-packages/zarr/core/sync.py", line 119, in _runner
    return await coro
           ^^^^^^^^^^
  File "/home/cfontana/venv/c/lib/python3.12/site-packages/zarr/api/asynchronous.py", line 881, in open_group
    raise GroupNotFoundError(msg)
zarr.errors.GroupNotFoundError: No group found in store 'https://mer-staging.exact-lab.it/output/FOL/20260419-MER-MITgcmBFM-FOL-fc-daily-v01.zarr' at path ''
+ python plot_sat_CMEMS_timeseries.py -c FOL_2026-04-19 -v chl -s CMEMS
----------------------------------
=> Config file FOL_2026-04-19 loaded
----------------------------------

Traceback (most recent call last):
  File "/home/cfontana/DATA_MED/plot/plot_sat_CMEMS_timeseries.py", line 88, in <module>
    data = np.loadtxt(fname,ndmin=2)
           ^^^^^^^^^^^^^^^^^^^^^^^^^
  File "/home/cfontana/venv/c/lib/python3.12/site-packages/numpy/lib/_npyio_impl.py", line 1384, in loadtxt
    arr = _read(fname, dtype=dtype, comment=comment, delimiter=delimiter,
          ^^^^^^^^^^^^^^^^^^^^^^^^^^^^^^^^^^^^^^^^^^^^^^^^^^^^^^^^^^^^^^^
  File "/home/cfontana/venv/c/lib/python3.12/site-packages/numpy/lib/_npyio_impl.py", line 1011, in _read
    fh = np.lib._datasource.open(fname, 'rt', encoding=encoding)
         ^^^^^^^^^^^^^^^^^^^^^^^^^^^^^^^^^^^^^^^^^^^^^^^^^^^^^^^
  File "/home/cfontana/venv/c/lib/python3.12/site-packages/numpy/lib/_datasource.py", line 192, in open
    return ds.open(path, mode, encoding=encoding, newline=newline)
           ^^^^^^^^^^^^^^^^^^^^^^^^^^^^^^^^^^^^^^^^^^^^^^^^^^^^^^^
  File "/home/cfontana/venv/c/lib/python3.12/site-packages/numpy/lib/_datasource.py", line 529, in open
    raise FileNotFoundError(f"{path} not found.")
FileNotFoundError: /home/cfontana/DIAGS/FOL_2026-04-19/CMEMS/chl/ITP_NC/time_series.dat not found.
+ cd ..
+ [ 1 -eq 0 ]
+ [ 1 -eq 1 ]
+ source /home/cfontana/venv/a/bin/activate
+ 1> /dev/null
+ deactivate nondestructive
+ [ -n /home/cfontana/venv/c/bin:/usr/local/sbin:/usr/local/bin:/usr/sbin:/usr/bin:/sbin:/bin:/usr/games:/usr/local/games:/snap/bin ]
+ PATH=/home/cfontana/venv/c/bin:/usr/local/sbin:/usr/local/bin:/usr/sbin:/usr/bin:/sbin:/bin:/usr/games:/usr/local/games:/snap/bin
+ export PATH
+ unset _OLD_VIRTUAL_PATH
+ [ -n '' ]
+ hash -r
+ 2> /dev/null
+ [ -n '(c) \[\e]0;\u@\h: \w\a\]${debian_chroot:+($debian_chroot)}\[\033[01;32m\]\u@\h\[\033[00m\]:\[\033[01;34m\]\w\[\033[00m\]\$ ' ]
+ PS1='(c) \[\e]0;\u@\h: \w\a\]${debian_chroot:+($debian_chroot)}\[\033[01;32m\]\u@\h\[\033[00m\]:\[\033[01;34m\]\w\[\033[00m\]\$ '
+ export PS1
+ unset _OLD_VIRTUAL_PS1
+ unset VIRTUAL_ENV
+ unset VIRTUAL_ENV_PROMPT
+ [ ! nondestructive '=' nondestructive ]
+ [ '' '=' cygwin ]
+ [ '' '=' msys ]
+ VIRTUAL_ENV=/home/cfontana/venv/a
+ export VIRTUAL_ENV
+ _OLD_VIRTUAL_PATH=/home/cfontana/venv/c/bin:/usr/local/sbin:/usr/local/bin:/usr/sbin:/usr/bin:/sbin:/bin:/usr/games:/usr/local/games:/snap/bin
+ PATH=/home/cfontana/venv/a/bin:/home/cfontana/venv/c/bin:/usr/local/sbin:/usr/local/bin:/usr/sbin:/usr/bin:/sbin:/bin:/usr/games:/usr/local/games:/snap/bin
+ export PATH
+ [ -n '' ]
+ [ -z '' ]
+ _OLD_VIRTUAL_PS1='(c) \[\e]0;\u@\h: \w\a\]${debian_chroot:+($debian_chroot)}\[\033[01;32m\]\u@\h\[\033[00m\]:\[\033[01;34m\]\w\[\033[00m\]\$ '
+ PS1='(a) (c) \[\e]0;\u@\h: \w\a\]${debian_chroot:+($debian_chroot)}\[\033[01;32m\]\u@\h\[\033[00m\]:\[\033[01;34m\]\w\[\033[00m\]\$ '
+ export PS1
+ VIRTUAL_ENV_PROMPT='(a) '
+ export VIRTUAL_ENV_PROMPT
+ hash -r
+ 2> /dev/null
+ sed -i s/daily/hourly/ config/config_FOL_2026-04-19.json
+ cd datasets/ARGO
+ python get_argo.py -c FOL_2026-04-19
Traceback (most recent call last):
  File "/home/cfontana/DATA_MED/datasets/ARGO/get_argo.py", line 9, in <module>
    from fun_gen import *
  File "/home/cfontana/DATA_MED/modules/fun_gen.py", line 5, in <module>
    from fun_io import load_coords
  File "/home/cfontana/DATA_MED/modules/fun_io.py", line 15, in <module>
    import copernicusmarine
ModuleNotFoundError: No module named 'copernicusmarine'
+ [ 1 -eq 0 ]
+ cd ../../
+ sed -i s/phy/bgc/ config/config_FOL_2026-04-19.json
+ cd datasets/ARGO
+ python get_argo.py -c FOL_2026-04-19
Traceback (most recent call last):
  File "/home/cfontana/DATA_MED/datasets/ARGO/get_argo.py", line 9, in <module>
    from fun_gen import *
  File "/home/cfontana/DATA_MED/modules/fun_gen.py", line 5, in <module>
    from fun_io import load_coords
  File "/home/cfontana/DATA_MED/modules/fun_io.py", line 15, in <module>
    import copernicusmarine
ModuleNotFoundError: No module named 'copernicusmarine'
+ [ 1 -eq 0 ]
+ cd ../../
+ [ 1 -eq 1 ]
+ source /home/cfontana/venv/c/bin/activate
+ 1> /dev/null
+ deactivate nondestructive
+ [ -n /home/cfontana/venv/c/bin:/usr/local/sbin:/usr/local/bin:/usr/sbin:/usr/bin:/sbin:/bin:/usr/games:/usr/local/games:/snap/bin ]
+ PATH=/home/cfontana/venv/c/bin:/usr/local/sbin:/usr/local/bin:/usr/sbin:/usr/bin:/sbin:/bin:/usr/games:/usr/local/games:/snap/bin
+ export PATH
+ unset _OLD_VIRTUAL_PATH
+ [ -n '' ]
+ hash -r
+ 2> /dev/null
+ [ -n '(c) \[\e]0;\u@\h: \w\a\]${debian_chroot:+($debian_chroot)}\[\033[01;32m\]\u@\h\[\033[00m\]:\[\033[01;34m\]\w\[\033[00m\]\$ ' ]
+ PS1='(c) \[\e]0;\u@\h: \w\a\]${debian_chroot:+($debian_chroot)}\[\033[01;32m\]\u@\h\[\033[00m\]:\[\033[01;34m\]\w\[\033[00m\]\$ '
+ export PS1
+ unset _OLD_VIRTUAL_PS1
+ unset VIRTUAL_ENV
+ unset VIRTUAL_ENV_PROMPT
+ [ ! nondestructive '=' nondestructive ]
+ [ '' '=' cygwin ]
+ [ '' '=' msys ]
+ VIRTUAL_ENV=/home/cfontana/venv/c
+ export VIRTUAL_ENV
+ _OLD_VIRTUAL_PATH=/home/cfontana/venv/c/bin:/usr/local/sbin:/usr/local/bin:/usr/sbin:/usr/bin:/sbin:/bin:/usr/games:/usr/local/games:/snap/bin
+ PATH=/home/cfontana/venv/c/bin:/home/cfontana/venv/c/bin:/usr/local/sbin:/usr/local/bin:/usr/sbin:/usr/bin:/sbin:/bin:/usr/games:/usr/local/games:/snap/bin
+ export PATH
+ [ -n '' ]
+ [ -z '' ]
+ _OLD_VIRTUAL_PS1='(c) \[\e]0;\u@\h: \w\a\]${debian_chroot:+($debian_chroot)}\[\033[01;32m\]\u@\h\[\033[00m\]:\[\033[01;34m\]\w\[\033[00m\]\$ '
+ PS1='(c) (c) \[\e]0;\u@\h: \w\a\]${debian_chroot:+($debian_chroot)}\[\033[01;32m\]\u@\h\[\033[00m\]:\[\033[01;34m\]\w\[\033[00m\]\$ '
+ export PS1
+ VIRTUAL_ENV_PROMPT='(c) '
+ export VIRTUAL_ENV_PROMPT
+ hash -r
+ 2> /dev/null
+ static=/home/cfontana/DIAGS/FOL_2026-04-19/static_FOL_2026-04-19
+ mkdir /home/cfontana/DIAGS/FOL_2026-04-19/static_FOL_2026-04-19
+ dir=/home/cfontana/DIAGS/FOL_2026-04-19/CMEMS/thetao/ITP_NC
+ i=1
+ ls /home/cfontana/DIAGS/FOL_2026-04-19/CMEMS/thetao/ITP_NC/PLOT/
+ cp /home/cfontana/DIAGS/FOL_2026-04-19/CMEMS/thetao/ITP_NC/time_series.jpg /home/cfontana/DIAGS/FOL_2026-04-19/static_FOL_2026-04-19/time_series_thetao.jpg
cp: cannot stat '/home/cfontana/DIAGS/FOL_2026-04-19/CMEMS/thetao/ITP_NC/time_series.jpg': No such file or directory
+ dir=/home/cfontana/DIAGS/FOL_2026-04-19/CMEMS/chl/ITP_NC
+ i=1
+ ls /home/cfontana/DIAGS/FOL_2026-04-19/CMEMS/chl/ITP_NC/PLOT/
+ cp /home/cfontana/DIAGS/FOL_2026-04-19/CMEMS/chl/ITP_NC/time_series.jpg /home/cfontana/DIAGS/FOL_2026-04-19/static_FOL_2026-04-19/time_series_chl.jpg
cp: cannot stat '/home/cfontana/DIAGS/FOL_2026-04-19/CMEMS/chl/ITP_NC/time_series.jpg': No such file or directory
+ dir=/home/cfontana/DIAGS/FOL_2026-04-19/RADAR/
+ i=1
+ ls '/home/cfontana/DIAGS/FOL_2026-04-19/RADAR//*.jpg'
ls: cannot access '/home/cfontana/DIAGS/FOL_2026-04-19/RADAR//*.jpg': No such file or directory
+ dir=/home/cfontana/DIAGS/FOL_2026-04-19/ARGO/
+ ls -d '/home/cfontana/DIAGS/FOL_2026-04-19/ARGO//bio*/'
ls: cannot access '/home/cfontana/DIAGS/FOL_2026-04-19/ARGO//bio*/': No such file or directory
+ i=1
+ 1> /home/cfontana/DIAGS/FOL_2026-04-19/static_FOL_2026-04-19/list.txt
+ ls -d '/home/cfontana/DIAGS/FOL_2026-04-19/ARGO//*/'
ls: cannot access '/home/cfontana/DIAGS/FOL_2026-04-19/ARGO//*/': No such file or directory
+ cp /home/cfontana/DIAGS/FOL_2026-04-19/ARGO//map.jpg /home/cfontana/DIAGS/FOL_2026-04-19/static_FOL_2026-04-19
cp: cannot stat '/home/cfontana/DIAGS/FOL_2026-04-19/ARGO//map.jpg': No such file or directory
+ scp -r /home/cfontana/DIAGS/FOL_2026-04-19/static_FOL_2026-04-19 yulpa175555@webhost03.yulpa.io:/datas/yulpa175555/sites/merval.eg2.fr/htdocs/DIAGS
+ echo 'PROCESSING GAE'
PROCESSING GAE
+ echo '_______________ '
_______________ 
+ config=GAE_2026-04-19
+ echo GAE
+ awk '{print tolower($0)}'
+ lower=gae
+ set -x
+ cat config/config_GAE.json
+ sed -e s/DINI/2026-04-19/g
+ sed -e s/DOUT/20260419/
+ sed -e s/FREQ/hourly/
+ sed -e s/DEND/2026-04-24/
+ 1> config/config_GAE_2026-04-19.json
+ cp config/cmems_DOMAIN.dat config/cmems_GAE_2026-04-19.dat
+ cp config/variables_mit_DOMAIN.dat config/variables_mit_GAE_2026-04-19.dat
+ jq -r .diagdir config/config_GAE_2026-04-19.json
+ diagdir=/home/cfontana/DIAGS/GAE_2026-04-19
+ jq -r .radardir config/config_GAE_2026-04-19.json
+ radardir=/home/cfontana/RADAR/
+ [ 0 -eq 0 -a 0 -eq 1 ]
+ [ 1 -eq 1 ]
+ cd datasets/CMEMS
+ python get_data_sat.py -c GAE_2026-04-19 -v thetao
INFO - 2026-04-20T09:37:54Z - Selected dataset version: "202311"
INFO - 2026-04-20T09:37:54Z - Selected dataset part: "default"
WARNING - 2026-04-20T09:37:54Z - Some of your subset selection [2026-04-19 00:00:00+00:00, 2026-04-24 00:00:00+00:00] for the time dimension exceed the dataset coordinates [2008-01-01 00:00:00+00:00, 2026-04-20 00:00:00+00:00]
----------------------------------
=> Config file GAE_2026-04-19 loaded
----------------------------------

Downloading CMEMS products : SST_MED_SST_L3S_NRT_OBSERVATIONS_010_012_a
=> Variable [np.str_('sea_surface_temperature')] 


[FILE SAVED ] /home/cfontana/DIAGS/GAE_2026-04-19/CMEMS/data/SST_MED_SST_L3S_NRT_OBSERVATIONS_010_012_a.nc
+ python interp_cmems.py -c GAE_2026-04-19 -v thetao
----------------------------------
=> Config file GAE_2026-04-19 loaded
----------------------------------


[FILE SAVED] /home/cfontana/DIAGS/GAE_2026-04-19/CMEMS/thetao/ITP_NC/thetao_20260419.nc


[FILE SAVED] /home/cfontana/DIAGS/GAE_2026-04-19/CMEMS/thetao/ITP_NC/thetao_20260420.nc

Traceback (most recent call last):
  File "/home/cfontana/DATA_MED/datasets/CMEMS/interp_cmems.py", line 95, in <module>
    data = np.array(ds[cvar][i,:,:]).squeeze().flatten()
                    ~~~~~~~~^^^^^^^
  File "src/netCDF4/_netCDF4.pyx", line 5107, in netCDF4._netCDF4.Variable.__getitem__
  File "src/netCDF4/_netCDF4.pyx", line 6079, in netCDF4._netCDF4.Variable._get
IndexError: index exceeds dimension bounds
+ [ 1 -eq 2 ]
+ cd ../../plot
+ python plot_CMEMS_pickle_data_vs_sat.py -c GAE_2026-04-19 -v thetao -s CMEMS
----------------------------------
=> Config file GAE_2026-04-19 loaded
----------------------------------

Processing
739725 17.481410308577058 17.643177 17.338198492262098 0.40680087618650257
739726 17.808274182865762 17.472807 17.767867912879357 0.40680087618650257
[Errno 2] No such file or directory: '/home/cfontana/DIAGS/GAE_2026-04-19/CMEMS/thetao/ITP_NC/thetao_20260421.nc' 

=> in get_sat_2D :
Error processing file /home/cfontana/DIAGS/GAE_2026-04-19/CMEMS/thetao/ITP_NC/thetao_20260421.nc
File not found
739727 18.24643861011895 nan 18.17896166306033 1
[Errno 2] No such file or directory: '/home/cfontana/DIAGS/GAE_2026-04-19/CMEMS/thetao/ITP_NC/thetao_20260422.nc' 

=> in get_sat_2D :
Error processing file /home/cfontana/DIAGS/GAE_2026-04-19/CMEMS/thetao/ITP_NC/thetao_20260422.nc
File not found
739728 18.512911140825473 nan 18.575694845689835 1
[Errno 2] No such file or directory: '/home/cfontana/DIAGS/GAE_2026-04-19/CMEMS/thetao/ITP_NC/thetao_20260423.nc' 

=> in get_sat_2D :
Error processing file /home/cfontana/DIAGS/GAE_2026-04-19/CMEMS/thetao/ITP_NC/thetao_20260423.nc
File not found
739729 18.024479757267645 nan 18.387359426376428 1
[Errno 2] No such file or directory: '/home/cfontana/DIAGS/GAE_2026-04-19/CMEMS/thetao/ITP_NC/thetao_20260424.nc' 

=> in get_sat_2D :
Error processing file /home/cfontana/DIAGS/GAE_2026-04-19/CMEMS/thetao/ITP_NC/thetao_20260424.nc
File not found
739730 17.768136719015004 nan 17.542439439769193 1
[SAVED FIG] /home/cfontana/DIAGS/GAE_2026-04-19/CMEMS/thetao/ITP_NC/PLOT/2026041900_thetao.jpg
[SAVED FIG] /home/cfontana/DIAGS/GAE_2026-04-19/CMEMS/thetao/ITP_NC/PLOT/2026042000_thetao.jpg
[SAVED FIG] /home/cfontana/DIAGS/GAE_2026-04-19/CMEMS/thetao/ITP_NC/PLOT/2026042100_thetao.jpg
[SAVED FIG] /home/cfontana/DIAGS/GAE_2026-04-19/CMEMS/thetao/ITP_NC/PLOT/2026042200_thetao.jpg
[SAVED FIG] /home/cfontana/DIAGS/GAE_2026-04-19/CMEMS/thetao/ITP_NC/PLOT/2026042300_thetao.jpg
[SAVED FIG] /home/cfontana/DIAGS/GAE_2026-04-19/CMEMS/thetao/ITP_NC/PLOT/2026042400_thetao.jpg
+ python plot_sat_CMEMS_timeseries.py -c GAE_2026-04-19 -v thetao -s CMEMS
----------------------------------
=> Config file GAE_2026-04-19 loaded
----------------------------------

[SAVED FIG] /home/cfontana/DIAGS/GAE_2026-04-19/CMEMS/thetao/ITP_NC/time_series.jpg
+ cd ..
+ [ 1 -eq 1 ]
+ cd datasets/HFRADAR
+ python read_radar.py -c GAE_2026-04-19
----------------------------------
=> Config file GAE_2026-04-19 loaded
----------------------------------


----------
20260419 0
[Errno 2] No such file or directory: '/home/cfontana/RADAR//2026-04-19/EUHFR_NRTcurrent_HFR-TirLig-Total_v3.nc'
[Errno 2] No such file or directory: '/home/cfontana/RADAR//2026-04-19/EUHFR_NRTcurrent_HFR-ARPAS-Total_v3.nc'
[Errno 2] No such file or directory: '/home/cfontana/RADAR//2026-04-19/EUHFR_NRTcurrent_HFR-LaMMA-Total_v3.nc'
[Errno 2] No such file or directory: '/home/cfontana/RADAR//2026-04-19/EUHFR_NRTcurrent_HFR-GoS-Total_v3.nc'
[Errno 2] No such file or directory: '/home/cfontana/RADAR//2026-04-19/EUHFR_NRTcurrent_HFR-WesternItaly-Total_v3.nc'
[Errno 2] No such file or directory: '/home/cfontana/RADAR//2026-04-19/EUHFR_NRTcurrent_HFR-Granitola-Total_v3.nc'
[Errno 2] No such file or directory: '/home/cfontana/RADAR//2026-04-19/EUHFR_NRTcurrent_HFR-NAdr-Total_v3.nc'
[Errno 2] No such file or directory: '/home/cfontana/RADAR//2026-04-19/EUHFR_NRTcurrent_HFR-GoM-Total_v3.nc'
[SAVED FIG] /home/cfontana/DIAGS/GAE_2026-04-19/RADAR/20260419_00.jpg

----------
20260420 0
[Errno 2] No such file or directory: '/home/cfontana/RADAR//2026-04-19/EUHFR_NRTcurrent_HFR-TirLig-Total_v3.nc'
[Errno 2] No such file or directory: '/home/cfontana/RADAR//2026-04-19/EUHFR_NRTcurrent_HFR-ARPAS-Total_v3.nc'
[Errno 2] No such file or directory: '/home/cfontana/RADAR//2026-04-19/EUHFR_NRTcurrent_HFR-LaMMA-Total_v3.nc'
[Errno 2] No such file or directory: '/home/cfontana/RADAR//2026-04-19/EUHFR_NRTcurrent_HFR-GoS-Total_v3.nc'
[Errno 2] No such file or directory: '/home/cfontana/RADAR//2026-04-19/EUHFR_NRTcurrent_HFR-WesternItaly-Total_v3.nc'
[Errno 2] No such file or directory: '/home/cfontana/RADAR//2026-04-19/EUHFR_NRTcurrent_HFR-Granitola-Total_v3.nc'
[Errno 2] No such file or directory: '/home/cfontana/RADAR//2026-04-19/EUHFR_NRTcurrent_HFR-NAdr-Total_v3.nc'
[Errno 2] No such file or directory: '/home/cfontana/RADAR//2026-04-19/EUHFR_NRTcurrent_HFR-GoM-Total_v3.nc'
[SAVED FIG] /home/cfontana/DIAGS/GAE_2026-04-19/RADAR/20260420_00.jpg

----------
20260421 0
[Errno 2] No such file or directory: '/home/cfontana/RADAR//2026-04-19/EUHFR_NRTcurrent_HFR-TirLig-Total_v3.nc'
[Errno 2] No such file or directory: '/home/cfontana/RADAR//2026-04-19/EUHFR_NRTcurrent_HFR-ARPAS-Total_v3.nc'
[Errno 2] No such file or directory: '/home/cfontana/RADAR//2026-04-19/EUHFR_NRTcurrent_HFR-LaMMA-Total_v3.nc'
[Errno 2] No such file or directory: '/home/cfontana/RADAR//2026-04-19/EUHFR_NRTcurrent_HFR-GoS-Total_v3.nc'
[Errno 2] No such file or directory: '/home/cfontana/RADAR//2026-04-19/EUHFR_NRTcurrent_HFR-WesternItaly-Total_v3.nc'
[Errno 2] No such file or directory: '/home/cfontana/RADAR//2026-04-19/EUHFR_NRTcurrent_HFR-Granitola-Total_v3.nc'
[Errno 2] No such file or directory: '/home/cfontana/RADAR//2026-04-19/EUHFR_NRTcurrent_HFR-NAdr-Total_v3.nc'
[Errno 2] No such file or directory: '/home/cfontana/RADAR//2026-04-19/EUHFR_NRTcurrent_HFR-GoM-Total_v3.nc'
[SAVED FIG] /home/cfontana/DIAGS/GAE_2026-04-19/RADAR/20260421_00.jpg

----------
20260422 0
[Errno 2] No such file or directory: '/home/cfontana/RADAR//2026-04-19/EUHFR_NRTcurrent_HFR-TirLig-Total_v3.nc'
[Errno 2] No such file or directory: '/home/cfontana/RADAR//2026-04-19/EUHFR_NRTcurrent_HFR-ARPAS-Total_v3.nc'
[Errno 2] No such file or directory: '/home/cfontana/RADAR//2026-04-19/EUHFR_NRTcurrent_HFR-LaMMA-Total_v3.nc'
[Errno 2] No such file or directory: '/home/cfontana/RADAR//2026-04-19/EUHFR_NRTcurrent_HFR-GoS-Total_v3.nc'
[Errno 2] No such file or directory: '/home/cfontana/RADAR//2026-04-19/EUHFR_NRTcurrent_HFR-WesternItaly-Total_v3.nc'
[Errno 2] No such file or directory: '/home/cfontana/RADAR//2026-04-19/EUHFR_NRTcurrent_HFR-Granitola-Total_v3.nc'
[Errno 2] No such file or directory: '/home/cfontana/RADAR//2026-04-19/EUHFR_NRTcurrent_HFR-NAdr-Total_v3.nc'
[Errno 2] No such file or directory: '/home/cfontana/RADAR//2026-04-19/EUHFR_NRTcurrent_HFR-GoM-Total_v3.nc'
[SAVED FIG] /home/cfontana/DIAGS/GAE_2026-04-19/RADAR/20260422_00.jpg

----------
20260423 0
[Errno 2] No such file or directory: '/home/cfontana/RADAR//2026-04-19/EUHFR_NRTcurrent_HFR-TirLig-Total_v3.nc'
[Errno 2] No such file or directory: '/home/cfontana/RADAR//2026-04-19/EUHFR_NRTcurrent_HFR-ARPAS-Total_v3.nc'
[Errno 2] No such file or directory: '/home/cfontana/RADAR//2026-04-19/EUHFR_NRTcurrent_HFR-LaMMA-Total_v3.nc'
[Errno 2] No such file or directory: '/home/cfontana/RADAR//2026-04-19/EUHFR_NRTcurrent_HFR-GoS-Total_v3.nc'
[Errno 2] No such file or directory: '/home/cfontana/RADAR//2026-04-19/EUHFR_NRTcurrent_HFR-WesternItaly-Total_v3.nc'
[Errno 2] No such file or directory: '/home/cfontana/RADAR//2026-04-19/EUHFR_NRTcurrent_HFR-Granitola-Total_v3.nc'
[Errno 2] No such file or directory: '/home/cfontana/RADAR//2026-04-19/EUHFR_NRTcurrent_HFR-NAdr-Total_v3.nc'
[Errno 2] No such file or directory: '/home/cfontana/RADAR//2026-04-19/EUHFR_NRTcurrent_HFR-GoM-Total_v3.nc'
[SAVED FIG] /home/cfontana/DIAGS/GAE_2026-04-19/RADAR/20260423_00.jpg

----------
20260424 0
[Errno 2] No such file or directory: '/home/cfontana/RADAR//2026-04-19/EUHFR_NRTcurrent_HFR-TirLig-Total_v3.nc'
[Errno 2] No such file or directory: '/home/cfontana/RADAR//2026-04-19/EUHFR_NRTcurrent_HFR-ARPAS-Total_v3.nc'
[Errno 2] No such file or directory: '/home/cfontana/RADAR//2026-04-19/EUHFR_NRTcurrent_HFR-LaMMA-Total_v3.nc'
[Errno 2] No such file or directory: '/home/cfontana/RADAR//2026-04-19/EUHFR_NRTcurrent_HFR-GoS-Total_v3.nc'
[Errno 2] No such file or directory: '/home/cfontana/RADAR//2026-04-19/EUHFR_NRTcurrent_HFR-WesternItaly-Total_v3.nc'
[Errno 2] No such file or directory: '/home/cfontana/RADAR//2026-04-19/EUHFR_NRTcurrent_HFR-Granitola-Total_v3.nc'
[Errno 2] No such file or directory: '/home/cfontana/RADAR//2026-04-19/EUHFR_NRTcurrent_HFR-NAdr-Total_v3.nc'
[Errno 2] No such file or directory: '/home/cfontana/RADAR//2026-04-19/EUHFR_NRTcurrent_HFR-GoM-Total_v3.nc'
[SAVED FIG] /home/cfontana/DIAGS/GAE_2026-04-19/RADAR/20260424_00.jpg
+ cd ../..
+ cat config/config_GAE.json
+ sed -e s/FREQ/daily/
+ 1> config/config_GAE_2026-04-19.json
+ sed -e s/DINI/2026-04-19/g
+ sed -e s/DOUT/20260419/
+ sed -e s/DEND/2026-04-24/
+ [ 1 -eq 1 ]
+ cd datasets/CMEMS
+ python get_data_sat.py -c GAE_2026-04-19 -v chl
INFO - 2026-04-20T09:49:17Z - Selected dataset version: "202211"
INFO - 2026-04-20T09:49:17Z - Selected dataset part: "default"
WARNING - 2026-04-20T09:49:17Z - Some of your subset selection [2026-04-19 00:00:00+00:00, 2026-04-24 00:00:00+00:00] for the time dimension exceed the dataset coordinates [2023-04-29 00:00:00+00:00, 2026-04-19 00:00:00+00:00]
----------------------------------
=> Config file GAE_2026-04-19 loaded
----------------------------------

Downloading CMEMS products : cmems_obs-oc_med_bgc-plankton_nrt_l3-multi-1km_P1D
=> Variable ['CHL', 'KD490'] 


[FILE SAVED ] /home/cfontana/DIAGS/GAE_2026-04-19/CMEMS/data/cmems_obs-oc_med_bgc-plankton_nrt_l3-multi-1km_P1D.nc
+ python interp_cmems.py -c GAE_2026-04-19 -v chl
----------------------------------
=> Config file GAE_2026-04-19 loaded
----------------------------------


[FILE SAVED] /home/cfontana/DIAGS/GAE_2026-04-19/CMEMS/chl/ITP_NC/chl_20260419.nc

Traceback (most recent call last):
  File "/home/cfontana/DATA_MED/datasets/CMEMS/interp_cmems.py", line 95, in <module>
    data = np.array(ds[cvar][i,:,:]).squeeze().flatten()
                    ~~~~~~~~^^^^^^^
  File "src/netCDF4/_netCDF4.pyx", line 5107, in netCDF4._netCDF4.Variable.__getitem__
  File "src/netCDF4/_netCDF4.pyx", line 6079, in netCDF4._netCDF4.Variable._get
IndexError: index exceeds dimension bounds
+ [ 1 -eq 2 ]
+ cd ../../plot
+ python plot_CMEMS_pickle_data_vs_sat.py -c GAE_2026-04-19 -v chl -s CMEMS
----------------------------------
=> Config file GAE_2026-04-19 loaded
----------------------------------

Processing
739725 0.28285315373295744 0.5071633 0.10752394608676377 0.8231094848615297
[Errno 2] No such file or directory: '/home/cfontana/DIAGS/GAE_2026-04-19/CMEMS/chl/ITP_NC/chl_20260420.nc' 

=> in get_sat_2D :
Error processing file /home/cfontana/DIAGS/GAE_2026-04-19/CMEMS/chl/ITP_NC/chl_20260420.nc
File not found
739726 0.30141422699158155 nan 0.11997517578898678 1
[Errno 2] No such file or directory: '/home/cfontana/DIAGS/GAE_2026-04-19/CMEMS/chl/ITP_NC/chl_20260421.nc' 

=> in get_sat_2D :
Error processing file /home/cfontana/DIAGS/GAE_2026-04-19/CMEMS/chl/ITP_NC/chl_20260421.nc
File not found
739727 0.31775316522398034 nan 0.12219522270220423 1
[Errno 2] No such file or directory: '/home/cfontana/DIAGS/GAE_2026-04-19/CMEMS/chl/ITP_NC/chl_20260422.nc' 

=> in get_sat_2D :
Error processing file /home/cfontana/DIAGS/GAE_2026-04-19/CMEMS/chl/ITP_NC/chl_20260422.nc
File not found
739728 0.3473619891941821 nan 0.12227409111620839 1
[Errno 2] No such file or directory: '/home/cfontana/DIAGS/GAE_2026-04-19/CMEMS/chl/ITP_NC/chl_20260423.nc' 

=> in get_sat_2D :
Error processing file /home/cfontana/DIAGS/GAE_2026-04-19/CMEMS/chl/ITP_NC/chl_20260423.nc
File not found
739729 0.40943727806759717 nan 0.12389833510108518 1
[Errno 2] No such file or directory: '/home/cfontana/DIAGS/GAE_2026-04-19/CMEMS/chl/ITP_NC/chl_20260424.nc' 

=> in get_sat_2D :
Error processing file /home/cfontana/DIAGS/GAE_2026-04-19/CMEMS/chl/ITP_NC/chl_20260424.nc
File not found
739730 0.4406162655155814 nan 0.12660158903555688 1
[SAVED FIG] /home/cfontana/DIAGS/GAE_2026-04-19/CMEMS/chl/ITP_NC/PLOT/2026041912_chl.jpg
[SAVED FIG] /home/cfontana/DIAGS/GAE_2026-04-19/CMEMS/chl/ITP_NC/PLOT/2026042012_chl.jpg
[SAVED FIG] /home/cfontana/DIAGS/GAE_2026-04-19/CMEMS/chl/ITP_NC/PLOT/2026042112_chl.jpg
[SAVED FIG] /home/cfontana/DIAGS/GAE_2026-04-19/CMEMS/chl/ITP_NC/PLOT/2026042212_chl.jpg
[SAVED FIG] /home/cfontana/DIAGS/GAE_2026-04-19/CMEMS/chl/ITP_NC/PLOT/2026042312_chl.jpg
[SAVED FIG] /home/cfontana/DIAGS/GAE_2026-04-19/CMEMS/chl/ITP_NC/PLOT/2026042412_chl.jpg
+ python plot_sat_CMEMS_timeseries.py -c GAE_2026-04-19 -v chl -s CMEMS
----------------------------------
=> Config file GAE_2026-04-19 loaded
----------------------------------

[SAVED FIG] /home/cfontana/DIAGS/GAE_2026-04-19/CMEMS/chl/ITP_NC/time_series.jpg
+ cd ..
+ [ 1 -eq 0 ]
+ [ 1 -eq 1 ]
+ source /home/cfontana/venv/a/bin/activate
+ 1> /dev/null
+ deactivate nondestructive
+ [ -n /home/cfontana/venv/c/bin:/usr/local/sbin:/usr/local/bin:/usr/sbin:/usr/bin:/sbin:/bin:/usr/games:/usr/local/games:/snap/bin ]
+ PATH=/home/cfontana/venv/c/bin:/usr/local/sbin:/usr/local/bin:/usr/sbin:/usr/bin:/sbin:/bin:/usr/games:/usr/local/games:/snap/bin
+ export PATH
+ unset _OLD_VIRTUAL_PATH
+ [ -n '' ]
+ hash -r
+ 2> /dev/null
+ [ -n '(c) \[\e]0;\u@\h: \w\a\]${debian_chroot:+($debian_chroot)}\[\033[01;32m\]\u@\h\[\033[00m\]:\[\033[01;34m\]\w\[\033[00m\]\$ ' ]
+ PS1='(c) \[\e]0;\u@\h: \w\a\]${debian_chroot:+($debian_chroot)}\[\033[01;32m\]\u@\h\[\033[00m\]:\[\033[01;34m\]\w\[\033[00m\]\$ '
+ export PS1
+ unset _OLD_VIRTUAL_PS1
+ unset VIRTUAL_ENV
+ unset VIRTUAL_ENV_PROMPT
+ [ ! nondestructive '=' nondestructive ]
+ [ '' '=' cygwin ]
+ [ '' '=' msys ]
+ VIRTUAL_ENV=/home/cfontana/venv/a
+ export VIRTUAL_ENV
+ _OLD_VIRTUAL_PATH=/home/cfontana/venv/c/bin:/usr/local/sbin:/usr/local/bin:/usr/sbin:/usr/bin:/sbin:/bin:/usr/games:/usr/local/games:/snap/bin
+ PATH=/home/cfontana/venv/a/bin:/home/cfontana/venv/c/bin:/usr/local/sbin:/usr/local/bin:/usr/sbin:/usr/bin:/sbin:/bin:/usr/games:/usr/local/games:/snap/bin
+ export PATH
+ [ -n '' ]
+ [ -z '' ]
+ _OLD_VIRTUAL_PS1='(c) \[\e]0;\u@\h: \w\a\]${debian_chroot:+($debian_chroot)}\[\033[01;32m\]\u@\h\[\033[00m\]:\[\033[01;34m\]\w\[\033[00m\]\$ '
+ PS1='(a) (c) \[\e]0;\u@\h: \w\a\]${debian_chroot:+($debian_chroot)}\[\033[01;32m\]\u@\h\[\033[00m\]:\[\033[01;34m\]\w\[\033[00m\]\$ '
+ export PS1
+ VIRTUAL_ENV_PROMPT='(a) '
+ export VIRTUAL_ENV_PROMPT
+ hash -r
+ 2> /dev/null
+ sed -i s/daily/hourly/ config/config_GAE_2026-04-19.json
+ cd datasets/ARGO
+ python get_argo.py -c GAE_2026-04-19
Traceback (most recent call last):
  File "/home/cfontana/DATA_MED/datasets/ARGO/get_argo.py", line 9, in <module>
    from fun_gen import *
  File "/home/cfontana/DATA_MED/modules/fun_gen.py", line 5, in <module>
    from fun_io import load_coords
  File "/home/cfontana/DATA_MED/modules/fun_io.py", line 15, in <module>
    import copernicusmarine
ModuleNotFoundError: No module named 'copernicusmarine'
+ [ 1 -eq 0 ]
+ cd ../../
+ sed -i s/phy/bgc/ config/config_GAE_2026-04-19.json
+ cd datasets/ARGO
+ python get_argo.py -c GAE_2026-04-19
Traceback (most recent call last):
  File "/home/cfontana/DATA_MED/datasets/ARGO/get_argo.py", line 9, in <module>
    from fun_gen import *
  File "/home/cfontana/DATA_MED/modules/fun_gen.py", line 5, in <module>
    from fun_io import load_coords
  File "/home/cfontana/DATA_MED/modules/fun_io.py", line 15, in <module>
    import copernicusmarine
ModuleNotFoundError: No module named 'copernicusmarine'
+ [ 1 -eq 0 ]
+ cd ../../
+ [ 1 -eq 1 ]
+ source /home/cfontana/venv/c/bin/activate
+ 1> /dev/null
+ deactivate nondestructive
+ [ -n /home/cfontana/venv/c/bin:/usr/local/sbin:/usr/local/bin:/usr/sbin:/usr/bin:/sbin:/bin:/usr/games:/usr/local/games:/snap/bin ]
+ PATH=/home/cfontana/venv/c/bin:/usr/local/sbin:/usr/local/bin:/usr/sbin:/usr/bin:/sbin:/bin:/usr/games:/usr/local/games:/snap/bin
+ export PATH
+ unset _OLD_VIRTUAL_PATH
+ [ -n '' ]
+ hash -r
+ 2> /dev/null
+ [ -n '(c) \[\e]0;\u@\h: \w\a\]${debian_chroot:+($debian_chroot)}\[\033[01;32m\]\u@\h\[\033[00m\]:\[\033[01;34m\]\w\[\033[00m\]\$ ' ]
+ PS1='(c) \[\e]0;\u@\h: \w\a\]${debian_chroot:+($debian_chroot)}\[\033[01;32m\]\u@\h\[\033[00m\]:\[\033[01;34m\]\w\[\033[00m\]\$ '
+ export PS1
+ unset _OLD_VIRTUAL_PS1
+ unset VIRTUAL_ENV
+ unset VIRTUAL_ENV_PROMPT
+ [ ! nondestructive '=' nondestructive ]
+ [ '' '=' cygwin ]
+ [ '' '=' msys ]
+ VIRTUAL_ENV=/home/cfontana/venv/c
+ export VIRTUAL_ENV
+ _OLD_VIRTUAL_PATH=/home/cfontana/venv/c/bin:/usr/local/sbin:/usr/local/bin:/usr/sbin:/usr/bin:/sbin:/bin:/usr/games:/usr/local/games:/snap/bin
+ PATH=/home/cfontana/venv/c/bin:/home/cfontana/venv/c/bin:/usr/local/sbin:/usr/local/bin:/usr/sbin:/usr/bin:/sbin:/bin:/usr/games:/usr/local/games:/snap/bin
+ export PATH
+ [ -n '' ]
+ [ -z '' ]
+ _OLD_VIRTUAL_PS1='(c) \[\e]0;\u@\h: \w\a\]${debian_chroot:+($debian_chroot)}\[\033[01;32m\]\u@\h\[\033[00m\]:\[\033[01;34m\]\w\[\033[00m\]\$ '
+ PS1='(c) (c) \[\e]0;\u@\h: \w\a\]${debian_chroot:+($debian_chroot)}\[\033[01;32m\]\u@\h\[\033[00m\]:\[\033[01;34m\]\w\[\033[00m\]\$ '
+ export PS1
+ VIRTUAL_ENV_PROMPT='(c) '
+ export VIRTUAL_ENV_PROMPT
+ hash -r
+ 2> /dev/null
+ static=/home/cfontana/DIAGS/GAE_2026-04-19/static_GAE_2026-04-19
+ mkdir /home/cfontana/DIAGS/GAE_2026-04-19/static_GAE_2026-04-19
+ dir=/home/cfontana/DIAGS/GAE_2026-04-19/CMEMS/thetao/ITP_NC
+ i=1
+ ls /home/cfontana/DIAGS/GAE_2026-04-19/CMEMS/thetao/ITP_NC/PLOT/
+ cp /home/cfontana/DIAGS/GAE_2026-04-19/CMEMS/thetao/ITP_NC/PLOT/2026041900_thetao.jpg /home/cfontana/DIAGS/GAE_2026-04-19/static_GAE_2026-04-19/thetao_1.jpg
+ let i=1+1
+ cp /home/cfontana/DIAGS/GAE_2026-04-19/CMEMS/thetao/ITP_NC/PLOT/2026042000_thetao.jpg /home/cfontana/DIAGS/GAE_2026-04-19/static_GAE_2026-04-19/thetao_2.jpg
+ let i=2+1
+ cp /home/cfontana/DIAGS/GAE_2026-04-19/CMEMS/thetao/ITP_NC/PLOT/2026042100_thetao.jpg /home/cfontana/DIAGS/GAE_2026-04-19/static_GAE_2026-04-19/thetao_3.jpg
+ let i=3+1
+ cp /home/cfontana/DIAGS/GAE_2026-04-19/CMEMS/thetao/ITP_NC/PLOT/2026042200_thetao.jpg /home/cfontana/DIAGS/GAE_2026-04-19/static_GAE_2026-04-19/thetao_4.jpg
+ let i=4+1
+ cp /home/cfontana/DIAGS/GAE_2026-04-19/CMEMS/thetao/ITP_NC/PLOT/2026042300_thetao.jpg /home/cfontana/DIAGS/GAE_2026-04-19/static_GAE_2026-04-19/thetao_5.jpg
+ let i=5+1
+ cp /home/cfontana/DIAGS/GAE_2026-04-19/CMEMS/thetao/ITP_NC/PLOT/2026042400_thetao.jpg /home/cfontana/DIAGS/GAE_2026-04-19/static_GAE_2026-04-19/thetao_6.jpg
+ let i=6+1
+ cp /home/cfontana/DIAGS/GAE_2026-04-19/CMEMS/thetao/ITP_NC/time_series.jpg /home/cfontana/DIAGS/GAE_2026-04-19/static_GAE_2026-04-19/time_series_thetao.jpg
+ dir=/home/cfontana/DIAGS/GAE_2026-04-19/CMEMS/chl/ITP_NC
+ i=1
+ ls /home/cfontana/DIAGS/GAE_2026-04-19/CMEMS/chl/ITP_NC/PLOT/
+ cp /home/cfontana/DIAGS/GAE_2026-04-19/CMEMS/chl/ITP_NC/PLOT/2026041912_chl.jpg /home/cfontana/DIAGS/GAE_2026-04-19/static_GAE_2026-04-19/chl_1.jpg
+ let i=1+1
+ cp /home/cfontana/DIAGS/GAE_2026-04-19/CMEMS/chl/ITP_NC/PLOT/2026042012_chl.jpg /home/cfontana/DIAGS/GAE_2026-04-19/static_GAE_2026-04-19/chl_2.jpg
+ let i=2+1
+ cp /home/cfontana/DIAGS/GAE_2026-04-19/CMEMS/chl/ITP_NC/PLOT/2026042112_chl.jpg /home/cfontana/DIAGS/GAE_2026-04-19/static_GAE_2026-04-19/chl_3.jpg
+ let i=3+1
+ cp /home/cfontana/DIAGS/GAE_2026-04-19/CMEMS/chl/ITP_NC/PLOT/2026042212_chl.jpg /home/cfontana/DIAGS/GAE_2026-04-19/static_GAE_2026-04-19/chl_4.jpg
+ let i=4+1
+ cp /home/cfontana/DIAGS/GAE_2026-04-19/CMEMS/chl/ITP_NC/PLOT/2026042312_chl.jpg /home/cfontana/DIAGS/GAE_2026-04-19/static_GAE_2026-04-19/chl_5.jpg
+ let i=5+1
+ cp /home/cfontana/DIAGS/GAE_2026-04-19/CMEMS/chl/ITP_NC/PLOT/2026042412_chl.jpg /home/cfontana/DIAGS/GAE_2026-04-19/static_GAE_2026-04-19/chl_6.jpg
+ let i=6+1
+ cp /home/cfontana/DIAGS/GAE_2026-04-19/CMEMS/chl/ITP_NC/time_series.jpg /home/cfontana/DIAGS/GAE_2026-04-19/static_GAE_2026-04-19/time_series_chl.jpg
+ dir=/home/cfontana/DIAGS/GAE_2026-04-19/RADAR/
+ i=1
+ ls /home/cfontana/DIAGS/GAE_2026-04-19/RADAR//20260419_00.jpg /home/cfontana/DIAGS/GAE_2026-04-19/RADAR//20260420_00.jpg /home/cfontana/DIAGS/GAE_2026-04-19/RADAR//20260421_00.jpg /home/cfontana/DIAGS/GAE_2026-04-19/RADAR//20260422_00.jpg /home/cfontana/DIAGS/GAE_2026-04-19/RADAR//20260423_00.jpg /home/cfontana/DIAGS/GAE_2026-04-19/RADAR//20260424_00.jpg
+ cp /home/cfontana/DIAGS/GAE_2026-04-19/RADAR//20260419_00.jpg /home/cfontana/DIAGS/GAE_2026-04-19/static_GAE_2026-04-19/radar_1.jpg
+ let i=1+1
+ cp /home/cfontana/DIAGS/GAE_2026-04-19/RADAR//20260420_00.jpg /home/cfontana/DIAGS/GAE_2026-04-19/static_GAE_2026-04-19/radar_2.jpg
+ let i=2+1
+ cp /home/cfontana/DIAGS/GAE_2026-04-19/RADAR//20260421_00.jpg /home/cfontana/DIAGS/GAE_2026-04-19/static_GAE_2026-04-19/radar_3.jpg
+ let i=3+1
+ cp /home/cfontana/DIAGS/GAE_2026-04-19/RADAR//20260422_00.jpg /home/cfontana/DIAGS/GAE_2026-04-19/static_GAE_2026-04-19/radar_4.jpg
+ let i=4+1
+ cp /home/cfontana/DIAGS/GAE_2026-04-19/RADAR//20260423_00.jpg /home/cfontana/DIAGS/GAE_2026-04-19/static_GAE_2026-04-19/radar_5.jpg
+ let i=5+1
+ cp /home/cfontana/DIAGS/GAE_2026-04-19/RADAR//20260424_00.jpg /home/cfontana/DIAGS/GAE_2026-04-19/static_GAE_2026-04-19/radar_6.jpg
+ let i=6+1
+ dir=/home/cfontana/DIAGS/GAE_2026-04-19/ARGO/
+ ls -d '/home/cfontana/DIAGS/GAE_2026-04-19/ARGO//bio*/'
ls: cannot access '/home/cfontana/DIAGS/GAE_2026-04-19/ARGO//bio*/': No such file or directory
+ i=1
+ 1> /home/cfontana/DIAGS/GAE_2026-04-19/static_GAE_2026-04-19/list.txt
+ ls -d '/home/cfontana/DIAGS/GAE_2026-04-19/ARGO//*/'
ls: cannot access '/home/cfontana/DIAGS/GAE_2026-04-19/ARGO//*/': No such file or directory
+ cp /home/cfontana/DIAGS/GAE_2026-04-19/ARGO//map.jpg /home/cfontana/DIAGS/GAE_2026-04-19/static_GAE_2026-04-19
cp: cannot stat '/home/cfontana/DIAGS/GAE_2026-04-19/ARGO//map.jpg': No such file or directory
+ scp -r /home/cfontana/DIAGS/GAE_2026-04-19/static_GAE_2026-04-19 yulpa175555@webhost03.yulpa.io:/datas/yulpa175555/sites/merval.eg2.fr/htdocs/DIAGS
+ echo 'PROCESSING GOR'
PROCESSING GOR
+ echo '_______________ '
_______________ 
+ config=GOR_2026-04-19
+ echo GOR
+ awk '{print tolower($0)}'
+ lower=gor
+ set -x
+ cat config/config_GOR.json
+ sed -e s/DINI/2026-04-19/g
+ sed -e s/FREQ/hourly/
+ 1> config/config_GOR_2026-04-19.json
+ sed -e s/DOUT/20260419/
+ sed -e s/DEND/2026-04-24/
+ cp config/cmems_DOMAIN.dat config/cmems_GOR_2026-04-19.dat
+ cp config/variables_mit_DOMAIN.dat config/variables_mit_GOR_2026-04-19.dat
+ jq -r .diagdir config/config_GOR_2026-04-19.json
+ diagdir=/home/cfontana/DIAGS/GOR_2026-04-19
+ jq -r .radardir config/config_GOR_2026-04-19.json
+ radardir=/home/cfontana/RADAR/
+ [ 0 -eq 0 -a 0 -eq 1 ]
+ [ 1 -eq 1 ]
+ cd datasets/CMEMS
+ python get_data_sat.py -c GOR_2026-04-19 -v thetao
INFO - 2026-04-20T09:56:56Z - Selected dataset version: "202311"
INFO - 2026-04-20T09:56:56Z - Selected dataset part: "default"
WARNING - 2026-04-20T09:56:56Z - Some of your subset selection [2026-04-19 00:00:00+00:00, 2026-04-24 00:00:00+00:00] for the time dimension exceed the dataset coordinates [2008-01-01 00:00:00+00:00, 2026-04-20 00:00:00+00:00]
----------------------------------
=> Config file GOR_2026-04-19 loaded
----------------------------------

Downloading CMEMS products : SST_MED_SST_L3S_NRT_OBSERVATIONS_010_012_a
=> Variable [np.str_('sea_surface_temperature')] 


[FILE SAVED ] /home/cfontana/DIAGS/GOR_2026-04-19/CMEMS/data/SST_MED_SST_L3S_NRT_OBSERVATIONS_010_012_a.nc
+ python interp_cmems.py -c GOR_2026-04-19 -v thetao
----------------------------------
=> Config file GOR_2026-04-19 loaded
----------------------------------


[FILE SAVED] /home/cfontana/DIAGS/GOR_2026-04-19/CMEMS/thetao/ITP_NC/thetao_20260419.nc


[FILE SAVED] /home/cfontana/DIAGS/GOR_2026-04-19/CMEMS/thetao/ITP_NC/thetao_20260420.nc

Traceback (most recent call last):
  File "/home/cfontana/DATA_MED/datasets/CMEMS/interp_cmems.py", line 95, in <module>
    data = np.array(ds[cvar][i,:,:]).squeeze().flatten()
                    ~~~~~~~~^^^^^^^
  File "src/netCDF4/_netCDF4.pyx", line 5107, in netCDF4._netCDF4.Variable.__getitem__
  File "src/netCDF4/_netCDF4.pyx", line 6079, in netCDF4._netCDF4.Variable._get
IndexError: index exceeds dimension bounds
+ [ 1 -eq 2 ]
+ cd ../../plot
+ python plot_CMEMS_pickle_data_vs_sat.py -c GOR_2026-04-19 -v thetao -s CMEMS
----------------------------------
=> Config file GOR_2026-04-19 loaded
----------------------------------

Processing
739725 17.083896433692733 17.93246 nan 0.3059187688035177
739726 16.94990171204958 17.794445 nan 0.45952904420273083
[Errno 2] No such file or directory: '/home/cfontana/DIAGS/GOR_2026-04-19/CMEMS/thetao/ITP_NC/thetao_20260421.nc' 

=> in get_sat_2D :
Error processing file /home/cfontana/DIAGS/GOR_2026-04-19/CMEMS/thetao/ITP_NC/thetao_20260421.nc
File not found
739727 17.793770536783807 nan 16.614068489098734 1
[Errno 2] No such file or directory: '/home/cfontana/DIAGS/GOR_2026-04-19/CMEMS/thetao/ITP_NC/thetao_20260422.nc' 

=> in get_sat_2D :
Error processing file /home/cfontana/DIAGS/GOR_2026-04-19/CMEMS/thetao/ITP_NC/thetao_20260422.nc
File not found
739728 17.176976052320438 nan 16.17618528742081 1
[Errno 2] No such file or directory: '/home/cfontana/DIAGS/GOR_2026-04-19/CMEMS/thetao/ITP_NC/thetao_20260423.nc' 

=> in get_sat_2D :
Error processing file /home/cfontana/DIAGS/GOR_2026-04-19/CMEMS/thetao/ITP_NC/thetao_20260423.nc
File not found
739729 17.300765115749613 nan 15.717552991584627 1
[Errno 2] No such file or directory: '/home/cfontana/DIAGS/GOR_2026-04-19/CMEMS/thetao/ITP_NC/thetao_20260424.nc' 

=> in get_sat_2D :
Error processing file /home/cfontana/DIAGS/GOR_2026-04-19/CMEMS/thetao/ITP_NC/thetao_20260424.nc
File not found
739730 17.38744329799245 nan 15.690062946202973 1
[SAVED FIG] /home/cfontana/DIAGS/GOR_2026-04-19/CMEMS/thetao/ITP_NC/PLOT/2026041900_thetao.jpg
[SAVED FIG] /home/cfontana/DIAGS/GOR_2026-04-19/CMEMS/thetao/ITP_NC/PLOT/2026042000_thetao.jpg
[SAVED FIG] /home/cfontana/DIAGS/GOR_2026-04-19/CMEMS/thetao/ITP_NC/PLOT/2026042100_thetao.jpg
[SAVED FIG] /home/cfontana/DIAGS/GOR_2026-04-19/CMEMS/thetao/ITP_NC/PLOT/2026042200_thetao.jpg
[SAVED FIG] /home/cfontana/DIAGS/GOR_2026-04-19/CMEMS/thetao/ITP_NC/PLOT/2026042300_thetao.jpg
[SAVED FIG] /home/cfontana/DIAGS/GOR_2026-04-19/CMEMS/thetao/ITP_NC/PLOT/2026042400_thetao.jpg
+ python plot_sat_CMEMS_timeseries.py -c GOR_2026-04-19 -v thetao -s CMEMS
----------------------------------
=> Config file GOR_2026-04-19 loaded
----------------------------------

[SAVED FIG] /home/cfontana/DIAGS/GOR_2026-04-19/CMEMS/thetao/ITP_NC/time_series.jpg
+ cd ..
+ [ 1 -eq 1 ]
+ cd datasets/HFRADAR
+ python read_radar.py -c GOR_2026-04-19
----------------------------------
=> Config file GOR_2026-04-19 loaded
----------------------------------


----------
20260419 0
[Errno 2] No such file or directory: '/home/cfontana/RADAR//2026-04-19/EUHFR_NRTcurrent_HFR-TirLig-Total_v3.nc'
[Errno 2] No such file or directory: '/home/cfontana/RADAR//2026-04-19/EUHFR_NRTcurrent_HFR-ARPAS-Total_v3.nc'
[Errno 2] No such file or directory: '/home/cfontana/RADAR//2026-04-19/EUHFR_NRTcurrent_HFR-LaMMA-Total_v3.nc'
[Errno 2] No such file or directory: '/home/cfontana/RADAR//2026-04-19/EUHFR_NRTcurrent_HFR-GoS-Total_v3.nc'
[Errno 2] No such file or directory: '/home/cfontana/RADAR//2026-04-19/EUHFR_NRTcurrent_HFR-WesternItaly-Total_v3.nc'
[Errno 2] No such file or directory: '/home/cfontana/RADAR//2026-04-19/EUHFR_NRTcurrent_HFR-Granitola-Total_v3.nc'
[Errno 2] No such file or directory: '/home/cfontana/RADAR//2026-04-19/EUHFR_NRTcurrent_HFR-NAdr-Total_v3.nc'
[Errno 2] No such file or directory: '/home/cfontana/RADAR//2026-04-19/EUHFR_NRTcurrent_HFR-GoM-Total_v3.nc'
[SAVED FIG] /home/cfontana/DIAGS/GOR_2026-04-19/RADAR/20260419_00.jpg

----------
20260420 0
[Errno 2] No such file or directory: '/home/cfontana/RADAR//2026-04-19/EUHFR_NRTcurrent_HFR-TirLig-Total_v3.nc'
[Errno 2] No such file or directory: '/home/cfontana/RADAR//2026-04-19/EUHFR_NRTcurrent_HFR-ARPAS-Total_v3.nc'
[Errno 2] No such file or directory: '/home/cfontana/RADAR//2026-04-19/EUHFR_NRTcurrent_HFR-LaMMA-Total_v3.nc'
[Errno 2] No such file or directory: '/home/cfontana/RADAR//2026-04-19/EUHFR_NRTcurrent_HFR-GoS-Total_v3.nc'
[Errno 2] No such file or directory: '/home/cfontana/RADAR//2026-04-19/EUHFR_NRTcurrent_HFR-WesternItaly-Total_v3.nc'
[Errno 2] No such file or directory: '/home/cfontana/RADAR//2026-04-19/EUHFR_NRTcurrent_HFR-Granitola-Total_v3.nc'
[Errno 2] No such file or directory: '/home/cfontana/RADAR//2026-04-19/EUHFR_NRTcurrent_HFR-NAdr-Total_v3.nc'
[Errno 2] No such file or directory: '/home/cfontana/RADAR//2026-04-19/EUHFR_NRTcurrent_HFR-GoM-Total_v3.nc'
[SAVED FIG] /home/cfontana/DIAGS/GOR_2026-04-19/RADAR/20260420_00.jpg

----------
20260421 0
[Errno 2] No such file or directory: '/home/cfontana/RADAR//2026-04-19/EUHFR_NRTcurrent_HFR-TirLig-Total_v3.nc'
[Errno 2] No such file or directory: '/home/cfontana/RADAR//2026-04-19/EUHFR_NRTcurrent_HFR-ARPAS-Total_v3.nc'
[Errno 2] No such file or directory: '/home/cfontana/RADAR//2026-04-19/EUHFR_NRTcurrent_HFR-LaMMA-Total_v3.nc'
[Errno 2] No such file or directory: '/home/cfontana/RADAR//2026-04-19/EUHFR_NRTcurrent_HFR-GoS-Total_v3.nc'
[Errno 2] No such file or directory: '/home/cfontana/RADAR//2026-04-19/EUHFR_NRTcurrent_HFR-WesternItaly-Total_v3.nc'
[Errno 2] No such file or directory: '/home/cfontana/RADAR//2026-04-19/EUHFR_NRTcurrent_HFR-Granitola-Total_v3.nc'
[Errno 2] No such file or directory: '/home/cfontana/RADAR//2026-04-19/EUHFR_NRTcurrent_HFR-NAdr-Total_v3.nc'
[Errno 2] No such file or directory: '/home/cfontana/RADAR//2026-04-19/EUHFR_NRTcurrent_HFR-GoM-Total_v3.nc'
[SAVED FIG] /home/cfontana/DIAGS/GOR_2026-04-19/RADAR/20260421_00.jpg

----------
20260422 0
[Errno 2] No such file or directory: '/home/cfontana/RADAR//2026-04-19/EUHFR_NRTcurrent_HFR-TirLig-Total_v3.nc'
[Errno 2] No such file or directory: '/home/cfontana/RADAR//2026-04-19/EUHFR_NRTcurrent_HFR-ARPAS-Total_v3.nc'
[Errno 2] No such file or directory: '/home/cfontana/RADAR//2026-04-19/EUHFR_NRTcurrent_HFR-LaMMA-Total_v3.nc'
[Errno 2] No such file or directory: '/home/cfontana/RADAR//2026-04-19/EUHFR_NRTcurrent_HFR-GoS-Total_v3.nc'
[Errno 2] No such file or directory: '/home/cfontana/RADAR//2026-04-19/EUHFR_NRTcurrent_HFR-WesternItaly-Total_v3.nc'
[Errno 2] No such file or directory: '/home/cfontana/RADAR//2026-04-19/EUHFR_NRTcurrent_HFR-Granitola-Total_v3.nc'
[Errno 2] No such file or directory: '/home/cfontana/RADAR//2026-04-19/EUHFR_NRTcurrent_HFR-NAdr-Total_v3.nc'
[Errno 2] No such file or directory: '/home/cfontana/RADAR//2026-04-19/EUHFR_NRTcurrent_HFR-GoM-Total_v3.nc'
[SAVED FIG] /home/cfontana/DIAGS/GOR_2026-04-19/RADAR/20260422_00.jpg

----------
20260423 0
[Errno 2] No such file or directory: '/home/cfontana/RADAR//2026-04-19/EUHFR_NRTcurrent_HFR-TirLig-Total_v3.nc'
[Errno 2] No such file or directory: '/home/cfontana/RADAR//2026-04-19/EUHFR_NRTcurrent_HFR-ARPAS-Total_v3.nc'
[Errno 2] No such file or directory: '/home/cfontana/RADAR//2026-04-19/EUHFR_NRTcurrent_HFR-LaMMA-Total_v3.nc'
[Errno 2] No such file or directory: '/home/cfontana/RADAR//2026-04-19/EUHFR_NRTcurrent_HFR-GoS-Total_v3.nc'
[Errno 2] No such file or directory: '/home/cfontana/RADAR//2026-04-19/EUHFR_NRTcurrent_HFR-WesternItaly-Total_v3.nc'
[Errno 2] No such file or directory: '/home/cfontana/RADAR//2026-04-19/EUHFR_NRTcurrent_HFR-Granitola-Total_v3.nc'
[Errno 2] No such file or directory: '/home/cfontana/RADAR//2026-04-19/EUHFR_NRTcurrent_HFR-NAdr-Total_v3.nc'
[Errno 2] No such file or directory: '/home/cfontana/RADAR//2026-04-19/EUHFR_NRTcurrent_HFR-GoM-Total_v3.nc'
[SAVED FIG] /home/cfontana/DIAGS/GOR_2026-04-19/RADAR/20260423_00.jpg

----------
20260424 0
[Errno 2] No such file or directory: '/home/cfontana/RADAR//2026-04-19/EUHFR_NRTcurrent_HFR-TirLig-Total_v3.nc'
[Errno 2] No such file or directory: '/home/cfontana/RADAR//2026-04-19/EUHFR_NRTcurrent_HFR-ARPAS-Total_v3.nc'
[Errno 2] No such file or directory: '/home/cfontana/RADAR//2026-04-19/EUHFR_NRTcurrent_HFR-LaMMA-Total_v3.nc'
[Errno 2] No such file or directory: '/home/cfontana/RADAR//2026-04-19/EUHFR_NRTcurrent_HFR-GoS-Total_v3.nc'
[Errno 2] No such file or directory: '/home/cfontana/RADAR//2026-04-19/EUHFR_NRTcurrent_HFR-WesternItaly-Total_v3.nc'
[Errno 2] No such file or directory: '/home/cfontana/RADAR//2026-04-19/EUHFR_NRTcurrent_HFR-Granitola-Total_v3.nc'
[Errno 2] No such file or directory: '/home/cfontana/RADAR//2026-04-19/EUHFR_NRTcurrent_HFR-NAdr-Total_v3.nc'
[Errno 2] No such file or directory: '/home/cfontana/RADAR//2026-04-19/EUHFR_NRTcurrent_HFR-GoM-Total_v3.nc'
[SAVED FIG] /home/cfontana/DIAGS/GOR_2026-04-19/RADAR/20260424_00.jpg
+ cd ../..
+ sed -e s/FREQ/daily/
+ 1> config/config_GOR_2026-04-19.json
+ cat config/config_GOR.json
+ sed -e s/DINI/2026-04-19/g
+ sed -e s/DOUT/20260419/
+ sed -e s/DEND/2026-04-24/
+ [ 1 -eq 1 ]
+ cd datasets/CMEMS
+ python get_data_sat.py -c GOR_2026-04-19 -v chl
INFO - 2026-04-20T10:03:47Z - Selected dataset version: "202211"
INFO - 2026-04-20T10:03:47Z - Selected dataset part: "default"
WARNING - 2026-04-20T10:03:47Z - Some of your subset selection [2026-04-19 00:00:00+00:00, 2026-04-24 00:00:00+00:00] for the time dimension exceed the dataset coordinates [2023-04-29 00:00:00+00:00, 2026-04-19 00:00:00+00:00]
----------------------------------
=> Config file GOR_2026-04-19 loaded
----------------------------------

Downloading CMEMS products : cmems_obs-oc_med_bgc-plankton_nrt_l3-multi-1km_P1D
=> Variable ['CHL', 'KD490'] 


[FILE SAVED ] /home/cfontana/DIAGS/GOR_2026-04-19/CMEMS/data/cmems_obs-oc_med_bgc-plankton_nrt_l3-multi-1km_P1D.nc
+ python interp_cmems.py -c GOR_2026-04-19 -v chl
----------------------------------
=> Config file GOR_2026-04-19 loaded
----------------------------------


[FILE SAVED] /home/cfontana/DIAGS/GOR_2026-04-19/CMEMS/chl/ITP_NC/chl_20260419.nc

Traceback (most recent call last):
  File "/home/cfontana/DATA_MED/datasets/CMEMS/interp_cmems.py", line 95, in <module>
    data = np.array(ds[cvar][i,:,:]).squeeze().flatten()
                    ~~~~~~~~^^^^^^^
  File "src/netCDF4/_netCDF4.pyx", line 5107, in netCDF4._netCDF4.Variable.__getitem__
  File "src/netCDF4/_netCDF4.pyx", line 6079, in netCDF4._netCDF4.Variable._get
IndexError: index exceeds dimension bounds
+ [ 1 -eq 2 ]
+ cd ../../plot
+ python plot_CMEMS_pickle_data_vs_sat.py -c GOR_2026-04-19 -v chl -s CMEMS
----------------------------------
=> Config file GOR_2026-04-19 loaded
----------------------------------

Processing
739725 nan nan nan 0.0
[Errno 2] No such file or directory: '/home/cfontana/DIAGS/GOR_2026-04-19/CMEMS/chl/ITP_NC/chl_20260420.nc' 

=> in get_sat_2D :
Error processing file /home/cfontana/DIAGS/GOR_2026-04-19/CMEMS/chl/ITP_NC/chl_20260420.nc
File not found
739726 2.491321446595895 nan 0.2797621671011673 1
[Errno 2] No such file or directory: '/home/cfontana/DIAGS/GOR_2026-04-19/CMEMS/chl/ITP_NC/chl_20260421.nc' 

=> in get_sat_2D :
Error processing file /home/cfontana/DIAGS/GOR_2026-04-19/CMEMS/chl/ITP_NC/chl_20260421.nc
File not found
739727 2.05700449105718 nan 0.2752025270732003 1
[Errno 2] No such file or directory: '/home/cfontana/DIAGS/GOR_2026-04-19/CMEMS/chl/ITP_NC/chl_20260422.nc' 

=> in get_sat_2D :
Error processing file /home/cfontana/DIAGS/GOR_2026-04-19/CMEMS/chl/ITP_NC/chl_20260422.nc
File not found
739728 1.5035159182950786 nan 0.263181251763536 1
[Errno 2] No such file or directory: '/home/cfontana/DIAGS/GOR_2026-04-19/CMEMS/chl/ITP_NC/chl_20260423.nc' 

=> in get_sat_2D :
Error processing file /home/cfontana/DIAGS/GOR_2026-04-19/CMEMS/chl/ITP_NC/chl_20260423.nc
File not found
739729 1.367592670051852 nan 0.2550838184737789 1
[Errno 2] No such file or directory: '/home/cfontana/DIAGS/GOR_2026-04-19/CMEMS/chl/ITP_NC/chl_20260424.nc' 

=> in get_sat_2D :
Error processing file /home/cfontana/DIAGS/GOR_2026-04-19/CMEMS/chl/ITP_NC/chl_20260424.nc
File not found
739730 1.5218915520674379 nan 0.25002519350277397 1
[SAVED FIG] /home/cfontana/DIAGS/GOR_2026-04-19/CMEMS/chl/ITP_NC/PLOT/2026041912_chl.jpg
[SAVED FIG] /home/cfontana/DIAGS/GOR_2026-04-19/CMEMS/chl/ITP_NC/PLOT/2026042012_chl.jpg
[SAVED FIG] /home/cfontana/DIAGS/GOR_2026-04-19/CMEMS/chl/ITP_NC/PLOT/2026042112_chl.jpg
[SAVED FIG] /home/cfontana/DIAGS/GOR_2026-04-19/CMEMS/chl/ITP_NC/PLOT/2026042212_chl.jpg
[SAVED FIG] /home/cfontana/DIAGS/GOR_2026-04-19/CMEMS/chl/ITP_NC/PLOT/2026042312_chl.jpg
[SAVED FIG] /home/cfontana/DIAGS/GOR_2026-04-19/CMEMS/chl/ITP_NC/PLOT/2026042412_chl.jpg
+ python plot_sat_CMEMS_timeseries.py -c GOR_2026-04-19 -v chl -s CMEMS
----------------------------------
=> Config file GOR_2026-04-19 loaded
----------------------------------

[SAVED FIG] /home/cfontana/DIAGS/GOR_2026-04-19/CMEMS/chl/ITP_NC/time_series.jpg
+ cd ..
+ [ 1 -eq 0 ]
+ [ 1 -eq 1 ]
+ source /home/cfontana/venv/a/bin/activate
+ 1> /dev/null
+ deactivate nondestructive
+ [ -n /home/cfontana/venv/c/bin:/usr/local/sbin:/usr/local/bin:/usr/sbin:/usr/bin:/sbin:/bin:/usr/games:/usr/local/games:/snap/bin ]
+ PATH=/home/cfontana/venv/c/bin:/usr/local/sbin:/usr/local/bin:/usr/sbin:/usr/bin:/sbin:/bin:/usr/games:/usr/local/games:/snap/bin
+ export PATH
+ unset _OLD_VIRTUAL_PATH
+ [ -n '' ]
+ hash -r
+ 2> /dev/null
+ [ -n '(c) \[\e]0;\u@\h: \w\a\]${debian_chroot:+($debian_chroot)}\[\033[01;32m\]\u@\h\[\033[00m\]:\[\033[01;34m\]\w\[\033[00m\]\$ ' ]
+ PS1='(c) \[\e]0;\u@\h: \w\a\]${debian_chroot:+($debian_chroot)}\[\033[01;32m\]\u@\h\[\033[00m\]:\[\033[01;34m\]\w\[\033[00m\]\$ '
+ export PS1
+ unset _OLD_VIRTUAL_PS1
+ unset VIRTUAL_ENV
+ unset VIRTUAL_ENV_PROMPT
+ [ ! nondestructive '=' nondestructive ]
+ [ '' '=' cygwin ]
+ [ '' '=' msys ]
+ VIRTUAL_ENV=/home/cfontana/venv/a
+ export VIRTUAL_ENV
+ _OLD_VIRTUAL_PATH=/home/cfontana/venv/c/bin:/usr/local/sbin:/usr/local/bin:/usr/sbin:/usr/bin:/sbin:/bin:/usr/games:/usr/local/games:/snap/bin
+ PATH=/home/cfontana/venv/a/bin:/home/cfontana/venv/c/bin:/usr/local/sbin:/usr/local/bin:/usr/sbin:/usr/bin:/sbin:/bin:/usr/games:/usr/local/games:/snap/bin
+ export PATH
+ [ -n '' ]
+ [ -z '' ]
+ _OLD_VIRTUAL_PS1='(c) \[\e]0;\u@\h: \w\a\]${debian_chroot:+($debian_chroot)}\[\033[01;32m\]\u@\h\[\033[00m\]:\[\033[01;34m\]\w\[\033[00m\]\$ '
+ PS1='(a) (c) \[\e]0;\u@\h: \w\a\]${debian_chroot:+($debian_chroot)}\[\033[01;32m\]\u@\h\[\033[00m\]:\[\033[01;34m\]\w\[\033[00m\]\$ '
+ export PS1
+ VIRTUAL_ENV_PROMPT='(a) '
+ export VIRTUAL_ENV_PROMPT
+ hash -r
+ 2> /dev/null
+ sed -i s/daily/hourly/ config/config_GOR_2026-04-19.json
+ cd datasets/ARGO
+ python get_argo.py -c GOR_2026-04-19
Traceback (most recent call last):
  File "/home/cfontana/DATA_MED/datasets/ARGO/get_argo.py", line 9, in <module>
    from fun_gen import *
  File "/home/cfontana/DATA_MED/modules/fun_gen.py", line 5, in <module>
    from fun_io import load_coords
  File "/home/cfontana/DATA_MED/modules/fun_io.py", line 15, in <module>
    import copernicusmarine
ModuleNotFoundError: No module named 'copernicusmarine'
+ [ 1 -eq 0 ]
+ cd ../../
+ sed -i s/phy/bgc/ config/config_GOR_2026-04-19.json
+ cd datasets/ARGO
+ python get_argo.py -c GOR_2026-04-19
Traceback (most recent call last):
  File "/home/cfontana/DATA_MED/datasets/ARGO/get_argo.py", line 9, in <module>
    from fun_gen import *
  File "/home/cfontana/DATA_MED/modules/fun_gen.py", line 5, in <module>
    from fun_io import load_coords
  File "/home/cfontana/DATA_MED/modules/fun_io.py", line 15, in <module>
    import copernicusmarine
ModuleNotFoundError: No module named 'copernicusmarine'
+ [ 1 -eq 0 ]
+ cd ../../
+ [ 1 -eq 1 ]
+ source /home/cfontana/venv/c/bin/activate
+ 1> /dev/null
+ deactivate nondestructive
+ [ -n /home/cfontana/venv/c/bin:/usr/local/sbin:/usr/local/bin:/usr/sbin:/usr/bin:/sbin:/bin:/usr/games:/usr/local/games:/snap/bin ]
+ PATH=/home/cfontana/venv/c/bin:/usr/local/sbin:/usr/local/bin:/usr/sbin:/usr/bin:/sbin:/bin:/usr/games:/usr/local/games:/snap/bin
+ export PATH
+ unset _OLD_VIRTUAL_PATH
+ [ -n '' ]
+ hash -r
+ 2> /dev/null
+ [ -n '(c) \[\e]0;\u@\h: \w\a\]${debian_chroot:+($debian_chroot)}\[\033[01;32m\]\u@\h\[\033[00m\]:\[\033[01;34m\]\w\[\033[00m\]\$ ' ]
+ PS1='(c) \[\e]0;\u@\h: \w\a\]${debian_chroot:+($debian_chroot)}\[\033[01;32m\]\u@\h\[\033[00m\]:\[\033[01;34m\]\w\[\033[00m\]\$ '
+ export PS1
+ unset _OLD_VIRTUAL_PS1
+ unset VIRTUAL_ENV
+ unset VIRTUAL_ENV_PROMPT
+ [ ! nondestructive '=' nondestructive ]
+ [ '' '=' cygwin ]
+ [ '' '=' msys ]
+ VIRTUAL_ENV=/home/cfontana/venv/c
+ export VIRTUAL_ENV
+ _OLD_VIRTUAL_PATH=/home/cfontana/venv/c/bin:/usr/local/sbin:/usr/local/bin:/usr/sbin:/usr/bin:/sbin:/bin:/usr/games:/usr/local/games:/snap/bin
+ PATH=/home/cfontana/venv/c/bin:/home/cfontana/venv/c/bin:/usr/local/sbin:/usr/local/bin:/usr/sbin:/usr/bin:/sbin:/bin:/usr/games:/usr/local/games:/snap/bin
+ export PATH
+ [ -n '' ]
+ [ -z '' ]
+ _OLD_VIRTUAL_PS1='(c) \[\e]0;\u@\h: \w\a\]${debian_chroot:+($debian_chroot)}\[\033[01;32m\]\u@\h\[\033[00m\]:\[\033[01;34m\]\w\[\033[00m\]\$ '
+ PS1='(c) (c) \[\e]0;\u@\h: \w\a\]${debian_chroot:+($debian_chroot)}\[\033[01;32m\]\u@\h\[\033[00m\]:\[\033[01;34m\]\w\[\033[00m\]\$ '
+ export PS1
+ VIRTUAL_ENV_PROMPT='(c) '
+ export VIRTUAL_ENV_PROMPT
+ hash -r
+ 2> /dev/null
+ static=/home/cfontana/DIAGS/GOR_2026-04-19/static_GOR_2026-04-19
+ mkdir /home/cfontana/DIAGS/GOR_2026-04-19/static_GOR_2026-04-19
+ dir=/home/cfontana/DIAGS/GOR_2026-04-19/CMEMS/thetao/ITP_NC
+ i=1
+ ls /home/cfontana/DIAGS/GOR_2026-04-19/CMEMS/thetao/ITP_NC/PLOT/
+ cp /home/cfontana/DIAGS/GOR_2026-04-19/CMEMS/thetao/ITP_NC/PLOT/2026041900_thetao.jpg /home/cfontana/DIAGS/GOR_2026-04-19/static_GOR_2026-04-19/thetao_1.jpg
+ let i=1+1
+ cp /home/cfontana/DIAGS/GOR_2026-04-19/CMEMS/thetao/ITP_NC/PLOT/2026042000_thetao.jpg /home/cfontana/DIAGS/GOR_2026-04-19/static_GOR_2026-04-19/thetao_2.jpg
+ let i=2+1
+ cp /home/cfontana/DIAGS/GOR_2026-04-19/CMEMS/thetao/ITP_NC/PLOT/2026042100_thetao.jpg /home/cfontana/DIAGS/GOR_2026-04-19/static_GOR_2026-04-19/thetao_3.jpg
+ let i=3+1
+ cp /home/cfontana/DIAGS/GOR_2026-04-19/CMEMS/thetao/ITP_NC/PLOT/2026042200_thetao.jpg /home/cfontana/DIAGS/GOR_2026-04-19/static_GOR_2026-04-19/thetao_4.jpg
+ let i=4+1
+ cp /home/cfontana/DIAGS/GOR_2026-04-19/CMEMS/thetao/ITP_NC/PLOT/2026042300_thetao.jpg /home/cfontana/DIAGS/GOR_2026-04-19/static_GOR_2026-04-19/thetao_5.jpg
+ let i=5+1
+ cp /home/cfontana/DIAGS/GOR_2026-04-19/CMEMS/thetao/ITP_NC/PLOT/2026042400_thetao.jpg /home/cfontana/DIAGS/GOR_2026-04-19/static_GOR_2026-04-19/thetao_6.jpg
+ let i=6+1
+ cp /home/cfontana/DIAGS/GOR_2026-04-19/CMEMS/thetao/ITP_NC/time_series.jpg /home/cfontana/DIAGS/GOR_2026-04-19/static_GOR_2026-04-19/time_series_thetao.jpg
+ dir=/home/cfontana/DIAGS/GOR_2026-04-19/CMEMS/chl/ITP_NC
+ i=1
+ ls /home/cfontana/DIAGS/GOR_2026-04-19/CMEMS/chl/ITP_NC/PLOT/
+ cp /home/cfontana/DIAGS/GOR_2026-04-19/CMEMS/chl/ITP_NC/PLOT/2026041912_chl.jpg /home/cfontana/DIAGS/GOR_2026-04-19/static_GOR_2026-04-19/chl_1.jpg
+ let i=1+1
+ cp /home/cfontana/DIAGS/GOR_2026-04-19/CMEMS/chl/ITP_NC/PLOT/2026042012_chl.jpg /home/cfontana/DIAGS/GOR_2026-04-19/static_GOR_2026-04-19/chl_2.jpg
+ let i=2+1
+ cp /home/cfontana/DIAGS/GOR_2026-04-19/CMEMS/chl/ITP_NC/PLOT/2026042112_chl.jpg /home/cfontana/DIAGS/GOR_2026-04-19/static_GOR_2026-04-19/chl_3.jpg
+ let i=3+1
+ cp /home/cfontana/DIAGS/GOR_2026-04-19/CMEMS/chl/ITP_NC/PLOT/2026042212_chl.jpg /home/cfontana/DIAGS/GOR_2026-04-19/static_GOR_2026-04-19/chl_4.jpg
+ let i=4+1
+ cp /home/cfontana/DIAGS/GOR_2026-04-19/CMEMS/chl/ITP_NC/PLOT/2026042312_chl.jpg /home/cfontana/DIAGS/GOR_2026-04-19/static_GOR_2026-04-19/chl_5.jpg
+ let i=5+1
+ cp /home/cfontana/DIAGS/GOR_2026-04-19/CMEMS/chl/ITP_NC/PLOT/2026042412_chl.jpg /home/cfontana/DIAGS/GOR_2026-04-19/static_GOR_2026-04-19/chl_6.jpg
+ let i=6+1
+ cp /home/cfontana/DIAGS/GOR_2026-04-19/CMEMS/chl/ITP_NC/time_series.jpg /home/cfontana/DIAGS/GOR_2026-04-19/static_GOR_2026-04-19/time_series_chl.jpg
+ dir=/home/cfontana/DIAGS/GOR_2026-04-19/RADAR/
+ i=1
+ ls /home/cfontana/DIAGS/GOR_2026-04-19/RADAR//20260419_00.jpg /home/cfontana/DIAGS/GOR_2026-04-19/RADAR//20260420_00.jpg /home/cfontana/DIAGS/GOR_2026-04-19/RADAR//20260421_00.jpg /home/cfontana/DIAGS/GOR_2026-04-19/RADAR//20260422_00.jpg /home/cfontana/DIAGS/GOR_2026-04-19/RADAR//20260423_00.jpg /home/cfontana/DIAGS/GOR_2026-04-19/RADAR//20260424_00.jpg
+ cp /home/cfontana/DIAGS/GOR_2026-04-19/RADAR//20260419_00.jpg /home/cfontana/DIAGS/GOR_2026-04-19/static_GOR_2026-04-19/radar_1.jpg
+ let i=1+1
+ cp /home/cfontana/DIAGS/GOR_2026-04-19/RADAR//20260420_00.jpg /home/cfontana/DIAGS/GOR_2026-04-19/static_GOR_2026-04-19/radar_2.jpg
+ let i=2+1
+ cp /home/cfontana/DIAGS/GOR_2026-04-19/RADAR//20260421_00.jpg /home/cfontana/DIAGS/GOR_2026-04-19/static_GOR_2026-04-19/radar_3.jpg
+ let i=3+1
+ cp /home/cfontana/DIAGS/GOR_2026-04-19/RADAR//20260422_00.jpg /home/cfontana/DIAGS/GOR_2026-04-19/static_GOR_2026-04-19/radar_4.jpg
+ let i=4+1
+ cp /home/cfontana/DIAGS/GOR_2026-04-19/RADAR//20260423_00.jpg /home/cfontana/DIAGS/GOR_2026-04-19/static_GOR_2026-04-19/radar_5.jpg
+ let i=5+1
+ cp /home/cfontana/DIAGS/GOR_2026-04-19/RADAR//20260424_00.jpg /home/cfontana/DIAGS/GOR_2026-04-19/static_GOR_2026-04-19/radar_6.jpg
+ let i=6+1
+ dir=/home/cfontana/DIAGS/GOR_2026-04-19/ARGO/
+ ls -d '/home/cfontana/DIAGS/GOR_2026-04-19/ARGO//bio*/'
ls: cannot access '/home/cfontana/DIAGS/GOR_2026-04-19/ARGO//bio*/': No such file or directory
+ i=1
+ 1> /home/cfontana/DIAGS/GOR_2026-04-19/static_GOR_2026-04-19/list.txt
+ ls -d '/home/cfontana/DIAGS/GOR_2026-04-19/ARGO//*/'
ls: cannot access '/home/cfontana/DIAGS/GOR_2026-04-19/ARGO//*/': No such file or directory
+ cp /home/cfontana/DIAGS/GOR_2026-04-19/ARGO//map.jpg /home/cfontana/DIAGS/GOR_2026-04-19/static_GOR_2026-04-19
cp: cannot stat '/home/cfontana/DIAGS/GOR_2026-04-19/ARGO//map.jpg': No such file or directory
+ scp -r /home/cfontana/DIAGS/GOR_2026-04-19/static_GOR_2026-04-19 yulpa175555@webhost03.yulpa.io:/datas/yulpa175555/sites/merval.eg2.fr/htdocs/DIAGS
+ echo 'PROCESSING GOT'
PROCESSING GOT
+ echo '_______________ '
_______________ 
+ config=GOT_2026-04-19
+ awk '{print tolower($0)}'
+ echo GOT
+ lower=got
+ set -x
+ sed -e s/FREQ/hourly/
+ sed -e s/DEND/2026-04-24/
+ 1> config/config_GOT_2026-04-19.json
+ cat config/config_GOT.json
+ sed -e s/DINI/2026-04-19/g
+ sed -e s/DOUT/20260419/
+ cp config/cmems_DOMAIN.dat config/cmems_GOT_2026-04-19.dat
+ cp config/variables_mit_DOMAIN.dat config/variables_mit_GOT_2026-04-19.dat
+ jq -r .diagdir config/config_GOT_2026-04-19.json
+ diagdir=/home/cfontana/DIAGS/GOT_2026-04-19
+ jq -r .radardir config/config_GOT_2026-04-19.json
+ radardir=/home/cfontana/RADAR/
+ [ 0 -eq 0 -a 0 -eq 1 ]
+ [ 1 -eq 1 ]
+ cd datasets/CMEMS
+ python get_data_sat.py -c GOT_2026-04-19 -v thetao
INFO - 2026-04-20T10:10:12Z - Selected dataset version: "202311"
INFO - 2026-04-20T10:10:12Z - Selected dataset part: "default"
WARNING - 2026-04-20T10:10:12Z - Some of your subset selection [44.41927205960577, 46.8307303929391] for the latitude dimension exceed the dataset coordinates [30.25, 46.0]
WARNING - 2026-04-20T10:10:12Z - Some of your subset selection [2026-04-19 00:00:00+00:00, 2026-04-24 00:00:00+00:00] for the time dimension exceed the dataset coordinates [2008-01-01 00:00:00+00:00, 2026-04-20 00:00:00+00:00]
----------------------------------
=> Config file GOT_2026-04-19 loaded
----------------------------------

Downloading CMEMS products : SST_MED_SST_L3S_NRT_OBSERVATIONS_010_012_a
=> Variable [np.str_('sea_surface_temperature')] 


[FILE SAVED ] /home/cfontana/DIAGS/GOT_2026-04-19/CMEMS/data/SST_MED_SST_L3S_NRT_OBSERVATIONS_010_012_a.nc
+ python interp_cmems.py -c GOT_2026-04-19 -v thetao
----------------------------------
=> Config file GOT_2026-04-19 loaded
----------------------------------


[FILE SAVED] /home/cfontana/DIAGS/GOT_2026-04-19/CMEMS/thetao/ITP_NC/thetao_20260419.nc


[FILE SAVED] /home/cfontana/DIAGS/GOT_2026-04-19/CMEMS/thetao/ITP_NC/thetao_20260420.nc

Traceback (most recent call last):
  File "/home/cfontana/DATA_MED/datasets/CMEMS/interp_cmems.py", line 95, in <module>
    data = np.array(ds[cvar][i,:,:]).squeeze().flatten()
                    ~~~~~~~~^^^^^^^
  File "src/netCDF4/_netCDF4.pyx", line 5107, in netCDF4._netCDF4.Variable.__getitem__
  File "src/netCDF4/_netCDF4.pyx", line 6079, in netCDF4._netCDF4.Variable._get
IndexError: index exceeds dimension bounds
+ [ 1 -eq 2 ]
+ cd ../../plot
+ python plot_CMEMS_pickle_data_vs_sat.py -c GOT_2026-04-19 -v thetao -s CMEMS
----------------------------------
=> Config file GOT_2026-04-19 loaded
----------------------------------

Processing
739725 15.648225017117731 15.094832 nan 0.6857142857142857
739726 15.935303075295506 15.317085 nan 0.6857142857142857
[Errno 2] No such file or directory: '/home/cfontana/DIAGS/GOT_2026-04-19/CMEMS/thetao/ITP_NC/thetao_20260421.nc' 

=> in get_sat_2D :
Error processing file /home/cfontana/DIAGS/GOT_2026-04-19/CMEMS/thetao/ITP_NC/thetao_20260421.nc
File not found
739727 15.913642210464973 nan 16.614068489098734 1
[Errno 2] No such file or directory: '/home/cfontana/DIAGS/GOT_2026-04-19/CMEMS/thetao/ITP_NC/thetao_20260422.nc' 

=> in get_sat_2D :
Error processing file /home/cfontana/DIAGS/GOT_2026-04-19/CMEMS/thetao/ITP_NC/thetao_20260422.nc
File not found
739728 14.84943620074879 nan 16.17618528742081 1
[Errno 2] No such file or directory: '/home/cfontana/DIAGS/GOT_2026-04-19/CMEMS/thetao/ITP_NC/thetao_20260423.nc' 

=> in get_sat_2D :
Error processing file /home/cfontana/DIAGS/GOT_2026-04-19/CMEMS/thetao/ITP_NC/thetao_20260423.nc
File not found
739729 14.523251507189366 nan 15.717552991584627 1
[Errno 2] No such file or directory: '/home/cfontana/DIAGS/GOT_2026-04-19/CMEMS/thetao/ITP_NC/thetao_20260424.nc' 

=> in get_sat_2D :
Error processing file /home/cfontana/DIAGS/GOT_2026-04-19/CMEMS/thetao/ITP_NC/thetao_20260424.nc
File not found
739730 14.860639108001411 nan 15.690062946202973 1
[SAVED FIG] /home/cfontana/DIAGS/GOT_2026-04-19/CMEMS/thetao/ITP_NC/PLOT/2026041900_thetao.jpg
[SAVED FIG] /home/cfontana/DIAGS/GOT_2026-04-19/CMEMS/thetao/ITP_NC/PLOT/2026042000_thetao.jpg
[SAVED FIG] /home/cfontana/DIAGS/GOT_2026-04-19/CMEMS/thetao/ITP_NC/PLOT/2026042100_thetao.jpg
[SAVED FIG] /home/cfontana/DIAGS/GOT_2026-04-19/CMEMS/thetao/ITP_NC/PLOT/2026042200_thetao.jpg
[SAVED FIG] /home/cfontana/DIAGS/GOT_2026-04-19/CMEMS/thetao/ITP_NC/PLOT/2026042300_thetao.jpg
[SAVED FIG] /home/cfontana/DIAGS/GOT_2026-04-19/CMEMS/thetao/ITP_NC/PLOT/2026042400_thetao.jpg
+ python plot_sat_CMEMS_timeseries.py -c GOT_2026-04-19 -v thetao -s CMEMS
----------------------------------
=> Config file GOT_2026-04-19 loaded
----------------------------------

[SAVED FIG] /home/cfontana/DIAGS/GOT_2026-04-19/CMEMS/thetao/ITP_NC/time_series.jpg
+ cd ..
+ [ 1 -eq 1 ]
+ cd datasets/HFRADAR
+ python read_radar.py -c GOT_2026-04-19
----------------------------------
=> Config file GOT_2026-04-19 loaded
----------------------------------


----------
20260419 0
[Errno 2] No such file or directory: '/home/cfontana/RADAR//2026-04-19/EUHFR_NRTcurrent_HFR-TirLig-Total_v3.nc'
[Errno 2] No such file or directory: '/home/cfontana/RADAR//2026-04-19/EUHFR_NRTcurrent_HFR-ARPAS-Total_v3.nc'
[Errno 2] No such file or directory: '/home/cfontana/RADAR//2026-04-19/EUHFR_NRTcurrent_HFR-LaMMA-Total_v3.nc'
[Errno 2] No such file or directory: '/home/cfontana/RADAR//2026-04-19/EUHFR_NRTcurrent_HFR-GoS-Total_v3.nc'
[Errno 2] No such file or directory: '/home/cfontana/RADAR//2026-04-19/EUHFR_NRTcurrent_HFR-WesternItaly-Total_v3.nc'
[Errno 2] No such file or directory: '/home/cfontana/RADAR//2026-04-19/EUHFR_NRTcurrent_HFR-Granitola-Total_v3.nc'
[Errno 2] No such file or directory: '/home/cfontana/RADAR//2026-04-19/EUHFR_NRTcurrent_HFR-NAdr-Total_v3.nc'
[Errno 2] No such file or directory: '/home/cfontana/RADAR//2026-04-19/EUHFR_NRTcurrent_HFR-GoM-Total_v3.nc'
[SAVED FIG] /home/cfontana/DIAGS/GOT_2026-04-19/RADAR/20260419_00.jpg

----------
20260420 0
[Errno 2] No such file or directory: '/home/cfontana/RADAR//2026-04-19/EUHFR_NRTcurrent_HFR-TirLig-Total_v3.nc'
[Errno 2] No such file or directory: '/home/cfontana/RADAR//2026-04-19/EUHFR_NRTcurrent_HFR-ARPAS-Total_v3.nc'
[Errno 2] No such file or directory: '/home/cfontana/RADAR//2026-04-19/EUHFR_NRTcurrent_HFR-LaMMA-Total_v3.nc'
[Errno 2] No such file or directory: '/home/cfontana/RADAR//2026-04-19/EUHFR_NRTcurrent_HFR-GoS-Total_v3.nc'
[Errno 2] No such file or directory: '/home/cfontana/RADAR//2026-04-19/EUHFR_NRTcurrent_HFR-WesternItaly-Total_v3.nc'
[Errno 2] No such file or directory: '/home/cfontana/RADAR//2026-04-19/EUHFR_NRTcurrent_HFR-Granitola-Total_v3.nc'
[Errno 2] No such file or directory: '/home/cfontana/RADAR//2026-04-19/EUHFR_NRTcurrent_HFR-NAdr-Total_v3.nc'
[Errno 2] No such file or directory: '/home/cfontana/RADAR//2026-04-19/EUHFR_NRTcurrent_HFR-GoM-Total_v3.nc'
[SAVED FIG] /home/cfontana/DIAGS/GOT_2026-04-19/RADAR/20260420_00.jpg

----------
20260421 0
[Errno 2] No such file or directory: '/home/cfontana/RADAR//2026-04-19/EUHFR_NRTcurrent_HFR-TirLig-Total_v3.nc'
[Errno 2] No such file or directory: '/home/cfontana/RADAR//2026-04-19/EUHFR_NRTcurrent_HFR-ARPAS-Total_v3.nc'
[Errno 2] No such file or directory: '/home/cfontana/RADAR//2026-04-19/EUHFR_NRTcurrent_HFR-LaMMA-Total_v3.nc'
[Errno 2] No such file or directory: '/home/cfontana/RADAR//2026-04-19/EUHFR_NRTcurrent_HFR-GoS-Total_v3.nc'
[Errno 2] No such file or directory: '/home/cfontana/RADAR//2026-04-19/EUHFR_NRTcurrent_HFR-WesternItaly-Total_v3.nc'
[Errno 2] No such file or directory: '/home/cfontana/RADAR//2026-04-19/EUHFR_NRTcurrent_HFR-Granitola-Total_v3.nc'
[Errno 2] No such file or directory: '/home/cfontana/RADAR//2026-04-19/EUHFR_NRTcurrent_HFR-NAdr-Total_v3.nc'
[Errno 2] No such file or directory: '/home/cfontana/RADAR//2026-04-19/EUHFR_NRTcurrent_HFR-GoM-Total_v3.nc'
[SAVED FIG] /home/cfontana/DIAGS/GOT_2026-04-19/RADAR/20260421_00.jpg

----------
20260422 0
[Errno 2] No such file or directory: '/home/cfontana/RADAR//2026-04-19/EUHFR_NRTcurrent_HFR-TirLig-Total_v3.nc'
[Errno 2] No such file or directory: '/home/cfontana/RADAR//2026-04-19/EUHFR_NRTcurrent_HFR-ARPAS-Total_v3.nc'
[Errno 2] No such file or directory: '/home/cfontana/RADAR//2026-04-19/EUHFR_NRTcurrent_HFR-LaMMA-Total_v3.nc'
[Errno 2] No such file or directory: '/home/cfontana/RADAR//2026-04-19/EUHFR_NRTcurrent_HFR-GoS-Total_v3.nc'
[Errno 2] No such file or directory: '/home/cfontana/RADAR//2026-04-19/EUHFR_NRTcurrent_HFR-WesternItaly-Total_v3.nc'
[Errno 2] No such file or directory: '/home/cfontana/RADAR//2026-04-19/EUHFR_NRTcurrent_HFR-Granitola-Total_v3.nc'
[Errno 2] No such file or directory: '/home/cfontana/RADAR//2026-04-19/EUHFR_NRTcurrent_HFR-NAdr-Total_v3.nc'
[Errno 2] No such file or directory: '/home/cfontana/RADAR//2026-04-19/EUHFR_NRTcurrent_HFR-GoM-Total_v3.nc'
[SAVED FIG] /home/cfontana/DIAGS/GOT_2026-04-19/RADAR/20260422_00.jpg

----------
20260423 0
[Errno 2] No such file or directory: '/home/cfontana/RADAR//2026-04-19/EUHFR_NRTcurrent_HFR-TirLig-Total_v3.nc'
[Errno 2] No such file or directory: '/home/cfontana/RADAR//2026-04-19/EUHFR_NRTcurrent_HFR-ARPAS-Total_v3.nc'
[Errno 2] No such file or directory: '/home/cfontana/RADAR//2026-04-19/EUHFR_NRTcurrent_HFR-LaMMA-Total_v3.nc'
[Errno 2] No such file or directory: '/home/cfontana/RADAR//2026-04-19/EUHFR_NRTcurrent_HFR-GoS-Total_v3.nc'
[Errno 2] No such file or directory: '/home/cfontana/RADAR//2026-04-19/EUHFR_NRTcurrent_HFR-WesternItaly-Total_v3.nc'
[Errno 2] No such file or directory: '/home/cfontana/RADAR//2026-04-19/EUHFR_NRTcurrent_HFR-Granitola-Total_v3.nc'
[Errno 2] No such file or directory: '/home/cfontana/RADAR//2026-04-19/EUHFR_NRTcurrent_HFR-NAdr-Total_v3.nc'
[Errno 2] No such file or directory: '/home/cfontana/RADAR//2026-04-19/EUHFR_NRTcurrent_HFR-GoM-Total_v3.nc'
[SAVED FIG] /home/cfontana/DIAGS/GOT_2026-04-19/RADAR/20260423_00.jpg

----------
20260424 0
[Errno 2] No such file or directory: '/home/cfontana/RADAR//2026-04-19/EUHFR_NRTcurrent_HFR-TirLig-Total_v3.nc'
[Errno 2] No such file or directory: '/home/cfontana/RADAR//2026-04-19/EUHFR_NRTcurrent_HFR-ARPAS-Total_v3.nc'
[Errno 2] No such file or directory: '/home/cfontana/RADAR//2026-04-19/EUHFR_NRTcurrent_HFR-LaMMA-Total_v3.nc'
[Errno 2] No such file or directory: '/home/cfontana/RADAR//2026-04-19/EUHFR_NRTcurrent_HFR-GoS-Total_v3.nc'
[Errno 2] No such file or directory: '/home/cfontana/RADAR//2026-04-19/EUHFR_NRTcurrent_HFR-WesternItaly-Total_v3.nc'
[Errno 2] No such file or directory: '/home/cfontana/RADAR//2026-04-19/EUHFR_NRTcurrent_HFR-Granitola-Total_v3.nc'
[Errno 2] No such file or directory: '/home/cfontana/RADAR//2026-04-19/EUHFR_NRTcurrent_HFR-NAdr-Total_v3.nc'
[Errno 2] No such file or directory: '/home/cfontana/RADAR//2026-04-19/EUHFR_NRTcurrent_HFR-GoM-Total_v3.nc'
[SAVED FIG] /home/cfontana/DIAGS/GOT_2026-04-19/RADAR/20260424_00.jpg
+ cd ../..
+ sed -e s/FREQ/daily/
+ 1> config/config_GOT_2026-04-19.json
+ cat config/config_GOT.json
+ sed -e s/DINI/2026-04-19/g
+ sed -e s/DOUT/20260419/
+ sed -e s/DEND/2026-04-24/
+ [ 1 -eq 1 ]
+ cd datasets/CMEMS
+ python get_data_sat.py -c GOT_2026-04-19 -v chl
INFO - 2026-04-20T10:16:16Z - Selected dataset version: "202211"
INFO - 2026-04-20T10:16:16Z - Selected dataset part: "default"
WARNING - 2026-04-20T10:16:16Z - Some of your subset selection [44.41927205960577, 46.8307303929391] for the latitude dimension exceed the dataset coordinates [30.005064010620117, 45.994937896728516]
WARNING - 2026-04-20T10:16:16Z - Some of your subset selection [2026-04-19 00:00:00+00:00, 2026-04-24 00:00:00+00:00] for the time dimension exceed the dataset coordinates [2023-04-29 00:00:00+00:00, 2026-04-19 00:00:00+00:00]
----------------------------------
=> Config file GOT_2026-04-19 loaded
----------------------------------

Downloading CMEMS products : cmems_obs-oc_med_bgc-plankton_nrt_l3-multi-1km_P1D
=> Variable ['CHL', 'KD490'] 


[FILE SAVED ] /home/cfontana/DIAGS/GOT_2026-04-19/CMEMS/data/cmems_obs-oc_med_bgc-plankton_nrt_l3-multi-1km_P1D.nc
+ python interp_cmems.py -c GOT_2026-04-19 -v chl
----------------------------------
=> Config file GOT_2026-04-19 loaded
----------------------------------


[FILE SAVED] /home/cfontana/DIAGS/GOT_2026-04-19/CMEMS/chl/ITP_NC/chl_20260419.nc

Traceback (most recent call last):
  File "/home/cfontana/DATA_MED/datasets/CMEMS/interp_cmems.py", line 95, in <module>
    data = np.array(ds[cvar][i,:,:]).squeeze().flatten()
                    ~~~~~~~~^^^^^^^
  File "src/netCDF4/_netCDF4.pyx", line 5107, in netCDF4._netCDF4.Variable.__getitem__
  File "src/netCDF4/_netCDF4.pyx", line 6079, in netCDF4._netCDF4.Variable._get
IndexError: index exceeds dimension bounds
+ [ 1 -eq 2 ]
+ cd ../../plot
+ python plot_CMEMS_pickle_data_vs_sat.py -c GOT_2026-04-19 -v chl -s CMEMS
----------------------------------
=> Config file GOT_2026-04-19 loaded
----------------------------------

Processing
739725 nan nan nan 0.0
[Errno 2] No such file or directory: '/home/cfontana/DIAGS/GOT_2026-04-19/CMEMS/chl/ITP_NC/chl_20260420.nc' 

=> in get_sat_2D :
Error processing file /home/cfontana/DIAGS/GOT_2026-04-19/CMEMS/chl/ITP_NC/chl_20260420.nc
File not found
739726 0.4241349967615839 nan 0.2797621671011673 1
[Errno 2] No such file or directory: '/home/cfontana/DIAGS/GOT_2026-04-19/CMEMS/chl/ITP_NC/chl_20260421.nc' 

=> in get_sat_2D :
Error processing file /home/cfontana/DIAGS/GOT_2026-04-19/CMEMS/chl/ITP_NC/chl_20260421.nc
File not found
739727 0.43966394497811334 nan 0.2752025270732003 1
[Errno 2] No such file or directory: '/home/cfontana/DIAGS/GOT_2026-04-19/CMEMS/chl/ITP_NC/chl_20260422.nc' 

=> in get_sat_2D :
Error processing file /home/cfontana/DIAGS/GOT_2026-04-19/CMEMS/chl/ITP_NC/chl_20260422.nc
File not found
739728 0.42501075206919736 nan 0.263181251763536 1
[Errno 2] No such file or directory: '/home/cfontana/DIAGS/GOT_2026-04-19/CMEMS/chl/ITP_NC/chl_20260423.nc' 

=> in get_sat_2D :
Error processing file /home/cfontana/DIAGS/GOT_2026-04-19/CMEMS/chl/ITP_NC/chl_20260423.nc
File not found
739729 0.43199504576559433 nan 0.2550838184737789 1
[Errno 2] No such file or directory: '/home/cfontana/DIAGS/GOT_2026-04-19/CMEMS/chl/ITP_NC/chl_20260424.nc' 

=> in get_sat_2D :
Error processing file /home/cfontana/DIAGS/GOT_2026-04-19/CMEMS/chl/ITP_NC/chl_20260424.nc
File not found
739730 0.4501672190700456 nan 0.25002519350277397 1
[SAVED FIG] /home/cfontana/DIAGS/GOT_2026-04-19/CMEMS/chl/ITP_NC/PLOT/2026041912_chl.jpg
[SAVED FIG] /home/cfontana/DIAGS/GOT_2026-04-19/CMEMS/chl/ITP_NC/PLOT/2026042012_chl.jpg
[SAVED FIG] /home/cfontana/DIAGS/GOT_2026-04-19/CMEMS/chl/ITP_NC/PLOT/2026042112_chl.jpg
[SAVED FIG] /home/cfontana/DIAGS/GOT_2026-04-19/CMEMS/chl/ITP_NC/PLOT/2026042212_chl.jpg
[SAVED FIG] /home/cfontana/DIAGS/GOT_2026-04-19/CMEMS/chl/ITP_NC/PLOT/2026042312_chl.jpg
[SAVED FIG] /home/cfontana/DIAGS/GOT_2026-04-19/CMEMS/chl/ITP_NC/PLOT/2026042412_chl.jpg
+ python plot_sat_CMEMS_timeseries.py -c GOT_2026-04-19 -v chl -s CMEMS
----------------------------------
=> Config file GOT_2026-04-19 loaded
----------------------------------

[SAVED FIG] /home/cfontana/DIAGS/GOT_2026-04-19/CMEMS/chl/ITP_NC/time_series.jpg
+ cd ..
+ [ 1 -eq 0 ]
+ [ 1 -eq 1 ]
+ source /home/cfontana/venv/a/bin/activate
+ 1> /dev/null
+ deactivate nondestructive
+ [ -n /home/cfontana/venv/c/bin:/usr/local/sbin:/usr/local/bin:/usr/sbin:/usr/bin:/sbin:/bin:/usr/games:/usr/local/games:/snap/bin ]
+ PATH=/home/cfontana/venv/c/bin:/usr/local/sbin:/usr/local/bin:/usr/sbin:/usr/bin:/sbin:/bin:/usr/games:/usr/local/games:/snap/bin
+ export PATH
+ unset _OLD_VIRTUAL_PATH
+ [ -n '' ]
+ hash -r
+ 2> /dev/null
+ [ -n '(c) \[\e]0;\u@\h: \w\a\]${debian_chroot:+($debian_chroot)}\[\033[01;32m\]\u@\h\[\033[00m\]:\[\033[01;34m\]\w\[\033[00m\]\$ ' ]
+ PS1='(c) \[\e]0;\u@\h: \w\a\]${debian_chroot:+($debian_chroot)}\[\033[01;32m\]\u@\h\[\033[00m\]:\[\033[01;34m\]\w\[\033[00m\]\$ '
+ export PS1
+ unset _OLD_VIRTUAL_PS1
+ unset VIRTUAL_ENV
+ unset VIRTUAL_ENV_PROMPT
+ [ ! nondestructive '=' nondestructive ]
+ [ '' '=' cygwin ]
+ [ '' '=' msys ]
+ VIRTUAL_ENV=/home/cfontana/venv/a
+ export VIRTUAL_ENV
+ _OLD_VIRTUAL_PATH=/home/cfontana/venv/c/bin:/usr/local/sbin:/usr/local/bin:/usr/sbin:/usr/bin:/sbin:/bin:/usr/games:/usr/local/games:/snap/bin
+ PATH=/home/cfontana/venv/a/bin:/home/cfontana/venv/c/bin:/usr/local/sbin:/usr/local/bin:/usr/sbin:/usr/bin:/sbin:/bin:/usr/games:/usr/local/games:/snap/bin
+ export PATH
+ [ -n '' ]
+ [ -z '' ]
+ _OLD_VIRTUAL_PS1='(c) \[\e]0;\u@\h: \w\a\]${debian_chroot:+($debian_chroot)}\[\033[01;32m\]\u@\h\[\033[00m\]:\[\033[01;34m\]\w\[\033[00m\]\$ '
+ PS1='(a) (c) \[\e]0;\u@\h: \w\a\]${debian_chroot:+($debian_chroot)}\[\033[01;32m\]\u@\h\[\033[00m\]:\[\033[01;34m\]\w\[\033[00m\]\$ '
+ export PS1
+ VIRTUAL_ENV_PROMPT='(a) '
+ export VIRTUAL_ENV_PROMPT
+ hash -r
+ 2> /dev/null
+ sed -i s/daily/hourly/ config/config_GOT_2026-04-19.json
+ cd datasets/ARGO
+ python get_argo.py -c GOT_2026-04-19
Traceback (most recent call last):
  File "/home/cfontana/DATA_MED/datasets/ARGO/get_argo.py", line 9, in <module>
    from fun_gen import *
  File "/home/cfontana/DATA_MED/modules/fun_gen.py", line 5, in <module>
    from fun_io import load_coords
  File "/home/cfontana/DATA_MED/modules/fun_io.py", line 15, in <module>
    import copernicusmarine
ModuleNotFoundError: No module named 'copernicusmarine'
+ [ 1 -eq 0 ]
+ cd ../../
+ sed -i s/phy/bgc/ config/config_GOT_2026-04-19.json
+ cd datasets/ARGO
+ python get_argo.py -c GOT_2026-04-19
Traceback (most recent call last):
  File "/home/cfontana/DATA_MED/datasets/ARGO/get_argo.py", line 9, in <module>
    from fun_gen import *
  File "/home/cfontana/DATA_MED/modules/fun_gen.py", line 5, in <module>
    from fun_io import load_coords
  File "/home/cfontana/DATA_MED/modules/fun_io.py", line 15, in <module>
    import copernicusmarine
ModuleNotFoundError: No module named 'copernicusmarine'
+ [ 1 -eq 0 ]
+ cd ../../
+ [ 1 -eq 1 ]
+ source /home/cfontana/venv/c/bin/activate
+ 1> /dev/null
+ deactivate nondestructive
+ [ -n /home/cfontana/venv/c/bin:/usr/local/sbin:/usr/local/bin:/usr/sbin:/usr/bin:/sbin:/bin:/usr/games:/usr/local/games:/snap/bin ]
+ PATH=/home/cfontana/venv/c/bin:/usr/local/sbin:/usr/local/bin:/usr/sbin:/usr/bin:/sbin:/bin:/usr/games:/usr/local/games:/snap/bin
+ export PATH
+ unset _OLD_VIRTUAL_PATH
+ [ -n '' ]
+ hash -r
+ 2> /dev/null
+ [ -n '(c) \[\e]0;\u@\h: \w\a\]${debian_chroot:+($debian_chroot)}\[\033[01;32m\]\u@\h\[\033[00m\]:\[\033[01;34m\]\w\[\033[00m\]\$ ' ]
+ PS1='(c) \[\e]0;\u@\h: \w\a\]${debian_chroot:+($debian_chroot)}\[\033[01;32m\]\u@\h\[\033[00m\]:\[\033[01;34m\]\w\[\033[00m\]\$ '
+ export PS1
+ unset _OLD_VIRTUAL_PS1
+ unset VIRTUAL_ENV
+ unset VIRTUAL_ENV_PROMPT
+ [ ! nondestructive '=' nondestructive ]
+ [ '' '=' cygwin ]
+ [ '' '=' msys ]
+ VIRTUAL_ENV=/home/cfontana/venv/c
+ export VIRTUAL_ENV
+ _OLD_VIRTUAL_PATH=/home/cfontana/venv/c/bin:/usr/local/sbin:/usr/local/bin:/usr/sbin:/usr/bin:/sbin:/bin:/usr/games:/usr/local/games:/snap/bin
+ PATH=/home/cfontana/venv/c/bin:/home/cfontana/venv/c/bin:/usr/local/sbin:/usr/local/bin:/usr/sbin:/usr/bin:/sbin:/bin:/usr/games:/usr/local/games:/snap/bin
+ export PATH
+ [ -n '' ]
+ [ -z '' ]
+ _OLD_VIRTUAL_PS1='(c) \[\e]0;\u@\h: \w\a\]${debian_chroot:+($debian_chroot)}\[\033[01;32m\]\u@\h\[\033[00m\]:\[\033[01;34m\]\w\[\033[00m\]\$ '
+ PS1='(c) (c) \[\e]0;\u@\h: \w\a\]${debian_chroot:+($debian_chroot)}\[\033[01;32m\]\u@\h\[\033[00m\]:\[\033[01;34m\]\w\[\033[00m\]\$ '
+ export PS1
+ VIRTUAL_ENV_PROMPT='(c) '
+ export VIRTUAL_ENV_PROMPT
+ hash -r
+ 2> /dev/null
+ static=/home/cfontana/DIAGS/GOT_2026-04-19/static_GOT_2026-04-19
+ mkdir /home/cfontana/DIAGS/GOT_2026-04-19/static_GOT_2026-04-19
+ dir=/home/cfontana/DIAGS/GOT_2026-04-19/CMEMS/thetao/ITP_NC
+ i=1
+ ls /home/cfontana/DIAGS/GOT_2026-04-19/CMEMS/thetao/ITP_NC/PLOT/
+ cp /home/cfontana/DIAGS/GOT_2026-04-19/CMEMS/thetao/ITP_NC/PLOT/2026041900_thetao.jpg /home/cfontana/DIAGS/GOT_2026-04-19/static_GOT_2026-04-19/thetao_1.jpg
+ let i=1+1
+ cp /home/cfontana/DIAGS/GOT_2026-04-19/CMEMS/thetao/ITP_NC/PLOT/2026042000_thetao.jpg /home/cfontana/DIAGS/GOT_2026-04-19/static_GOT_2026-04-19/thetao_2.jpg
+ let i=2+1
+ cp /home/cfontana/DIAGS/GOT_2026-04-19/CMEMS/thetao/ITP_NC/PLOT/2026042100_thetao.jpg /home/cfontana/DIAGS/GOT_2026-04-19/static_GOT_2026-04-19/thetao_3.jpg
+ let i=3+1
+ cp /home/cfontana/DIAGS/GOT_2026-04-19/CMEMS/thetao/ITP_NC/PLOT/2026042200_thetao.jpg /home/cfontana/DIAGS/GOT_2026-04-19/static_GOT_2026-04-19/thetao_4.jpg
+ let i=4+1
+ cp /home/cfontana/DIAGS/GOT_2026-04-19/CMEMS/thetao/ITP_NC/PLOT/2026042300_thetao.jpg /home/cfontana/DIAGS/GOT_2026-04-19/static_GOT_2026-04-19/thetao_5.jpg
+ let i=5+1
+ cp /home/cfontana/DIAGS/GOT_2026-04-19/CMEMS/thetao/ITP_NC/PLOT/2026042400_thetao.jpg /home/cfontana/DIAGS/GOT_2026-04-19/static_GOT_2026-04-19/thetao_6.jpg
+ let i=6+1
+ cp /home/cfontana/DIAGS/GOT_2026-04-19/CMEMS/thetao/ITP_NC/time_series.jpg /home/cfontana/DIAGS/GOT_2026-04-19/static_GOT_2026-04-19/time_series_thetao.jpg
+ dir=/home/cfontana/DIAGS/GOT_2026-04-19/CMEMS/chl/ITP_NC
+ i=1
+ ls /home/cfontana/DIAGS/GOT_2026-04-19/CMEMS/chl/ITP_NC/PLOT/
+ cp /home/cfontana/DIAGS/GOT_2026-04-19/CMEMS/chl/ITP_NC/PLOT/2026041912_chl.jpg /home/cfontana/DIAGS/GOT_2026-04-19/static_GOT_2026-04-19/chl_1.jpg
+ let i=1+1
+ cp /home/cfontana/DIAGS/GOT_2026-04-19/CMEMS/chl/ITP_NC/PLOT/2026042012_chl.jpg /home/cfontana/DIAGS/GOT_2026-04-19/static_GOT_2026-04-19/chl_2.jpg
+ let i=2+1
+ cp /home/cfontana/DIAGS/GOT_2026-04-19/CMEMS/chl/ITP_NC/PLOT/2026042112_chl.jpg /home/cfontana/DIAGS/GOT_2026-04-19/static_GOT_2026-04-19/chl_3.jpg
+ let i=3+1
+ cp /home/cfontana/DIAGS/GOT_2026-04-19/CMEMS/chl/ITP_NC/PLOT/2026042212_chl.jpg /home/cfontana/DIAGS/GOT_2026-04-19/static_GOT_2026-04-19/chl_4.jpg
+ let i=4+1
+ cp /home/cfontana/DIAGS/GOT_2026-04-19/CMEMS/chl/ITP_NC/PLOT/2026042312_chl.jpg /home/cfontana/DIAGS/GOT_2026-04-19/static_GOT_2026-04-19/chl_5.jpg
+ let i=5+1
+ cp /home/cfontana/DIAGS/GOT_2026-04-19/CMEMS/chl/ITP_NC/PLOT/2026042412_chl.jpg /home/cfontana/DIAGS/GOT_2026-04-19/static_GOT_2026-04-19/chl_6.jpg
+ let i=6+1
+ cp /home/cfontana/DIAGS/GOT_2026-04-19/CMEMS/chl/ITP_NC/time_series.jpg /home/cfontana/DIAGS/GOT_2026-04-19/static_GOT_2026-04-19/time_series_chl.jpg
+ dir=/home/cfontana/DIAGS/GOT_2026-04-19/RADAR/
+ i=1
+ ls /home/cfontana/DIAGS/GOT_2026-04-19/RADAR//20260419_00.jpg /home/cfontana/DIAGS/GOT_2026-04-19/RADAR//20260420_00.jpg /home/cfontana/DIAGS/GOT_2026-04-19/RADAR//20260421_00.jpg /home/cfontana/DIAGS/GOT_2026-04-19/RADAR//20260422_00.jpg /home/cfontana/DIAGS/GOT_2026-04-19/RADAR//20260423_00.jpg /home/cfontana/DIAGS/GOT_2026-04-19/RADAR//20260424_00.jpg
+ cp /home/cfontana/DIAGS/GOT_2026-04-19/RADAR//20260419_00.jpg /home/cfontana/DIAGS/GOT_2026-04-19/static_GOT_2026-04-19/radar_1.jpg
+ let i=1+1
+ cp /home/cfontana/DIAGS/GOT_2026-04-19/RADAR//20260420_00.jpg /home/cfontana/DIAGS/GOT_2026-04-19/static_GOT_2026-04-19/radar_2.jpg
+ let i=2+1
+ cp /home/cfontana/DIAGS/GOT_2026-04-19/RADAR//20260421_00.jpg /home/cfontana/DIAGS/GOT_2026-04-19/static_GOT_2026-04-19/radar_3.jpg
+ let i=3+1
+ cp /home/cfontana/DIAGS/GOT_2026-04-19/RADAR//20260422_00.jpg /home/cfontana/DIAGS/GOT_2026-04-19/static_GOT_2026-04-19/radar_4.jpg
+ let i=4+1
+ cp /home/cfontana/DIAGS/GOT_2026-04-19/RADAR//20260423_00.jpg /home/cfontana/DIAGS/GOT_2026-04-19/static_GOT_2026-04-19/radar_5.jpg
+ let i=5+1
+ cp /home/cfontana/DIAGS/GOT_2026-04-19/RADAR//20260424_00.jpg /home/cfontana/DIAGS/GOT_2026-04-19/static_GOT_2026-04-19/radar_6.jpg
+ let i=6+1
+ dir=/home/cfontana/DIAGS/GOT_2026-04-19/ARGO/
+ ls -d '/home/cfontana/DIAGS/GOT_2026-04-19/ARGO//bio*/'
ls: cannot access '/home/cfontana/DIAGS/GOT_2026-04-19/ARGO//bio*/': No such file or directory
+ i=1
+ 1> /home/cfontana/DIAGS/GOT_2026-04-19/static_GOT_2026-04-19/list.txt
+ ls -d '/home/cfontana/DIAGS/GOT_2026-04-19/ARGO//*/'
ls: cannot access '/home/cfontana/DIAGS/GOT_2026-04-19/ARGO//*/': No such file or directory
+ cp /home/cfontana/DIAGS/GOT_2026-04-19/ARGO//map.jpg /home/cfontana/DIAGS/GOT_2026-04-19/static_GOT_2026-04-19
cp: cannot stat '/home/cfontana/DIAGS/GOT_2026-04-19/ARGO//map.jpg': No such file or directory
+ scp -r /home/cfontana/DIAGS/GOT_2026-04-19/static_GOT_2026-04-19 yulpa175555@webhost03.yulpa.io:/datas/yulpa175555/sites/merval.eg2.fr/htdocs/DIAGS
+ echo 'PROCESSING GSN'
PROCESSING GSN
+ echo '_______________ '
_______________ 
+ config=GSN_2026-04-19
+ echo GSN
+ awk '{print tolower($0)}'
+ lower=gsn
+ set -x
+ sed -e s/FREQ/hourly/
+ sed -e s/DEND/2026-04-24/
+ cat config/config_GSN.json
+ sed -e s/DINI/2026-04-19/g
+ sed -e s/DOUT/20260419/
+ 1> config/config_GSN_2026-04-19.json
+ cp config/cmems_DOMAIN.dat config/cmems_GSN_2026-04-19.dat
+ cp config/variables_mit_DOMAIN.dat config/variables_mit_GSN_2026-04-19.dat
+ jq -r .diagdir config/config_GSN_2026-04-19.json
+ diagdir=/home/cfontana/DIAGS/GSN_2026-04-19
+ jq -r .radardir config/config_GSN_2026-04-19.json
+ radardir=/home/cfontana/RADAR/
+ [ 0 -eq 0 -a 0 -eq 1 ]
+ [ 1 -eq 1 ]
+ cd datasets/CMEMS
+ python get_data_sat.py -c GSN_2026-04-19 -v thetao
INFO - 2026-04-20T10:23:42Z - Selected dataset version: "202311"
INFO - 2026-04-20T10:23:42Z - Selected dataset part: "default"
WARNING - 2026-04-20T10:23:42Z - Some of your subset selection [44.627605409714455, 46.78906375646801] for the latitude dimension exceed the dataset coordinates [30.25, 46.0]
WARNING - 2026-04-20T10:23:42Z - Some of your subset selection [2026-04-19 00:00:00+00:00, 2026-04-24 00:00:00+00:00] for the time dimension exceed the dataset coordinates [2008-01-01 00:00:00+00:00, 2026-04-20 00:00:00+00:00]
----------------------------------
=> Config file GSN_2026-04-19 loaded
----------------------------------

Downloading CMEMS products : SST_MED_SST_L3S_NRT_OBSERVATIONS_010_012_a
=> Variable [np.str_('sea_surface_temperature')] 


[FILE SAVED ] /home/cfontana/DIAGS/GSN_2026-04-19/CMEMS/data/SST_MED_SST_L3S_NRT_OBSERVATIONS_010_012_a.nc
+ python interp_cmems.py -c GSN_2026-04-19 -v thetao
----------------------------------
=> Config file GSN_2026-04-19 loaded
----------------------------------


[FILE SAVED] /home/cfontana/DIAGS/GSN_2026-04-19/CMEMS/thetao/ITP_NC/thetao_20260419.nc


[FILE SAVED] /home/cfontana/DIAGS/GSN_2026-04-19/CMEMS/thetao/ITP_NC/thetao_20260420.nc

Traceback (most recent call last):
  File "/home/cfontana/DATA_MED/datasets/CMEMS/interp_cmems.py", line 95, in <module>
    data = np.array(ds[cvar][i,:,:]).squeeze().flatten()
                    ~~~~~~~~^^^^^^^
  File "src/netCDF4/_netCDF4.pyx", line 5107, in netCDF4._netCDF4.Variable.__getitem__
  File "src/netCDF4/_netCDF4.pyx", line 6079, in netCDF4._netCDF4.Variable._get
IndexError: index exceeds dimension bounds
+ [ 1 -eq 2 ]
+ cd ../../plot
+ python plot_CMEMS_pickle_data_vs_sat.py -c GSN_2026-04-19 -v thetao -s CMEMS
----------------------------------
=> Config file GSN_2026-04-19 loaded
----------------------------------

Processing
Traceback (most recent call last):
  File "/home/cfontana/venv/c/lib/python3.12/site-packages/xarray/backends/zarr.py", line 1874, in _get_open_params
    zarr_root_group = zarr.open_consolidated(store, **open_kwargs)
                      ^^^^^^^^^^^^^^^^^^^^^^^^^^^^^^^^^^^^^^^^^^^^
  File "/home/cfontana/venv/c/lib/python3.12/site-packages/zarr/api/synchronous.py", line 238, in open_consolidated
    sync(async_api.open_consolidated(*args, use_consolidated=use_consolidated, **kwargs))
  File "/home/cfontana/venv/c/lib/python3.12/site-packages/zarr/core/sync.py", line 159, in sync
    raise return_result
  File "/home/cfontana/venv/c/lib/python3.12/site-packages/zarr/core/sync.py", line 119, in _runner
    return await coro
           ^^^^^^^^^^
  File "/home/cfontana/venv/c/lib/python3.12/site-packages/zarr/api/asynchronous.py", line 415, in open_consolidated
    return await open_group(*args, use_consolidated=use_consolidated, **kwargs)
           ^^^^^^^^^^^^^^^^^^^^^^^^^^^^^^^^^^^^^^^^^^^^^^^^^^^^^^^^^^^^^^^^^^^^
  File "/home/cfontana/venv/c/lib/python3.12/site-packages/zarr/api/asynchronous.py", line 881, in open_group
    raise GroupNotFoundError(msg)
zarr.errors.GroupNotFoundError: No group found in store 'https://mer-staging.exact-lab.it/output/GSN/20260419-MER-MITgcmBFM-GSN-fc-hourly-v01.zarr' at path ''

During handling of the above exception, another exception occurred:

Traceback (most recent call last):
  File "/home/cfontana/DATA_MED/plot/plot_CMEMS_pickle_data_vs_sat.py", line 220, in <module>
    var2d = get_var_2D(jd,jdini,fname,var,hour,1) # !!!!
            ^^^^^^^^^^^^^^^^^^^^^^^^^^^^^^^^^^^^^
  File "/home/cfontana/DATA_MED/modules/fun_io.py", line 103, in get_var_2D
    ds = xr.open_dataset(fname,engine=ftype)
         ^^^^^^^^^^^^^^^^^^^^^^^^^^^^^^^^^^^
  File "/home/cfontana/venv/c/lib/python3.12/site-packages/xarray/backends/api.py", line 606, in open_dataset
    backend_ds = backend.open_dataset(
                 ^^^^^^^^^^^^^^^^^^^^^
  File "/home/cfontana/venv/c/lib/python3.12/site-packages/xarray/backends/zarr.py", line 1666, in open_dataset
    store = ZarrStore.open_group(
            ^^^^^^^^^^^^^^^^^^^^^
  File "/home/cfontana/venv/c/lib/python3.12/site-packages/xarray/backends/zarr.py", line 719, in open_group
    ) = _get_open_params(
        ^^^^^^^^^^^^^^^^^
  File "/home/cfontana/venv/c/lib/python3.12/site-packages/xarray/backends/zarr.py", line 1878, in _get_open_params
    zarr_root_group = zarr.open_group(store, **open_kwargs)
                      ^^^^^^^^^^^^^^^^^^^^^^^^^^^^^^^^^^^^^
  File "/home/cfontana/venv/c/lib/python3.12/site-packages/zarr/api/synchronous.py", line 549, in open_group
    sync(
  File "/home/cfontana/venv/c/lib/python3.12/site-packages/zarr/core/sync.py", line 159, in sync
    raise return_result
  File "/home/cfontana/venv/c/lib/python3.12/site-packages/zarr/core/sync.py", line 119, in _runner
    return await coro
           ^^^^^^^^^^
  File "/home/cfontana/venv/c/lib/python3.12/site-packages/zarr/api/asynchronous.py", line 881, in open_group
    raise GroupNotFoundError(msg)
zarr.errors.GroupNotFoundError: No group found in store 'https://mer-staging.exact-lab.it/output/GSN/20260419-MER-MITgcmBFM-GSN-fc-hourly-v01.zarr' at path ''
+ python plot_sat_CMEMS_timeseries.py -c GSN_2026-04-19 -v thetao -s CMEMS
----------------------------------
=> Config file GSN_2026-04-19 loaded
----------------------------------

Traceback (most recent call last):
  File "/home/cfontana/DATA_MED/plot/plot_sat_CMEMS_timeseries.py", line 88, in <module>
    data = np.loadtxt(fname,ndmin=2)
           ^^^^^^^^^^^^^^^^^^^^^^^^^
  File "/home/cfontana/venv/c/lib/python3.12/site-packages/numpy/lib/_npyio_impl.py", line 1384, in loadtxt
    arr = _read(fname, dtype=dtype, comment=comment, delimiter=delimiter,
          ^^^^^^^^^^^^^^^^^^^^^^^^^^^^^^^^^^^^^^^^^^^^^^^^^^^^^^^^^^^^^^^
  File "/home/cfontana/venv/c/lib/python3.12/site-packages/numpy/lib/_npyio_impl.py", line 1011, in _read
    fh = np.lib._datasource.open(fname, 'rt', encoding=encoding)
         ^^^^^^^^^^^^^^^^^^^^^^^^^^^^^^^^^^^^^^^^^^^^^^^^^^^^^^^
  File "/home/cfontana/venv/c/lib/python3.12/site-packages/numpy/lib/_datasource.py", line 192, in open
    return ds.open(path, mode, encoding=encoding, newline=newline)
           ^^^^^^^^^^^^^^^^^^^^^^^^^^^^^^^^^^^^^^^^^^^^^^^^^^^^^^^
  File "/home/cfontana/venv/c/lib/python3.12/site-packages/numpy/lib/_datasource.py", line 529, in open
    raise FileNotFoundError(f"{path} not found.")
FileNotFoundError: /home/cfontana/DIAGS/GSN_2026-04-19/CMEMS/thetao/ITP_NC/time_series.dat not found.
+ cd ..
+ [ 1 -eq 1 ]
+ cd datasets/HFRADAR
+ python read_radar.py -c GSN_2026-04-19
----------------------------------
=> Config file GSN_2026-04-19 loaded
----------------------------------


----------
20260419 0
[Errno 2] No such file or directory: '/home/cfontana/RADAR//2026-04-19/EUHFR_NRTcurrent_HFR-TirLig-Total_v3.nc'
[Errno 2] No such file or directory: '/home/cfontana/RADAR//2026-04-19/EUHFR_NRTcurrent_HFR-ARPAS-Total_v3.nc'
[Errno 2] No such file or directory: '/home/cfontana/RADAR//2026-04-19/EUHFR_NRTcurrent_HFR-LaMMA-Total_v3.nc'
[Errno 2] No such file or directory: '/home/cfontana/RADAR//2026-04-19/EUHFR_NRTcurrent_HFR-GoS-Total_v3.nc'
[Errno 2] No such file or directory: '/home/cfontana/RADAR//2026-04-19/EUHFR_NRTcurrent_HFR-WesternItaly-Total_v3.nc'
[Errno 2] No such file or directory: '/home/cfontana/RADAR//2026-04-19/EUHFR_NRTcurrent_HFR-Granitola-Total_v3.nc'
[Errno 2] No such file or directory: '/home/cfontana/RADAR//2026-04-19/EUHFR_NRTcurrent_HFR-NAdr-Total_v3.nc'
[Errno 2] No such file or directory: '/home/cfontana/RADAR//2026-04-19/EUHFR_NRTcurrent_HFR-GoM-Total_v3.nc'
Traceback (most recent call last):
  File "/home/cfontana/venv/c/lib/python3.12/site-packages/xarray/backends/zarr.py", line 1874, in _get_open_params
    zarr_root_group = zarr.open_consolidated(store, **open_kwargs)
                      ^^^^^^^^^^^^^^^^^^^^^^^^^^^^^^^^^^^^^^^^^^^^
  File "/home/cfontana/venv/c/lib/python3.12/site-packages/zarr/api/synchronous.py", line 238, in open_consolidated
    sync(async_api.open_consolidated(*args, use_consolidated=use_consolidated, **kwargs))
  File "/home/cfontana/venv/c/lib/python3.12/site-packages/zarr/core/sync.py", line 159, in sync
    raise return_result
  File "/home/cfontana/venv/c/lib/python3.12/site-packages/zarr/core/sync.py", line 119, in _runner
    return await coro
           ^^^^^^^^^^
  File "/home/cfontana/venv/c/lib/python3.12/site-packages/zarr/api/asynchronous.py", line 415, in open_consolidated
    return await open_group(*args, use_consolidated=use_consolidated, **kwargs)
           ^^^^^^^^^^^^^^^^^^^^^^^^^^^^^^^^^^^^^^^^^^^^^^^^^^^^^^^^^^^^^^^^^^^^
  File "/home/cfontana/venv/c/lib/python3.12/site-packages/zarr/api/asynchronous.py", line 881, in open_group
    raise GroupNotFoundError(msg)
zarr.errors.GroupNotFoundError: No group found in store 'https://mer-staging.exact-lab.it/output/GSN/20260419-MER-MITgcmBFM-GSN-fc-hourly-v01.zarr' at path ''

During handling of the above exception, another exception occurred:

Traceback (most recent call last):
  File "/home/cfontana/DATA_MED/datasets/HFRADAR/read_radar.py", line 250, in <module>
    mu = get_var_2D(jd,jdini,fname,'uo',hour,0)
         ^^^^^^^^^^^^^^^^^^^^^^^^^^^^^^^^^^^^^^
  File "/home/cfontana/DATA_MED/modules/fun_io.py", line 103, in get_var_2D
    ds = xr.open_dataset(fname,engine=ftype)
         ^^^^^^^^^^^^^^^^^^^^^^^^^^^^^^^^^^^
  File "/home/cfontana/venv/c/lib/python3.12/site-packages/xarray/backends/api.py", line 606, in open_dataset
    backend_ds = backend.open_dataset(
                 ^^^^^^^^^^^^^^^^^^^^^
  File "/home/cfontana/venv/c/lib/python3.12/site-packages/xarray/backends/zarr.py", line 1666, in open_dataset
    store = ZarrStore.open_group(
            ^^^^^^^^^^^^^^^^^^^^^
  File "/home/cfontana/venv/c/lib/python3.12/site-packages/xarray/backends/zarr.py", line 719, in open_group
    ) = _get_open_params(
        ^^^^^^^^^^^^^^^^^
  File "/home/cfontana/venv/c/lib/python3.12/site-packages/xarray/backends/zarr.py", line 1878, in _get_open_params
    zarr_root_group = zarr.open_group(store, **open_kwargs)
                      ^^^^^^^^^^^^^^^^^^^^^^^^^^^^^^^^^^^^^
  File "/home/cfontana/venv/c/lib/python3.12/site-packages/zarr/api/synchronous.py", line 549, in open_group
    sync(
  File "/home/cfontana/venv/c/lib/python3.12/site-packages/zarr/core/sync.py", line 159, in sync
    raise return_result
  File "/home/cfontana/venv/c/lib/python3.12/site-packages/zarr/core/sync.py", line 119, in _runner
    return await coro
           ^^^^^^^^^^
  File "/home/cfontana/venv/c/lib/python3.12/site-packages/zarr/api/asynchronous.py", line 881, in open_group
    raise GroupNotFoundError(msg)
zarr.errors.GroupNotFoundError: No group found in store 'https://mer-staging.exact-lab.it/output/GSN/20260419-MER-MITgcmBFM-GSN-fc-hourly-v01.zarr' at path ''
+ cd ../..
+ cat config/config_GSN.json
+ sed -e s/FREQ/daily/
+ 1> config/config_GSN_2026-04-19.json
+ sed -e s/DINI/2026-04-19/g
+ sed -e s/DOUT/20260419/
+ sed -e s/DEND/2026-04-24/
+ [ 1 -eq 1 ]
+ cd datasets/CMEMS
+ python get_data_sat.py -c GSN_2026-04-19 -v chl
INFO - 2026-04-20T10:24:10Z - Selected dataset version: "202211"
INFO - 2026-04-20T10:24:10Z - Selected dataset part: "default"
WARNING - 2026-04-20T10:24:10Z - Some of your subset selection [44.627605409714455, 46.78906375646801] for the latitude dimension exceed the dataset coordinates [30.005064010620117, 45.994937896728516]
WARNING - 2026-04-20T10:24:10Z - Some of your subset selection [2026-04-19 00:00:00+00:00, 2026-04-24 00:00:00+00:00] for the time dimension exceed the dataset coordinates [2023-04-29 00:00:00+00:00, 2026-04-19 00:00:00+00:00]
----------------------------------
=> Config file GSN_2026-04-19 loaded
----------------------------------

Downloading CMEMS products : cmems_obs-oc_med_bgc-plankton_nrt_l3-multi-1km_P1D
=> Variable ['CHL', 'KD490'] 


[FILE SAVED ] /home/cfontana/DIAGS/GSN_2026-04-19/CMEMS/data/cmems_obs-oc_med_bgc-plankton_nrt_l3-multi-1km_P1D.nc
+ python interp_cmems.py -c GSN_2026-04-19 -v chl
----------------------------------
=> Config file GSN_2026-04-19 loaded
----------------------------------


[FILE SAVED] /home/cfontana/DIAGS/GSN_2026-04-19/CMEMS/chl/ITP_NC/chl_20260419.nc

Traceback (most recent call last):
  File "/home/cfontana/DATA_MED/datasets/CMEMS/interp_cmems.py", line 95, in <module>
    data = np.array(ds[cvar][i,:,:]).squeeze().flatten()
                    ~~~~~~~~^^^^^^^
  File "src/netCDF4/_netCDF4.pyx", line 5107, in netCDF4._netCDF4.Variable.__getitem__
  File "src/netCDF4/_netCDF4.pyx", line 6079, in netCDF4._netCDF4.Variable._get
IndexError: index exceeds dimension bounds
+ [ 1 -eq 2 ]
+ cd ../../plot
+ python plot_CMEMS_pickle_data_vs_sat.py -c GSN_2026-04-19 -v chl -s CMEMS
----------------------------------
=> Config file GSN_2026-04-19 loaded
----------------------------------

Processing
Traceback (most recent call last):
  File "/home/cfontana/venv/c/lib/python3.12/site-packages/xarray/backends/zarr.py", line 1874, in _get_open_params
    zarr_root_group = zarr.open_consolidated(store, **open_kwargs)
                      ^^^^^^^^^^^^^^^^^^^^^^^^^^^^^^^^^^^^^^^^^^^^
  File "/home/cfontana/venv/c/lib/python3.12/site-packages/zarr/api/synchronous.py", line 238, in open_consolidated
    sync(async_api.open_consolidated(*args, use_consolidated=use_consolidated, **kwargs))
  File "/home/cfontana/venv/c/lib/python3.12/site-packages/zarr/core/sync.py", line 159, in sync
    raise return_result
  File "/home/cfontana/venv/c/lib/python3.12/site-packages/zarr/core/sync.py", line 119, in _runner
    return await coro
           ^^^^^^^^^^
  File "/home/cfontana/venv/c/lib/python3.12/site-packages/zarr/api/asynchronous.py", line 415, in open_consolidated
    return await open_group(*args, use_consolidated=use_consolidated, **kwargs)
           ^^^^^^^^^^^^^^^^^^^^^^^^^^^^^^^^^^^^^^^^^^^^^^^^^^^^^^^^^^^^^^^^^^^^
  File "/home/cfontana/venv/c/lib/python3.12/site-packages/zarr/api/asynchronous.py", line 881, in open_group
    raise GroupNotFoundError(msg)
zarr.errors.GroupNotFoundError: No group found in store 'https://mer-staging.exact-lab.it/output/GSN/20260419-MER-MITgcmBFM-GSN-fc-daily-v01.zarr' at path ''

During handling of the above exception, another exception occurred:

Traceback (most recent call last):
  File "/home/cfontana/DATA_MED/plot/plot_CMEMS_pickle_data_vs_sat.py", line 233, in <module>
    var2d = get_integre_2D(jd,jdini,fname,var,levels,hour)
            ^^^^^^^^^^^^^^^^^^^^^^^^^^^^^^^^^^^^^^^^^^^^^^
  File "/home/cfontana/DATA_MED/modules/fun_io.py", line 174, in get_integre_2D
    ds = xr.open_dataset(fname,engine=ftype)
         ^^^^^^^^^^^^^^^^^^^^^^^^^^^^^^^^^^^
  File "/home/cfontana/venv/c/lib/python3.12/site-packages/xarray/backends/api.py", line 606, in open_dataset
    backend_ds = backend.open_dataset(
                 ^^^^^^^^^^^^^^^^^^^^^
  File "/home/cfontana/venv/c/lib/python3.12/site-packages/xarray/backends/zarr.py", line 1666, in open_dataset
    store = ZarrStore.open_group(
            ^^^^^^^^^^^^^^^^^^^^^
  File "/home/cfontana/venv/c/lib/python3.12/site-packages/xarray/backends/zarr.py", line 719, in open_group
    ) = _get_open_params(
        ^^^^^^^^^^^^^^^^^
  File "/home/cfontana/venv/c/lib/python3.12/site-packages/xarray/backends/zarr.py", line 1878, in _get_open_params
    zarr_root_group = zarr.open_group(store, **open_kwargs)
                      ^^^^^^^^^^^^^^^^^^^^^^^^^^^^^^^^^^^^^
  File "/home/cfontana/venv/c/lib/python3.12/site-packages/zarr/api/synchronous.py", line 549, in open_group
    sync(
  File "/home/cfontana/venv/c/lib/python3.12/site-packages/zarr/core/sync.py", line 159, in sync
    raise return_result
  File "/home/cfontana/venv/c/lib/python3.12/site-packages/zarr/core/sync.py", line 119, in _runner
    return await coro
           ^^^^^^^^^^
  File "/home/cfontana/venv/c/lib/python3.12/site-packages/zarr/api/asynchronous.py", line 881, in open_group
    raise GroupNotFoundError(msg)
zarr.errors.GroupNotFoundError: No group found in store 'https://mer-staging.exact-lab.it/output/GSN/20260419-MER-MITgcmBFM-GSN-fc-daily-v01.zarr' at path ''
+ python plot_sat_CMEMS_timeseries.py -c GSN_2026-04-19 -v chl -s CMEMS
----------------------------------
=> Config file GSN_2026-04-19 loaded
----------------------------------

Traceback (most recent call last):
  File "/home/cfontana/DATA_MED/plot/plot_sat_CMEMS_timeseries.py", line 88, in <module>
    data = np.loadtxt(fname,ndmin=2)
           ^^^^^^^^^^^^^^^^^^^^^^^^^
  File "/home/cfontana/venv/c/lib/python3.12/site-packages/numpy/lib/_npyio_impl.py", line 1384, in loadtxt
    arr = _read(fname, dtype=dtype, comment=comment, delimiter=delimiter,
          ^^^^^^^^^^^^^^^^^^^^^^^^^^^^^^^^^^^^^^^^^^^^^^^^^^^^^^^^^^^^^^^
  File "/home/cfontana/venv/c/lib/python3.12/site-packages/numpy/lib/_npyio_impl.py", line 1011, in _read
    fh = np.lib._datasource.open(fname, 'rt', encoding=encoding)
         ^^^^^^^^^^^^^^^^^^^^^^^^^^^^^^^^^^^^^^^^^^^^^^^^^^^^^^^
  File "/home/cfontana/venv/c/lib/python3.12/site-packages/numpy/lib/_datasource.py", line 192, in open
    return ds.open(path, mode, encoding=encoding, newline=newline)
           ^^^^^^^^^^^^^^^^^^^^^^^^^^^^^^^^^^^^^^^^^^^^^^^^^^^^^^^
  File "/home/cfontana/venv/c/lib/python3.12/site-packages/numpy/lib/_datasource.py", line 529, in open
    raise FileNotFoundError(f"{path} not found.")
FileNotFoundError: /home/cfontana/DIAGS/GSN_2026-04-19/CMEMS/chl/ITP_NC/time_series.dat not found.
+ cd ..
+ [ 1 -eq 0 ]
+ [ 1 -eq 1 ]
+ source /home/cfontana/venv/a/bin/activate
+ 1> /dev/null
+ deactivate nondestructive
+ [ -n /home/cfontana/venv/c/bin:/usr/local/sbin:/usr/local/bin:/usr/sbin:/usr/bin:/sbin:/bin:/usr/games:/usr/local/games:/snap/bin ]
+ PATH=/home/cfontana/venv/c/bin:/usr/local/sbin:/usr/local/bin:/usr/sbin:/usr/bin:/sbin:/bin:/usr/games:/usr/local/games:/snap/bin
+ export PATH
+ unset _OLD_VIRTUAL_PATH
+ [ -n '' ]
+ hash -r
+ 2> /dev/null
+ [ -n '(c) \[\e]0;\u@\h: \w\a\]${debian_chroot:+($debian_chroot)}\[\033[01;32m\]\u@\h\[\033[00m\]:\[\033[01;34m\]\w\[\033[00m\]\$ ' ]
+ PS1='(c) \[\e]0;\u@\h: \w\a\]${debian_chroot:+($debian_chroot)}\[\033[01;32m\]\u@\h\[\033[00m\]:\[\033[01;34m\]\w\[\033[00m\]\$ '
+ export PS1
+ unset _OLD_VIRTUAL_PS1
+ unset VIRTUAL_ENV
+ unset VIRTUAL_ENV_PROMPT
+ [ ! nondestructive '=' nondestructive ]
+ [ '' '=' cygwin ]
+ [ '' '=' msys ]
+ VIRTUAL_ENV=/home/cfontana/venv/a
+ export VIRTUAL_ENV
+ _OLD_VIRTUAL_PATH=/home/cfontana/venv/c/bin:/usr/local/sbin:/usr/local/bin:/usr/sbin:/usr/bin:/sbin:/bin:/usr/games:/usr/local/games:/snap/bin
+ PATH=/home/cfontana/venv/a/bin:/home/cfontana/venv/c/bin:/usr/local/sbin:/usr/local/bin:/usr/sbin:/usr/bin:/sbin:/bin:/usr/games:/usr/local/games:/snap/bin
+ export PATH
+ [ -n '' ]
+ [ -z '' ]
+ _OLD_VIRTUAL_PS1='(c) \[\e]0;\u@\h: \w\a\]${debian_chroot:+($debian_chroot)}\[\033[01;32m\]\u@\h\[\033[00m\]:\[\033[01;34m\]\w\[\033[00m\]\$ '
+ PS1='(a) (c) \[\e]0;\u@\h: \w\a\]${debian_chroot:+($debian_chroot)}\[\033[01;32m\]\u@\h\[\033[00m\]:\[\033[01;34m\]\w\[\033[00m\]\$ '
+ export PS1
+ VIRTUAL_ENV_PROMPT='(a) '
+ export VIRTUAL_ENV_PROMPT
+ hash -r
+ 2> /dev/null
+ sed -i s/daily/hourly/ config/config_GSN_2026-04-19.json
+ cd datasets/ARGO
+ python get_argo.py -c GSN_2026-04-19
Traceback (most recent call last):
  File "/home/cfontana/DATA_MED/datasets/ARGO/get_argo.py", line 9, in <module>
    from fun_gen import *
  File "/home/cfontana/DATA_MED/modules/fun_gen.py", line 5, in <module>
    from fun_io import load_coords
  File "/home/cfontana/DATA_MED/modules/fun_io.py", line 15, in <module>
    import copernicusmarine
ModuleNotFoundError: No module named 'copernicusmarine'
+ [ 1 -eq 0 ]
+ cd ../../
+ sed -i s/phy/bgc/ config/config_GSN_2026-04-19.json
+ cd datasets/ARGO
+ python get_argo.py -c GSN_2026-04-19
Traceback (most recent call last):
  File "/home/cfontana/DATA_MED/datasets/ARGO/get_argo.py", line 9, in <module>
    from fun_gen import *
  File "/home/cfontana/DATA_MED/modules/fun_gen.py", line 5, in <module>
    from fun_io import load_coords
  File "/home/cfontana/DATA_MED/modules/fun_io.py", line 15, in <module>
    import copernicusmarine
ModuleNotFoundError: No module named 'copernicusmarine'
+ [ 1 -eq 0 ]
+ cd ../../
+ [ 1 -eq 1 ]
+ source /home/cfontana/venv/c/bin/activate
+ 1> /dev/null
+ deactivate nondestructive
+ [ -n /home/cfontana/venv/c/bin:/usr/local/sbin:/usr/local/bin:/usr/sbin:/usr/bin:/sbin:/bin:/usr/games:/usr/local/games:/snap/bin ]
+ PATH=/home/cfontana/venv/c/bin:/usr/local/sbin:/usr/local/bin:/usr/sbin:/usr/bin:/sbin:/bin:/usr/games:/usr/local/games:/snap/bin
+ export PATH
+ unset _OLD_VIRTUAL_PATH
+ [ -n '' ]
+ hash -r
+ 2> /dev/null
+ [ -n '(c) \[\e]0;\u@\h: \w\a\]${debian_chroot:+($debian_chroot)}\[\033[01;32m\]\u@\h\[\033[00m\]:\[\033[01;34m\]\w\[\033[00m\]\$ ' ]
+ PS1='(c) \[\e]0;\u@\h: \w\a\]${debian_chroot:+($debian_chroot)}\[\033[01;32m\]\u@\h\[\033[00m\]:\[\033[01;34m\]\w\[\033[00m\]\$ '
+ export PS1
+ unset _OLD_VIRTUAL_PS1
+ unset VIRTUAL_ENV
+ unset VIRTUAL_ENV_PROMPT
+ [ ! nondestructive '=' nondestructive ]
+ [ '' '=' cygwin ]
+ [ '' '=' msys ]
+ VIRTUAL_ENV=/home/cfontana/venv/c
+ export VIRTUAL_ENV
+ _OLD_VIRTUAL_PATH=/home/cfontana/venv/c/bin:/usr/local/sbin:/usr/local/bin:/usr/sbin:/usr/bin:/sbin:/bin:/usr/games:/usr/local/games:/snap/bin
+ PATH=/home/cfontana/venv/c/bin:/home/cfontana/venv/c/bin:/usr/local/sbin:/usr/local/bin:/usr/sbin:/usr/bin:/sbin:/bin:/usr/games:/usr/local/games:/snap/bin
+ export PATH
+ [ -n '' ]
+ [ -z '' ]
+ _OLD_VIRTUAL_PS1='(c) \[\e]0;\u@\h: \w\a\]${debian_chroot:+($debian_chroot)}\[\033[01;32m\]\u@\h\[\033[00m\]:\[\033[01;34m\]\w\[\033[00m\]\$ '
+ PS1='(c) (c) \[\e]0;\u@\h: \w\a\]${debian_chroot:+($debian_chroot)}\[\033[01;32m\]\u@\h\[\033[00m\]:\[\033[01;34m\]\w\[\033[00m\]\$ '
+ export PS1
+ VIRTUAL_ENV_PROMPT='(c) '
+ export VIRTUAL_ENV_PROMPT
+ hash -r
+ 2> /dev/null
+ static=/home/cfontana/DIAGS/GSN_2026-04-19/static_GSN_2026-04-19
+ mkdir /home/cfontana/DIAGS/GSN_2026-04-19/static_GSN_2026-04-19
+ dir=/home/cfontana/DIAGS/GSN_2026-04-19/CMEMS/thetao/ITP_NC
+ i=1
+ ls /home/cfontana/DIAGS/GSN_2026-04-19/CMEMS/thetao/ITP_NC/PLOT/
+ cp /home/cfontana/DIAGS/GSN_2026-04-19/CMEMS/thetao/ITP_NC/time_series.jpg /home/cfontana/DIAGS/GSN_2026-04-19/static_GSN_2026-04-19/time_series_thetao.jpg
cp: cannot stat '/home/cfontana/DIAGS/GSN_2026-04-19/CMEMS/thetao/ITP_NC/time_series.jpg': No such file or directory
+ dir=/home/cfontana/DIAGS/GSN_2026-04-19/CMEMS/chl/ITP_NC
+ i=1
+ ls /home/cfontana/DIAGS/GSN_2026-04-19/CMEMS/chl/ITP_NC/PLOT/
+ cp /home/cfontana/DIAGS/GSN_2026-04-19/CMEMS/chl/ITP_NC/time_series.jpg /home/cfontana/DIAGS/GSN_2026-04-19/static_GSN_2026-04-19/time_series_chl.jpg
cp: cannot stat '/home/cfontana/DIAGS/GSN_2026-04-19/CMEMS/chl/ITP_NC/time_series.jpg': No such file or directory
+ dir=/home/cfontana/DIAGS/GSN_2026-04-19/RADAR/
+ i=1
+ ls '/home/cfontana/DIAGS/GSN_2026-04-19/RADAR//*.jpg'
ls: cannot access '/home/cfontana/DIAGS/GSN_2026-04-19/RADAR//*.jpg': No such file or directory
+ dir=/home/cfontana/DIAGS/GSN_2026-04-19/ARGO/
+ ls -d '/home/cfontana/DIAGS/GSN_2026-04-19/ARGO//bio*/'
ls: cannot access '/home/cfontana/DIAGS/GSN_2026-04-19/ARGO//bio*/': No such file or directory
+ i=1
+ 1> /home/cfontana/DIAGS/GSN_2026-04-19/static_GSN_2026-04-19/list.txt
+ ls -d '/home/cfontana/DIAGS/GSN_2026-04-19/ARGO//*/'
ls: cannot access '/home/cfontana/DIAGS/GSN_2026-04-19/ARGO//*/': No such file or directory
+ cp /home/cfontana/DIAGS/GSN_2026-04-19/ARGO//map.jpg /home/cfontana/DIAGS/GSN_2026-04-19/static_GSN_2026-04-19
cp: cannot stat '/home/cfontana/DIAGS/GSN_2026-04-19/ARGO//map.jpg': No such file or directory
+ scp -r /home/cfontana/DIAGS/GSN_2026-04-19/static_GSN_2026-04-19 yulpa175555@webhost03.yulpa.io:/datas/yulpa175555/sites/merval.eg2.fr/htdocs/DIAGS
+ echo 'PROCESSING HGT'
PROCESSING HGT
+ echo '_______________ '
_______________ 
+ config=HGT_2026-04-19
+ echo HGT
+ awk '{print tolower($0)}'
+ lower=hgt
+ set -x
+ sed -e s/FREQ/hourly/
+ cat config/config_HGT.json
+ sed -e s/DEND/2026-04-24/
+ sed -e s/DINI/2026-04-19/g
+ sed -e s/DOUT/20260419/
+ 1> config/config_HGT_2026-04-19.json
+ cp config/cmems_DOMAIN.dat config/cmems_HGT_2026-04-19.dat
+ cp config/variables_mit_DOMAIN.dat config/variables_mit_HGT_2026-04-19.dat
+ jq -r .diagdir config/config_HGT_2026-04-19.json
+ diagdir=/home/cfontana/DIAGS/HGT_2026-04-19
+ jq -r .radardir config/config_HGT_2026-04-19.json
+ radardir=/home/cfontana/RADAR/
+ [ 0 -eq 0 -a 0 -eq 1 ]
+ [ 1 -eq 1 ]
+ cd datasets/CMEMS
+ python get_data_sat.py -c HGT_2026-04-19 -v thetao
INFO - 2026-04-20T10:24:28Z - Selected dataset version: "202311"
INFO - 2026-04-20T10:24:28Z - Selected dataset part: "default"
WARNING - 2026-04-20T10:24:28Z - Some of your subset selection [44.4588554296935, 46.8015637631365] for the latitude dimension exceed the dataset coordinates [30.25, 46.0]
WARNING - 2026-04-20T10:24:28Z - Some of your subset selection [2026-04-19 00:00:00+00:00, 2026-04-24 00:00:00+00:00] for the time dimension exceed the dataset coordinates [2008-01-01 00:00:00+00:00, 2026-04-20 00:00:00+00:00]
----------------------------------
=> Config file HGT_2026-04-19 loaded
----------------------------------

Downloading CMEMS products : SST_MED_SST_L3S_NRT_OBSERVATIONS_010_012_a
=> Variable [np.str_('sea_surface_temperature')] 


[FILE SAVED ] /home/cfontana/DIAGS/HGT_2026-04-19/CMEMS/data/SST_MED_SST_L3S_NRT_OBSERVATIONS_010_012_a.nc
+ python interp_cmems.py -c HGT_2026-04-19 -v thetao
----------------------------------
=> Config file HGT_2026-04-19 loaded
----------------------------------


[FILE SAVED] /home/cfontana/DIAGS/HGT_2026-04-19/CMEMS/thetao/ITP_NC/thetao_20260419.nc


[FILE SAVED] /home/cfontana/DIAGS/HGT_2026-04-19/CMEMS/thetao/ITP_NC/thetao_20260420.nc

Traceback (most recent call last):
  File "/home/cfontana/DATA_MED/datasets/CMEMS/interp_cmems.py", line 95, in <module>
    data = np.array(ds[cvar][i,:,:]).squeeze().flatten()
                    ~~~~~~~~^^^^^^^
  File "src/netCDF4/_netCDF4.pyx", line 5107, in netCDF4._netCDF4.Variable.__getitem__
  File "src/netCDF4/_netCDF4.pyx", line 6079, in netCDF4._netCDF4.Variable._get
IndexError: index exceeds dimension bounds
+ [ 1 -eq 2 ]
+ cd ../../plot
+ python plot_CMEMS_pickle_data_vs_sat.py -c HGT_2026-04-19 -v thetao -s CMEMS
----------------------------------
=> Config file HGT_2026-04-19 loaded
----------------------------------

Processing
739725 15.716314684488408 14.990758 16.043787939703765 0.681446521025382
739726 16.006702531251396 15.194729 16.208370031317383 0.681446521025382
[Errno 2] No such file or directory: '/home/cfontana/DIAGS/HGT_2026-04-19/CMEMS/thetao/ITP_NC/thetao_20260421.nc' 

=> in get_sat_2D :
Error processing file /home/cfontana/DIAGS/HGT_2026-04-19/CMEMS/thetao/ITP_NC/thetao_20260421.nc
File not found
739727 15.986702378808676 nan 16.614068489098734 1
[Errno 2] No such file or directory: '/home/cfontana/DIAGS/HGT_2026-04-19/CMEMS/thetao/ITP_NC/thetao_20260422.nc' 

=> in get_sat_2D :
Error processing file /home/cfontana/DIAGS/HGT_2026-04-19/CMEMS/thetao/ITP_NC/thetao_20260422.nc
File not found
739728 14.848915530163346 nan 16.17618528742081 1
[Errno 2] No such file or directory: '/home/cfontana/DIAGS/HGT_2026-04-19/CMEMS/thetao/ITP_NC/thetao_20260423.nc' 

=> in get_sat_2D :
Error processing file /home/cfontana/DIAGS/HGT_2026-04-19/CMEMS/thetao/ITP_NC/thetao_20260423.nc
File not found
739729 14.56764746784095 nan 15.717552991584627 1
[Errno 2] No such file or directory: '/home/cfontana/DIAGS/HGT_2026-04-19/CMEMS/thetao/ITP_NC/thetao_20260424.nc' 

=> in get_sat_2D :
Error processing file /home/cfontana/DIAGS/HGT_2026-04-19/CMEMS/thetao/ITP_NC/thetao_20260424.nc
File not found
739730 14.999645858690705 nan 15.690062946202973 1
[SAVED FIG] /home/cfontana/DIAGS/HGT_2026-04-19/CMEMS/thetao/ITP_NC/PLOT/2026041900_thetao.jpg
[SAVED FIG] /home/cfontana/DIAGS/HGT_2026-04-19/CMEMS/thetao/ITP_NC/PLOT/2026042000_thetao.jpg
[SAVED FIG] /home/cfontana/DIAGS/HGT_2026-04-19/CMEMS/thetao/ITP_NC/PLOT/2026042100_thetao.jpg
[SAVED FIG] /home/cfontana/DIAGS/HGT_2026-04-19/CMEMS/thetao/ITP_NC/PLOT/2026042200_thetao.jpg
[SAVED FIG] /home/cfontana/DIAGS/HGT_2026-04-19/CMEMS/thetao/ITP_NC/PLOT/2026042300_thetao.jpg
[SAVED FIG] /home/cfontana/DIAGS/HGT_2026-04-19/CMEMS/thetao/ITP_NC/PLOT/2026042400_thetao.jpg
+ python plot_sat_CMEMS_timeseries.py -c HGT_2026-04-19 -v thetao -s CMEMS
----------------------------------
=> Config file HGT_2026-04-19 loaded
----------------------------------

[SAVED FIG] /home/cfontana/DIAGS/HGT_2026-04-19/CMEMS/thetao/ITP_NC/time_series.jpg
+ cd ..
+ [ 1 -eq 1 ]
+ cd datasets/HFRADAR
+ python read_radar.py -c HGT_2026-04-19
----------------------------------
=> Config file HGT_2026-04-19 loaded
----------------------------------


----------
20260419 0
[Errno 2] No such file or directory: '/home/cfontana/RADAR//2026-04-19/EUHFR_NRTcurrent_HFR-TirLig-Total_v3.nc'
[Errno 2] No such file or directory: '/home/cfontana/RADAR//2026-04-19/EUHFR_NRTcurrent_HFR-ARPAS-Total_v3.nc'
[Errno 2] No such file or directory: '/home/cfontana/RADAR//2026-04-19/EUHFR_NRTcurrent_HFR-LaMMA-Total_v3.nc'
[Errno 2] No such file or directory: '/home/cfontana/RADAR//2026-04-19/EUHFR_NRTcurrent_HFR-GoS-Total_v3.nc'
[Errno 2] No such file or directory: '/home/cfontana/RADAR//2026-04-19/EUHFR_NRTcurrent_HFR-WesternItaly-Total_v3.nc'
[Errno 2] No such file or directory: '/home/cfontana/RADAR//2026-04-19/EUHFR_NRTcurrent_HFR-Granitola-Total_v3.nc'
[Errno 2] No such file or directory: '/home/cfontana/RADAR//2026-04-19/EUHFR_NRTcurrent_HFR-NAdr-Total_v3.nc'
[Errno 2] No such file or directory: '/home/cfontana/RADAR//2026-04-19/EUHFR_NRTcurrent_HFR-GoM-Total_v3.nc'
[SAVED FIG] /home/cfontana/DIAGS/HGT_2026-04-19/RADAR/20260419_00.jpg

----------
20260420 0
[Errno 2] No such file or directory: '/home/cfontana/RADAR//2026-04-19/EUHFR_NRTcurrent_HFR-TirLig-Total_v3.nc'
[Errno 2] No such file or directory: '/home/cfontana/RADAR//2026-04-19/EUHFR_NRTcurrent_HFR-ARPAS-Total_v3.nc'
[Errno 2] No such file or directory: '/home/cfontana/RADAR//2026-04-19/EUHFR_NRTcurrent_HFR-LaMMA-Total_v3.nc'
[Errno 2] No such file or directory: '/home/cfontana/RADAR//2026-04-19/EUHFR_NRTcurrent_HFR-GoS-Total_v3.nc'
[Errno 2] No such file or directory: '/home/cfontana/RADAR//2026-04-19/EUHFR_NRTcurrent_HFR-WesternItaly-Total_v3.nc'
[Errno 2] No such file or directory: '/home/cfontana/RADAR//2026-04-19/EUHFR_NRTcurrent_HFR-Granitola-Total_v3.nc'
[Errno 2] No such file or directory: '/home/cfontana/RADAR//2026-04-19/EUHFR_NRTcurrent_HFR-NAdr-Total_v3.nc'
[Errno 2] No such file or directory: '/home/cfontana/RADAR//2026-04-19/EUHFR_NRTcurrent_HFR-GoM-Total_v3.nc'
[SAVED FIG] /home/cfontana/DIAGS/HGT_2026-04-19/RADAR/20260420_00.jpg

----------
20260421 0
[Errno 2] No such file or directory: '/home/cfontana/RADAR//2026-04-19/EUHFR_NRTcurrent_HFR-TirLig-Total_v3.nc'
[Errno 2] No such file or directory: '/home/cfontana/RADAR//2026-04-19/EUHFR_NRTcurrent_HFR-ARPAS-Total_v3.nc'
[Errno 2] No such file or directory: '/home/cfontana/RADAR//2026-04-19/EUHFR_NRTcurrent_HFR-LaMMA-Total_v3.nc'
[Errno 2] No such file or directory: '/home/cfontana/RADAR//2026-04-19/EUHFR_NRTcurrent_HFR-GoS-Total_v3.nc'
[Errno 2] No such file or directory: '/home/cfontana/RADAR//2026-04-19/EUHFR_NRTcurrent_HFR-WesternItaly-Total_v3.nc'
[Errno 2] No such file or directory: '/home/cfontana/RADAR//2026-04-19/EUHFR_NRTcurrent_HFR-Granitola-Total_v3.nc'
[Errno 2] No such file or directory: '/home/cfontana/RADAR//2026-04-19/EUHFR_NRTcurrent_HFR-NAdr-Total_v3.nc'
[Errno 2] No such file or directory: '/home/cfontana/RADAR//2026-04-19/EUHFR_NRTcurrent_HFR-GoM-Total_v3.nc'
[SAVED FIG] /home/cfontana/DIAGS/HGT_2026-04-19/RADAR/20260421_00.jpg

----------
20260422 0
[Errno 2] No such file or directory: '/home/cfontana/RADAR//2026-04-19/EUHFR_NRTcurrent_HFR-TirLig-Total_v3.nc'
[Errno 2] No such file or directory: '/home/cfontana/RADAR//2026-04-19/EUHFR_NRTcurrent_HFR-ARPAS-Total_v3.nc'
[Errno 2] No such file or directory: '/home/cfontana/RADAR//2026-04-19/EUHFR_NRTcurrent_HFR-LaMMA-Total_v3.nc'
[Errno 2] No such file or directory: '/home/cfontana/RADAR//2026-04-19/EUHFR_NRTcurrent_HFR-GoS-Total_v3.nc'
[Errno 2] No such file or directory: '/home/cfontana/RADAR//2026-04-19/EUHFR_NRTcurrent_HFR-WesternItaly-Total_v3.nc'
[Errno 2] No such file or directory: '/home/cfontana/RADAR//2026-04-19/EUHFR_NRTcurrent_HFR-Granitola-Total_v3.nc'
[Errno 2] No such file or directory: '/home/cfontana/RADAR//2026-04-19/EUHFR_NRTcurrent_HFR-NAdr-Total_v3.nc'
[Errno 2] No such file or directory: '/home/cfontana/RADAR//2026-04-19/EUHFR_NRTcurrent_HFR-GoM-Total_v3.nc'
[SAVED FIG] /home/cfontana/DIAGS/HGT_2026-04-19/RADAR/20260422_00.jpg

----------
20260423 0
[Errno 2] No such file or directory: '/home/cfontana/RADAR//2026-04-19/EUHFR_NRTcurrent_HFR-TirLig-Total_v3.nc'
[Errno 2] No such file or directory: '/home/cfontana/RADAR//2026-04-19/EUHFR_NRTcurrent_HFR-ARPAS-Total_v3.nc'
[Errno 2] No such file or directory: '/home/cfontana/RADAR//2026-04-19/EUHFR_NRTcurrent_HFR-LaMMA-Total_v3.nc'
[Errno 2] No such file or directory: '/home/cfontana/RADAR//2026-04-19/EUHFR_NRTcurrent_HFR-GoS-Total_v3.nc'
[Errno 2] No such file or directory: '/home/cfontana/RADAR//2026-04-19/EUHFR_NRTcurrent_HFR-WesternItaly-Total_v3.nc'
[Errno 2] No such file or directory: '/home/cfontana/RADAR//2026-04-19/EUHFR_NRTcurrent_HFR-Granitola-Total_v3.nc'
[Errno 2] No such file or directory: '/home/cfontana/RADAR//2026-04-19/EUHFR_NRTcurrent_HFR-NAdr-Total_v3.nc'
[Errno 2] No such file or directory: '/home/cfontana/RADAR//2026-04-19/EUHFR_NRTcurrent_HFR-GoM-Total_v3.nc'
[SAVED FIG] /home/cfontana/DIAGS/HGT_2026-04-19/RADAR/20260423_00.jpg

----------
20260424 0
[Errno 2] No such file or directory: '/home/cfontana/RADAR//2026-04-19/EUHFR_NRTcurrent_HFR-TirLig-Total_v3.nc'
[Errno 2] No such file or directory: '/home/cfontana/RADAR//2026-04-19/EUHFR_NRTcurrent_HFR-ARPAS-Total_v3.nc'
[Errno 2] No such file or directory: '/home/cfontana/RADAR//2026-04-19/EUHFR_NRTcurrent_HFR-LaMMA-Total_v3.nc'
[Errno 2] No such file or directory: '/home/cfontana/RADAR//2026-04-19/EUHFR_NRTcurrent_HFR-GoS-Total_v3.nc'
[Errno 2] No such file or directory: '/home/cfontana/RADAR//2026-04-19/EUHFR_NRTcurrent_HFR-WesternItaly-Total_v3.nc'
[Errno 2] No such file or directory: '/home/cfontana/RADAR//2026-04-19/EUHFR_NRTcurrent_HFR-Granitola-Total_v3.nc'
[Errno 2] No such file or directory: '/home/cfontana/RADAR//2026-04-19/EUHFR_NRTcurrent_HFR-NAdr-Total_v3.nc'
[Errno 2] No such file or directory: '/home/cfontana/RADAR//2026-04-19/EUHFR_NRTcurrent_HFR-GoM-Total_v3.nc'
[SAVED FIG] /home/cfontana/DIAGS/HGT_2026-04-19/RADAR/20260424_00.jpg
+ cd ../..
+ sed -e s/FREQ/daily/
+ 1> config/config_HGT_2026-04-19.json
+ cat config/config_HGT.json
+ sed -e s/DINI/2026-04-19/g
+ sed -e s/DEND/2026-04-24/
+ sed -e s/DOUT/20260419/
+ [ 1 -eq 1 ]
+ cd datasets/CMEMS
+ python get_data_sat.py -c HGT_2026-04-19 -v chl
INFO - 2026-04-20T10:34:09Z - Selected dataset version: "202211"
INFO - 2026-04-20T10:34:09Z - Selected dataset part: "default"
WARNING - 2026-04-20T10:34:09Z - Some of your subset selection [44.4588554296935, 46.8015637631365] for the latitude dimension exceed the dataset coordinates [30.005064010620117, 45.994937896728516]
WARNING - 2026-04-20T10:34:09Z - Some of your subset selection [2026-04-19 00:00:00+00:00, 2026-04-24 00:00:00+00:00] for the time dimension exceed the dataset coordinates [2023-04-29 00:00:00+00:00, 2026-04-19 00:00:00+00:00]
----------------------------------
=> Config file HGT_2026-04-19 loaded
----------------------------------

Downloading CMEMS products : cmems_obs-oc_med_bgc-plankton_nrt_l3-multi-1km_P1D
=> Variable ['CHL', 'KD490'] 


[FILE SAVED ] /home/cfontana/DIAGS/HGT_2026-04-19/CMEMS/data/cmems_obs-oc_med_bgc-plankton_nrt_l3-multi-1km_P1D.nc
+ python interp_cmems.py -c HGT_2026-04-19 -v chl
----------------------------------
=> Config file HGT_2026-04-19 loaded
----------------------------------


[FILE SAVED] /home/cfontana/DIAGS/HGT_2026-04-19/CMEMS/chl/ITP_NC/chl_20260419.nc

Traceback (most recent call last):
  File "/home/cfontana/DATA_MED/datasets/CMEMS/interp_cmems.py", line 95, in <module>
    data = np.array(ds[cvar][i,:,:]).squeeze().flatten()
                    ~~~~~~~~^^^^^^^
  File "src/netCDF4/_netCDF4.pyx", line 5107, in netCDF4._netCDF4.Variable.__getitem__
  File "src/netCDF4/_netCDF4.pyx", line 6079, in netCDF4._netCDF4.Variable._get
IndexError: index exceeds dimension bounds
+ [ 1 -eq 2 ]
+ cd ../../plot
+ python plot_CMEMS_pickle_data_vs_sat.py -c HGT_2026-04-19 -v chl -s CMEMS
----------------------------------
=> Config file HGT_2026-04-19 loaded
----------------------------------

Processing
739725 nan nan nan 0.0
[Errno 2] No such file or directory: '/home/cfontana/DIAGS/HGT_2026-04-19/CMEMS/chl/ITP_NC/chl_20260420.nc' 

=> in get_sat_2D :
Error processing file /home/cfontana/DIAGS/HGT_2026-04-19/CMEMS/chl/ITP_NC/chl_20260420.nc
File not found
739726 0.4492115465487173 nan 0.2797621671011673 1
[Errno 2] No such file or directory: '/home/cfontana/DIAGS/HGT_2026-04-19/CMEMS/chl/ITP_NC/chl_20260421.nc' 

=> in get_sat_2D :
Error processing file /home/cfontana/DIAGS/HGT_2026-04-19/CMEMS/chl/ITP_NC/chl_20260421.nc
File not found
739727 0.4758706750159658 nan 0.2752025270732003 1
[Errno 2] No such file or directory: '/home/cfontana/DIAGS/HGT_2026-04-19/CMEMS/chl/ITP_NC/chl_20260422.nc' 

=> in get_sat_2D :
Error processing file /home/cfontana/DIAGS/HGT_2026-04-19/CMEMS/chl/ITP_NC/chl_20260422.nc
File not found
739728 0.45221817561225863 nan 0.263181251763536 1
[Errno 2] No such file or directory: '/home/cfontana/DIAGS/HGT_2026-04-19/CMEMS/chl/ITP_NC/chl_20260423.nc' 

=> in get_sat_2D :
Error processing file /home/cfontana/DIAGS/HGT_2026-04-19/CMEMS/chl/ITP_NC/chl_20260423.nc
File not found
739729 0.4550160211081102 nan 0.2550838184737789 1
[Errno 2] No such file or directory: '/home/cfontana/DIAGS/HGT_2026-04-19/CMEMS/chl/ITP_NC/chl_20260424.nc' 

=> in get_sat_2D :
Error processing file /home/cfontana/DIAGS/HGT_2026-04-19/CMEMS/chl/ITP_NC/chl_20260424.nc
File not found
739730 0.4843505102055265 nan 0.25002519350277397 1
[SAVED FIG] /home/cfontana/DIAGS/HGT_2026-04-19/CMEMS/chl/ITP_NC/PLOT/2026041912_chl.jpg
[SAVED FIG] /home/cfontana/DIAGS/HGT_2026-04-19/CMEMS/chl/ITP_NC/PLOT/2026042012_chl.jpg
[SAVED FIG] /home/cfontana/DIAGS/HGT_2026-04-19/CMEMS/chl/ITP_NC/PLOT/2026042112_chl.jpg
[SAVED FIG] /home/cfontana/DIAGS/HGT_2026-04-19/CMEMS/chl/ITP_NC/PLOT/2026042212_chl.jpg
[SAVED FIG] /home/cfontana/DIAGS/HGT_2026-04-19/CMEMS/chl/ITP_NC/PLOT/2026042312_chl.jpg
[SAVED FIG] /home/cfontana/DIAGS/HGT_2026-04-19/CMEMS/chl/ITP_NC/PLOT/2026042412_chl.jpg
+ python plot_sat_CMEMS_timeseries.py -c HGT_2026-04-19 -v chl -s CMEMS
----------------------------------
=> Config file HGT_2026-04-19 loaded
----------------------------------

[SAVED FIG] /home/cfontana/DIAGS/HGT_2026-04-19/CMEMS/chl/ITP_NC/time_series.jpg
+ cd ..
+ [ 1 -eq 0 ]
+ [ 1 -eq 1 ]
+ source /home/cfontana/venv/a/bin/activate
+ 1> /dev/null
+ deactivate nondestructive
+ [ -n /home/cfontana/venv/c/bin:/usr/local/sbin:/usr/local/bin:/usr/sbin:/usr/bin:/sbin:/bin:/usr/games:/usr/local/games:/snap/bin ]
+ PATH=/home/cfontana/venv/c/bin:/usr/local/sbin:/usr/local/bin:/usr/sbin:/usr/bin:/sbin:/bin:/usr/games:/usr/local/games:/snap/bin
+ export PATH
+ unset _OLD_VIRTUAL_PATH
+ [ -n '' ]
+ hash -r
+ 2> /dev/null
+ [ -n '(c) \[\e]0;\u@\h: \w\a\]${debian_chroot:+($debian_chroot)}\[\033[01;32m\]\u@\h\[\033[00m\]:\[\033[01;34m\]\w\[\033[00m\]\$ ' ]
+ PS1='(c) \[\e]0;\u@\h: \w\a\]${debian_chroot:+($debian_chroot)}\[\033[01;32m\]\u@\h\[\033[00m\]:\[\033[01;34m\]\w\[\033[00m\]\$ '
+ export PS1
+ unset _OLD_VIRTUAL_PS1
+ unset VIRTUAL_ENV
+ unset VIRTUAL_ENV_PROMPT
+ [ ! nondestructive '=' nondestructive ]
+ [ '' '=' cygwin ]
+ [ '' '=' msys ]
+ VIRTUAL_ENV=/home/cfontana/venv/a
+ export VIRTUAL_ENV
+ _OLD_VIRTUAL_PATH=/home/cfontana/venv/c/bin:/usr/local/sbin:/usr/local/bin:/usr/sbin:/usr/bin:/sbin:/bin:/usr/games:/usr/local/games:/snap/bin
+ PATH=/home/cfontana/venv/a/bin:/home/cfontana/venv/c/bin:/usr/local/sbin:/usr/local/bin:/usr/sbin:/usr/bin:/sbin:/bin:/usr/games:/usr/local/games:/snap/bin
+ export PATH
+ [ -n '' ]
+ [ -z '' ]
+ _OLD_VIRTUAL_PS1='(c) \[\e]0;\u@\h: \w\a\]${debian_chroot:+($debian_chroot)}\[\033[01;32m\]\u@\h\[\033[00m\]:\[\033[01;34m\]\w\[\033[00m\]\$ '
+ PS1='(a) (c) \[\e]0;\u@\h: \w\a\]${debian_chroot:+($debian_chroot)}\[\033[01;32m\]\u@\h\[\033[00m\]:\[\033[01;34m\]\w\[\033[00m\]\$ '
+ export PS1
+ VIRTUAL_ENV_PROMPT='(a) '
+ export VIRTUAL_ENV_PROMPT
+ hash -r
+ 2> /dev/null
+ sed -i s/daily/hourly/ config/config_HGT_2026-04-19.json
+ cd datasets/ARGO
+ python get_argo.py -c HGT_2026-04-19
Traceback (most recent call last):
  File "/home/cfontana/DATA_MED/datasets/ARGO/get_argo.py", line 9, in <module>
    from fun_gen import *
  File "/home/cfontana/DATA_MED/modules/fun_gen.py", line 5, in <module>
    from fun_io import load_coords
  File "/home/cfontana/DATA_MED/modules/fun_io.py", line 15, in <module>
    import copernicusmarine
ModuleNotFoundError: No module named 'copernicusmarine'
+ [ 1 -eq 0 ]
+ cd ../../
+ sed -i s/phy/bgc/ config/config_HGT_2026-04-19.json
+ cd datasets/ARGO
+ python get_argo.py -c HGT_2026-04-19
Traceback (most recent call last):
  File "/home/cfontana/DATA_MED/datasets/ARGO/get_argo.py", line 9, in <module>
    from fun_gen import *
  File "/home/cfontana/DATA_MED/modules/fun_gen.py", line 5, in <module>
    from fun_io import load_coords
  File "/home/cfontana/DATA_MED/modules/fun_io.py", line 15, in <module>
    import copernicusmarine
ModuleNotFoundError: No module named 'copernicusmarine'
+ [ 1 -eq 0 ]
+ cd ../../
+ [ 1 -eq 1 ]
+ source /home/cfontana/venv/c/bin/activate
+ 1> /dev/null
+ deactivate nondestructive
+ [ -n /home/cfontana/venv/c/bin:/usr/local/sbin:/usr/local/bin:/usr/sbin:/usr/bin:/sbin:/bin:/usr/games:/usr/local/games:/snap/bin ]
+ PATH=/home/cfontana/venv/c/bin:/usr/local/sbin:/usr/local/bin:/usr/sbin:/usr/bin:/sbin:/bin:/usr/games:/usr/local/games:/snap/bin
+ export PATH
+ unset _OLD_VIRTUAL_PATH
+ [ -n '' ]
+ hash -r
+ 2> /dev/null
+ [ -n '(c) \[\e]0;\u@\h: \w\a\]${debian_chroot:+($debian_chroot)}\[\033[01;32m\]\u@\h\[\033[00m\]:\[\033[01;34m\]\w\[\033[00m\]\$ ' ]
+ PS1='(c) \[\e]0;\u@\h: \w\a\]${debian_chroot:+($debian_chroot)}\[\033[01;32m\]\u@\h\[\033[00m\]:\[\033[01;34m\]\w\[\033[00m\]\$ '
+ export PS1
+ unset _OLD_VIRTUAL_PS1
+ unset VIRTUAL_ENV
+ unset VIRTUAL_ENV_PROMPT
+ [ ! nondestructive '=' nondestructive ]
+ [ '' '=' cygwin ]
+ [ '' '=' msys ]
+ VIRTUAL_ENV=/home/cfontana/venv/c
+ export VIRTUAL_ENV
+ _OLD_VIRTUAL_PATH=/home/cfontana/venv/c/bin:/usr/local/sbin:/usr/local/bin:/usr/sbin:/usr/bin:/sbin:/bin:/usr/games:/usr/local/games:/snap/bin
+ PATH=/home/cfontana/venv/c/bin:/home/cfontana/venv/c/bin:/usr/local/sbin:/usr/local/bin:/usr/sbin:/usr/bin:/sbin:/bin:/usr/games:/usr/local/games:/snap/bin
+ export PATH
+ [ -n '' ]
+ [ -z '' ]
+ _OLD_VIRTUAL_PS1='(c) \[\e]0;\u@\h: \w\a\]${debian_chroot:+($debian_chroot)}\[\033[01;32m\]\u@\h\[\033[00m\]:\[\033[01;34m\]\w\[\033[00m\]\$ '
+ PS1='(c) (c) \[\e]0;\u@\h: \w\a\]${debian_chroot:+($debian_chroot)}\[\033[01;32m\]\u@\h\[\033[00m\]:\[\033[01;34m\]\w\[\033[00m\]\$ '
+ export PS1
+ VIRTUAL_ENV_PROMPT='(c) '
+ export VIRTUAL_ENV_PROMPT
+ hash -r
+ 2> /dev/null
+ static=/home/cfontana/DIAGS/HGT_2026-04-19/static_HGT_2026-04-19
+ mkdir /home/cfontana/DIAGS/HGT_2026-04-19/static_HGT_2026-04-19
+ dir=/home/cfontana/DIAGS/HGT_2026-04-19/CMEMS/thetao/ITP_NC
+ i=1
+ ls /home/cfontana/DIAGS/HGT_2026-04-19/CMEMS/thetao/ITP_NC/PLOT/
+ cp /home/cfontana/DIAGS/HGT_2026-04-19/CMEMS/thetao/ITP_NC/PLOT/2026041900_thetao.jpg /home/cfontana/DIAGS/HGT_2026-04-19/static_HGT_2026-04-19/thetao_1.jpg
+ let i=1+1
+ cp /home/cfontana/DIAGS/HGT_2026-04-19/CMEMS/thetao/ITP_NC/PLOT/2026042000_thetao.jpg /home/cfontana/DIAGS/HGT_2026-04-19/static_HGT_2026-04-19/thetao_2.jpg
+ let i=2+1
+ cp /home/cfontana/DIAGS/HGT_2026-04-19/CMEMS/thetao/ITP_NC/PLOT/2026042100_thetao.jpg /home/cfontana/DIAGS/HGT_2026-04-19/static_HGT_2026-04-19/thetao_3.jpg
+ let i=3+1
+ cp /home/cfontana/DIAGS/HGT_2026-04-19/CMEMS/thetao/ITP_NC/PLOT/2026042200_thetao.jpg /home/cfontana/DIAGS/HGT_2026-04-19/static_HGT_2026-04-19/thetao_4.jpg
+ let i=4+1
+ cp /home/cfontana/DIAGS/HGT_2026-04-19/CMEMS/thetao/ITP_NC/PLOT/2026042300_thetao.jpg /home/cfontana/DIAGS/HGT_2026-04-19/static_HGT_2026-04-19/thetao_5.jpg
+ let i=5+1
+ cp /home/cfontana/DIAGS/HGT_2026-04-19/CMEMS/thetao/ITP_NC/PLOT/2026042400_thetao.jpg /home/cfontana/DIAGS/HGT_2026-04-19/static_HGT_2026-04-19/thetao_6.jpg
+ let i=6+1
+ cp /home/cfontana/DIAGS/HGT_2026-04-19/CMEMS/thetao/ITP_NC/time_series.jpg /home/cfontana/DIAGS/HGT_2026-04-19/static_HGT_2026-04-19/time_series_thetao.jpg
+ dir=/home/cfontana/DIAGS/HGT_2026-04-19/CMEMS/chl/ITP_NC
+ i=1
+ ls /home/cfontana/DIAGS/HGT_2026-04-19/CMEMS/chl/ITP_NC/PLOT/
+ cp /home/cfontana/DIAGS/HGT_2026-04-19/CMEMS/chl/ITP_NC/PLOT/2026041912_chl.jpg /home/cfontana/DIAGS/HGT_2026-04-19/static_HGT_2026-04-19/chl_1.jpg
+ let i=1+1
+ cp /home/cfontana/DIAGS/HGT_2026-04-19/CMEMS/chl/ITP_NC/PLOT/2026042012_chl.jpg /home/cfontana/DIAGS/HGT_2026-04-19/static_HGT_2026-04-19/chl_2.jpg
+ let i=2+1
+ cp /home/cfontana/DIAGS/HGT_2026-04-19/CMEMS/chl/ITP_NC/PLOT/2026042112_chl.jpg /home/cfontana/DIAGS/HGT_2026-04-19/static_HGT_2026-04-19/chl_3.jpg
+ let i=3+1
+ cp /home/cfontana/DIAGS/HGT_2026-04-19/CMEMS/chl/ITP_NC/PLOT/2026042212_chl.jpg /home/cfontana/DIAGS/HGT_2026-04-19/static_HGT_2026-04-19/chl_4.jpg
+ let i=4+1
+ cp /home/cfontana/DIAGS/HGT_2026-04-19/CMEMS/chl/ITP_NC/PLOT/2026042312_chl.jpg /home/cfontana/DIAGS/HGT_2026-04-19/static_HGT_2026-04-19/chl_5.jpg
+ let i=5+1
+ cp /home/cfontana/DIAGS/HGT_2026-04-19/CMEMS/chl/ITP_NC/PLOT/2026042412_chl.jpg /home/cfontana/DIAGS/HGT_2026-04-19/static_HGT_2026-04-19/chl_6.jpg
+ let i=6+1
+ cp /home/cfontana/DIAGS/HGT_2026-04-19/CMEMS/chl/ITP_NC/time_series.jpg /home/cfontana/DIAGS/HGT_2026-04-19/static_HGT_2026-04-19/time_series_chl.jpg
+ dir=/home/cfontana/DIAGS/HGT_2026-04-19/RADAR/
+ i=1
+ ls /home/cfontana/DIAGS/HGT_2026-04-19/RADAR//20260419_00.jpg /home/cfontana/DIAGS/HGT_2026-04-19/RADAR//20260420_00.jpg /home/cfontana/DIAGS/HGT_2026-04-19/RADAR//20260421_00.jpg /home/cfontana/DIAGS/HGT_2026-04-19/RADAR//20260422_00.jpg /home/cfontana/DIAGS/HGT_2026-04-19/RADAR//20260423_00.jpg /home/cfontana/DIAGS/HGT_2026-04-19/RADAR//20260424_00.jpg
+ cp /home/cfontana/DIAGS/HGT_2026-04-19/RADAR//20260419_00.jpg /home/cfontana/DIAGS/HGT_2026-04-19/static_HGT_2026-04-19/radar_1.jpg
+ let i=1+1
+ cp /home/cfontana/DIAGS/HGT_2026-04-19/RADAR//20260420_00.jpg /home/cfontana/DIAGS/HGT_2026-04-19/static_HGT_2026-04-19/radar_2.jpg
+ let i=2+1
+ cp /home/cfontana/DIAGS/HGT_2026-04-19/RADAR//20260421_00.jpg /home/cfontana/DIAGS/HGT_2026-04-19/static_HGT_2026-04-19/radar_3.jpg
+ let i=3+1
+ cp /home/cfontana/DIAGS/HGT_2026-04-19/RADAR//20260422_00.jpg /home/cfontana/DIAGS/HGT_2026-04-19/static_HGT_2026-04-19/radar_4.jpg
+ let i=4+1
+ cp /home/cfontana/DIAGS/HGT_2026-04-19/RADAR//20260423_00.jpg /home/cfontana/DIAGS/HGT_2026-04-19/static_HGT_2026-04-19/radar_5.jpg
+ let i=5+1
+ cp /home/cfontana/DIAGS/HGT_2026-04-19/RADAR//20260424_00.jpg /home/cfontana/DIAGS/HGT_2026-04-19/static_HGT_2026-04-19/radar_6.jpg
+ let i=6+1
+ dir=/home/cfontana/DIAGS/HGT_2026-04-19/ARGO/
+ ls -d '/home/cfontana/DIAGS/HGT_2026-04-19/ARGO//bio*/'
ls: cannot access '/home/cfontana/DIAGS/HGT_2026-04-19/ARGO//bio*/': No such file or directory
+ i=1
+ 1> /home/cfontana/DIAGS/HGT_2026-04-19/static_HGT_2026-04-19/list.txt
+ ls -d '/home/cfontana/DIAGS/HGT_2026-04-19/ARGO//*/'
ls: cannot access '/home/cfontana/DIAGS/HGT_2026-04-19/ARGO//*/': No such file or directory
+ cp /home/cfontana/DIAGS/HGT_2026-04-19/ARGO//map.jpg /home/cfontana/DIAGS/HGT_2026-04-19/static_HGT_2026-04-19
cp: cannot stat '/home/cfontana/DIAGS/HGT_2026-04-19/ARGO//map.jpg': No such file or directory
+ scp -r /home/cfontana/DIAGS/HGT_2026-04-19/static_HGT_2026-04-19 yulpa175555@webhost03.yulpa.io:/datas/yulpa175555/sites/merval.eg2.fr/htdocs/DIAGS
+ echo 'PROCESSING ION'
PROCESSING ION
+ echo '_______________ '
_______________ 
+ config=ION_2026-04-19
+ echo ION
+ awk '{print tolower($0)}'
+ lower=ion
+ set -x
+ sed -e s/FREQ/hourly/
+ 1> config/config_ION_2026-04-19.json
+ cat config/config_ION.json
+ sed -e s/DINI/2026-04-19/g
+ sed -e s/DOUT/20260419/
+ sed -e s/DEND/2026-04-24/
+ cp config/cmems_DOMAIN.dat config/cmems_ION_2026-04-19.dat
+ cp config/variables_mit_DOMAIN.dat config/variables_mit_ION_2026-04-19.dat
+ jq -r .diagdir config/config_ION_2026-04-19.json
+ diagdir=/home/cfontana/DIAGS/ION_2026-04-19
+ jq -r .radardir config/config_ION_2026-04-19.json
+ radardir=/home/cfontana/RADAR/
+ [ 0 -eq 0 -a 0 -eq 1 ]
+ [ 1 -eq 1 ]
+ cd datasets/CMEMS
+ python get_data_sat.py -c ION_2026-04-19 -v thetao
INFO - 2026-04-20T10:41:05Z - Selected dataset version: "202311"
INFO - 2026-04-20T10:41:05Z - Selected dataset part: "default"
WARNING - 2026-04-20T10:41:05Z - Some of your subset selection [2026-04-19 00:00:00+00:00, 2026-04-24 00:00:00+00:00] for the time dimension exceed the dataset coordinates [2008-01-01 00:00:00+00:00, 2026-04-20 00:00:00+00:00]
----------------------------------
=> Config file ION_2026-04-19 loaded
----------------------------------

Downloading CMEMS products : SST_MED_SST_L3S_NRT_OBSERVATIONS_010_012_a
=> Variable [np.str_('sea_surface_temperature')] 


[FILE SAVED ] /home/cfontana/DIAGS/ION_2026-04-19/CMEMS/data/SST_MED_SST_L3S_NRT_OBSERVATIONS_010_012_a.nc
+ python interp_cmems.py -c ION_2026-04-19 -v thetao
----------------------------------
=> Config file ION_2026-04-19 loaded
----------------------------------


[FILE SAVED] /home/cfontana/DIAGS/ION_2026-04-19/CMEMS/thetao/ITP_NC/thetao_20260419.nc


[FILE SAVED] /home/cfontana/DIAGS/ION_2026-04-19/CMEMS/thetao/ITP_NC/thetao_20260420.nc

Traceback (most recent call last):
  File "/home/cfontana/DATA_MED/datasets/CMEMS/interp_cmems.py", line 95, in <module>
    data = np.array(ds[cvar][i,:,:]).squeeze().flatten()
                    ~~~~~~~~^^^^^^^
  File "src/netCDF4/_netCDF4.pyx", line 5107, in netCDF4._netCDF4.Variable.__getitem__
  File "src/netCDF4/_netCDF4.pyx", line 6079, in netCDF4._netCDF4.Variable._get
IndexError: index exceeds dimension bounds
+ [ 1 -eq 2 ]
+ cd ../../plot
+ python plot_CMEMS_pickle_data_vs_sat.py -c ION_2026-04-19 -v thetao -s CMEMS
./op.slurm: line 88: 1422141: Killed
+ python plot_sat_CMEMS_timeseries.py -c ION_2026-04-19 -v thetao -s CMEMS
----------------------------------
=> Config file ION_2026-04-19 loaded
----------------------------------

Traceback (most recent call last):
  File "/home/cfontana/DATA_MED/plot/plot_sat_CMEMS_timeseries.py", line 88, in <module>
    data = np.loadtxt(fname,ndmin=2)
           ^^^^^^^^^^^^^^^^^^^^^^^^^
  File "/home/cfontana/venv/c/lib/python3.12/site-packages/numpy/lib/_npyio_impl.py", line 1384, in loadtxt
    arr = _read(fname, dtype=dtype, comment=comment, delimiter=delimiter,
          ^^^^^^^^^^^^^^^^^^^^^^^^^^^^^^^^^^^^^^^^^^^^^^^^^^^^^^^^^^^^^^^
  File "/home/cfontana/venv/c/lib/python3.12/site-packages/numpy/lib/_npyio_impl.py", line 1011, in _read
    fh = np.lib._datasource.open(fname, 'rt', encoding=encoding)
         ^^^^^^^^^^^^^^^^^^^^^^^^^^^^^^^^^^^^^^^^^^^^^^^^^^^^^^^
  File "/home/cfontana/venv/c/lib/python3.12/site-packages/numpy/lib/_datasource.py", line 192, in open
    return ds.open(path, mode, encoding=encoding, newline=newline)
           ^^^^^^^^^^^^^^^^^^^^^^^^^^^^^^^^^^^^^^^^^^^^^^^^^^^^^^^
  File "/home/cfontana/venv/c/lib/python3.12/site-packages/numpy/lib/_datasource.py", line 529, in open
    raise FileNotFoundError(f"{path} not found.")
FileNotFoundError: /home/cfontana/DIAGS/ION_2026-04-19/CMEMS/thetao/ITP_NC/time_series.dat not found.
+ cd ..
+ [ 1 -eq 1 ]
+ cd datasets/HFRADAR
+ python read_radar.py -c ION_2026-04-19
----------------------------------
=> Config file ION_2026-04-19 loaded
----------------------------------


----------
20260419 0
[Errno 2] No such file or directory: '/home/cfontana/RADAR//2026-04-19/EUHFR_NRTcurrent_HFR-TirLig-Total_v3.nc'
[Errno 2] No such file or directory: '/home/cfontana/RADAR//2026-04-19/EUHFR_NRTcurrent_HFR-ARPAS-Total_v3.nc'
[Errno 2] No such file or directory: '/home/cfontana/RADAR//2026-04-19/EUHFR_NRTcurrent_HFR-LaMMA-Total_v3.nc'
[Errno 2] No such file or directory: '/home/cfontana/RADAR//2026-04-19/EUHFR_NRTcurrent_HFR-GoS-Total_v3.nc'
[Errno 2] No such file or directory: '/home/cfontana/RADAR//2026-04-19/EUHFR_NRTcurrent_HFR-WesternItaly-Total_v3.nc'
[Errno 2] No such file or directory: '/home/cfontana/RADAR//2026-04-19/EUHFR_NRTcurrent_HFR-Granitola-Total_v3.nc'
[Errno 2] No such file or directory: '/home/cfontana/RADAR//2026-04-19/EUHFR_NRTcurrent_HFR-NAdr-Total_v3.nc'
[Errno 2] No such file or directory: '/home/cfontana/RADAR//2026-04-19/EUHFR_NRTcurrent_HFR-GoM-Total_v3.nc'
[SAVED FIG] /home/cfontana/DIAGS/ION_2026-04-19/RADAR/20260419_00.jpg

----------
20260420 0
[Errno 2] No such file or directory: '/home/cfontana/RADAR//2026-04-19/EUHFR_NRTcurrent_HFR-TirLig-Total_v3.nc'
[Errno 2] No such file or directory: '/home/cfontana/RADAR//2026-04-19/EUHFR_NRTcurrent_HFR-ARPAS-Total_v3.nc'
[Errno 2] No such file or directory: '/home/cfontana/RADAR//2026-04-19/EUHFR_NRTcurrent_HFR-LaMMA-Total_v3.nc'
[Errno 2] No such file or directory: '/home/cfontana/RADAR//2026-04-19/EUHFR_NRTcurrent_HFR-GoS-Total_v3.nc'
[Errno 2] No such file or directory: '/home/cfontana/RADAR//2026-04-19/EUHFR_NRTcurrent_HFR-WesternItaly-Total_v3.nc'
[Errno 2] No such file or directory: '/home/cfontana/RADAR//2026-04-19/EUHFR_NRTcurrent_HFR-Granitola-Total_v3.nc'
[Errno 2] No such file or directory: '/home/cfontana/RADAR//2026-04-19/EUHFR_NRTcurrent_HFR-NAdr-Total_v3.nc'
[Errno 2] No such file or directory: '/home/cfontana/RADAR//2026-04-19/EUHFR_NRTcurrent_HFR-GoM-Total_v3.nc'
[SAVED FIG] /home/cfontana/DIAGS/ION_2026-04-19/RADAR/20260420_00.jpg

----------
20260421 0
[Errno 2] No such file or directory: '/home/cfontana/RADAR//2026-04-19/EUHFR_NRTcurrent_HFR-TirLig-Total_v3.nc'
[Errno 2] No such file or directory: '/home/cfontana/RADAR//2026-04-19/EUHFR_NRTcurrent_HFR-ARPAS-Total_v3.nc'
[Errno 2] No such file or directory: '/home/cfontana/RADAR//2026-04-19/EUHFR_NRTcurrent_HFR-LaMMA-Total_v3.nc'
[Errno 2] No such file or directory: '/home/cfontana/RADAR//2026-04-19/EUHFR_NRTcurrent_HFR-GoS-Total_v3.nc'
[Errno 2] No such file or directory: '/home/cfontana/RADAR//2026-04-19/EUHFR_NRTcurrent_HFR-WesternItaly-Total_v3.nc'
[Errno 2] No such file or directory: '/home/cfontana/RADAR//2026-04-19/EUHFR_NRTcurrent_HFR-Granitola-Total_v3.nc'
[Errno 2] No such file or directory: '/home/cfontana/RADAR//2026-04-19/EUHFR_NRTcurrent_HFR-NAdr-Total_v3.nc'
[Errno 2] No such file or directory: '/home/cfontana/RADAR//2026-04-19/EUHFR_NRTcurrent_HFR-GoM-Total_v3.nc'
[SAVED FIG] /home/cfontana/DIAGS/ION_2026-04-19/RADAR/20260421_00.jpg

----------
20260422 0
[Errno 2] No such file or directory: '/home/cfontana/RADAR//2026-04-19/EUHFR_NRTcurrent_HFR-TirLig-Total_v3.nc'
[Errno 2] No such file or directory: '/home/cfontana/RADAR//2026-04-19/EUHFR_NRTcurrent_HFR-ARPAS-Total_v3.nc'
[Errno 2] No such file or directory: '/home/cfontana/RADAR//2026-04-19/EUHFR_NRTcurrent_HFR-LaMMA-Total_v3.nc'
[Errno 2] No such file or directory: '/home/cfontana/RADAR//2026-04-19/EUHFR_NRTcurrent_HFR-GoS-Total_v3.nc'
[Errno 2] No such file or directory: '/home/cfontana/RADAR//2026-04-19/EUHFR_NRTcurrent_HFR-WesternItaly-Total_v3.nc'
[Errno 2] No such file or directory: '/home/cfontana/RADAR//2026-04-19/EUHFR_NRTcurrent_HFR-Granitola-Total_v3.nc'
[Errno 2] No such file or directory: '/home/cfontana/RADAR//2026-04-19/EUHFR_NRTcurrent_HFR-NAdr-Total_v3.nc'
[Errno 2] No such file or directory: '/home/cfontana/RADAR//2026-04-19/EUHFR_NRTcurrent_HFR-GoM-Total_v3.nc'
[SAVED FIG] /home/cfontana/DIAGS/ION_2026-04-19/RADAR/20260422_00.jpg

----------
20260423 0
[Errno 2] No such file or directory: '/home/cfontana/RADAR//2026-04-19/EUHFR_NRTcurrent_HFR-TirLig-Total_v3.nc'
[Errno 2] No such file or directory: '/home/cfontana/RADAR//2026-04-19/EUHFR_NRTcurrent_HFR-ARPAS-Total_v3.nc'
[Errno 2] No such file or directory: '/home/cfontana/RADAR//2026-04-19/EUHFR_NRTcurrent_HFR-LaMMA-Total_v3.nc'
[Errno 2] No such file or directory: '/home/cfontana/RADAR//2026-04-19/EUHFR_NRTcurrent_HFR-GoS-Total_v3.nc'
[Errno 2] No such file or directory: '/home/cfontana/RADAR//2026-04-19/EUHFR_NRTcurrent_HFR-WesternItaly-Total_v3.nc'
[Errno 2] No such file or directory: '/home/cfontana/RADAR//2026-04-19/EUHFR_NRTcurrent_HFR-Granitola-Total_v3.nc'
[Errno 2] No such file or directory: '/home/cfontana/RADAR//2026-04-19/EUHFR_NRTcurrent_HFR-NAdr-Total_v3.nc'
[Errno 2] No such file or directory: '/home/cfontana/RADAR//2026-04-19/EUHFR_NRTcurrent_HFR-GoM-Total_v3.nc'
[SAVED FIG] /home/cfontana/DIAGS/ION_2026-04-19/RADAR/20260423_00.jpg

----------
20260424 0
[Errno 2] No such file or directory: '/home/cfontana/RADAR//2026-04-19/EUHFR_NRTcurrent_HFR-TirLig-Total_v3.nc'
[Errno 2] No such file or directory: '/home/cfontana/RADAR//2026-04-19/EUHFR_NRTcurrent_HFR-ARPAS-Total_v3.nc'
[Errno 2] No such file or directory: '/home/cfontana/RADAR//2026-04-19/EUHFR_NRTcurrent_HFR-LaMMA-Total_v3.nc'
[Errno 2] No such file or directory: '/home/cfontana/RADAR//2026-04-19/EUHFR_NRTcurrent_HFR-GoS-Total_v3.nc'
[Errno 2] No such file or directory: '/home/cfontana/RADAR//2026-04-19/EUHFR_NRTcurrent_HFR-WesternItaly-Total_v3.nc'
[Errno 2] No such file or directory: '/home/cfontana/RADAR//2026-04-19/EUHFR_NRTcurrent_HFR-Granitola-Total_v3.nc'
[Errno 2] No such file or directory: '/home/cfontana/RADAR//2026-04-19/EUHFR_NRTcurrent_HFR-NAdr-Total_v3.nc'
[Errno 2] No such file or directory: '/home/cfontana/RADAR//2026-04-19/EUHFR_NRTcurrent_HFR-GoM-Total_v3.nc'
[SAVED FIG] /home/cfontana/DIAGS/ION_2026-04-19/RADAR/20260424_00.jpg
+ cd ../..
+ sed -e s/FREQ/daily/
+ sed -e s/DINI/2026-04-19/g
+ sed -e s/DEND/2026-04-24/
+ sed -e s/DOUT/20260419/
+ 1> config/config_ION_2026-04-19.json
+ cat config/config_ION.json
+ [ 1 -eq 1 ]
+ cd datasets/CMEMS
+ python get_data_sat.py -c ION_2026-04-19 -v chl
INFO - 2026-04-20T11:03:56Z - Selected dataset version: "202211"
INFO - 2026-04-20T11:03:56Z - Selected dataset part: "default"
WARNING - 2026-04-20T11:03:56Z - Some of your subset selection [2026-04-19 00:00:00+00:00, 2026-04-24 00:00:00+00:00] for the time dimension exceed the dataset coordinates [2023-04-29 00:00:00+00:00, 2026-04-19 00:00:00+00:00]
----------------------------------
=> Config file ION_2026-04-19 loaded
----------------------------------

Downloading CMEMS products : cmems_obs-oc_med_bgc-plankton_nrt_l3-multi-1km_P1D
=> Variable ['CHL', 'KD490'] 


[FILE SAVED ] /home/cfontana/DIAGS/ION_2026-04-19/CMEMS/data/cmems_obs-oc_med_bgc-plankton_nrt_l3-multi-1km_P1D.nc
+ python interp_cmems.py -c ION_2026-04-19 -v chl
----------------------------------
=> Config file ION_2026-04-19 loaded
----------------------------------


[FILE SAVED] /home/cfontana/DIAGS/ION_2026-04-19/CMEMS/chl/ITP_NC/chl_20260419.nc

Traceback (most recent call last):
  File "/home/cfontana/DATA_MED/datasets/CMEMS/interp_cmems.py", line 95, in <module>
    data = np.array(ds[cvar][i,:,:]).squeeze().flatten()
                    ~~~~~~~~^^^^^^^
  File "src/netCDF4/_netCDF4.pyx", line 5107, in netCDF4._netCDF4.Variable.__getitem__
  File "src/netCDF4/_netCDF4.pyx", line 6079, in netCDF4._netCDF4.Variable._get
IndexError: index exceeds dimension bounds
+ [ 1 -eq 2 ]
+ cd ../../plot
+ python plot_CMEMS_pickle_data_vs_sat.py -c ION_2026-04-19 -v chl -s CMEMS
./op.slurm: line 123: 1422531: Killed
+ python plot_sat_CMEMS_timeseries.py -c ION_2026-04-19 -v chl -s CMEMS
----------------------------------
=> Config file ION_2026-04-19 loaded
----------------------------------

Traceback (most recent call last):
  File "/home/cfontana/DATA_MED/plot/plot_sat_CMEMS_timeseries.py", line 88, in <module>
    data = np.loadtxt(fname,ndmin=2)
           ^^^^^^^^^^^^^^^^^^^^^^^^^
  File "/home/cfontana/venv/c/lib/python3.12/site-packages/numpy/lib/_npyio_impl.py", line 1384, in loadtxt
    arr = _read(fname, dtype=dtype, comment=comment, delimiter=delimiter,
          ^^^^^^^^^^^^^^^^^^^^^^^^^^^^^^^^^^^^^^^^^^^^^^^^^^^^^^^^^^^^^^^
  File "/home/cfontana/venv/c/lib/python3.12/site-packages/numpy/lib/_npyio_impl.py", line 1011, in _read
    fh = np.lib._datasource.open(fname, 'rt', encoding=encoding)
         ^^^^^^^^^^^^^^^^^^^^^^^^^^^^^^^^^^^^^^^^^^^^^^^^^^^^^^^
  File "/home/cfontana/venv/c/lib/python3.12/site-packages/numpy/lib/_datasource.py", line 192, in open
    return ds.open(path, mode, encoding=encoding, newline=newline)
           ^^^^^^^^^^^^^^^^^^^^^^^^^^^^^^^^^^^^^^^^^^^^^^^^^^^^^^^
  File "/home/cfontana/venv/c/lib/python3.12/site-packages/numpy/lib/_datasource.py", line 529, in open
    raise FileNotFoundError(f"{path} not found.")
FileNotFoundError: /home/cfontana/DIAGS/ION_2026-04-19/CMEMS/chl/ITP_NC/time_series.dat not found.
+ cd ..
+ [ 1 -eq 0 ]
+ [ 1 -eq 1 ]
+ source /home/cfontana/venv/a/bin/activate
+ 1> /dev/null
+ deactivate nondestructive
+ [ -n /home/cfontana/venv/c/bin:/usr/local/sbin:/usr/local/bin:/usr/sbin:/usr/bin:/sbin:/bin:/usr/games:/usr/local/games:/snap/bin ]
+ PATH=/home/cfontana/venv/c/bin:/usr/local/sbin:/usr/local/bin:/usr/sbin:/usr/bin:/sbin:/bin:/usr/games:/usr/local/games:/snap/bin
+ export PATH
+ unset _OLD_VIRTUAL_PATH
+ [ -n '' ]
+ hash -r
+ 2> /dev/null
+ [ -n '(c) \[\e]0;\u@\h: \w\a\]${debian_chroot:+($debian_chroot)}\[\033[01;32m\]\u@\h\[\033[00m\]:\[\033[01;34m\]\w\[\033[00m\]\$ ' ]
+ PS1='(c) \[\e]0;\u@\h: \w\a\]${debian_chroot:+($debian_chroot)}\[\033[01;32m\]\u@\h\[\033[00m\]:\[\033[01;34m\]\w\[\033[00m\]\$ '
+ export PS1
+ unset _OLD_VIRTUAL_PS1
+ unset VIRTUAL_ENV
+ unset VIRTUAL_ENV_PROMPT
+ [ ! nondestructive '=' nondestructive ]
+ [ '' '=' cygwin ]
+ [ '' '=' msys ]
+ VIRTUAL_ENV=/home/cfontana/venv/a
+ export VIRTUAL_ENV
+ _OLD_VIRTUAL_PATH=/home/cfontana/venv/c/bin:/usr/local/sbin:/usr/local/bin:/usr/sbin:/usr/bin:/sbin:/bin:/usr/games:/usr/local/games:/snap/bin
+ PATH=/home/cfontana/venv/a/bin:/home/cfontana/venv/c/bin:/usr/local/sbin:/usr/local/bin:/usr/sbin:/usr/bin:/sbin:/bin:/usr/games:/usr/local/games:/snap/bin
+ export PATH
+ [ -n '' ]
+ [ -z '' ]
+ _OLD_VIRTUAL_PS1='(c) \[\e]0;\u@\h: \w\a\]${debian_chroot:+($debian_chroot)}\[\033[01;32m\]\u@\h\[\033[00m\]:\[\033[01;34m\]\w\[\033[00m\]\$ '
+ PS1='(a) (c) \[\e]0;\u@\h: \w\a\]${debian_chroot:+($debian_chroot)}\[\033[01;32m\]\u@\h\[\033[00m\]:\[\033[01;34m\]\w\[\033[00m\]\$ '
+ export PS1
+ VIRTUAL_ENV_PROMPT='(a) '
+ export VIRTUAL_ENV_PROMPT
+ hash -r
+ 2> /dev/null
+ sed -i s/daily/hourly/ config/config_ION_2026-04-19.json
+ cd datasets/ARGO
+ python get_argo.py -c ION_2026-04-19
Traceback (most recent call last):
  File "/home/cfontana/DATA_MED/datasets/ARGO/get_argo.py", line 9, in <module>
    from fun_gen import *
  File "/home/cfontana/DATA_MED/modules/fun_gen.py", line 5, in <module>
    from fun_io import load_coords
  File "/home/cfontana/DATA_MED/modules/fun_io.py", line 15, in <module>
    import copernicusmarine
ModuleNotFoundError: No module named 'copernicusmarine'
+ [ 1 -eq 0 ]
+ cd ../../
+ sed -i s/phy/bgc/ config/config_ION_2026-04-19.json
+ cd datasets/ARGO
+ python get_argo.py -c ION_2026-04-19
Traceback (most recent call last):
  File "/home/cfontana/DATA_MED/datasets/ARGO/get_argo.py", line 9, in <module>
    from fun_gen import *
  File "/home/cfontana/DATA_MED/modules/fun_gen.py", line 5, in <module>
    from fun_io import load_coords
  File "/home/cfontana/DATA_MED/modules/fun_io.py", line 15, in <module>
    import copernicusmarine
ModuleNotFoundError: No module named 'copernicusmarine'
+ [ 1 -eq 0 ]
+ cd ../../
+ [ 1 -eq 1 ]
+ source /home/cfontana/venv/c/bin/activate
+ 1> /dev/null
+ deactivate nondestructive
+ [ -n /home/cfontana/venv/c/bin:/usr/local/sbin:/usr/local/bin:/usr/sbin:/usr/bin:/sbin:/bin:/usr/games:/usr/local/games:/snap/bin ]
+ PATH=/home/cfontana/venv/c/bin:/usr/local/sbin:/usr/local/bin:/usr/sbin:/usr/bin:/sbin:/bin:/usr/games:/usr/local/games:/snap/bin
+ export PATH
+ unset _OLD_VIRTUAL_PATH
+ [ -n '' ]
+ hash -r
+ 2> /dev/null
+ [ -n '(c) \[\e]0;\u@\h: \w\a\]${debian_chroot:+($debian_chroot)}\[\033[01;32m\]\u@\h\[\033[00m\]:\[\033[01;34m\]\w\[\033[00m\]\$ ' ]
+ PS1='(c) \[\e]0;\u@\h: \w\a\]${debian_chroot:+($debian_chroot)}\[\033[01;32m\]\u@\h\[\033[00m\]:\[\033[01;34m\]\w\[\033[00m\]\$ '
+ export PS1
+ unset _OLD_VIRTUAL_PS1
+ unset VIRTUAL_ENV
+ unset VIRTUAL_ENV_PROMPT
+ [ ! nondestructive '=' nondestructive ]
+ [ '' '=' cygwin ]
+ [ '' '=' msys ]
+ VIRTUAL_ENV=/home/cfontana/venv/c
+ export VIRTUAL_ENV
+ _OLD_VIRTUAL_PATH=/home/cfontana/venv/c/bin:/usr/local/sbin:/usr/local/bin:/usr/sbin:/usr/bin:/sbin:/bin:/usr/games:/usr/local/games:/snap/bin
+ PATH=/home/cfontana/venv/c/bin:/home/cfontana/venv/c/bin:/usr/local/sbin:/usr/local/bin:/usr/sbin:/usr/bin:/sbin:/bin:/usr/games:/usr/local/games:/snap/bin
+ export PATH
+ [ -n '' ]
+ [ -z '' ]
+ _OLD_VIRTUAL_PS1='(c) \[\e]0;\u@\h: \w\a\]${debian_chroot:+($debian_chroot)}\[\033[01;32m\]\u@\h\[\033[00m\]:\[\033[01;34m\]\w\[\033[00m\]\$ '
+ PS1='(c) (c) \[\e]0;\u@\h: \w\a\]${debian_chroot:+($debian_chroot)}\[\033[01;32m\]\u@\h\[\033[00m\]:\[\033[01;34m\]\w\[\033[00m\]\$ '
+ export PS1
+ VIRTUAL_ENV_PROMPT='(c) '
+ export VIRTUAL_ENV_PROMPT
+ hash -r
+ 2> /dev/null
+ static=/home/cfontana/DIAGS/ION_2026-04-19/static_ION_2026-04-19
+ mkdir /home/cfontana/DIAGS/ION_2026-04-19/static_ION_2026-04-19
+ dir=/home/cfontana/DIAGS/ION_2026-04-19/CMEMS/thetao/ITP_NC
+ i=1
+ ls /home/cfontana/DIAGS/ION_2026-04-19/CMEMS/thetao/ITP_NC/PLOT/
+ cp /home/cfontana/DIAGS/ION_2026-04-19/CMEMS/thetao/ITP_NC/PLOT/2026041900_thetao.pkl /home/cfontana/DIAGS/ION_2026-04-19/static_ION_2026-04-19/thetao_1.jpg
+ let i=1+1
+ cp /home/cfontana/DIAGS/ION_2026-04-19/CMEMS/thetao/ITP_NC/time_series.jpg /home/cfontana/DIAGS/ION_2026-04-19/static_ION_2026-04-19/time_series_thetao.jpg
cp: cannot stat '/home/cfontana/DIAGS/ION_2026-04-19/CMEMS/thetao/ITP_NC/time_series.jpg': No such file or directory
+ dir=/home/cfontana/DIAGS/ION_2026-04-19/CMEMS/chl/ITP_NC
+ i=1
+ ls /home/cfontana/DIAGS/ION_2026-04-19/CMEMS/chl/ITP_NC/PLOT/
+ cp /home/cfontana/DIAGS/ION_2026-04-19/CMEMS/chl/ITP_NC/PLOT/2026041912_chl.jpg /home/cfontana/DIAGS/ION_2026-04-19/static_ION_2026-04-19/chl_1.jpg
+ let i=1+1
+ cp /home/cfontana/DIAGS/ION_2026-04-19/CMEMS/chl/ITP_NC/PLOT/2026042012_chl.jpg /home/cfontana/DIAGS/ION_2026-04-19/static_ION_2026-04-19/chl_2.jpg
+ let i=2+1
+ cp /home/cfontana/DIAGS/ION_2026-04-19/CMEMS/chl/ITP_NC/PLOT/2026042112_chl.jpg /home/cfontana/DIAGS/ION_2026-04-19/static_ION_2026-04-19/chl_3.jpg
+ let i=3+1
+ cp /home/cfontana/DIAGS/ION_2026-04-19/CMEMS/chl/ITP_NC/PLOT/2026042212_chl.jpg /home/cfontana/DIAGS/ION_2026-04-19/static_ION_2026-04-19/chl_4.jpg
+ let i=4+1
+ cp /home/cfontana/DIAGS/ION_2026-04-19/CMEMS/chl/ITP_NC/PLOT/2026042312_chl.pkl /home/cfontana/DIAGS/ION_2026-04-19/static_ION_2026-04-19/chl_5.jpg
+ let i=5+1
+ cp /home/cfontana/DIAGS/ION_2026-04-19/CMEMS/chl/ITP_NC/PLOT/2026042412_chl.pkl /home/cfontana/DIAGS/ION_2026-04-19/static_ION_2026-04-19/chl_6.jpg
+ let i=6+1
+ cp /home/cfontana/DIAGS/ION_2026-04-19/CMEMS/chl/ITP_NC/time_series.jpg /home/cfontana/DIAGS/ION_2026-04-19/static_ION_2026-04-19/time_series_chl.jpg
cp: cannot stat '/home/cfontana/DIAGS/ION_2026-04-19/CMEMS/chl/ITP_NC/time_series.jpg': No such file or directory
+ dir=/home/cfontana/DIAGS/ION_2026-04-19/RADAR/
+ i=1
+ ls /home/cfontana/DIAGS/ION_2026-04-19/RADAR//20260419_00.jpg /home/cfontana/DIAGS/ION_2026-04-19/RADAR//20260420_00.jpg /home/cfontana/DIAGS/ION_2026-04-19/RADAR//20260421_00.jpg /home/cfontana/DIAGS/ION_2026-04-19/RADAR//20260422_00.jpg /home/cfontana/DIAGS/ION_2026-04-19/RADAR//20260423_00.jpg /home/cfontana/DIAGS/ION_2026-04-19/RADAR//20260424_00.jpg
+ cp /home/cfontana/DIAGS/ION_2026-04-19/RADAR//20260419_00.jpg /home/cfontana/DIAGS/ION_2026-04-19/static_ION_2026-04-19/radar_1.jpg
+ let i=1+1
+ cp /home/cfontana/DIAGS/ION_2026-04-19/RADAR//20260420_00.jpg /home/cfontana/DIAGS/ION_2026-04-19/static_ION_2026-04-19/radar_2.jpg
+ let i=2+1
+ cp /home/cfontana/DIAGS/ION_2026-04-19/RADAR//20260421_00.jpg /home/cfontana/DIAGS/ION_2026-04-19/static_ION_2026-04-19/radar_3.jpg
+ let i=3+1
+ cp /home/cfontana/DIAGS/ION_2026-04-19/RADAR//20260422_00.jpg /home/cfontana/DIAGS/ION_2026-04-19/static_ION_2026-04-19/radar_4.jpg
+ let i=4+1
+ cp /home/cfontana/DIAGS/ION_2026-04-19/RADAR//20260423_00.jpg /home/cfontana/DIAGS/ION_2026-04-19/static_ION_2026-04-19/radar_5.jpg
+ let i=5+1
+ cp /home/cfontana/DIAGS/ION_2026-04-19/RADAR//20260424_00.jpg /home/cfontana/DIAGS/ION_2026-04-19/static_ION_2026-04-19/radar_6.jpg
+ let i=6+1
+ dir=/home/cfontana/DIAGS/ION_2026-04-19/ARGO/
+ ls -d '/home/cfontana/DIAGS/ION_2026-04-19/ARGO//bio*/'
ls: cannot access '/home/cfontana/DIAGS/ION_2026-04-19/ARGO//bio*/': No such file or directory
+ i=1
+ 1> /home/cfontana/DIAGS/ION_2026-04-19/static_ION_2026-04-19/list.txt
+ ls -d '/home/cfontana/DIAGS/ION_2026-04-19/ARGO//*/'
ls: cannot access '/home/cfontana/DIAGS/ION_2026-04-19/ARGO//*/': No such file or directory
+ cp /home/cfontana/DIAGS/ION_2026-04-19/ARGO//map.jpg /home/cfontana/DIAGS/ION_2026-04-19/static_ION_2026-04-19
cp: cannot stat '/home/cfontana/DIAGS/ION_2026-04-19/ARGO//map.jpg': No such file or directory
+ scp -r /home/cfontana/DIAGS/ION_2026-04-19/static_ION_2026-04-19 yulpa175555@webhost03.yulpa.io:/datas/yulpa175555/sites/merval.eg2.fr/htdocs/DIAGS
+ echo 'PROCESSING ISO'
PROCESSING ISO
+ echo '_______________ '
_______________ 
+ config=ISO_2026-04-19
+ echo ISO
+ awk '{print tolower($0)}'
+ lower=iso
+ set -x
+ cat config/config_ISO.json
+ sed -e s/DINI/2026-04-19/g
+ sed -e s/DOUT/20260419/
+ sed -e s/DEND/2026-04-24/
+ sed -e s/FREQ/hourly/
+ 1> config/config_ISO_2026-04-19.json
+ cp config/cmems_DOMAIN.dat config/cmems_ISO_2026-04-19.dat
+ cp config/variables_mit_DOMAIN.dat config/variables_mit_ISO_2026-04-19.dat
+ jq -r .diagdir config/config_ISO_2026-04-19.json
+ diagdir=/home/cfontana/DIAGS/ISO_2026-04-19
+ jq -r .radardir config/config_ISO_2026-04-19.json
+ radardir=/home/cfontana/RADAR/
+ [ 0 -eq 0 -a 0 -eq 1 ]
+ [ 1 -eq 1 ]
+ cd datasets/CMEMS
+ python get_data_sat.py -c ISO_2026-04-19 -v thetao
INFO - 2026-04-20T11:34:38Z - Selected dataset version: "202311"
INFO - 2026-04-20T11:34:38Z - Selected dataset part: "default"
WARNING - 2026-04-20T11:34:38Z - Some of your subset selection [44.708855423000166, 46.74948042301317] for the latitude dimension exceed the dataset coordinates [30.25, 46.0]
WARNING - 2026-04-20T11:34:38Z - Some of your subset selection [2026-04-19 00:00:00+00:00, 2026-04-24 00:00:00+00:00] for the time dimension exceed the dataset coordinates [2008-01-01 00:00:00+00:00, 2026-04-20 00:00:00+00:00]
----------------------------------
=> Config file ISO_2026-04-19 loaded
----------------------------------

Downloading CMEMS products : SST_MED_SST_L3S_NRT_OBSERVATIONS_010_012_a
=> Variable [np.str_('sea_surface_temperature')] 


[FILE SAVED ] /home/cfontana/DIAGS/ISO_2026-04-19/CMEMS/data/SST_MED_SST_L3S_NRT_OBSERVATIONS_010_012_a.nc
+ python interp_cmems.py -c ISO_2026-04-19 -v thetao
----------------------------------
=> Config file ISO_2026-04-19 loaded
----------------------------------


[FILE SAVED] /home/cfontana/DIAGS/ISO_2026-04-19/CMEMS/thetao/ITP_NC/thetao_20260419.nc


[FILE SAVED] /home/cfontana/DIAGS/ISO_2026-04-19/CMEMS/thetao/ITP_NC/thetao_20260420.nc

Traceback (most recent call last):
  File "/home/cfontana/DATA_MED/datasets/CMEMS/interp_cmems.py", line 95, in <module>
    data = np.array(ds[cvar][i,:,:]).squeeze().flatten()
                    ~~~~~~~~^^^^^^^
  File "src/netCDF4/_netCDF4.pyx", line 5107, in netCDF4._netCDF4.Variable.__getitem__
  File "src/netCDF4/_netCDF4.pyx", line 6079, in netCDF4._netCDF4.Variable._get
IndexError: index exceeds dimension bounds
+ [ 1 -eq 2 ]
+ cd ../../plot
+ python plot_CMEMS_pickle_data_vs_sat.py -c ISO_2026-04-19 -v thetao -s CMEMS
----------------------------------
=> Config file ISO_2026-04-19 loaded
----------------------------------

Processing
739725 15.89832601261987 14.818962 nan 0.6737472766884531
739726 15.933693178835277 15.220263 nan 0.6737472766884531
[Errno 2] No such file or directory: '/home/cfontana/DIAGS/ISO_2026-04-19/CMEMS/thetao/ITP_NC/thetao_20260421.nc' 

=> in get_sat_2D :
Error processing file /home/cfontana/DIAGS/ISO_2026-04-19/CMEMS/thetao/ITP_NC/thetao_20260421.nc
File not found
739727 16.161812161048772 nan 16.614068489098734 1
[Errno 2] No such file or directory: '/home/cfontana/DIAGS/ISO_2026-04-19/CMEMS/thetao/ITP_NC/thetao_20260422.nc' 

=> in get_sat_2D :
Error processing file /home/cfontana/DIAGS/ISO_2026-04-19/CMEMS/thetao/ITP_NC/thetao_20260422.nc
File not found
739728 15.989551886494123 nan 16.17618528742081 1
[Errno 2] No such file or directory: '/home/cfontana/DIAGS/ISO_2026-04-19/CMEMS/thetao/ITP_NC/thetao_20260423.nc' 

=> in get_sat_2D :
Error processing file /home/cfontana/DIAGS/ISO_2026-04-19/CMEMS/thetao/ITP_NC/thetao_20260423.nc
File not found
739729 16.17700149966221 nan 15.717552991584627 1
[Errno 2] No such file or directory: '/home/cfontana/DIAGS/ISO_2026-04-19/CMEMS/thetao/ITP_NC/thetao_20260424.nc' 

=> in get_sat_2D :
Error processing file /home/cfontana/DIAGS/ISO_2026-04-19/CMEMS/thetao/ITP_NC/thetao_20260424.nc
File not found
739730 16.361918436416094 nan 15.690062946202973 1
[SAVED FIG] /home/cfontana/DIAGS/ISO_2026-04-19/CMEMS/thetao/ITP_NC/PLOT/2026041900_thetao.jpg
[SAVED FIG] /home/cfontana/DIAGS/ISO_2026-04-19/CMEMS/thetao/ITP_NC/PLOT/2026042000_thetao.jpg
[SAVED FIG] /home/cfontana/DIAGS/ISO_2026-04-19/CMEMS/thetao/ITP_NC/PLOT/2026042100_thetao.jpg
[SAVED FIG] /home/cfontana/DIAGS/ISO_2026-04-19/CMEMS/thetao/ITP_NC/PLOT/2026042200_thetao.jpg
[SAVED FIG] /home/cfontana/DIAGS/ISO_2026-04-19/CMEMS/thetao/ITP_NC/PLOT/2026042300_thetao.jpg
[SAVED FIG] /home/cfontana/DIAGS/ISO_2026-04-19/CMEMS/thetao/ITP_NC/PLOT/2026042400_thetao.jpg
+ python plot_sat_CMEMS_timeseries.py -c ISO_2026-04-19 -v thetao -s CMEMS
----------------------------------
=> Config file ISO_2026-04-19 loaded
----------------------------------

[SAVED FIG] /home/cfontana/DIAGS/ISO_2026-04-19/CMEMS/thetao/ITP_NC/time_series.jpg
+ cd ..
+ [ 1 -eq 1 ]
+ cd datasets/HFRADAR
+ python read_radar.py -c ISO_2026-04-19
----------------------------------
=> Config file ISO_2026-04-19 loaded
----------------------------------


----------
20260419 0
[Errno 2] No such file or directory: '/home/cfontana/RADAR//2026-04-19/EUHFR_NRTcurrent_HFR-TirLig-Total_v3.nc'
[Errno 2] No such file or directory: '/home/cfontana/RADAR//2026-04-19/EUHFR_NRTcurrent_HFR-ARPAS-Total_v3.nc'
[Errno 2] No such file or directory: '/home/cfontana/RADAR//2026-04-19/EUHFR_NRTcurrent_HFR-LaMMA-Total_v3.nc'
[Errno 2] No such file or directory: '/home/cfontana/RADAR//2026-04-19/EUHFR_NRTcurrent_HFR-GoS-Total_v3.nc'
[Errno 2] No such file or directory: '/home/cfontana/RADAR//2026-04-19/EUHFR_NRTcurrent_HFR-WesternItaly-Total_v3.nc'
[Errno 2] No such file or directory: '/home/cfontana/RADAR//2026-04-19/EUHFR_NRTcurrent_HFR-Granitola-Total_v3.nc'
[Errno 2] No such file or directory: '/home/cfontana/RADAR//2026-04-19/EUHFR_NRTcurrent_HFR-NAdr-Total_v3.nc'
[Errno 2] No such file or directory: '/home/cfontana/RADAR//2026-04-19/EUHFR_NRTcurrent_HFR-GoM-Total_v3.nc'
[SAVED FIG] /home/cfontana/DIAGS/ISO_2026-04-19/RADAR/20260419_00.jpg

----------
20260420 0
[Errno 2] No such file or directory: '/home/cfontana/RADAR//2026-04-19/EUHFR_NRTcurrent_HFR-TirLig-Total_v3.nc'
[Errno 2] No such file or directory: '/home/cfontana/RADAR//2026-04-19/EUHFR_NRTcurrent_HFR-ARPAS-Total_v3.nc'
[Errno 2] No such file or directory: '/home/cfontana/RADAR//2026-04-19/EUHFR_NRTcurrent_HFR-LaMMA-Total_v3.nc'
[Errno 2] No such file or directory: '/home/cfontana/RADAR//2026-04-19/EUHFR_NRTcurrent_HFR-GoS-Total_v3.nc'
[Errno 2] No such file or directory: '/home/cfontana/RADAR//2026-04-19/EUHFR_NRTcurrent_HFR-WesternItaly-Total_v3.nc'
[Errno 2] No such file or directory: '/home/cfontana/RADAR//2026-04-19/EUHFR_NRTcurrent_HFR-Granitola-Total_v3.nc'
[Errno 2] No such file or directory: '/home/cfontana/RADAR//2026-04-19/EUHFR_NRTcurrent_HFR-NAdr-Total_v3.nc'
[Errno 2] No such file or directory: '/home/cfontana/RADAR//2026-04-19/EUHFR_NRTcurrent_HFR-GoM-Total_v3.nc'
[SAVED FIG] /home/cfontana/DIAGS/ISO_2026-04-19/RADAR/20260420_00.jpg

----------
20260421 0
[Errno 2] No such file or directory: '/home/cfontana/RADAR//2026-04-19/EUHFR_NRTcurrent_HFR-TirLig-Total_v3.nc'
[Errno 2] No such file or directory: '/home/cfontana/RADAR//2026-04-19/EUHFR_NRTcurrent_HFR-ARPAS-Total_v3.nc'
[Errno 2] No such file or directory: '/home/cfontana/RADAR//2026-04-19/EUHFR_NRTcurrent_HFR-LaMMA-Total_v3.nc'
[Errno 2] No such file or directory: '/home/cfontana/RADAR//2026-04-19/EUHFR_NRTcurrent_HFR-GoS-Total_v3.nc'
[Errno 2] No such file or directory: '/home/cfontana/RADAR//2026-04-19/EUHFR_NRTcurrent_HFR-WesternItaly-Total_v3.nc'
[Errno 2] No such file or directory: '/home/cfontana/RADAR//2026-04-19/EUHFR_NRTcurrent_HFR-Granitola-Total_v3.nc'
[Errno 2] No such file or directory: '/home/cfontana/RADAR//2026-04-19/EUHFR_NRTcurrent_HFR-NAdr-Total_v3.nc'
[Errno 2] No such file or directory: '/home/cfontana/RADAR//2026-04-19/EUHFR_NRTcurrent_HFR-GoM-Total_v3.nc'
[SAVED FIG] /home/cfontana/DIAGS/ISO_2026-04-19/RADAR/20260421_00.jpg

----------
20260422 0
[Errno 2] No such file or directory: '/home/cfontana/RADAR//2026-04-19/EUHFR_NRTcurrent_HFR-TirLig-Total_v3.nc'
[Errno 2] No such file or directory: '/home/cfontana/RADAR//2026-04-19/EUHFR_NRTcurrent_HFR-ARPAS-Total_v3.nc'
[Errno 2] No such file or directory: '/home/cfontana/RADAR//2026-04-19/EUHFR_NRTcurrent_HFR-LaMMA-Total_v3.nc'
[Errno 2] No such file or directory: '/home/cfontana/RADAR//2026-04-19/EUHFR_NRTcurrent_HFR-GoS-Total_v3.nc'
[Errno 2] No such file or directory: '/home/cfontana/RADAR//2026-04-19/EUHFR_NRTcurrent_HFR-WesternItaly-Total_v3.nc'
[Errno 2] No such file or directory: '/home/cfontana/RADAR//2026-04-19/EUHFR_NRTcurrent_HFR-Granitola-Total_v3.nc'
[Errno 2] No such file or directory: '/home/cfontana/RADAR//2026-04-19/EUHFR_NRTcurrent_HFR-NAdr-Total_v3.nc'
[Errno 2] No such file or directory: '/home/cfontana/RADAR//2026-04-19/EUHFR_NRTcurrent_HFR-GoM-Total_v3.nc'
[SAVED FIG] /home/cfontana/DIAGS/ISO_2026-04-19/RADAR/20260422_00.jpg

----------
20260423 0
[Errno 2] No such file or directory: '/home/cfontana/RADAR//2026-04-19/EUHFR_NRTcurrent_HFR-TirLig-Total_v3.nc'
[Errno 2] No such file or directory: '/home/cfontana/RADAR//2026-04-19/EUHFR_NRTcurrent_HFR-ARPAS-Total_v3.nc'
[Errno 2] No such file or directory: '/home/cfontana/RADAR//2026-04-19/EUHFR_NRTcurrent_HFR-LaMMA-Total_v3.nc'
[Errno 2] No such file or directory: '/home/cfontana/RADAR//2026-04-19/EUHFR_NRTcurrent_HFR-GoS-Total_v3.nc'
[Errno 2] No such file or directory: '/home/cfontana/RADAR//2026-04-19/EUHFR_NRTcurrent_HFR-WesternItaly-Total_v3.nc'
[Errno 2] No such file or directory: '/home/cfontana/RADAR//2026-04-19/EUHFR_NRTcurrent_HFR-Granitola-Total_v3.nc'
[Errno 2] No such file or directory: '/home/cfontana/RADAR//2026-04-19/EUHFR_NRTcurrent_HFR-NAdr-Total_v3.nc'
[Errno 2] No such file or directory: '/home/cfontana/RADAR//2026-04-19/EUHFR_NRTcurrent_HFR-GoM-Total_v3.nc'
[SAVED FIG] /home/cfontana/DIAGS/ISO_2026-04-19/RADAR/20260423_00.jpg

----------
20260424 0
[Errno 2] No such file or directory: '/home/cfontana/RADAR//2026-04-19/EUHFR_NRTcurrent_HFR-TirLig-Total_v3.nc'
[Errno 2] No such file or directory: '/home/cfontana/RADAR//2026-04-19/EUHFR_NRTcurrent_HFR-ARPAS-Total_v3.nc'
[Errno 2] No such file or directory: '/home/cfontana/RADAR//2026-04-19/EUHFR_NRTcurrent_HFR-LaMMA-Total_v3.nc'
[Errno 2] No such file or directory: '/home/cfontana/RADAR//2026-04-19/EUHFR_NRTcurrent_HFR-GoS-Total_v3.nc'
[Errno 2] No such file or directory: '/home/cfontana/RADAR//2026-04-19/EUHFR_NRTcurrent_HFR-WesternItaly-Total_v3.nc'
[Errno 2] No such file or directory: '/home/cfontana/RADAR//2026-04-19/EUHFR_NRTcurrent_HFR-Granitola-Total_v3.nc'
[Errno 2] No such file or directory: '/home/cfontana/RADAR//2026-04-19/EUHFR_NRTcurrent_HFR-NAdr-Total_v3.nc'
[Errno 2] No such file or directory: '/home/cfontana/RADAR//2026-04-19/EUHFR_NRTcurrent_HFR-GoM-Total_v3.nc'
[SAVED FIG] /home/cfontana/DIAGS/ISO_2026-04-19/RADAR/20260424_00.jpg
+ cd ../..
+ cat config/config_ISO.json
+ sed -e s/DOUT/20260419/
+ sed -e s/DINI/2026-04-19/g
+ sed -e s/FREQ/daily/
+ sed -e s/DEND/2026-04-24/
+ 1> config/config_ISO_2026-04-19.json
+ [ 1 -eq 1 ]
+ cd datasets/CMEMS
+ python get_data_sat.py -c ISO_2026-04-19 -v chl
INFO - 2026-04-20T11:40:33Z - Selected dataset version: "202211"
INFO - 2026-04-20T11:40:33Z - Selected dataset part: "default"
WARNING - 2026-04-20T11:40:33Z - Some of your subset selection [44.708855423000166, 46.74948042301317] for the latitude dimension exceed the dataset coordinates [30.005064010620117, 45.994937896728516]
WARNING - 2026-04-20T11:40:33Z - Some of your subset selection [2026-04-19 00:00:00+00:00, 2026-04-24 00:00:00+00:00] for the time dimension exceed the dataset coordinates [2023-04-29 00:00:00+00:00, 2026-04-19 00:00:00+00:00]
----------------------------------
=> Config file ISO_2026-04-19 loaded
----------------------------------

Downloading CMEMS products : cmems_obs-oc_med_bgc-plankton_nrt_l3-multi-1km_P1D
=> Variable ['CHL', 'KD490'] 


[FILE SAVED ] /home/cfontana/DIAGS/ISO_2026-04-19/CMEMS/data/cmems_obs-oc_med_bgc-plankton_nrt_l3-multi-1km_P1D.nc
+ python interp_cmems.py -c ISO_2026-04-19 -v chl
----------------------------------
=> Config file ISO_2026-04-19 loaded
----------------------------------


[FILE SAVED] /home/cfontana/DIAGS/ISO_2026-04-19/CMEMS/chl/ITP_NC/chl_20260419.nc

Traceback (most recent call last):
  File "/home/cfontana/DATA_MED/datasets/CMEMS/interp_cmems.py", line 95, in <module>
    data = np.array(ds[cvar][i,:,:]).squeeze().flatten()
                    ~~~~~~~~^^^^^^^
  File "src/netCDF4/_netCDF4.pyx", line 5107, in netCDF4._netCDF4.Variable.__getitem__
  File "src/netCDF4/_netCDF4.pyx", line 6079, in netCDF4._netCDF4.Variable._get
IndexError: index exceeds dimension bounds
+ [ 1 -eq 2 ]
+ cd ../../plot
+ python plot_CMEMS_pickle_data_vs_sat.py -c ISO_2026-04-19 -v chl -s CMEMS
----------------------------------
=> Config file ISO_2026-04-19 loaded
----------------------------------

Processing
739725 nan nan nan 0.0
[Errno 2] No such file or directory: '/home/cfontana/DIAGS/ISO_2026-04-19/CMEMS/chl/ITP_NC/chl_20260420.nc' 

=> in get_sat_2D :
Error processing file /home/cfontana/DIAGS/ISO_2026-04-19/CMEMS/chl/ITP_NC/chl_20260420.nc
File not found
739726 0.7470784537656775 nan 0.2797621671011673 1
[Errno 2] No such file or directory: '/home/cfontana/DIAGS/ISO_2026-04-19/CMEMS/chl/ITP_NC/chl_20260421.nc' 

=> in get_sat_2D :
Error processing file /home/cfontana/DIAGS/ISO_2026-04-19/CMEMS/chl/ITP_NC/chl_20260421.nc
File not found
739727 0.8824908178447912 nan 0.2752025270732003 1
[Errno 2] No such file or directory: '/home/cfontana/DIAGS/ISO_2026-04-19/CMEMS/chl/ITP_NC/chl_20260422.nc' 

=> in get_sat_2D :
Error processing file /home/cfontana/DIAGS/ISO_2026-04-19/CMEMS/chl/ITP_NC/chl_20260422.nc
File not found
739728 0.9893221547480419 nan 0.263181251763536 1
[Errno 2] No such file or directory: '/home/cfontana/DIAGS/ISO_2026-04-19/CMEMS/chl/ITP_NC/chl_20260423.nc' 

=> in get_sat_2D :
Error processing file /home/cfontana/DIAGS/ISO_2026-04-19/CMEMS/chl/ITP_NC/chl_20260423.nc
File not found
739729 1.071346591560311 nan 0.2550838184737789 1
[Errno 2] No such file or directory: '/home/cfontana/DIAGS/ISO_2026-04-19/CMEMS/chl/ITP_NC/chl_20260424.nc' 

=> in get_sat_2D :
Error processing file /home/cfontana/DIAGS/ISO_2026-04-19/CMEMS/chl/ITP_NC/chl_20260424.nc
File not found
739730 1.26613380658573 nan 0.25002519350277397 1
[SAVED FIG] /home/cfontana/DIAGS/ISO_2026-04-19/CMEMS/chl/ITP_NC/PLOT/2026041912_chl.jpg
[SAVED FIG] /home/cfontana/DIAGS/ISO_2026-04-19/CMEMS/chl/ITP_NC/PLOT/2026042012_chl.jpg
[SAVED FIG] /home/cfontana/DIAGS/ISO_2026-04-19/CMEMS/chl/ITP_NC/PLOT/2026042112_chl.jpg
[SAVED FIG] /home/cfontana/DIAGS/ISO_2026-04-19/CMEMS/chl/ITP_NC/PLOT/2026042212_chl.jpg
[SAVED FIG] /home/cfontana/DIAGS/ISO_2026-04-19/CMEMS/chl/ITP_NC/PLOT/2026042312_chl.jpg
[SAVED FIG] /home/cfontana/DIAGS/ISO_2026-04-19/CMEMS/chl/ITP_NC/PLOT/2026042412_chl.jpg
+ python plot_sat_CMEMS_timeseries.py -c ISO_2026-04-19 -v chl -s CMEMS
----------------------------------
=> Config file ISO_2026-04-19 loaded
----------------------------------

[SAVED FIG] /home/cfontana/DIAGS/ISO_2026-04-19/CMEMS/chl/ITP_NC/time_series.jpg
+ cd ..
+ [ 1 -eq 0 ]
+ [ 1 -eq 1 ]
+ source /home/cfontana/venv/a/bin/activate
+ 1> /dev/null
+ deactivate nondestructive
+ [ -n /home/cfontana/venv/c/bin:/usr/local/sbin:/usr/local/bin:/usr/sbin:/usr/bin:/sbin:/bin:/usr/games:/usr/local/games:/snap/bin ]
+ PATH=/home/cfontana/venv/c/bin:/usr/local/sbin:/usr/local/bin:/usr/sbin:/usr/bin:/sbin:/bin:/usr/games:/usr/local/games:/snap/bin
+ export PATH
+ unset _OLD_VIRTUAL_PATH
+ [ -n '' ]
+ hash -r
+ 2> /dev/null
+ [ -n '(c) \[\e]0;\u@\h: \w\a\]${debian_chroot:+($debian_chroot)}\[\033[01;32m\]\u@\h\[\033[00m\]:\[\033[01;34m\]\w\[\033[00m\]\$ ' ]
+ PS1='(c) \[\e]0;\u@\h: \w\a\]${debian_chroot:+($debian_chroot)}\[\033[01;32m\]\u@\h\[\033[00m\]:\[\033[01;34m\]\w\[\033[00m\]\$ '
+ export PS1
+ unset _OLD_VIRTUAL_PS1
+ unset VIRTUAL_ENV
+ unset VIRTUAL_ENV_PROMPT
+ [ ! nondestructive '=' nondestructive ]
+ [ '' '=' cygwin ]
+ [ '' '=' msys ]
+ VIRTUAL_ENV=/home/cfontana/venv/a
+ export VIRTUAL_ENV
+ _OLD_VIRTUAL_PATH=/home/cfontana/venv/c/bin:/usr/local/sbin:/usr/local/bin:/usr/sbin:/usr/bin:/sbin:/bin:/usr/games:/usr/local/games:/snap/bin
+ PATH=/home/cfontana/venv/a/bin:/home/cfontana/venv/c/bin:/usr/local/sbin:/usr/local/bin:/usr/sbin:/usr/bin:/sbin:/bin:/usr/games:/usr/local/games:/snap/bin
+ export PATH
+ [ -n '' ]
+ [ -z '' ]
+ _OLD_VIRTUAL_PS1='(c) \[\e]0;\u@\h: \w\a\]${debian_chroot:+($debian_chroot)}\[\033[01;32m\]\u@\h\[\033[00m\]:\[\033[01;34m\]\w\[\033[00m\]\$ '
+ PS1='(a) (c) \[\e]0;\u@\h: \w\a\]${debian_chroot:+($debian_chroot)}\[\033[01;32m\]\u@\h\[\033[00m\]:\[\033[01;34m\]\w\[\033[00m\]\$ '
+ export PS1
+ VIRTUAL_ENV_PROMPT='(a) '
+ export VIRTUAL_ENV_PROMPT
+ hash -r
+ 2> /dev/null
+ sed -i s/daily/hourly/ config/config_ISO_2026-04-19.json
+ cd datasets/ARGO
+ python get_argo.py -c ISO_2026-04-19
Traceback (most recent call last):
  File "/home/cfontana/DATA_MED/datasets/ARGO/get_argo.py", line 9, in <module>
    from fun_gen import *
  File "/home/cfontana/DATA_MED/modules/fun_gen.py", line 5, in <module>
    from fun_io import load_coords
  File "/home/cfontana/DATA_MED/modules/fun_io.py", line 15, in <module>
    import copernicusmarine
ModuleNotFoundError: No module named 'copernicusmarine'
+ [ 1 -eq 0 ]
+ cd ../../
+ sed -i s/phy/bgc/ config/config_ISO_2026-04-19.json
+ cd datasets/ARGO
+ python get_argo.py -c ISO_2026-04-19
Traceback (most recent call last):
  File "/home/cfontana/DATA_MED/datasets/ARGO/get_argo.py", line 9, in <module>
    from fun_gen import *
  File "/home/cfontana/DATA_MED/modules/fun_gen.py", line 5, in <module>
    from fun_io import load_coords
  File "/home/cfontana/DATA_MED/modules/fun_io.py", line 15, in <module>
    import copernicusmarine
ModuleNotFoundError: No module named 'copernicusmarine'
+ [ 1 -eq 0 ]
+ cd ../../
+ [ 1 -eq 1 ]
+ source /home/cfontana/venv/c/bin/activate
+ 1> /dev/null
+ deactivate nondestructive
+ [ -n /home/cfontana/venv/c/bin:/usr/local/sbin:/usr/local/bin:/usr/sbin:/usr/bin:/sbin:/bin:/usr/games:/usr/local/games:/snap/bin ]
+ PATH=/home/cfontana/venv/c/bin:/usr/local/sbin:/usr/local/bin:/usr/sbin:/usr/bin:/sbin:/bin:/usr/games:/usr/local/games:/snap/bin
+ export PATH
+ unset _OLD_VIRTUAL_PATH
+ [ -n '' ]
+ hash -r
+ 2> /dev/null
+ [ -n '(c) \[\e]0;\u@\h: \w\a\]${debian_chroot:+($debian_chroot)}\[\033[01;32m\]\u@\h\[\033[00m\]:\[\033[01;34m\]\w\[\033[00m\]\$ ' ]
+ PS1='(c) \[\e]0;\u@\h: \w\a\]${debian_chroot:+($debian_chroot)}\[\033[01;32m\]\u@\h\[\033[00m\]:\[\033[01;34m\]\w\[\033[00m\]\$ '
+ export PS1
+ unset _OLD_VIRTUAL_PS1
+ unset VIRTUAL_ENV
+ unset VIRTUAL_ENV_PROMPT
+ [ ! nondestructive '=' nondestructive ]
+ [ '' '=' cygwin ]
+ [ '' '=' msys ]
+ VIRTUAL_ENV=/home/cfontana/venv/c
+ export VIRTUAL_ENV
+ _OLD_VIRTUAL_PATH=/home/cfontana/venv/c/bin:/usr/local/sbin:/usr/local/bin:/usr/sbin:/usr/bin:/sbin:/bin:/usr/games:/usr/local/games:/snap/bin
+ PATH=/home/cfontana/venv/c/bin:/home/cfontana/venv/c/bin:/usr/local/sbin:/usr/local/bin:/usr/sbin:/usr/bin:/sbin:/bin:/usr/games:/usr/local/games:/snap/bin
+ export PATH
+ [ -n '' ]
+ [ -z '' ]
+ _OLD_VIRTUAL_PS1='(c) \[\e]0;\u@\h: \w\a\]${debian_chroot:+($debian_chroot)}\[\033[01;32m\]\u@\h\[\033[00m\]:\[\033[01;34m\]\w\[\033[00m\]\$ '
+ PS1='(c) (c) \[\e]0;\u@\h: \w\a\]${debian_chroot:+($debian_chroot)}\[\033[01;32m\]\u@\h\[\033[00m\]:\[\033[01;34m\]\w\[\033[00m\]\$ '
+ export PS1
+ VIRTUAL_ENV_PROMPT='(c) '
+ export VIRTUAL_ENV_PROMPT
+ hash -r
+ 2> /dev/null
+ static=/home/cfontana/DIAGS/ISO_2026-04-19/static_ISO_2026-04-19
+ mkdir /home/cfontana/DIAGS/ISO_2026-04-19/static_ISO_2026-04-19
+ dir=/home/cfontana/DIAGS/ISO_2026-04-19/CMEMS/thetao/ITP_NC
+ i=1
+ ls /home/cfontana/DIAGS/ISO_2026-04-19/CMEMS/thetao/ITP_NC/PLOT/
+ cp /home/cfontana/DIAGS/ISO_2026-04-19/CMEMS/thetao/ITP_NC/PLOT/2026041900_thetao.jpg /home/cfontana/DIAGS/ISO_2026-04-19/static_ISO_2026-04-19/thetao_1.jpg
+ let i=1+1
+ cp /home/cfontana/DIAGS/ISO_2026-04-19/CMEMS/thetao/ITP_NC/PLOT/2026042000_thetao.jpg /home/cfontana/DIAGS/ISO_2026-04-19/static_ISO_2026-04-19/thetao_2.jpg
+ let i=2+1
+ cp /home/cfontana/DIAGS/ISO_2026-04-19/CMEMS/thetao/ITP_NC/PLOT/2026042100_thetao.jpg /home/cfontana/DIAGS/ISO_2026-04-19/static_ISO_2026-04-19/thetao_3.jpg
+ let i=3+1
+ cp /home/cfontana/DIAGS/ISO_2026-04-19/CMEMS/thetao/ITP_NC/PLOT/2026042200_thetao.jpg /home/cfontana/DIAGS/ISO_2026-04-19/static_ISO_2026-04-19/thetao_4.jpg
+ let i=4+1
+ cp /home/cfontana/DIAGS/ISO_2026-04-19/CMEMS/thetao/ITP_NC/PLOT/2026042300_thetao.jpg /home/cfontana/DIAGS/ISO_2026-04-19/static_ISO_2026-04-19/thetao_5.jpg
+ let i=5+1
+ cp /home/cfontana/DIAGS/ISO_2026-04-19/CMEMS/thetao/ITP_NC/PLOT/2026042400_thetao.jpg /home/cfontana/DIAGS/ISO_2026-04-19/static_ISO_2026-04-19/thetao_6.jpg
+ let i=6+1
+ cp /home/cfontana/DIAGS/ISO_2026-04-19/CMEMS/thetao/ITP_NC/time_series.jpg /home/cfontana/DIAGS/ISO_2026-04-19/static_ISO_2026-04-19/time_series_thetao.jpg
+ dir=/home/cfontana/DIAGS/ISO_2026-04-19/CMEMS/chl/ITP_NC
+ i=1
+ ls /home/cfontana/DIAGS/ISO_2026-04-19/CMEMS/chl/ITP_NC/PLOT/
+ cp /home/cfontana/DIAGS/ISO_2026-04-19/CMEMS/chl/ITP_NC/PLOT/2026041912_chl.jpg /home/cfontana/DIAGS/ISO_2026-04-19/static_ISO_2026-04-19/chl_1.jpg
+ let i=1+1
+ cp /home/cfontana/DIAGS/ISO_2026-04-19/CMEMS/chl/ITP_NC/PLOT/2026042012_chl.jpg /home/cfontana/DIAGS/ISO_2026-04-19/static_ISO_2026-04-19/chl_2.jpg
+ let i=2+1
+ cp /home/cfontana/DIAGS/ISO_2026-04-19/CMEMS/chl/ITP_NC/PLOT/2026042112_chl.jpg /home/cfontana/DIAGS/ISO_2026-04-19/static_ISO_2026-04-19/chl_3.jpg
+ let i=3+1
+ cp /home/cfontana/DIAGS/ISO_2026-04-19/CMEMS/chl/ITP_NC/PLOT/2026042212_chl.jpg /home/cfontana/DIAGS/ISO_2026-04-19/static_ISO_2026-04-19/chl_4.jpg
+ let i=4+1
+ cp /home/cfontana/DIAGS/ISO_2026-04-19/CMEMS/chl/ITP_NC/PLOT/2026042312_chl.jpg /home/cfontana/DIAGS/ISO_2026-04-19/static_ISO_2026-04-19/chl_5.jpg
+ let i=5+1
+ cp /home/cfontana/DIAGS/ISO_2026-04-19/CMEMS/chl/ITP_NC/PLOT/2026042412_chl.jpg /home/cfontana/DIAGS/ISO_2026-04-19/static_ISO_2026-04-19/chl_6.jpg
+ let i=6+1
+ cp /home/cfontana/DIAGS/ISO_2026-04-19/CMEMS/chl/ITP_NC/time_series.jpg /home/cfontana/DIAGS/ISO_2026-04-19/static_ISO_2026-04-19/time_series_chl.jpg
+ dir=/home/cfontana/DIAGS/ISO_2026-04-19/RADAR/
+ i=1
+ ls /home/cfontana/DIAGS/ISO_2026-04-19/RADAR//20260419_00.jpg /home/cfontana/DIAGS/ISO_2026-04-19/RADAR//20260420_00.jpg /home/cfontana/DIAGS/ISO_2026-04-19/RADAR//20260421_00.jpg /home/cfontana/DIAGS/ISO_2026-04-19/RADAR//20260422_00.jpg /home/cfontana/DIAGS/ISO_2026-04-19/RADAR//20260423_00.jpg /home/cfontana/DIAGS/ISO_2026-04-19/RADAR//20260424_00.jpg
+ cp /home/cfontana/DIAGS/ISO_2026-04-19/RADAR//20260419_00.jpg /home/cfontana/DIAGS/ISO_2026-04-19/static_ISO_2026-04-19/radar_1.jpg
+ let i=1+1
+ cp /home/cfontana/DIAGS/ISO_2026-04-19/RADAR//20260420_00.jpg /home/cfontana/DIAGS/ISO_2026-04-19/static_ISO_2026-04-19/radar_2.jpg
+ let i=2+1
+ cp /home/cfontana/DIAGS/ISO_2026-04-19/RADAR//20260421_00.jpg /home/cfontana/DIAGS/ISO_2026-04-19/static_ISO_2026-04-19/radar_3.jpg
+ let i=3+1
+ cp /home/cfontana/DIAGS/ISO_2026-04-19/RADAR//20260422_00.jpg /home/cfontana/DIAGS/ISO_2026-04-19/static_ISO_2026-04-19/radar_4.jpg
+ let i=4+1
+ cp /home/cfontana/DIAGS/ISO_2026-04-19/RADAR//20260423_00.jpg /home/cfontana/DIAGS/ISO_2026-04-19/static_ISO_2026-04-19/radar_5.jpg
+ let i=5+1
+ cp /home/cfontana/DIAGS/ISO_2026-04-19/RADAR//20260424_00.jpg /home/cfontana/DIAGS/ISO_2026-04-19/static_ISO_2026-04-19/radar_6.jpg
+ let i=6+1
+ dir=/home/cfontana/DIAGS/ISO_2026-04-19/ARGO/
+ ls -d '/home/cfontana/DIAGS/ISO_2026-04-19/ARGO//bio*/'
ls: cannot access '/home/cfontana/DIAGS/ISO_2026-04-19/ARGO//bio*/': No such file or directory
+ i=1
+ 1> /home/cfontana/DIAGS/ISO_2026-04-19/static_ISO_2026-04-19/list.txt
+ ls -d '/home/cfontana/DIAGS/ISO_2026-04-19/ARGO//*/'
ls: cannot access '/home/cfontana/DIAGS/ISO_2026-04-19/ARGO//*/': No such file or directory
+ cp /home/cfontana/DIAGS/ISO_2026-04-19/ARGO//map.jpg /home/cfontana/DIAGS/ISO_2026-04-19/static_ISO_2026-04-19
cp: cannot stat '/home/cfontana/DIAGS/ISO_2026-04-19/ARGO//map.jpg': No such file or directory
+ scp -r /home/cfontana/DIAGS/ISO_2026-04-19/static_ISO_2026-04-19 yulpa175555@webhost03.yulpa.io:/datas/yulpa175555/sites/merval.eg2.fr/htdocs/DIAGS
+ echo 'PROCESSING LAM'
PROCESSING LAM
+ echo '_______________ '
_______________ 
+ config=LAM_2026-04-19
+ echo LAM
+ awk '{print tolower($0)}'
+ lower=lam
+ set -x
+ cat config/config_LAM.json
+ sed -e s/FREQ/hourly/
+ sed -e s/DINI/2026-04-19/g
+ sed -e s/DOUT/20260419/
+ sed -e s/DEND/2026-04-24/
+ 1> config/config_LAM_2026-04-19.json
+ cp config/cmems_DOMAIN.dat config/cmems_LAM_2026-04-19.dat
+ cp config/variables_mit_DOMAIN.dat config/variables_mit_LAM_2026-04-19.dat
+ jq -r .diagdir config/config_LAM_2026-04-19.json
+ diagdir=/home/cfontana/DIAGS/LAM_2026-04-19
+ jq -r .radardir config/config_LAM_2026-04-19.json
+ radardir=/home/cfontana/RADAR/
+ [ 0 -eq 0 -a 0 -eq 1 ]
+ [ 1 -eq 1 ]
+ cd datasets/CMEMS
+ python get_data_sat.py -c LAM_2026-04-19 -v thetao
INFO - 2026-04-20T11:45:25Z - Selected dataset version: "202311"
INFO - 2026-04-20T11:45:25Z - Selected dataset part: "default"
WARNING - 2026-04-20T11:45:25Z - Some of your subset selection [2026-04-19 00:00:00+00:00, 2026-04-24 00:00:00+00:00] for the time dimension exceed the dataset coordinates [2008-01-01 00:00:00+00:00, 2026-04-20 00:00:00+00:00]
----------------------------------
=> Config file LAM_2026-04-19 loaded
----------------------------------

Downloading CMEMS products : SST_MED_SST_L3S_NRT_OBSERVATIONS_010_012_a
=> Variable [np.str_('sea_surface_temperature')] 


[FILE SAVED ] /home/cfontana/DIAGS/LAM_2026-04-19/CMEMS/data/SST_MED_SST_L3S_NRT_OBSERVATIONS_010_012_a.nc
+ python interp_cmems.py -c LAM_2026-04-19 -v thetao
----------------------------------
=> Config file LAM_2026-04-19 loaded
----------------------------------


[FILE SAVED] /home/cfontana/DIAGS/LAM_2026-04-19/CMEMS/thetao/ITP_NC/thetao_20260419.nc


[FILE SAVED] /home/cfontana/DIAGS/LAM_2026-04-19/CMEMS/thetao/ITP_NC/thetao_20260420.nc

Traceback (most recent call last):
  File "/home/cfontana/DATA_MED/datasets/CMEMS/interp_cmems.py", line 95, in <module>
    data = np.array(ds[cvar][i,:,:]).squeeze().flatten()
                    ~~~~~~~~^^^^^^^
  File "src/netCDF4/_netCDF4.pyx", line 5107, in netCDF4._netCDF4.Variable.__getitem__
  File "src/netCDF4/_netCDF4.pyx", line 6079, in netCDF4._netCDF4.Variable._get
IndexError: index exceeds dimension bounds
+ [ 1 -eq 2 ]
+ cd ../../plot
+ python plot_CMEMS_pickle_data_vs_sat.py -c LAM_2026-04-19 -v thetao -s CMEMS
----------------------------------
=> Config file LAM_2026-04-19 loaded
----------------------------------

Processing
739725 17.485326340744614 16.871805 17.188529807007292 0.23769475920679886
739726 18.145474078920152 17.362034 17.659594146675534 0.31869688385269124
[Errno 2] No such file or directory: '/home/cfontana/DIAGS/LAM_2026-04-19/CMEMS/thetao/ITP_NC/thetao_20260421.nc' 

=> in get_sat_2D :
Error processing file /home/cfontana/DIAGS/LAM_2026-04-19/CMEMS/thetao/ITP_NC/thetao_20260421.nc
File not found
739727 18.38748267360517 nan 18.17896166306033 1
[Errno 2] No such file or directory: '/home/cfontana/DIAGS/LAM_2026-04-19/CMEMS/thetao/ITP_NC/thetao_20260422.nc' 

=> in get_sat_2D :
Error processing file /home/cfontana/DIAGS/LAM_2026-04-19/CMEMS/thetao/ITP_NC/thetao_20260422.nc
File not found
739728 18.849536499288195 nan 18.575694845689835 1
[Errno 2] No such file or directory: '/home/cfontana/DIAGS/LAM_2026-04-19/CMEMS/thetao/ITP_NC/thetao_20260423.nc' 

=> in get_sat_2D :
Error processing file /home/cfontana/DIAGS/LAM_2026-04-19/CMEMS/thetao/ITP_NC/thetao_20260423.nc
File not found
739729 19.191038306137656 nan 18.387359426376428 1
[Errno 2] No such file or directory: '/home/cfontana/DIAGS/LAM_2026-04-19/CMEMS/thetao/ITP_NC/thetao_20260424.nc' 

=> in get_sat_2D :
Error processing file /home/cfontana/DIAGS/LAM_2026-04-19/CMEMS/thetao/ITP_NC/thetao_20260424.nc
File not found
739730 18.92964075180694 nan 17.542439439769193 1
[SAVED FIG] /home/cfontana/DIAGS/LAM_2026-04-19/CMEMS/thetao/ITP_NC/PLOT/2026041900_thetao.jpg
[SAVED FIG] /home/cfontana/DIAGS/LAM_2026-04-19/CMEMS/thetao/ITP_NC/PLOT/2026042000_thetao.jpg
[SAVED FIG] /home/cfontana/DIAGS/LAM_2026-04-19/CMEMS/thetao/ITP_NC/PLOT/2026042100_thetao.jpg
[SAVED FIG] /home/cfontana/DIAGS/LAM_2026-04-19/CMEMS/thetao/ITP_NC/PLOT/2026042200_thetao.jpg
[SAVED FIG] /home/cfontana/DIAGS/LAM_2026-04-19/CMEMS/thetao/ITP_NC/PLOT/2026042300_thetao.jpg
[SAVED FIG] /home/cfontana/DIAGS/LAM_2026-04-19/CMEMS/thetao/ITP_NC/PLOT/2026042400_thetao.jpg
+ python plot_sat_CMEMS_timeseries.py -c LAM_2026-04-19 -v thetao -s CMEMS
----------------------------------
=> Config file LAM_2026-04-19 loaded
----------------------------------

[SAVED FIG] /home/cfontana/DIAGS/LAM_2026-04-19/CMEMS/thetao/ITP_NC/time_series.jpg
+ cd ..
+ [ 1 -eq 1 ]
+ cd datasets/HFRADAR
+ python read_radar.py -c LAM_2026-04-19
----------------------------------
=> Config file LAM_2026-04-19 loaded
----------------------------------


----------
20260419 0
[Errno 2] No such file or directory: '/home/cfontana/RADAR//2026-04-19/EUHFR_NRTcurrent_HFR-TirLig-Total_v3.nc'
[Errno 2] No such file or directory: '/home/cfontana/RADAR//2026-04-19/EUHFR_NRTcurrent_HFR-ARPAS-Total_v3.nc'
[Errno 2] No such file or directory: '/home/cfontana/RADAR//2026-04-19/EUHFR_NRTcurrent_HFR-LaMMA-Total_v3.nc'
[Errno 2] No such file or directory: '/home/cfontana/RADAR//2026-04-19/EUHFR_NRTcurrent_HFR-GoS-Total_v3.nc'
[Errno 2] No such file or directory: '/home/cfontana/RADAR//2026-04-19/EUHFR_NRTcurrent_HFR-WesternItaly-Total_v3.nc'
[Errno 2] No such file or directory: '/home/cfontana/RADAR//2026-04-19/EUHFR_NRTcurrent_HFR-Granitola-Total_v3.nc'
[Errno 2] No such file or directory: '/home/cfontana/RADAR//2026-04-19/EUHFR_NRTcurrent_HFR-NAdr-Total_v3.nc'
[Errno 2] No such file or directory: '/home/cfontana/RADAR//2026-04-19/EUHFR_NRTcurrent_HFR-GoM-Total_v3.nc'
[SAVED FIG] /home/cfontana/DIAGS/LAM_2026-04-19/RADAR/20260419_00.jpg

----------
20260420 0
[Errno 2] No such file or directory: '/home/cfontana/RADAR//2026-04-19/EUHFR_NRTcurrent_HFR-TirLig-Total_v3.nc'
[Errno 2] No such file or directory: '/home/cfontana/RADAR//2026-04-19/EUHFR_NRTcurrent_HFR-ARPAS-Total_v3.nc'
[Errno 2] No such file or directory: '/home/cfontana/RADAR//2026-04-19/EUHFR_NRTcurrent_HFR-LaMMA-Total_v3.nc'
[Errno 2] No such file or directory: '/home/cfontana/RADAR//2026-04-19/EUHFR_NRTcurrent_HFR-GoS-Total_v3.nc'
[Errno 2] No such file or directory: '/home/cfontana/RADAR//2026-04-19/EUHFR_NRTcurrent_HFR-WesternItaly-Total_v3.nc'
[Errno 2] No such file or directory: '/home/cfontana/RADAR//2026-04-19/EUHFR_NRTcurrent_HFR-Granitola-Total_v3.nc'
[Errno 2] No such file or directory: '/home/cfontana/RADAR//2026-04-19/EUHFR_NRTcurrent_HFR-NAdr-Total_v3.nc'
[Errno 2] No such file or directory: '/home/cfontana/RADAR//2026-04-19/EUHFR_NRTcurrent_HFR-GoM-Total_v3.nc'
[SAVED FIG] /home/cfontana/DIAGS/LAM_2026-04-19/RADAR/20260420_00.jpg

----------
20260421 0
[Errno 2] No such file or directory: '/home/cfontana/RADAR//2026-04-19/EUHFR_NRTcurrent_HFR-TirLig-Total_v3.nc'
[Errno 2] No such file or directory: '/home/cfontana/RADAR//2026-04-19/EUHFR_NRTcurrent_HFR-ARPAS-Total_v3.nc'
[Errno 2] No such file or directory: '/home/cfontana/RADAR//2026-04-19/EUHFR_NRTcurrent_HFR-LaMMA-Total_v3.nc'
[Errno 2] No such file or directory: '/home/cfontana/RADAR//2026-04-19/EUHFR_NRTcurrent_HFR-GoS-Total_v3.nc'
[Errno 2] No such file or directory: '/home/cfontana/RADAR//2026-04-19/EUHFR_NRTcurrent_HFR-WesternItaly-Total_v3.nc'
[Errno 2] No such file or directory: '/home/cfontana/RADAR//2026-04-19/EUHFR_NRTcurrent_HFR-Granitola-Total_v3.nc'
[Errno 2] No such file or directory: '/home/cfontana/RADAR//2026-04-19/EUHFR_NRTcurrent_HFR-NAdr-Total_v3.nc'
[Errno 2] No such file or directory: '/home/cfontana/RADAR//2026-04-19/EUHFR_NRTcurrent_HFR-GoM-Total_v3.nc'
[SAVED FIG] /home/cfontana/DIAGS/LAM_2026-04-19/RADAR/20260421_00.jpg

----------
20260422 0
[Errno 2] No such file or directory: '/home/cfontana/RADAR//2026-04-19/EUHFR_NRTcurrent_HFR-TirLig-Total_v3.nc'
[Errno 2] No such file or directory: '/home/cfontana/RADAR//2026-04-19/EUHFR_NRTcurrent_HFR-ARPAS-Total_v3.nc'
[Errno 2] No such file or directory: '/home/cfontana/RADAR//2026-04-19/EUHFR_NRTcurrent_HFR-LaMMA-Total_v3.nc'
[Errno 2] No such file or directory: '/home/cfontana/RADAR//2026-04-19/EUHFR_NRTcurrent_HFR-GoS-Total_v3.nc'
[Errno 2] No such file or directory: '/home/cfontana/RADAR//2026-04-19/EUHFR_NRTcurrent_HFR-WesternItaly-Total_v3.nc'
[Errno 2] No such file or directory: '/home/cfontana/RADAR//2026-04-19/EUHFR_NRTcurrent_HFR-Granitola-Total_v3.nc'
[Errno 2] No such file or directory: '/home/cfontana/RADAR//2026-04-19/EUHFR_NRTcurrent_HFR-NAdr-Total_v3.nc'
[Errno 2] No such file or directory: '/home/cfontana/RADAR//2026-04-19/EUHFR_NRTcurrent_HFR-GoM-Total_v3.nc'
[SAVED FIG] /home/cfontana/DIAGS/LAM_2026-04-19/RADAR/20260422_00.jpg

----------
20260423 0
[Errno 2] No such file or directory: '/home/cfontana/RADAR//2026-04-19/EUHFR_NRTcurrent_HFR-TirLig-Total_v3.nc'
[Errno 2] No such file or directory: '/home/cfontana/RADAR//2026-04-19/EUHFR_NRTcurrent_HFR-ARPAS-Total_v3.nc'
[Errno 2] No such file or directory: '/home/cfontana/RADAR//2026-04-19/EUHFR_NRTcurrent_HFR-LaMMA-Total_v3.nc'
[Errno 2] No such file or directory: '/home/cfontana/RADAR//2026-04-19/EUHFR_NRTcurrent_HFR-GoS-Total_v3.nc'
[Errno 2] No such file or directory: '/home/cfontana/RADAR//2026-04-19/EUHFR_NRTcurrent_HFR-WesternItaly-Total_v3.nc'
[Errno 2] No such file or directory: '/home/cfontana/RADAR//2026-04-19/EUHFR_NRTcurrent_HFR-Granitola-Total_v3.nc'
[Errno 2] No such file or directory: '/home/cfontana/RADAR//2026-04-19/EUHFR_NRTcurrent_HFR-NAdr-Total_v3.nc'
[Errno 2] No such file or directory: '/home/cfontana/RADAR//2026-04-19/EUHFR_NRTcurrent_HFR-GoM-Total_v3.nc'
[SAVED FIG] /home/cfontana/DIAGS/LAM_2026-04-19/RADAR/20260423_00.jpg

----------
20260424 0
[Errno 2] No such file or directory: '/home/cfontana/RADAR//2026-04-19/EUHFR_NRTcurrent_HFR-TirLig-Total_v3.nc'
[Errno 2] No such file or directory: '/home/cfontana/RADAR//2026-04-19/EUHFR_NRTcurrent_HFR-ARPAS-Total_v3.nc'
[Errno 2] No such file or directory: '/home/cfontana/RADAR//2026-04-19/EUHFR_NRTcurrent_HFR-LaMMA-Total_v3.nc'
[Errno 2] No such file or directory: '/home/cfontana/RADAR//2026-04-19/EUHFR_NRTcurrent_HFR-GoS-Total_v3.nc'
[Errno 2] No such file or directory: '/home/cfontana/RADAR//2026-04-19/EUHFR_NRTcurrent_HFR-WesternItaly-Total_v3.nc'
[Errno 2] No such file or directory: '/home/cfontana/RADAR//2026-04-19/EUHFR_NRTcurrent_HFR-Granitola-Total_v3.nc'
[Errno 2] No such file or directory: '/home/cfontana/RADAR//2026-04-19/EUHFR_NRTcurrent_HFR-NAdr-Total_v3.nc'
[Errno 2] No such file or directory: '/home/cfontana/RADAR//2026-04-19/EUHFR_NRTcurrent_HFR-GoM-Total_v3.nc'
[SAVED FIG] /home/cfontana/DIAGS/LAM_2026-04-19/RADAR/20260424_00.jpg
+ cd ../..
+ cat config/config_LAM.json
+ sed -e s/FREQ/daily/
+ 1> config/config_LAM_2026-04-19.json
+ sed -e s/DINI/2026-04-19/g
+ sed -e s/DOUT/20260419/
+ sed -e s/DEND/2026-04-24/
+ [ 1 -eq 1 ]
+ cd datasets/CMEMS
+ python get_data_sat.py -c LAM_2026-04-19 -v chl
INFO - 2026-04-20T11:57:27Z - Selected dataset version: "202211"
INFO - 2026-04-20T11:57:27Z - Selected dataset part: "default"
WARNING - 2026-04-20T11:57:27Z - Some of your subset selection [2026-04-19 00:00:00+00:00, 2026-04-24 00:00:00+00:00] for the time dimension exceed the dataset coordinates [2023-04-29 00:00:00+00:00, 2026-04-19 00:00:00+00:00]
----------------------------------
=> Config file LAM_2026-04-19 loaded
----------------------------------

Downloading CMEMS products : cmems_obs-oc_med_bgc-plankton_nrt_l3-multi-1km_P1D
=> Variable ['CHL', 'KD490'] 


[FILE SAVED ] /home/cfontana/DIAGS/LAM_2026-04-19/CMEMS/data/cmems_obs-oc_med_bgc-plankton_nrt_l3-multi-1km_P1D.nc
+ python interp_cmems.py -c LAM_2026-04-19 -v chl
----------------------------------
=> Config file LAM_2026-04-19 loaded
----------------------------------


[FILE SAVED] /home/cfontana/DIAGS/LAM_2026-04-19/CMEMS/chl/ITP_NC/chl_20260419.nc

Traceback (most recent call last):
  File "/home/cfontana/DATA_MED/datasets/CMEMS/interp_cmems.py", line 95, in <module>
    data = np.array(ds[cvar][i,:,:]).squeeze().flatten()
                    ~~~~~~~~^^^^^^^
  File "src/netCDF4/_netCDF4.pyx", line 5107, in netCDF4._netCDF4.Variable.__getitem__
  File "src/netCDF4/_netCDF4.pyx", line 6079, in netCDF4._netCDF4.Variable._get
IndexError: index exceeds dimension bounds
+ [ 1 -eq 2 ]
+ cd ../../plot
+ python plot_CMEMS_pickle_data_vs_sat.py -c LAM_2026-04-19 -v chl -s CMEMS
----------------------------------
=> Config file LAM_2026-04-19 loaded
----------------------------------

Processing
739725 0.10243787271508831 0.055586744 0.10271309536916118 0.7277486910994765
[Errno 2] No such file or directory: '/home/cfontana/DIAGS/LAM_2026-04-19/CMEMS/chl/ITP_NC/chl_20260420.nc' 

=> in get_sat_2D :
Error processing file /home/cfontana/DIAGS/LAM_2026-04-19/CMEMS/chl/ITP_NC/chl_20260420.nc
File not found
739726 0.10893136376666003 nan 0.11997517578898678 1
[Errno 2] No such file or directory: '/home/cfontana/DIAGS/LAM_2026-04-19/CMEMS/chl/ITP_NC/chl_20260421.nc' 

=> in get_sat_2D :
Error processing file /home/cfontana/DIAGS/LAM_2026-04-19/CMEMS/chl/ITP_NC/chl_20260421.nc
File not found
739727 0.1135963416701529 nan 0.12219522270220423 1
[Errno 2] No such file or directory: '/home/cfontana/DIAGS/LAM_2026-04-19/CMEMS/chl/ITP_NC/chl_20260422.nc' 

=> in get_sat_2D :
Error processing file /home/cfontana/DIAGS/LAM_2026-04-19/CMEMS/chl/ITP_NC/chl_20260422.nc
File not found
739728 0.11875363110468191 nan 0.12227409111620839 1
[Errno 2] No such file or directory: '/home/cfontana/DIAGS/LAM_2026-04-19/CMEMS/chl/ITP_NC/chl_20260423.nc' 

=> in get_sat_2D :
Error processing file /home/cfontana/DIAGS/LAM_2026-04-19/CMEMS/chl/ITP_NC/chl_20260423.nc
File not found
739729 0.12261999861339914 nan 0.12389833510108518 1
[Errno 2] No such file or directory: '/home/cfontana/DIAGS/LAM_2026-04-19/CMEMS/chl/ITP_NC/chl_20260424.nc' 

=> in get_sat_2D :
Error processing file /home/cfontana/DIAGS/LAM_2026-04-19/CMEMS/chl/ITP_NC/chl_20260424.nc
File not found
739730 0.12718914816356924 nan 0.12660158903555688 1
[SAVED FIG] /home/cfontana/DIAGS/LAM_2026-04-19/CMEMS/chl/ITP_NC/PLOT/2026041912_chl.jpg
[SAVED FIG] /home/cfontana/DIAGS/LAM_2026-04-19/CMEMS/chl/ITP_NC/PLOT/2026042012_chl.jpg
[SAVED FIG] /home/cfontana/DIAGS/LAM_2026-04-19/CMEMS/chl/ITP_NC/PLOT/2026042112_chl.jpg
[SAVED FIG] /home/cfontana/DIAGS/LAM_2026-04-19/CMEMS/chl/ITP_NC/PLOT/2026042212_chl.jpg
[SAVED FIG] /home/cfontana/DIAGS/LAM_2026-04-19/CMEMS/chl/ITP_NC/PLOT/2026042312_chl.jpg
[SAVED FIG] /home/cfontana/DIAGS/LAM_2026-04-19/CMEMS/chl/ITP_NC/PLOT/2026042412_chl.jpg
+ python plot_sat_CMEMS_timeseries.py -c LAM_2026-04-19 -v chl -s CMEMS
----------------------------------
=> Config file LAM_2026-04-19 loaded
----------------------------------

[SAVED FIG] /home/cfontana/DIAGS/LAM_2026-04-19/CMEMS/chl/ITP_NC/time_series.jpg
+ cd ..
+ [ 1 -eq 0 ]
+ [ 1 -eq 1 ]
+ source /home/cfontana/venv/a/bin/activate
+ 1> /dev/null
+ deactivate nondestructive
+ [ -n /home/cfontana/venv/c/bin:/usr/local/sbin:/usr/local/bin:/usr/sbin:/usr/bin:/sbin:/bin:/usr/games:/usr/local/games:/snap/bin ]
+ PATH=/home/cfontana/venv/c/bin:/usr/local/sbin:/usr/local/bin:/usr/sbin:/usr/bin:/sbin:/bin:/usr/games:/usr/local/games:/snap/bin
+ export PATH
+ unset _OLD_VIRTUAL_PATH
+ [ -n '' ]
+ hash -r
+ 2> /dev/null
+ [ -n '(c) \[\e]0;\u@\h: \w\a\]${debian_chroot:+($debian_chroot)}\[\033[01;32m\]\u@\h\[\033[00m\]:\[\033[01;34m\]\w\[\033[00m\]\$ ' ]
+ PS1='(c) \[\e]0;\u@\h: \w\a\]${debian_chroot:+($debian_chroot)}\[\033[01;32m\]\u@\h\[\033[00m\]:\[\033[01;34m\]\w\[\033[00m\]\$ '
+ export PS1
+ unset _OLD_VIRTUAL_PS1
+ unset VIRTUAL_ENV
+ unset VIRTUAL_ENV_PROMPT
+ [ ! nondestructive '=' nondestructive ]
+ [ '' '=' cygwin ]
+ [ '' '=' msys ]
+ VIRTUAL_ENV=/home/cfontana/venv/a
+ export VIRTUAL_ENV
+ _OLD_VIRTUAL_PATH=/home/cfontana/venv/c/bin:/usr/local/sbin:/usr/local/bin:/usr/sbin:/usr/bin:/sbin:/bin:/usr/games:/usr/local/games:/snap/bin
+ PATH=/home/cfontana/venv/a/bin:/home/cfontana/venv/c/bin:/usr/local/sbin:/usr/local/bin:/usr/sbin:/usr/bin:/sbin:/bin:/usr/games:/usr/local/games:/snap/bin
+ export PATH
+ [ -n '' ]
+ [ -z '' ]
+ _OLD_VIRTUAL_PS1='(c) \[\e]0;\u@\h: \w\a\]${debian_chroot:+($debian_chroot)}\[\033[01;32m\]\u@\h\[\033[00m\]:\[\033[01;34m\]\w\[\033[00m\]\$ '
+ PS1='(a) (c) \[\e]0;\u@\h: \w\a\]${debian_chroot:+($debian_chroot)}\[\033[01;32m\]\u@\h\[\033[00m\]:\[\033[01;34m\]\w\[\033[00m\]\$ '
+ export PS1
+ VIRTUAL_ENV_PROMPT='(a) '
+ export VIRTUAL_ENV_PROMPT
+ hash -r
+ 2> /dev/null
+ sed -i s/daily/hourly/ config/config_LAM_2026-04-19.json
+ cd datasets/ARGO
+ python get_argo.py -c LAM_2026-04-19
Traceback (most recent call last):
  File "/home/cfontana/DATA_MED/datasets/ARGO/get_argo.py", line 9, in <module>
    from fun_gen import *
  File "/home/cfontana/DATA_MED/modules/fun_gen.py", line 5, in <module>
    from fun_io import load_coords
  File "/home/cfontana/DATA_MED/modules/fun_io.py", line 15, in <module>
    import copernicusmarine
ModuleNotFoundError: No module named 'copernicusmarine'
+ [ 1 -eq 0 ]
+ cd ../../
+ sed -i s/phy/bgc/ config/config_LAM_2026-04-19.json
+ cd datasets/ARGO
+ python get_argo.py -c LAM_2026-04-19
Traceback (most recent call last):
  File "/home/cfontana/DATA_MED/datasets/ARGO/get_argo.py", line 9, in <module>
    from fun_gen import *
  File "/home/cfontana/DATA_MED/modules/fun_gen.py", line 5, in <module>
    from fun_io import load_coords
  File "/home/cfontana/DATA_MED/modules/fun_io.py", line 15, in <module>
    import copernicusmarine
ModuleNotFoundError: No module named 'copernicusmarine'
+ [ 1 -eq 0 ]
+ cd ../../
+ [ 1 -eq 1 ]
+ source /home/cfontana/venv/c/bin/activate
+ 1> /dev/null
+ deactivate nondestructive
+ [ -n /home/cfontana/venv/c/bin:/usr/local/sbin:/usr/local/bin:/usr/sbin:/usr/bin:/sbin:/bin:/usr/games:/usr/local/games:/snap/bin ]
+ PATH=/home/cfontana/venv/c/bin:/usr/local/sbin:/usr/local/bin:/usr/sbin:/usr/bin:/sbin:/bin:/usr/games:/usr/local/games:/snap/bin
+ export PATH
+ unset _OLD_VIRTUAL_PATH
+ [ -n '' ]
+ hash -r
+ 2> /dev/null
+ [ -n '(c) \[\e]0;\u@\h: \w\a\]${debian_chroot:+($debian_chroot)}\[\033[01;32m\]\u@\h\[\033[00m\]:\[\033[01;34m\]\w\[\033[00m\]\$ ' ]
+ PS1='(c) \[\e]0;\u@\h: \w\a\]${debian_chroot:+($debian_chroot)}\[\033[01;32m\]\u@\h\[\033[00m\]:\[\033[01;34m\]\w\[\033[00m\]\$ '
+ export PS1
+ unset _OLD_VIRTUAL_PS1
+ unset VIRTUAL_ENV
+ unset VIRTUAL_ENV_PROMPT
+ [ ! nondestructive '=' nondestructive ]
+ [ '' '=' cygwin ]
+ [ '' '=' msys ]
+ VIRTUAL_ENV=/home/cfontana/venv/c
+ export VIRTUAL_ENV
+ _OLD_VIRTUAL_PATH=/home/cfontana/venv/c/bin:/usr/local/sbin:/usr/local/bin:/usr/sbin:/usr/bin:/sbin:/bin:/usr/games:/usr/local/games:/snap/bin
+ PATH=/home/cfontana/venv/c/bin:/home/cfontana/venv/c/bin:/usr/local/sbin:/usr/local/bin:/usr/sbin:/usr/bin:/sbin:/bin:/usr/games:/usr/local/games:/snap/bin
+ export PATH
+ [ -n '' ]
+ [ -z '' ]
+ _OLD_VIRTUAL_PS1='(c) \[\e]0;\u@\h: \w\a\]${debian_chroot:+($debian_chroot)}\[\033[01;32m\]\u@\h\[\033[00m\]:\[\033[01;34m\]\w\[\033[00m\]\$ '
+ PS1='(c) (c) \[\e]0;\u@\h: \w\a\]${debian_chroot:+($debian_chroot)}\[\033[01;32m\]\u@\h\[\033[00m\]:\[\033[01;34m\]\w\[\033[00m\]\$ '
+ export PS1
+ VIRTUAL_ENV_PROMPT='(c) '
+ export VIRTUAL_ENV_PROMPT
+ hash -r
+ 2> /dev/null
+ static=/home/cfontana/DIAGS/LAM_2026-04-19/static_LAM_2026-04-19
+ mkdir /home/cfontana/DIAGS/LAM_2026-04-19/static_LAM_2026-04-19
+ dir=/home/cfontana/DIAGS/LAM_2026-04-19/CMEMS/thetao/ITP_NC
+ i=1
+ ls /home/cfontana/DIAGS/LAM_2026-04-19/CMEMS/thetao/ITP_NC/PLOT/
+ cp /home/cfontana/DIAGS/LAM_2026-04-19/CMEMS/thetao/ITP_NC/PLOT/2026041900_thetao.jpg /home/cfontana/DIAGS/LAM_2026-04-19/static_LAM_2026-04-19/thetao_1.jpg
+ let i=1+1
+ cp /home/cfontana/DIAGS/LAM_2026-04-19/CMEMS/thetao/ITP_NC/PLOT/2026042000_thetao.jpg /home/cfontana/DIAGS/LAM_2026-04-19/static_LAM_2026-04-19/thetao_2.jpg
+ let i=2+1
+ cp /home/cfontana/DIAGS/LAM_2026-04-19/CMEMS/thetao/ITP_NC/PLOT/2026042100_thetao.jpg /home/cfontana/DIAGS/LAM_2026-04-19/static_LAM_2026-04-19/thetao_3.jpg
+ let i=3+1
+ cp /home/cfontana/DIAGS/LAM_2026-04-19/CMEMS/thetao/ITP_NC/PLOT/2026042200_thetao.jpg /home/cfontana/DIAGS/LAM_2026-04-19/static_LAM_2026-04-19/thetao_4.jpg
+ let i=4+1
+ cp /home/cfontana/DIAGS/LAM_2026-04-19/CMEMS/thetao/ITP_NC/PLOT/2026042300_thetao.jpg /home/cfontana/DIAGS/LAM_2026-04-19/static_LAM_2026-04-19/thetao_5.jpg
+ let i=5+1
+ cp /home/cfontana/DIAGS/LAM_2026-04-19/CMEMS/thetao/ITP_NC/PLOT/2026042400_thetao.jpg /home/cfontana/DIAGS/LAM_2026-04-19/static_LAM_2026-04-19/thetao_6.jpg
+ let i=6+1
+ cp /home/cfontana/DIAGS/LAM_2026-04-19/CMEMS/thetao/ITP_NC/time_series.jpg /home/cfontana/DIAGS/LAM_2026-04-19/static_LAM_2026-04-19/time_series_thetao.jpg
+ dir=/home/cfontana/DIAGS/LAM_2026-04-19/CMEMS/chl/ITP_NC
+ i=1
+ ls /home/cfontana/DIAGS/LAM_2026-04-19/CMEMS/chl/ITP_NC/PLOT/
+ cp /home/cfontana/DIAGS/LAM_2026-04-19/CMEMS/chl/ITP_NC/PLOT/2026041912_chl.jpg /home/cfontana/DIAGS/LAM_2026-04-19/static_LAM_2026-04-19/chl_1.jpg
+ let i=1+1
+ cp /home/cfontana/DIAGS/LAM_2026-04-19/CMEMS/chl/ITP_NC/PLOT/2026042012_chl.jpg /home/cfontana/DIAGS/LAM_2026-04-19/static_LAM_2026-04-19/chl_2.jpg
+ let i=2+1
+ cp /home/cfontana/DIAGS/LAM_2026-04-19/CMEMS/chl/ITP_NC/PLOT/2026042112_chl.jpg /home/cfontana/DIAGS/LAM_2026-04-19/static_LAM_2026-04-19/chl_3.jpg
+ let i=3+1
+ cp /home/cfontana/DIAGS/LAM_2026-04-19/CMEMS/chl/ITP_NC/PLOT/2026042212_chl.jpg /home/cfontana/DIAGS/LAM_2026-04-19/static_LAM_2026-04-19/chl_4.jpg
+ let i=4+1
+ cp /home/cfontana/DIAGS/LAM_2026-04-19/CMEMS/chl/ITP_NC/PLOT/2026042312_chl.jpg /home/cfontana/DIAGS/LAM_2026-04-19/static_LAM_2026-04-19/chl_5.jpg
+ let i=5+1
+ cp /home/cfontana/DIAGS/LAM_2026-04-19/CMEMS/chl/ITP_NC/PLOT/2026042412_chl.jpg /home/cfontana/DIAGS/LAM_2026-04-19/static_LAM_2026-04-19/chl_6.jpg
+ let i=6+1
+ cp /home/cfontana/DIAGS/LAM_2026-04-19/CMEMS/chl/ITP_NC/time_series.jpg /home/cfontana/DIAGS/LAM_2026-04-19/static_LAM_2026-04-19/time_series_chl.jpg
+ dir=/home/cfontana/DIAGS/LAM_2026-04-19/RADAR/
+ i=1
+ ls /home/cfontana/DIAGS/LAM_2026-04-19/RADAR//20260419_00.jpg /home/cfontana/DIAGS/LAM_2026-04-19/RADAR//20260420_00.jpg /home/cfontana/DIAGS/LAM_2026-04-19/RADAR//20260421_00.jpg /home/cfontana/DIAGS/LAM_2026-04-19/RADAR//20260422_00.jpg /home/cfontana/DIAGS/LAM_2026-04-19/RADAR//20260423_00.jpg /home/cfontana/DIAGS/LAM_2026-04-19/RADAR//20260424_00.jpg
+ cp /home/cfontana/DIAGS/LAM_2026-04-19/RADAR//20260419_00.jpg /home/cfontana/DIAGS/LAM_2026-04-19/static_LAM_2026-04-19/radar_1.jpg
+ let i=1+1
+ cp /home/cfontana/DIAGS/LAM_2026-04-19/RADAR//20260420_00.jpg /home/cfontana/DIAGS/LAM_2026-04-19/static_LAM_2026-04-19/radar_2.jpg
+ let i=2+1
+ cp /home/cfontana/DIAGS/LAM_2026-04-19/RADAR//20260421_00.jpg /home/cfontana/DIAGS/LAM_2026-04-19/static_LAM_2026-04-19/radar_3.jpg
+ let i=3+1
+ cp /home/cfontana/DIAGS/LAM_2026-04-19/RADAR//20260422_00.jpg /home/cfontana/DIAGS/LAM_2026-04-19/static_LAM_2026-04-19/radar_4.jpg
+ let i=4+1
+ cp /home/cfontana/DIAGS/LAM_2026-04-19/RADAR//20260423_00.jpg /home/cfontana/DIAGS/LAM_2026-04-19/static_LAM_2026-04-19/radar_5.jpg
+ let i=5+1
+ cp /home/cfontana/DIAGS/LAM_2026-04-19/RADAR//20260424_00.jpg /home/cfontana/DIAGS/LAM_2026-04-19/static_LAM_2026-04-19/radar_6.jpg
+ let i=6+1
+ dir=/home/cfontana/DIAGS/LAM_2026-04-19/ARGO/
+ ls -d '/home/cfontana/DIAGS/LAM_2026-04-19/ARGO//bio*/'
ls: cannot access '/home/cfontana/DIAGS/LAM_2026-04-19/ARGO//bio*/': No such file or directory
+ i=1
+ 1> /home/cfontana/DIAGS/LAM_2026-04-19/static_LAM_2026-04-19/list.txt
+ ls -d '/home/cfontana/DIAGS/LAM_2026-04-19/ARGO//*/'
ls: cannot access '/home/cfontana/DIAGS/LAM_2026-04-19/ARGO//*/': No such file or directory
+ cp /home/cfontana/DIAGS/LAM_2026-04-19/ARGO//map.jpg /home/cfontana/DIAGS/LAM_2026-04-19/static_LAM_2026-04-19
cp: cannot stat '/home/cfontana/DIAGS/LAM_2026-04-19/ARGO//map.jpg': No such file or directory
+ scp -r /home/cfontana/DIAGS/LAM_2026-04-19/static_LAM_2026-04-19 yulpa175555@webhost03.yulpa.io:/datas/yulpa175555/sites/merval.eg2.fr/htdocs/DIAGS
+ echo 'PROCESSING LIG'
PROCESSING LIG
+ echo '_______________ '
_______________ 
+ config=LIG_2026-04-19
+ awk '{print tolower($0)}'
+ echo LIG
+ lower=lig
+ set -x
+ cat config/config_LIG.json
+ sed -e s/DINI/2026-04-19/g
+ sed -e s/FREQ/hourly/
+ sed -e s/DOUT/20260419/
+ sed -e s/DEND/2026-04-24/
+ 1> config/config_LIG_2026-04-19.json
+ cp config/cmems_DOMAIN.dat config/cmems_LIG_2026-04-19.dat
+ cp config/variables_mit_DOMAIN.dat config/variables_mit_LIG_2026-04-19.dat
+ jq -r .diagdir config/config_LIG_2026-04-19.json
+ diagdir=/home/cfontana/DIAGS/LIG_2026-04-19
+ jq -r .radardir config/config_LIG_2026-04-19.json
+ radardir=/home/cfontana/RADAR/
+ [ 0 -eq 0 -a 0 -eq 1 ]
+ [ 1 -eq 1 ]
+ cd datasets/CMEMS
+ python get_data_sat.py -c LIG_2026-04-19 -v thetao
INFO - 2026-04-20T12:04:53Z - Selected dataset version: "202311"
INFO - 2026-04-20T12:04:53Z - Selected dataset part: "default"
WARNING - 2026-04-20T12:04:53Z - Some of your subset selection [2026-04-19 00:00:00+00:00, 2026-04-24 00:00:00+00:00] for the time dimension exceed the dataset coordinates [2008-01-01 00:00:00+00:00, 2026-04-20 00:00:00+00:00]
----------------------------------
=> Config file LIG_2026-04-19 loaded
----------------------------------

Downloading CMEMS products : SST_MED_SST_L3S_NRT_OBSERVATIONS_010_012_a
=> Variable [np.str_('sea_surface_temperature')] 


[FILE SAVED ] /home/cfontana/DIAGS/LIG_2026-04-19/CMEMS/data/SST_MED_SST_L3S_NRT_OBSERVATIONS_010_012_a.nc
+ python interp_cmems.py -c LIG_2026-04-19 -v thetao
----------------------------------
=> Config file LIG_2026-04-19 loaded
----------------------------------


[FILE SAVED] /home/cfontana/DIAGS/LIG_2026-04-19/CMEMS/thetao/ITP_NC/thetao_20260419.nc


[FILE SAVED] /home/cfontana/DIAGS/LIG_2026-04-19/CMEMS/thetao/ITP_NC/thetao_20260420.nc

Traceback (most recent call last):
  File "/home/cfontana/DATA_MED/datasets/CMEMS/interp_cmems.py", line 95, in <module>
    data = np.array(ds[cvar][i,:,:]).squeeze().flatten()
                    ~~~~~~~~^^^^^^^
  File "src/netCDF4/_netCDF4.pyx", line 5107, in netCDF4._netCDF4.Variable.__getitem__
  File "src/netCDF4/_netCDF4.pyx", line 6079, in netCDF4._netCDF4.Variable._get
IndexError: index exceeds dimension bounds
+ [ 1 -eq 2 ]
+ cd ../../plot
+ python plot_CMEMS_pickle_data_vs_sat.py -c LIG_2026-04-19 -v thetao -s CMEMS
----------------------------------
=> Config file LIG_2026-04-19 loaded
----------------------------------

Processing
739725 17.63829551641218 17.123493 16.983307 0.9356708724294978
739726 17.659170977663695 17.05199 17.009636 0.7146084896372973
[Errno 2] No such file or directory: '/home/cfontana/DIAGS/LIG_2026-04-19/CMEMS/thetao/ITP_NC/thetao_20260421.nc' 

=> in get_sat_2D :
Error processing file /home/cfontana/DIAGS/LIG_2026-04-19/CMEMS/thetao/ITP_NC/thetao_20260421.nc
File not found
739727 17.779090580577307 nan 16.98757 1
[Errno 2] No such file or directory: '/home/cfontana/DIAGS/LIG_2026-04-19/CMEMS/thetao/ITP_NC/thetao_20260422.nc' 

=> in get_sat_2D :
Error processing file /home/cfontana/DIAGS/LIG_2026-04-19/CMEMS/thetao/ITP_NC/thetao_20260422.nc
File not found
739728 18.113922550883316 nan 17.091911 1
[Errno 2] No such file or directory: '/home/cfontana/DIAGS/LIG_2026-04-19/CMEMS/thetao/ITP_NC/thetao_20260423.nc' 

=> in get_sat_2D :
Error processing file /home/cfontana/DIAGS/LIG_2026-04-19/CMEMS/thetao/ITP_NC/thetao_20260423.nc
File not found
739729 17.343927439920606 nan 16.76118 1
[Errno 2] No such file or directory: '/home/cfontana/DIAGS/LIG_2026-04-19/CMEMS/thetao/ITP_NC/thetao_20260424.nc' 

=> in get_sat_2D :
Error processing file /home/cfontana/DIAGS/LIG_2026-04-19/CMEMS/thetao/ITP_NC/thetao_20260424.nc
File not found
739730 17.144496702196484 nan 16.57532 1
[SAVED FIG] /home/cfontana/DIAGS/LIG_2026-04-19/CMEMS/thetao/ITP_NC/PLOT/2026041900_thetao.jpg
[SAVED FIG] /home/cfontana/DIAGS/LIG_2026-04-19/CMEMS/thetao/ITP_NC/PLOT/2026042000_thetao.jpg
[SAVED FIG] /home/cfontana/DIAGS/LIG_2026-04-19/CMEMS/thetao/ITP_NC/PLOT/2026042100_thetao.jpg
[SAVED FIG] /home/cfontana/DIAGS/LIG_2026-04-19/CMEMS/thetao/ITP_NC/PLOT/2026042200_thetao.jpg
[SAVED FIG] /home/cfontana/DIAGS/LIG_2026-04-19/CMEMS/thetao/ITP_NC/PLOT/2026042300_thetao.jpg
[SAVED FIG] /home/cfontana/DIAGS/LIG_2026-04-19/CMEMS/thetao/ITP_NC/PLOT/2026042400_thetao.jpg
+ python plot_sat_CMEMS_timeseries.py -c LIG_2026-04-19 -v thetao -s CMEMS
----------------------------------
=> Config file LIG_2026-04-19 loaded
----------------------------------

[SAVED FIG] /home/cfontana/DIAGS/LIG_2026-04-19/CMEMS/thetao/ITP_NC/time_series.jpg
+ cd ..
+ [ 1 -eq 1 ]
+ cd datasets/HFRADAR
+ python read_radar.py -c LIG_2026-04-19
----------------------------------
=> Config file LIG_2026-04-19 loaded
----------------------------------


----------
20260419 0
[Errno 2] No such file or directory: '/home/cfontana/RADAR//2026-04-19/EUHFR_NRTcurrent_HFR-TirLig-Total_v3.nc'
[Errno 2] No such file or directory: '/home/cfontana/RADAR//2026-04-19/EUHFR_NRTcurrent_HFR-ARPAS-Total_v3.nc'
[Errno 2] No such file or directory: '/home/cfontana/RADAR//2026-04-19/EUHFR_NRTcurrent_HFR-LaMMA-Total_v3.nc'
[Errno 2] No such file or directory: '/home/cfontana/RADAR//2026-04-19/EUHFR_NRTcurrent_HFR-GoS-Total_v3.nc'
[Errno 2] No such file or directory: '/home/cfontana/RADAR//2026-04-19/EUHFR_NRTcurrent_HFR-WesternItaly-Total_v3.nc'
[Errno 2] No such file or directory: '/home/cfontana/RADAR//2026-04-19/EUHFR_NRTcurrent_HFR-Granitola-Total_v3.nc'
[Errno 2] No such file or directory: '/home/cfontana/RADAR//2026-04-19/EUHFR_NRTcurrent_HFR-NAdr-Total_v3.nc'
[Errno 2] No such file or directory: '/home/cfontana/RADAR//2026-04-19/EUHFR_NRTcurrent_HFR-GoM-Total_v3.nc'
[SAVED FIG] /home/cfontana/DIAGS/LIG_2026-04-19/RADAR/20260419_00.jpg

----------
20260420 0
[Errno 2] No such file or directory: '/home/cfontana/RADAR//2026-04-19/EUHFR_NRTcurrent_HFR-TirLig-Total_v3.nc'
[Errno 2] No such file or directory: '/home/cfontana/RADAR//2026-04-19/EUHFR_NRTcurrent_HFR-ARPAS-Total_v3.nc'
[Errno 2] No such file or directory: '/home/cfontana/RADAR//2026-04-19/EUHFR_NRTcurrent_HFR-LaMMA-Total_v3.nc'
[Errno 2] No such file or directory: '/home/cfontana/RADAR//2026-04-19/EUHFR_NRTcurrent_HFR-GoS-Total_v3.nc'
[Errno 2] No such file or directory: '/home/cfontana/RADAR//2026-04-19/EUHFR_NRTcurrent_HFR-WesternItaly-Total_v3.nc'
[Errno 2] No such file or directory: '/home/cfontana/RADAR//2026-04-19/EUHFR_NRTcurrent_HFR-Granitola-Total_v3.nc'
[Errno 2] No such file or directory: '/home/cfontana/RADAR//2026-04-19/EUHFR_NRTcurrent_HFR-NAdr-Total_v3.nc'
[Errno 2] No such file or directory: '/home/cfontana/RADAR//2026-04-19/EUHFR_NRTcurrent_HFR-GoM-Total_v3.nc'
[SAVED FIG] /home/cfontana/DIAGS/LIG_2026-04-19/RADAR/20260420_00.jpg

----------
20260421 0
[Errno 2] No such file or directory: '/home/cfontana/RADAR//2026-04-19/EUHFR_NRTcurrent_HFR-TirLig-Total_v3.nc'
[Errno 2] No such file or directory: '/home/cfontana/RADAR//2026-04-19/EUHFR_NRTcurrent_HFR-ARPAS-Total_v3.nc'
[Errno 2] No such file or directory: '/home/cfontana/RADAR//2026-04-19/EUHFR_NRTcurrent_HFR-LaMMA-Total_v3.nc'
[Errno 2] No such file or directory: '/home/cfontana/RADAR//2026-04-19/EUHFR_NRTcurrent_HFR-GoS-Total_v3.nc'
[Errno 2] No such file or directory: '/home/cfontana/RADAR//2026-04-19/EUHFR_NRTcurrent_HFR-WesternItaly-Total_v3.nc'
[Errno 2] No such file or directory: '/home/cfontana/RADAR//2026-04-19/EUHFR_NRTcurrent_HFR-Granitola-Total_v3.nc'
[Errno 2] No such file or directory: '/home/cfontana/RADAR//2026-04-19/EUHFR_NRTcurrent_HFR-NAdr-Total_v3.nc'
[Errno 2] No such file or directory: '/home/cfontana/RADAR//2026-04-19/EUHFR_NRTcurrent_HFR-GoM-Total_v3.nc'
[SAVED FIG] /home/cfontana/DIAGS/LIG_2026-04-19/RADAR/20260421_00.jpg

----------
20260422 0
[Errno 2] No such file or directory: '/home/cfontana/RADAR//2026-04-19/EUHFR_NRTcurrent_HFR-TirLig-Total_v3.nc'
[Errno 2] No such file or directory: '/home/cfontana/RADAR//2026-04-19/EUHFR_NRTcurrent_HFR-ARPAS-Total_v3.nc'
[Errno 2] No such file or directory: '/home/cfontana/RADAR//2026-04-19/EUHFR_NRTcurrent_HFR-LaMMA-Total_v3.nc'
[Errno 2] No such file or directory: '/home/cfontana/RADAR//2026-04-19/EUHFR_NRTcurrent_HFR-GoS-Total_v3.nc'
[Errno 2] No such file or directory: '/home/cfontana/RADAR//2026-04-19/EUHFR_NRTcurrent_HFR-WesternItaly-Total_v3.nc'
[Errno 2] No such file or directory: '/home/cfontana/RADAR//2026-04-19/EUHFR_NRTcurrent_HFR-Granitola-Total_v3.nc'
[Errno 2] No such file or directory: '/home/cfontana/RADAR//2026-04-19/EUHFR_NRTcurrent_HFR-NAdr-Total_v3.nc'
[Errno 2] No such file or directory: '/home/cfontana/RADAR//2026-04-19/EUHFR_NRTcurrent_HFR-GoM-Total_v3.nc'
[SAVED FIG] /home/cfontana/DIAGS/LIG_2026-04-19/RADAR/20260422_00.jpg

----------
20260423 0
[Errno 2] No such file or directory: '/home/cfontana/RADAR//2026-04-19/EUHFR_NRTcurrent_HFR-TirLig-Total_v3.nc'
[Errno 2] No such file or directory: '/home/cfontana/RADAR//2026-04-19/EUHFR_NRTcurrent_HFR-ARPAS-Total_v3.nc'
[Errno 2] No such file or directory: '/home/cfontana/RADAR//2026-04-19/EUHFR_NRTcurrent_HFR-LaMMA-Total_v3.nc'
[Errno 2] No such file or directory: '/home/cfontana/RADAR//2026-04-19/EUHFR_NRTcurrent_HFR-GoS-Total_v3.nc'
[Errno 2] No such file or directory: '/home/cfontana/RADAR//2026-04-19/EUHFR_NRTcurrent_HFR-WesternItaly-Total_v3.nc'
[Errno 2] No such file or directory: '/home/cfontana/RADAR//2026-04-19/EUHFR_NRTcurrent_HFR-Granitola-Total_v3.nc'
[Errno 2] No such file or directory: '/home/cfontana/RADAR//2026-04-19/EUHFR_NRTcurrent_HFR-NAdr-Total_v3.nc'
[Errno 2] No such file or directory: '/home/cfontana/RADAR//2026-04-19/EUHFR_NRTcurrent_HFR-GoM-Total_v3.nc'
[SAVED FIG] /home/cfontana/DIAGS/LIG_2026-04-19/RADAR/20260423_00.jpg

----------
20260424 0
[Errno 2] No such file or directory: '/home/cfontana/RADAR//2026-04-19/EUHFR_NRTcurrent_HFR-TirLig-Total_v3.nc'
[Errno 2] No such file or directory: '/home/cfontana/RADAR//2026-04-19/EUHFR_NRTcurrent_HFR-ARPAS-Total_v3.nc'
[Errno 2] No such file or directory: '/home/cfontana/RADAR//2026-04-19/EUHFR_NRTcurrent_HFR-LaMMA-Total_v3.nc'
[Errno 2] No such file or directory: '/home/cfontana/RADAR//2026-04-19/EUHFR_NRTcurrent_HFR-GoS-Total_v3.nc'
[Errno 2] No such file or directory: '/home/cfontana/RADAR//2026-04-19/EUHFR_NRTcurrent_HFR-WesternItaly-Total_v3.nc'
[Errno 2] No such file or directory: '/home/cfontana/RADAR//2026-04-19/EUHFR_NRTcurrent_HFR-Granitola-Total_v3.nc'
[Errno 2] No such file or directory: '/home/cfontana/RADAR//2026-04-19/EUHFR_NRTcurrent_HFR-NAdr-Total_v3.nc'
[Errno 2] No such file or directory: '/home/cfontana/RADAR//2026-04-19/EUHFR_NRTcurrent_HFR-GoM-Total_v3.nc'
[SAVED FIG] /home/cfontana/DIAGS/LIG_2026-04-19/RADAR/20260424_00.jpg
+ cd ../..
+ cat config/config_LIG.json
+ sed -e s/FREQ/daily/
+ 1> config/config_LIG_2026-04-19.json
+ sed -e s/DOUT/20260419/
+ sed -e s/DEND/2026-04-24/
+ sed -e s/DINI/2026-04-19/g
+ [ 1 -eq 1 ]
+ cd datasets/CMEMS
+ python get_data_sat.py -c LIG_2026-04-19 -v chl
INFO - 2026-04-20T12:27:33Z - Selected dataset version: "202211"
INFO - 2026-04-20T12:27:33Z - Selected dataset part: "default"
WARNING - 2026-04-20T12:27:33Z - Some of your subset selection [2026-04-19 00:00:00+00:00, 2026-04-24 00:00:00+00:00] for the time dimension exceed the dataset coordinates [2023-04-29 00:00:00+00:00, 2026-04-19 00:00:00+00:00]
----------------------------------
=> Config file LIG_2026-04-19 loaded
----------------------------------

Downloading CMEMS products : cmems_obs-oc_med_bgc-plankton_nrt_l3-multi-1km_P1D
=> Variable ['CHL', 'KD490'] 


[FILE SAVED ] /home/cfontana/DIAGS/LIG_2026-04-19/CMEMS/data/cmems_obs-oc_med_bgc-plankton_nrt_l3-multi-1km_P1D.nc
+ python interp_cmems.py -c LIG_2026-04-19 -v chl
----------------------------------
=> Config file LIG_2026-04-19 loaded
----------------------------------


[FILE SAVED] /home/cfontana/DIAGS/LIG_2026-04-19/CMEMS/chl/ITP_NC/chl_20260419.nc

Traceback (most recent call last):
  File "/home/cfontana/DATA_MED/datasets/CMEMS/interp_cmems.py", line 95, in <module>
    data = np.array(ds[cvar][i,:,:]).squeeze().flatten()
                    ~~~~~~~~^^^^^^^
  File "src/netCDF4/_netCDF4.pyx", line 5107, in netCDF4._netCDF4.Variable.__getitem__
  File "src/netCDF4/_netCDF4.pyx", line 6079, in netCDF4._netCDF4.Variable._get
IndexError: index exceeds dimension bounds
+ [ 1 -eq 2 ]
+ cd ../../plot
+ python plot_CMEMS_pickle_data_vs_sat.py -c LIG_2026-04-19 -v chl -s CMEMS
----------------------------------
=> Config file LIG_2026-04-19 loaded
----------------------------------

Processing
739725 0.1589513646990885 0.09553893 0.15528426 0.6861022235018942
[Errno 2] No such file or directory: '/home/cfontana/DIAGS/LIG_2026-04-19/CMEMS/chl/ITP_NC/chl_20260420.nc' 

=> in get_sat_2D :
Error processing file /home/cfontana/DIAGS/LIG_2026-04-19/CMEMS/chl/ITP_NC/chl_20260420.nc
File not found
739726 0.17504210466714815 nan 0.15656604 1
[Errno 2] No such file or directory: '/home/cfontana/DIAGS/LIG_2026-04-19/CMEMS/chl/ITP_NC/chl_20260421.nc' 

=> in get_sat_2D :
Error processing file /home/cfontana/DIAGS/LIG_2026-04-19/CMEMS/chl/ITP_NC/chl_20260421.nc
File not found
739727 0.18106515174820478 nan 0.15384865 1
[Errno 2] No such file or directory: '/home/cfontana/DIAGS/LIG_2026-04-19/CMEMS/chl/ITP_NC/chl_20260422.nc' 

=> in get_sat_2D :
Error processing file /home/cfontana/DIAGS/LIG_2026-04-19/CMEMS/chl/ITP_NC/chl_20260422.nc
File not found
739728 0.18212635518214101 nan 0.15080601 1
[Errno 2] No such file or directory: '/home/cfontana/DIAGS/LIG_2026-04-19/CMEMS/chl/ITP_NC/chl_20260423.nc' 

=> in get_sat_2D :
Error processing file /home/cfontana/DIAGS/LIG_2026-04-19/CMEMS/chl/ITP_NC/chl_20260423.nc
File not found
739729 0.1855080197432273 nan 0.14868402 1
[Errno 2] No such file or directory: '/home/cfontana/DIAGS/LIG_2026-04-19/CMEMS/chl/ITP_NC/chl_20260424.nc' 

=> in get_sat_2D :
Error processing file /home/cfontana/DIAGS/LIG_2026-04-19/CMEMS/chl/ITP_NC/chl_20260424.nc
File not found
739730 0.1907816536938631 nan 0.14690673 1
[SAVED FIG] /home/cfontana/DIAGS/LIG_2026-04-19/CMEMS/chl/ITP_NC/PLOT/2026041912_chl.jpg
[SAVED FIG] /home/cfontana/DIAGS/LIG_2026-04-19/CMEMS/chl/ITP_NC/PLOT/2026042012_chl.jpg
[SAVED FIG] /home/cfontana/DIAGS/LIG_2026-04-19/CMEMS/chl/ITP_NC/PLOT/2026042112_chl.jpg
[SAVED FIG] /home/cfontana/DIAGS/LIG_2026-04-19/CMEMS/chl/ITP_NC/PLOT/2026042212_chl.jpg
[SAVED FIG] /home/cfontana/DIAGS/LIG_2026-04-19/CMEMS/chl/ITP_NC/PLOT/2026042312_chl.jpg
[SAVED FIG] /home/cfontana/DIAGS/LIG_2026-04-19/CMEMS/chl/ITP_NC/PLOT/2026042412_chl.jpg
+ python plot_sat_CMEMS_timeseries.py -c LIG_2026-04-19 -v chl -s CMEMS
----------------------------------
=> Config file LIG_2026-04-19 loaded
----------------------------------

[SAVED FIG] /home/cfontana/DIAGS/LIG_2026-04-19/CMEMS/chl/ITP_NC/time_series.jpg
+ cd ..
+ [ 1 -eq 0 ]
+ [ 1 -eq 1 ]
+ source /home/cfontana/venv/a/bin/activate
+ 1> /dev/null
+ deactivate nondestructive
+ [ -n /home/cfontana/venv/c/bin:/usr/local/sbin:/usr/local/bin:/usr/sbin:/usr/bin:/sbin:/bin:/usr/games:/usr/local/games:/snap/bin ]
+ PATH=/home/cfontana/venv/c/bin:/usr/local/sbin:/usr/local/bin:/usr/sbin:/usr/bin:/sbin:/bin:/usr/games:/usr/local/games:/snap/bin
+ export PATH
+ unset _OLD_VIRTUAL_PATH
+ [ -n '' ]
+ hash -r
+ 2> /dev/null
+ [ -n '(c) \[\e]0;\u@\h: \w\a\]${debian_chroot:+($debian_chroot)}\[\033[01;32m\]\u@\h\[\033[00m\]:\[\033[01;34m\]\w\[\033[00m\]\$ ' ]
+ PS1='(c) \[\e]0;\u@\h: \w\a\]${debian_chroot:+($debian_chroot)}\[\033[01;32m\]\u@\h\[\033[00m\]:\[\033[01;34m\]\w\[\033[00m\]\$ '
+ export PS1
+ unset _OLD_VIRTUAL_PS1
+ unset VIRTUAL_ENV
+ unset VIRTUAL_ENV_PROMPT
+ [ ! nondestructive '=' nondestructive ]
+ [ '' '=' cygwin ]
+ [ '' '=' msys ]
+ VIRTUAL_ENV=/home/cfontana/venv/a
+ export VIRTUAL_ENV
+ _OLD_VIRTUAL_PATH=/home/cfontana/venv/c/bin:/usr/local/sbin:/usr/local/bin:/usr/sbin:/usr/bin:/sbin:/bin:/usr/games:/usr/local/games:/snap/bin
+ PATH=/home/cfontana/venv/a/bin:/home/cfontana/venv/c/bin:/usr/local/sbin:/usr/local/bin:/usr/sbin:/usr/bin:/sbin:/bin:/usr/games:/usr/local/games:/snap/bin
+ export PATH
+ [ -n '' ]
+ [ -z '' ]
+ _OLD_VIRTUAL_PS1='(c) \[\e]0;\u@\h: \w\a\]${debian_chroot:+($debian_chroot)}\[\033[01;32m\]\u@\h\[\033[00m\]:\[\033[01;34m\]\w\[\033[00m\]\$ '
+ PS1='(a) (c) \[\e]0;\u@\h: \w\a\]${debian_chroot:+($debian_chroot)}\[\033[01;32m\]\u@\h\[\033[00m\]:\[\033[01;34m\]\w\[\033[00m\]\$ '
+ export PS1
+ VIRTUAL_ENV_PROMPT='(a) '
+ export VIRTUAL_ENV_PROMPT
+ hash -r
+ 2> /dev/null
+ sed -i s/daily/hourly/ config/config_LIG_2026-04-19.json
+ cd datasets/ARGO
+ python get_argo.py -c LIG_2026-04-19
Traceback (most recent call last):
  File "/home/cfontana/DATA_MED/datasets/ARGO/get_argo.py", line 9, in <module>
    from fun_gen import *
  File "/home/cfontana/DATA_MED/modules/fun_gen.py", line 5, in <module>
    from fun_io import load_coords
  File "/home/cfontana/DATA_MED/modules/fun_io.py", line 15, in <module>
    import copernicusmarine
ModuleNotFoundError: No module named 'copernicusmarine'
+ [ 1 -eq 0 ]
+ cd ../../
+ sed -i s/phy/bgc/ config/config_LIG_2026-04-19.json
+ cd datasets/ARGO
+ python get_argo.py -c LIG_2026-04-19
Traceback (most recent call last):
  File "/home/cfontana/DATA_MED/datasets/ARGO/get_argo.py", line 9, in <module>
    from fun_gen import *
  File "/home/cfontana/DATA_MED/modules/fun_gen.py", line 5, in <module>
    from fun_io import load_coords
  File "/home/cfontana/DATA_MED/modules/fun_io.py", line 15, in <module>
    import copernicusmarine
ModuleNotFoundError: No module named 'copernicusmarine'
+ [ 1 -eq 0 ]
+ cd ../../
+ [ 1 -eq 1 ]
+ source /home/cfontana/venv/c/bin/activate
+ 1> /dev/null
+ deactivate nondestructive
+ [ -n /home/cfontana/venv/c/bin:/usr/local/sbin:/usr/local/bin:/usr/sbin:/usr/bin:/sbin:/bin:/usr/games:/usr/local/games:/snap/bin ]
+ PATH=/home/cfontana/venv/c/bin:/usr/local/sbin:/usr/local/bin:/usr/sbin:/usr/bin:/sbin:/bin:/usr/games:/usr/local/games:/snap/bin
+ export PATH
+ unset _OLD_VIRTUAL_PATH
+ [ -n '' ]
+ hash -r
+ 2> /dev/null
+ [ -n '(c) \[\e]0;\u@\h: \w\a\]${debian_chroot:+($debian_chroot)}\[\033[01;32m\]\u@\h\[\033[00m\]:\[\033[01;34m\]\w\[\033[00m\]\$ ' ]
+ PS1='(c) \[\e]0;\u@\h: \w\a\]${debian_chroot:+($debian_chroot)}\[\033[01;32m\]\u@\h\[\033[00m\]:\[\033[01;34m\]\w\[\033[00m\]\$ '
+ export PS1
+ unset _OLD_VIRTUAL_PS1
+ unset VIRTUAL_ENV
+ unset VIRTUAL_ENV_PROMPT
+ [ ! nondestructive '=' nondestructive ]
+ [ '' '=' cygwin ]
+ [ '' '=' msys ]
+ VIRTUAL_ENV=/home/cfontana/venv/c
+ export VIRTUAL_ENV
+ _OLD_VIRTUAL_PATH=/home/cfontana/venv/c/bin:/usr/local/sbin:/usr/local/bin:/usr/sbin:/usr/bin:/sbin:/bin:/usr/games:/usr/local/games:/snap/bin
+ PATH=/home/cfontana/venv/c/bin:/home/cfontana/venv/c/bin:/usr/local/sbin:/usr/local/bin:/usr/sbin:/usr/bin:/sbin:/bin:/usr/games:/usr/local/games:/snap/bin
+ export PATH
+ [ -n '' ]
+ [ -z '' ]
+ _OLD_VIRTUAL_PS1='(c) \[\e]0;\u@\h: \w\a\]${debian_chroot:+($debian_chroot)}\[\033[01;32m\]\u@\h\[\033[00m\]:\[\033[01;34m\]\w\[\033[00m\]\$ '
+ PS1='(c) (c) \[\e]0;\u@\h: \w\a\]${debian_chroot:+($debian_chroot)}\[\033[01;32m\]\u@\h\[\033[00m\]:\[\033[01;34m\]\w\[\033[00m\]\$ '
+ export PS1
+ VIRTUAL_ENV_PROMPT='(c) '
+ export VIRTUAL_ENV_PROMPT
+ hash -r
+ 2> /dev/null
+ static=/home/cfontana/DIAGS/LIG_2026-04-19/static_LIG_2026-04-19
+ mkdir /home/cfontana/DIAGS/LIG_2026-04-19/static_LIG_2026-04-19
+ dir=/home/cfontana/DIAGS/LIG_2026-04-19/CMEMS/thetao/ITP_NC
+ i=1
+ ls /home/cfontana/DIAGS/LIG_2026-04-19/CMEMS/thetao/ITP_NC/PLOT/
+ cp /home/cfontana/DIAGS/LIG_2026-04-19/CMEMS/thetao/ITP_NC/PLOT/2026041900_thetao.jpg /home/cfontana/DIAGS/LIG_2026-04-19/static_LIG_2026-04-19/thetao_1.jpg
+ let i=1+1
+ cp /home/cfontana/DIAGS/LIG_2026-04-19/CMEMS/thetao/ITP_NC/PLOT/2026042000_thetao.jpg /home/cfontana/DIAGS/LIG_2026-04-19/static_LIG_2026-04-19/thetao_2.jpg
+ let i=2+1
+ cp /home/cfontana/DIAGS/LIG_2026-04-19/CMEMS/thetao/ITP_NC/PLOT/2026042100_thetao.jpg /home/cfontana/DIAGS/LIG_2026-04-19/static_LIG_2026-04-19/thetao_3.jpg
+ let i=3+1
+ cp /home/cfontana/DIAGS/LIG_2026-04-19/CMEMS/thetao/ITP_NC/PLOT/2026042200_thetao.jpg /home/cfontana/DIAGS/LIG_2026-04-19/static_LIG_2026-04-19/thetao_4.jpg
+ let i=4+1
+ cp /home/cfontana/DIAGS/LIG_2026-04-19/CMEMS/thetao/ITP_NC/PLOT/2026042300_thetao.jpg /home/cfontana/DIAGS/LIG_2026-04-19/static_LIG_2026-04-19/thetao_5.jpg
+ let i=5+1
+ cp /home/cfontana/DIAGS/LIG_2026-04-19/CMEMS/thetao/ITP_NC/PLOT/2026042400_thetao.jpg /home/cfontana/DIAGS/LIG_2026-04-19/static_LIG_2026-04-19/thetao_6.jpg
+ let i=6+1
+ cp /home/cfontana/DIAGS/LIG_2026-04-19/CMEMS/thetao/ITP_NC/time_series.jpg /home/cfontana/DIAGS/LIG_2026-04-19/static_LIG_2026-04-19/time_series_thetao.jpg
+ dir=/home/cfontana/DIAGS/LIG_2026-04-19/CMEMS/chl/ITP_NC
+ i=1
+ ls /home/cfontana/DIAGS/LIG_2026-04-19/CMEMS/chl/ITP_NC/PLOT/
+ cp /home/cfontana/DIAGS/LIG_2026-04-19/CMEMS/chl/ITP_NC/PLOT/2026041912_chl.jpg /home/cfontana/DIAGS/LIG_2026-04-19/static_LIG_2026-04-19/chl_1.jpg
+ let i=1+1
+ cp /home/cfontana/DIAGS/LIG_2026-04-19/CMEMS/chl/ITP_NC/PLOT/2026042012_chl.jpg /home/cfontana/DIAGS/LIG_2026-04-19/static_LIG_2026-04-19/chl_2.jpg
+ let i=2+1
+ cp /home/cfontana/DIAGS/LIG_2026-04-19/CMEMS/chl/ITP_NC/PLOT/2026042112_chl.jpg /home/cfontana/DIAGS/LIG_2026-04-19/static_LIG_2026-04-19/chl_3.jpg
+ let i=3+1
+ cp /home/cfontana/DIAGS/LIG_2026-04-19/CMEMS/chl/ITP_NC/PLOT/2026042212_chl.jpg /home/cfontana/DIAGS/LIG_2026-04-19/static_LIG_2026-04-19/chl_4.jpg
+ let i=4+1
+ cp /home/cfontana/DIAGS/LIG_2026-04-19/CMEMS/chl/ITP_NC/PLOT/2026042312_chl.jpg /home/cfontana/DIAGS/LIG_2026-04-19/static_LIG_2026-04-19/chl_5.jpg
+ let i=5+1
+ cp /home/cfontana/DIAGS/LIG_2026-04-19/CMEMS/chl/ITP_NC/PLOT/2026042412_chl.jpg /home/cfontana/DIAGS/LIG_2026-04-19/static_LIG_2026-04-19/chl_6.jpg
+ let i=6+1
+ cp /home/cfontana/DIAGS/LIG_2026-04-19/CMEMS/chl/ITP_NC/time_series.jpg /home/cfontana/DIAGS/LIG_2026-04-19/static_LIG_2026-04-19/time_series_chl.jpg
+ dir=/home/cfontana/DIAGS/LIG_2026-04-19/RADAR/
+ i=1
+ ls /home/cfontana/DIAGS/LIG_2026-04-19/RADAR//20260419_00.jpg /home/cfontana/DIAGS/LIG_2026-04-19/RADAR//20260420_00.jpg /home/cfontana/DIAGS/LIG_2026-04-19/RADAR//20260421_00.jpg /home/cfontana/DIAGS/LIG_2026-04-19/RADAR//20260422_00.jpg /home/cfontana/DIAGS/LIG_2026-04-19/RADAR//20260423_00.jpg /home/cfontana/DIAGS/LIG_2026-04-19/RADAR//20260424_00.jpg
+ cp /home/cfontana/DIAGS/LIG_2026-04-19/RADAR//20260419_00.jpg /home/cfontana/DIAGS/LIG_2026-04-19/static_LIG_2026-04-19/radar_1.jpg
+ let i=1+1
+ cp /home/cfontana/DIAGS/LIG_2026-04-19/RADAR//20260420_00.jpg /home/cfontana/DIAGS/LIG_2026-04-19/static_LIG_2026-04-19/radar_2.jpg
+ let i=2+1
+ cp /home/cfontana/DIAGS/LIG_2026-04-19/RADAR//20260421_00.jpg /home/cfontana/DIAGS/LIG_2026-04-19/static_LIG_2026-04-19/radar_3.jpg
+ let i=3+1
+ cp /home/cfontana/DIAGS/LIG_2026-04-19/RADAR//20260422_00.jpg /home/cfontana/DIAGS/LIG_2026-04-19/static_LIG_2026-04-19/radar_4.jpg
+ let i=4+1
+ cp /home/cfontana/DIAGS/LIG_2026-04-19/RADAR//20260423_00.jpg /home/cfontana/DIAGS/LIG_2026-04-19/static_LIG_2026-04-19/radar_5.jpg
+ let i=5+1
+ cp /home/cfontana/DIAGS/LIG_2026-04-19/RADAR//20260424_00.jpg /home/cfontana/DIAGS/LIG_2026-04-19/static_LIG_2026-04-19/radar_6.jpg
+ let i=6+1
+ dir=/home/cfontana/DIAGS/LIG_2026-04-19/ARGO/
+ ls -d '/home/cfontana/DIAGS/LIG_2026-04-19/ARGO//bio*/'
ls: cannot access '/home/cfontana/DIAGS/LIG_2026-04-19/ARGO//bio*/': No such file or directory
+ i=1
+ 1> /home/cfontana/DIAGS/LIG_2026-04-19/static_LIG_2026-04-19/list.txt
+ ls -d '/home/cfontana/DIAGS/LIG_2026-04-19/ARGO//*/'
ls: cannot access '/home/cfontana/DIAGS/LIG_2026-04-19/ARGO//*/': No such file or directory
+ cp /home/cfontana/DIAGS/LIG_2026-04-19/ARGO//map.jpg /home/cfontana/DIAGS/LIG_2026-04-19/static_LIG_2026-04-19
cp: cannot stat '/home/cfontana/DIAGS/LIG_2026-04-19/ARGO//map.jpg': No such file or directory
+ scp -r /home/cfontana/DIAGS/LIG_2026-04-19/static_LIG_2026-04-19 yulpa175555@webhost03.yulpa.io:/datas/yulpa175555/sites/merval.eg2.fr/htdocs/DIAGS
+ echo 'PROCESSING NAD'
PROCESSING NAD
+ echo '_______________ '
_______________ 
+ config=NAD_2026-04-19
+ echo NAD
+ awk '{print tolower($0)}'
+ lower=nad
+ set -x
+ cat config/config_NAD.json
+ sed -e s/DINI/2026-04-19/g
+ sed -e s/FREQ/hourly/
+ sed -e s/DEND/2026-04-24/
+ sed -e s/DOUT/20260419/
+ 1> config/config_NAD_2026-04-19.json
+ cp config/cmems_DOMAIN.dat config/cmems_NAD_2026-04-19.dat
+ cp config/variables_mit_DOMAIN.dat config/variables_mit_NAD_2026-04-19.dat
+ jq -r .diagdir config/config_NAD_2026-04-19.json
+ diagdir=/home/cfontana/DIAGS/NAD_2026-04-19
+ jq -r .radardir config/config_NAD_2026-04-19.json
+ radardir=/home/cfontana/RADAR/
+ [ 0 -eq 0 -a 0 -eq 1 ]
+ [ 1 -eq 1 ]
+ cd datasets/CMEMS
+ python get_data_sat.py -c NAD_2026-04-19 -v thetao
INFO - 2026-04-20T12:38:24Z - Selected dataset version: "202311"
INFO - 2026-04-20T12:38:24Z - Selected dataset part: "default"
WARNING - 2026-04-20T12:38:24Z - Some of your subset selection [41.75260517821568, 46.872396844882346] for the latitude dimension exceed the dataset coordinates [30.25, 46.0]
WARNING - 2026-04-20T12:38:24Z - Some of your subset selection [2026-04-19 00:00:00+00:00, 2026-04-24 00:00:00+00:00] for the time dimension exceed the dataset coordinates [2008-01-01 00:00:00+00:00, 2026-04-20 00:00:00+00:00]
----------------------------------
=> Config file NAD_2026-04-19 loaded
----------------------------------

Downloading CMEMS products : SST_MED_SST_L3S_NRT_OBSERVATIONS_010_012_a
=> Variable [np.str_('sea_surface_temperature')] 


[FILE SAVED ] /home/cfontana/DIAGS/NAD_2026-04-19/CMEMS/data/SST_MED_SST_L3S_NRT_OBSERVATIONS_010_012_a.nc
+ python interp_cmems.py -c NAD_2026-04-19 -v thetao
----------------------------------
=> Config file NAD_2026-04-19 loaded
----------------------------------


[FILE SAVED] /home/cfontana/DIAGS/NAD_2026-04-19/CMEMS/thetao/ITP_NC/thetao_20260419.nc


[FILE SAVED] /home/cfontana/DIAGS/NAD_2026-04-19/CMEMS/thetao/ITP_NC/thetao_20260420.nc

Traceback (most recent call last):
  File "/home/cfontana/DATA_MED/datasets/CMEMS/interp_cmems.py", line 95, in <module>
    data = np.array(ds[cvar][i,:,:]).squeeze().flatten()
                    ~~~~~~~~^^^^^^^
  File "src/netCDF4/_netCDF4.pyx", line 5107, in netCDF4._netCDF4.Variable.__getitem__
  File "src/netCDF4/_netCDF4.pyx", line 6079, in netCDF4._netCDF4.Variable._get
IndexError: index exceeds dimension bounds
+ [ 1 -eq 2 ]
+ cd ../../plot
+ python plot_CMEMS_pickle_data_vs_sat.py -c NAD_2026-04-19 -v thetao -s CMEMS
----------------------------------
=> Config file NAD_2026-04-19 loaded
----------------------------------

Processing
739725 15.964674848339753 15.970932 15.463567 0.8201011588054142
739726 16.385924322025247 16.079952 15.692871 0.7028875468023694
[Errno 2] No such file or directory: '/home/cfontana/DIAGS/NAD_2026-04-19/CMEMS/thetao/ITP_NC/thetao_20260421.nc' 

=> in get_sat_2D :
Error processing file /home/cfontana/DIAGS/NAD_2026-04-19/CMEMS/thetao/ITP_NC/thetao_20260421.nc
File not found
739727 16.614068489098734 nan 15.535321 1
[Errno 2] No such file or directory: '/home/cfontana/DIAGS/NAD_2026-04-19/CMEMS/thetao/ITP_NC/thetao_20260422.nc' 

=> in get_sat_2D :
Error processing file /home/cfontana/DIAGS/NAD_2026-04-19/CMEMS/thetao/ITP_NC/thetao_20260422.nc
File not found
739728 16.17618528742081 nan 15.385146 1
[Errno 2] No such file or directory: '/home/cfontana/DIAGS/NAD_2026-04-19/CMEMS/thetao/ITP_NC/thetao_20260423.nc' 

=> in get_sat_2D :
Error processing file /home/cfontana/DIAGS/NAD_2026-04-19/CMEMS/thetao/ITP_NC/thetao_20260423.nc
File not found
739729 15.717552991584627 nan 15.036405 1
[Errno 2] No such file or directory: '/home/cfontana/DIAGS/NAD_2026-04-19/CMEMS/thetao/ITP_NC/thetao_20260424.nc' 

=> in get_sat_2D :
Error processing file /home/cfontana/DIAGS/NAD_2026-04-19/CMEMS/thetao/ITP_NC/thetao_20260424.nc
File not found
739730 15.690062946202973 nan 14.974591 1
[SAVED FIG] /home/cfontana/DIAGS/NAD_2026-04-19/CMEMS/thetao/ITP_NC/PLOT/2026041900_thetao.jpg
[SAVED FIG] /home/cfontana/DIAGS/NAD_2026-04-19/CMEMS/thetao/ITP_NC/PLOT/2026042000_thetao.jpg
[SAVED FIG] /home/cfontana/DIAGS/NAD_2026-04-19/CMEMS/thetao/ITP_NC/PLOT/2026042100_thetao.jpg
[SAVED FIG] /home/cfontana/DIAGS/NAD_2026-04-19/CMEMS/thetao/ITP_NC/PLOT/2026042200_thetao.jpg
[SAVED FIG] /home/cfontana/DIAGS/NAD_2026-04-19/CMEMS/thetao/ITP_NC/PLOT/2026042300_thetao.jpg
[SAVED FIG] /home/cfontana/DIAGS/NAD_2026-04-19/CMEMS/thetao/ITP_NC/PLOT/2026042400_thetao.jpg
+ python plot_sat_CMEMS_timeseries.py -c NAD_2026-04-19 -v thetao -s CMEMS
----------------------------------
=> Config file NAD_2026-04-19 loaded
----------------------------------

[SAVED FIG] /home/cfontana/DIAGS/NAD_2026-04-19/CMEMS/thetao/ITP_NC/time_series.jpg
+ cd ..
+ [ 1 -eq 1 ]
+ cd datasets/HFRADAR
+ python read_radar.py -c NAD_2026-04-19
----------------------------------
=> Config file NAD_2026-04-19 loaded
----------------------------------


----------
20260419 0
[Errno 2] No such file or directory: '/home/cfontana/RADAR//2026-04-19/EUHFR_NRTcurrent_HFR-TirLig-Total_v3.nc'
[Errno 2] No such file or directory: '/home/cfontana/RADAR//2026-04-19/EUHFR_NRTcurrent_HFR-ARPAS-Total_v3.nc'
[Errno 2] No such file or directory: '/home/cfontana/RADAR//2026-04-19/EUHFR_NRTcurrent_HFR-LaMMA-Total_v3.nc'
[Errno 2] No such file or directory: '/home/cfontana/RADAR//2026-04-19/EUHFR_NRTcurrent_HFR-GoS-Total_v3.nc'
[Errno 2] No such file or directory: '/home/cfontana/RADAR//2026-04-19/EUHFR_NRTcurrent_HFR-WesternItaly-Total_v3.nc'
[Errno 2] No such file or directory: '/home/cfontana/RADAR//2026-04-19/EUHFR_NRTcurrent_HFR-Granitola-Total_v3.nc'
[Errno 2] No such file or directory: '/home/cfontana/RADAR//2026-04-19/EUHFR_NRTcurrent_HFR-NAdr-Total_v3.nc'
[Errno 2] No such file or directory: '/home/cfontana/RADAR//2026-04-19/EUHFR_NRTcurrent_HFR-GoM-Total_v3.nc'
[SAVED FIG] /home/cfontana/DIAGS/NAD_2026-04-19/RADAR/20260419_00.jpg

----------
20260420 0
[Errno 2] No such file or directory: '/home/cfontana/RADAR//2026-04-19/EUHFR_NRTcurrent_HFR-TirLig-Total_v3.nc'
[Errno 2] No such file or directory: '/home/cfontana/RADAR//2026-04-19/EUHFR_NRTcurrent_HFR-ARPAS-Total_v3.nc'
[Errno 2] No such file or directory: '/home/cfontana/RADAR//2026-04-19/EUHFR_NRTcurrent_HFR-LaMMA-Total_v3.nc'
[Errno 2] No such file or directory: '/home/cfontana/RADAR//2026-04-19/EUHFR_NRTcurrent_HFR-GoS-Total_v3.nc'
[Errno 2] No such file or directory: '/home/cfontana/RADAR//2026-04-19/EUHFR_NRTcurrent_HFR-WesternItaly-Total_v3.nc'
[Errno 2] No such file or directory: '/home/cfontana/RADAR//2026-04-19/EUHFR_NRTcurrent_HFR-Granitola-Total_v3.nc'
[Errno 2] No such file or directory: '/home/cfontana/RADAR//2026-04-19/EUHFR_NRTcurrent_HFR-NAdr-Total_v3.nc'
[Errno 2] No such file or directory: '/home/cfontana/RADAR//2026-04-19/EUHFR_NRTcurrent_HFR-GoM-Total_v3.nc'
[SAVED FIG] /home/cfontana/DIAGS/NAD_2026-04-19/RADAR/20260420_00.jpg

----------
20260421 0
[Errno 2] No such file or directory: '/home/cfontana/RADAR//2026-04-19/EUHFR_NRTcurrent_HFR-TirLig-Total_v3.nc'
[Errno 2] No such file or directory: '/home/cfontana/RADAR//2026-04-19/EUHFR_NRTcurrent_HFR-ARPAS-Total_v3.nc'
[Errno 2] No such file or directory: '/home/cfontana/RADAR//2026-04-19/EUHFR_NRTcurrent_HFR-LaMMA-Total_v3.nc'
[Errno 2] No such file or directory: '/home/cfontana/RADAR//2026-04-19/EUHFR_NRTcurrent_HFR-GoS-Total_v3.nc'
[Errno 2] No such file or directory: '/home/cfontana/RADAR//2026-04-19/EUHFR_NRTcurrent_HFR-WesternItaly-Total_v3.nc'
[Errno 2] No such file or directory: '/home/cfontana/RADAR//2026-04-19/EUHFR_NRTcurrent_HFR-Granitola-Total_v3.nc'
[Errno 2] No such file or directory: '/home/cfontana/RADAR//2026-04-19/EUHFR_NRTcurrent_HFR-NAdr-Total_v3.nc'
[Errno 2] No such file or directory: '/home/cfontana/RADAR//2026-04-19/EUHFR_NRTcurrent_HFR-GoM-Total_v3.nc'
[SAVED FIG] /home/cfontana/DIAGS/NAD_2026-04-19/RADAR/20260421_00.jpg

----------
20260422 0
[Errno 2] No such file or directory: '/home/cfontana/RADAR//2026-04-19/EUHFR_NRTcurrent_HFR-TirLig-Total_v3.nc'
[Errno 2] No such file or directory: '/home/cfontana/RADAR//2026-04-19/EUHFR_NRTcurrent_HFR-ARPAS-Total_v3.nc'
[Errno 2] No such file or directory: '/home/cfontana/RADAR//2026-04-19/EUHFR_NRTcurrent_HFR-LaMMA-Total_v3.nc'
[Errno 2] No such file or directory: '/home/cfontana/RADAR//2026-04-19/EUHFR_NRTcurrent_HFR-GoS-Total_v3.nc'
[Errno 2] No such file or directory: '/home/cfontana/RADAR//2026-04-19/EUHFR_NRTcurrent_HFR-WesternItaly-Total_v3.nc'
[Errno 2] No such file or directory: '/home/cfontana/RADAR//2026-04-19/EUHFR_NRTcurrent_HFR-Granitola-Total_v3.nc'
[Errno 2] No such file or directory: '/home/cfontana/RADAR//2026-04-19/EUHFR_NRTcurrent_HFR-NAdr-Total_v3.nc'
[Errno 2] No such file or directory: '/home/cfontana/RADAR//2026-04-19/EUHFR_NRTcurrent_HFR-GoM-Total_v3.nc'
[SAVED FIG] /home/cfontana/DIAGS/NAD_2026-04-19/RADAR/20260422_00.jpg

----------
20260423 0
[Errno 2] No such file or directory: '/home/cfontana/RADAR//2026-04-19/EUHFR_NRTcurrent_HFR-TirLig-Total_v3.nc'
[Errno 2] No such file or directory: '/home/cfontana/RADAR//2026-04-19/EUHFR_NRTcurrent_HFR-ARPAS-Total_v3.nc'
[Errno 2] No such file or directory: '/home/cfontana/RADAR//2026-04-19/EUHFR_NRTcurrent_HFR-LaMMA-Total_v3.nc'
[Errno 2] No such file or directory: '/home/cfontana/RADAR//2026-04-19/EUHFR_NRTcurrent_HFR-GoS-Total_v3.nc'
[Errno 2] No such file or directory: '/home/cfontana/RADAR//2026-04-19/EUHFR_NRTcurrent_HFR-WesternItaly-Total_v3.nc'
[Errno 2] No such file or directory: '/home/cfontana/RADAR//2026-04-19/EUHFR_NRTcurrent_HFR-Granitola-Total_v3.nc'
[Errno 2] No such file or directory: '/home/cfontana/RADAR//2026-04-19/EUHFR_NRTcurrent_HFR-NAdr-Total_v3.nc'
[Errno 2] No such file or directory: '/home/cfontana/RADAR//2026-04-19/EUHFR_NRTcurrent_HFR-GoM-Total_v3.nc'
[SAVED FIG] /home/cfontana/DIAGS/NAD_2026-04-19/RADAR/20260423_00.jpg

----------
20260424 0
[Errno 2] No such file or directory: '/home/cfontana/RADAR//2026-04-19/EUHFR_NRTcurrent_HFR-TirLig-Total_v3.nc'
[Errno 2] No such file or directory: '/home/cfontana/RADAR//2026-04-19/EUHFR_NRTcurrent_HFR-ARPAS-Total_v3.nc'
[Errno 2] No such file or directory: '/home/cfontana/RADAR//2026-04-19/EUHFR_NRTcurrent_HFR-LaMMA-Total_v3.nc'
[Errno 2] No such file or directory: '/home/cfontana/RADAR//2026-04-19/EUHFR_NRTcurrent_HFR-GoS-Total_v3.nc'
[Errno 2] No such file or directory: '/home/cfontana/RADAR//2026-04-19/EUHFR_NRTcurrent_HFR-WesternItaly-Total_v3.nc'
[Errno 2] No such file or directory: '/home/cfontana/RADAR//2026-04-19/EUHFR_NRTcurrent_HFR-Granitola-Total_v3.nc'
[Errno 2] No such file or directory: '/home/cfontana/RADAR//2026-04-19/EUHFR_NRTcurrent_HFR-NAdr-Total_v3.nc'
[Errno 2] No such file or directory: '/home/cfontana/RADAR//2026-04-19/EUHFR_NRTcurrent_HFR-GoM-Total_v3.nc'
[SAVED FIG] /home/cfontana/DIAGS/NAD_2026-04-19/RADAR/20260424_00.jpg
+ cd ../..
+ cat config/config_NAD.json
+ sed -e s/FREQ/daily/
+ 1> config/config_NAD_2026-04-19.json
+ sed -e s/DOUT/20260419/
+ sed -e s/DINI/2026-04-19/g
+ sed -e s/DEND/2026-04-24/
+ [ 1 -eq 1 ]
+ cd datasets/CMEMS
+ python get_data_sat.py -c NAD_2026-04-19 -v chl
INFO - 2026-04-20T12:52:12Z - Selected dataset version: "202211"
INFO - 2026-04-20T12:52:12Z - Selected dataset part: "default"
WARNING - 2026-04-20T12:52:12Z - Some of your subset selection [41.75260517821568, 46.872396844882346] for the latitude dimension exceed the dataset coordinates [30.005064010620117, 45.994937896728516]
WARNING - 2026-04-20T12:52:12Z - Some of your subset selection [2026-04-19 00:00:00+00:00, 2026-04-24 00:00:00+00:00] for the time dimension exceed the dataset coordinates [2023-04-29 00:00:00+00:00, 2026-04-19 00:00:00+00:00]
----------------------------------
=> Config file NAD_2026-04-19 loaded
----------------------------------

Downloading CMEMS products : cmems_obs-oc_med_bgc-plankton_nrt_l3-multi-1km_P1D
=> Variable ['CHL', 'KD490'] 


[FILE SAVED ] /home/cfontana/DIAGS/NAD_2026-04-19/CMEMS/data/cmems_obs-oc_med_bgc-plankton_nrt_l3-multi-1km_P1D.nc
+ python interp_cmems.py -c NAD_2026-04-19 -v chl
----------------------------------
=> Config file NAD_2026-04-19 loaded
----------------------------------


[FILE SAVED] /home/cfontana/DIAGS/NAD_2026-04-19/CMEMS/chl/ITP_NC/chl_20260419.nc

Traceback (most recent call last):
  File "/home/cfontana/DATA_MED/datasets/CMEMS/interp_cmems.py", line 95, in <module>
    data = np.array(ds[cvar][i,:,:]).squeeze().flatten()
                    ~~~~~~~~^^^^^^^
  File "src/netCDF4/_netCDF4.pyx", line 5107, in netCDF4._netCDF4.Variable.__getitem__
  File "src/netCDF4/_netCDF4.pyx", line 6079, in netCDF4._netCDF4.Variable._get
IndexError: index exceeds dimension bounds
+ [ 1 -eq 2 ]
+ cd ../../plot
+ python plot_CMEMS_pickle_data_vs_sat.py -c NAD_2026-04-19 -v chl -s CMEMS
----------------------------------
=> Config file NAD_2026-04-19 loaded
----------------------------------

Processing
739725 0.21797818825981982 0.80547076 0.19045632 0.5296933078274935
[Errno 2] No such file or directory: '/home/cfontana/DIAGS/NAD_2026-04-19/CMEMS/chl/ITP_NC/chl_20260420.nc' 

=> in get_sat_2D :
Error processing file /home/cfontana/DIAGS/NAD_2026-04-19/CMEMS/chl/ITP_NC/chl_20260420.nc
File not found
739726 0.2797621671011673 nan 0.19984518 1
[Errno 2] No such file or directory: '/home/cfontana/DIAGS/NAD_2026-04-19/CMEMS/chl/ITP_NC/chl_20260421.nc' 

=> in get_sat_2D :
Error processing file /home/cfontana/DIAGS/NAD_2026-04-19/CMEMS/chl/ITP_NC/chl_20260421.nc
File not found
739727 0.2752025270732003 nan 0.19406949 1
[Errno 2] No such file or directory: '/home/cfontana/DIAGS/NAD_2026-04-19/CMEMS/chl/ITP_NC/chl_20260422.nc' 

=> in get_sat_2D :
Error processing file /home/cfontana/DIAGS/NAD_2026-04-19/CMEMS/chl/ITP_NC/chl_20260422.nc
File not found
739728 0.263181251763536 nan 0.18796104 1
[Errno 2] No such file or directory: '/home/cfontana/DIAGS/NAD_2026-04-19/CMEMS/chl/ITP_NC/chl_20260423.nc' 

=> in get_sat_2D :
Error processing file /home/cfontana/DIAGS/NAD_2026-04-19/CMEMS/chl/ITP_NC/chl_20260423.nc
File not found
739729 0.2550838184737789 nan 0.18422037 1
[Errno 2] No such file or directory: '/home/cfontana/DIAGS/NAD_2026-04-19/CMEMS/chl/ITP_NC/chl_20260424.nc' 

=> in get_sat_2D :
Error processing file /home/cfontana/DIAGS/NAD_2026-04-19/CMEMS/chl/ITP_NC/chl_20260424.nc
File not found
739730 0.25002519350277397 nan 0.18106835 1
[SAVED FIG] /home/cfontana/DIAGS/NAD_2026-04-19/CMEMS/chl/ITP_NC/PLOT/2026041912_chl.jpg
[SAVED FIG] /home/cfontana/DIAGS/NAD_2026-04-19/CMEMS/chl/ITP_NC/PLOT/2026042012_chl.jpg
[SAVED FIG] /home/cfontana/DIAGS/NAD_2026-04-19/CMEMS/chl/ITP_NC/PLOT/2026042112_chl.jpg
[SAVED FIG] /home/cfontana/DIAGS/NAD_2026-04-19/CMEMS/chl/ITP_NC/PLOT/2026042212_chl.jpg
[SAVED FIG] /home/cfontana/DIAGS/NAD_2026-04-19/CMEMS/chl/ITP_NC/PLOT/2026042312_chl.jpg
[SAVED FIG] /home/cfontana/DIAGS/NAD_2026-04-19/CMEMS/chl/ITP_NC/PLOT/2026042412_chl.jpg
+ python plot_sat_CMEMS_timeseries.py -c NAD_2026-04-19 -v chl -s CMEMS
----------------------------------
=> Config file NAD_2026-04-19 loaded
----------------------------------

[SAVED FIG] /home/cfontana/DIAGS/NAD_2026-04-19/CMEMS/chl/ITP_NC/time_series.jpg
+ cd ..
+ [ 1 -eq 0 ]
+ [ 1 -eq 1 ]
+ source /home/cfontana/venv/a/bin/activate
+ 1> /dev/null
+ deactivate nondestructive
+ [ -n /home/cfontana/venv/c/bin:/usr/local/sbin:/usr/local/bin:/usr/sbin:/usr/bin:/sbin:/bin:/usr/games:/usr/local/games:/snap/bin ]
+ PATH=/home/cfontana/venv/c/bin:/usr/local/sbin:/usr/local/bin:/usr/sbin:/usr/bin:/sbin:/bin:/usr/games:/usr/local/games:/snap/bin
+ export PATH
+ unset _OLD_VIRTUAL_PATH
+ [ -n '' ]
+ hash -r
+ 2> /dev/null
+ [ -n '(c) \[\e]0;\u@\h: \w\a\]${debian_chroot:+($debian_chroot)}\[\033[01;32m\]\u@\h\[\033[00m\]:\[\033[01;34m\]\w\[\033[00m\]\$ ' ]
+ PS1='(c) \[\e]0;\u@\h: \w\a\]${debian_chroot:+($debian_chroot)}\[\033[01;32m\]\u@\h\[\033[00m\]:\[\033[01;34m\]\w\[\033[00m\]\$ '
+ export PS1
+ unset _OLD_VIRTUAL_PS1
+ unset VIRTUAL_ENV
+ unset VIRTUAL_ENV_PROMPT
+ [ ! nondestructive '=' nondestructive ]
+ [ '' '=' cygwin ]
+ [ '' '=' msys ]
+ VIRTUAL_ENV=/home/cfontana/venv/a
+ export VIRTUAL_ENV
+ _OLD_VIRTUAL_PATH=/home/cfontana/venv/c/bin:/usr/local/sbin:/usr/local/bin:/usr/sbin:/usr/bin:/sbin:/bin:/usr/games:/usr/local/games:/snap/bin
+ PATH=/home/cfontana/venv/a/bin:/home/cfontana/venv/c/bin:/usr/local/sbin:/usr/local/bin:/usr/sbin:/usr/bin:/sbin:/bin:/usr/games:/usr/local/games:/snap/bin
+ export PATH
+ [ -n '' ]
+ [ -z '' ]
+ _OLD_VIRTUAL_PS1='(c) \[\e]0;\u@\h: \w\a\]${debian_chroot:+($debian_chroot)}\[\033[01;32m\]\u@\h\[\033[00m\]:\[\033[01;34m\]\w\[\033[00m\]\$ '
+ PS1='(a) (c) \[\e]0;\u@\h: \w\a\]${debian_chroot:+($debian_chroot)}\[\033[01;32m\]\u@\h\[\033[00m\]:\[\033[01;34m\]\w\[\033[00m\]\$ '
+ export PS1
+ VIRTUAL_ENV_PROMPT='(a) '
+ export VIRTUAL_ENV_PROMPT
+ hash -r
+ 2> /dev/null
+ sed -i s/daily/hourly/ config/config_NAD_2026-04-19.json
+ cd datasets/ARGO
+ python get_argo.py -c NAD_2026-04-19
Traceback (most recent call last):
  File "/home/cfontana/DATA_MED/datasets/ARGO/get_argo.py", line 9, in <module>
    from fun_gen import *
  File "/home/cfontana/DATA_MED/modules/fun_gen.py", line 5, in <module>
    from fun_io import load_coords
  File "/home/cfontana/DATA_MED/modules/fun_io.py", line 15, in <module>
    import copernicusmarine
ModuleNotFoundError: No module named 'copernicusmarine'
+ [ 1 -eq 0 ]
+ cd ../../
+ sed -i s/phy/bgc/ config/config_NAD_2026-04-19.json
+ cd datasets/ARGO
+ python get_argo.py -c NAD_2026-04-19
Traceback (most recent call last):
  File "/home/cfontana/DATA_MED/datasets/ARGO/get_argo.py", line 9, in <module>
    from fun_gen import *
  File "/home/cfontana/DATA_MED/modules/fun_gen.py", line 5, in <module>
    from fun_io import load_coords
  File "/home/cfontana/DATA_MED/modules/fun_io.py", line 15, in <module>
    import copernicusmarine
ModuleNotFoundError: No module named 'copernicusmarine'
+ [ 1 -eq 0 ]
+ cd ../../
+ [ 1 -eq 1 ]
+ source /home/cfontana/venv/c/bin/activate
+ 1> /dev/null
+ deactivate nondestructive
+ [ -n /home/cfontana/venv/c/bin:/usr/local/sbin:/usr/local/bin:/usr/sbin:/usr/bin:/sbin:/bin:/usr/games:/usr/local/games:/snap/bin ]
+ PATH=/home/cfontana/venv/c/bin:/usr/local/sbin:/usr/local/bin:/usr/sbin:/usr/bin:/sbin:/bin:/usr/games:/usr/local/games:/snap/bin
+ export PATH
+ unset _OLD_VIRTUAL_PATH
+ [ -n '' ]
+ hash -r
+ 2> /dev/null
+ [ -n '(c) \[\e]0;\u@\h: \w\a\]${debian_chroot:+($debian_chroot)}\[\033[01;32m\]\u@\h\[\033[00m\]:\[\033[01;34m\]\w\[\033[00m\]\$ ' ]
+ PS1='(c) \[\e]0;\u@\h: \w\a\]${debian_chroot:+($debian_chroot)}\[\033[01;32m\]\u@\h\[\033[00m\]:\[\033[01;34m\]\w\[\033[00m\]\$ '
+ export PS1
+ unset _OLD_VIRTUAL_PS1
+ unset VIRTUAL_ENV
+ unset VIRTUAL_ENV_PROMPT
+ [ ! nondestructive '=' nondestructive ]
+ [ '' '=' cygwin ]
+ [ '' '=' msys ]
+ VIRTUAL_ENV=/home/cfontana/venv/c
+ export VIRTUAL_ENV
+ _OLD_VIRTUAL_PATH=/home/cfontana/venv/c/bin:/usr/local/sbin:/usr/local/bin:/usr/sbin:/usr/bin:/sbin:/bin:/usr/games:/usr/local/games:/snap/bin
+ PATH=/home/cfontana/venv/c/bin:/home/cfontana/venv/c/bin:/usr/local/sbin:/usr/local/bin:/usr/sbin:/usr/bin:/sbin:/bin:/usr/games:/usr/local/games:/snap/bin
+ export PATH
+ [ -n '' ]
+ [ -z '' ]
+ _OLD_VIRTUAL_PS1='(c) \[\e]0;\u@\h: \w\a\]${debian_chroot:+($debian_chroot)}\[\033[01;32m\]\u@\h\[\033[00m\]:\[\033[01;34m\]\w\[\033[00m\]\$ '
+ PS1='(c) (c) \[\e]0;\u@\h: \w\a\]${debian_chroot:+($debian_chroot)}\[\033[01;32m\]\u@\h\[\033[00m\]:\[\033[01;34m\]\w\[\033[00m\]\$ '
+ export PS1
+ VIRTUAL_ENV_PROMPT='(c) '
+ export VIRTUAL_ENV_PROMPT
+ hash -r
+ 2> /dev/null
+ static=/home/cfontana/DIAGS/NAD_2026-04-19/static_NAD_2026-04-19
+ mkdir /home/cfontana/DIAGS/NAD_2026-04-19/static_NAD_2026-04-19
+ dir=/home/cfontana/DIAGS/NAD_2026-04-19/CMEMS/thetao/ITP_NC
+ i=1
+ ls /home/cfontana/DIAGS/NAD_2026-04-19/CMEMS/thetao/ITP_NC/PLOT/
+ cp /home/cfontana/DIAGS/NAD_2026-04-19/CMEMS/thetao/ITP_NC/PLOT/2026041900_thetao.jpg /home/cfontana/DIAGS/NAD_2026-04-19/static_NAD_2026-04-19/thetao_1.jpg
+ let i=1+1
+ cp /home/cfontana/DIAGS/NAD_2026-04-19/CMEMS/thetao/ITP_NC/PLOT/2026042000_thetao.jpg /home/cfontana/DIAGS/NAD_2026-04-19/static_NAD_2026-04-19/thetao_2.jpg
+ let i=2+1
+ cp /home/cfontana/DIAGS/NAD_2026-04-19/CMEMS/thetao/ITP_NC/PLOT/2026042100_thetao.jpg /home/cfontana/DIAGS/NAD_2026-04-19/static_NAD_2026-04-19/thetao_3.jpg
+ let i=3+1
+ cp /home/cfontana/DIAGS/NAD_2026-04-19/CMEMS/thetao/ITP_NC/PLOT/2026042200_thetao.jpg /home/cfontana/DIAGS/NAD_2026-04-19/static_NAD_2026-04-19/thetao_4.jpg
+ let i=4+1
+ cp /home/cfontana/DIAGS/NAD_2026-04-19/CMEMS/thetao/ITP_NC/PLOT/2026042300_thetao.jpg /home/cfontana/DIAGS/NAD_2026-04-19/static_NAD_2026-04-19/thetao_5.jpg
+ let i=5+1
+ cp /home/cfontana/DIAGS/NAD_2026-04-19/CMEMS/thetao/ITP_NC/PLOT/2026042400_thetao.jpg /home/cfontana/DIAGS/NAD_2026-04-19/static_NAD_2026-04-19/thetao_6.jpg
+ let i=6+1
+ cp /home/cfontana/DIAGS/NAD_2026-04-19/CMEMS/thetao/ITP_NC/time_series.jpg /home/cfontana/DIAGS/NAD_2026-04-19/static_NAD_2026-04-19/time_series_thetao.jpg
+ dir=/home/cfontana/DIAGS/NAD_2026-04-19/CMEMS/chl/ITP_NC
+ i=1
+ ls /home/cfontana/DIAGS/NAD_2026-04-19/CMEMS/chl/ITP_NC/PLOT/
+ cp /home/cfontana/DIAGS/NAD_2026-04-19/CMEMS/chl/ITP_NC/PLOT/2026041912_chl.jpg /home/cfontana/DIAGS/NAD_2026-04-19/static_NAD_2026-04-19/chl_1.jpg
+ let i=1+1
+ cp /home/cfontana/DIAGS/NAD_2026-04-19/CMEMS/chl/ITP_NC/PLOT/2026042012_chl.jpg /home/cfontana/DIAGS/NAD_2026-04-19/static_NAD_2026-04-19/chl_2.jpg
+ let i=2+1
+ cp /home/cfontana/DIAGS/NAD_2026-04-19/CMEMS/chl/ITP_NC/PLOT/2026042112_chl.jpg /home/cfontana/DIAGS/NAD_2026-04-19/static_NAD_2026-04-19/chl_3.jpg
+ let i=3+1
+ cp /home/cfontana/DIAGS/NAD_2026-04-19/CMEMS/chl/ITP_NC/PLOT/2026042212_chl.jpg /home/cfontana/DIAGS/NAD_2026-04-19/static_NAD_2026-04-19/chl_4.jpg
+ let i=4+1
+ cp /home/cfontana/DIAGS/NAD_2026-04-19/CMEMS/chl/ITP_NC/PLOT/2026042312_chl.jpg /home/cfontana/DIAGS/NAD_2026-04-19/static_NAD_2026-04-19/chl_5.jpg
+ let i=5+1
+ cp /home/cfontana/DIAGS/NAD_2026-04-19/CMEMS/chl/ITP_NC/PLOT/2026042412_chl.jpg /home/cfontana/DIAGS/NAD_2026-04-19/static_NAD_2026-04-19/chl_6.jpg
+ let i=6+1
+ cp /home/cfontana/DIAGS/NAD_2026-04-19/CMEMS/chl/ITP_NC/time_series.jpg /home/cfontana/DIAGS/NAD_2026-04-19/static_NAD_2026-04-19/time_series_chl.jpg
+ dir=/home/cfontana/DIAGS/NAD_2026-04-19/RADAR/
+ i=1
+ ls /home/cfontana/DIAGS/NAD_2026-04-19/RADAR//20260419_00.jpg /home/cfontana/DIAGS/NAD_2026-04-19/RADAR//20260420_00.jpg /home/cfontana/DIAGS/NAD_2026-04-19/RADAR//20260421_00.jpg /home/cfontana/DIAGS/NAD_2026-04-19/RADAR//20260422_00.jpg /home/cfontana/DIAGS/NAD_2026-04-19/RADAR//20260423_00.jpg /home/cfontana/DIAGS/NAD_2026-04-19/RADAR//20260424_00.jpg
+ cp /home/cfontana/DIAGS/NAD_2026-04-19/RADAR//20260419_00.jpg /home/cfontana/DIAGS/NAD_2026-04-19/static_NAD_2026-04-19/radar_1.jpg
+ let i=1+1
+ cp /home/cfontana/DIAGS/NAD_2026-04-19/RADAR//20260420_00.jpg /home/cfontana/DIAGS/NAD_2026-04-19/static_NAD_2026-04-19/radar_2.jpg
+ let i=2+1
+ cp /home/cfontana/DIAGS/NAD_2026-04-19/RADAR//20260421_00.jpg /home/cfontana/DIAGS/NAD_2026-04-19/static_NAD_2026-04-19/radar_3.jpg
+ let i=3+1
+ cp /home/cfontana/DIAGS/NAD_2026-04-19/RADAR//20260422_00.jpg /home/cfontana/DIAGS/NAD_2026-04-19/static_NAD_2026-04-19/radar_4.jpg
+ let i=4+1
+ cp /home/cfontana/DIAGS/NAD_2026-04-19/RADAR//20260423_00.jpg /home/cfontana/DIAGS/NAD_2026-04-19/static_NAD_2026-04-19/radar_5.jpg
+ let i=5+1
+ cp /home/cfontana/DIAGS/NAD_2026-04-19/RADAR//20260424_00.jpg /home/cfontana/DIAGS/NAD_2026-04-19/static_NAD_2026-04-19/radar_6.jpg
+ let i=6+1
+ dir=/home/cfontana/DIAGS/NAD_2026-04-19/ARGO/
+ ls -d '/home/cfontana/DIAGS/NAD_2026-04-19/ARGO//bio*/'
ls: cannot access '/home/cfontana/DIAGS/NAD_2026-04-19/ARGO//bio*/': No such file or directory
+ i=1
+ 1> /home/cfontana/DIAGS/NAD_2026-04-19/static_NAD_2026-04-19/list.txt
+ ls -d '/home/cfontana/DIAGS/NAD_2026-04-19/ARGO//*/'
ls: cannot access '/home/cfontana/DIAGS/NAD_2026-04-19/ARGO//*/': No such file or directory
+ cp /home/cfontana/DIAGS/NAD_2026-04-19/ARGO//map.jpg /home/cfontana/DIAGS/NAD_2026-04-19/static_NAD_2026-04-19
cp: cannot stat '/home/cfontana/DIAGS/NAD_2026-04-19/ARGO//map.jpg': No such file or directory
+ scp -r /home/cfontana/DIAGS/NAD_2026-04-19/static_NAD_2026-04-19 yulpa175555@webhost03.yulpa.io:/datas/yulpa175555/sites/merval.eg2.fr/htdocs/DIAGS
+ echo 'PROCESSING NAP'
PROCESSING NAP
+ echo '_______________ '
_______________ 
+ config=NAP_2026-04-19
+ awk '{print tolower($0)}'
+ echo NAP
+ lower=nap
+ set -x
+ cat config/config_NAP.json
+ sed -e s/DINI/2026-04-19/g
+ sed -e s/FREQ/hourly/
+ sed -e s/DOUT/20260419/
+ 1> config/config_NAP_2026-04-19.json
+ sed -e s/DEND/2026-04-24/
+ cp config/cmems_DOMAIN.dat config/cmems_NAP_2026-04-19.dat
+ cp config/variables_mit_DOMAIN.dat config/variables_mit_NAP_2026-04-19.dat
+ jq -r .diagdir config/config_NAP_2026-04-19.json
+ diagdir=/home/cfontana/DIAGS/NAP_2026-04-19
+ jq -r .radardir config/config_NAP_2026-04-19.json
+ radardir=/home/cfontana/RADAR/
+ [ 0 -eq 0 -a 0 -eq 1 ]
+ [ 1 -eq 1 ]
+ cd datasets/CMEMS
+ python get_data_sat.py -c NAP_2026-04-19 -v thetao
INFO - 2026-04-20T13:00:48Z - Selected dataset version: "202311"
INFO - 2026-04-20T13:00:48Z - Selected dataset part: "default"
WARNING - 2026-04-20T13:00:48Z - Some of your subset selection [2026-04-19 00:00:00+00:00, 2026-04-24 00:00:00+00:00] for the time dimension exceed the dataset coordinates [2008-01-01 00:00:00+00:00, 2026-04-20 00:00:00+00:00]
----------------------------------
=> Config file NAP_2026-04-19 loaded
----------------------------------

Downloading CMEMS products : SST_MED_SST_L3S_NRT_OBSERVATIONS_010_012_a
=> Variable [np.str_('sea_surface_temperature')] 


[FILE SAVED ] /home/cfontana/DIAGS/NAP_2026-04-19/CMEMS/data/SST_MED_SST_L3S_NRT_OBSERVATIONS_010_012_a.nc
+ python interp_cmems.py -c NAP_2026-04-19 -v thetao
----------------------------------
=> Config file NAP_2026-04-19 loaded
----------------------------------


[FILE SAVED] /home/cfontana/DIAGS/NAP_2026-04-19/CMEMS/thetao/ITP_NC/thetao_20260419.nc


[FILE SAVED] /home/cfontana/DIAGS/NAP_2026-04-19/CMEMS/thetao/ITP_NC/thetao_20260420.nc

Traceback (most recent call last):
  File "/home/cfontana/DATA_MED/datasets/CMEMS/interp_cmems.py", line 95, in <module>
    data = np.array(ds[cvar][i,:,:]).squeeze().flatten()
                    ~~~~~~~~^^^^^^^
  File "src/netCDF4/_netCDF4.pyx", line 5107, in netCDF4._netCDF4.Variable.__getitem__
  File "src/netCDF4/_netCDF4.pyx", line 6079, in netCDF4._netCDF4.Variable._get
IndexError: index exceeds dimension bounds
+ [ 1 -eq 2 ]
+ cd ../../plot
+ python plot_CMEMS_pickle_data_vs_sat.py -c NAP_2026-04-19 -v thetao -s CMEMS
----------------------------------
=> Config file NAP_2026-04-19 loaded
----------------------------------

Processing
739725 17.24200906336675 17.117668 17.51525192767118 0.5321365374736001
739726 17.592442618695117 17.1059 17.878754852469402 0.45550545122438496
[Errno 2] No such file or directory: '/home/cfontana/DIAGS/NAP_2026-04-19/CMEMS/thetao/ITP_NC/thetao_20260421.nc' 

=> in get_sat_2D :
Error processing file /home/cfontana/DIAGS/NAP_2026-04-19/CMEMS/thetao/ITP_NC/thetao_20260421.nc
File not found
739727 17.87872733111196 nan 18.17896166306033 1
[Errno 2] No such file or directory: '/home/cfontana/DIAGS/NAP_2026-04-19/CMEMS/thetao/ITP_NC/thetao_20260422.nc' 

=> in get_sat_2D :
Error processing file /home/cfontana/DIAGS/NAP_2026-04-19/CMEMS/thetao/ITP_NC/thetao_20260422.nc
File not found
739728 18.31059119774739 nan 18.575694845689835 1
[Errno 2] No such file or directory: '/home/cfontana/DIAGS/NAP_2026-04-19/CMEMS/thetao/ITP_NC/thetao_20260423.nc' 

=> in get_sat_2D :
Error processing file /home/cfontana/DIAGS/NAP_2026-04-19/CMEMS/thetao/ITP_NC/thetao_20260423.nc
File not found
739729 17.856413230591695 nan 18.387359426376428 1
[Errno 2] No such file or directory: '/home/cfontana/DIAGS/NAP_2026-04-19/CMEMS/thetao/ITP_NC/thetao_20260424.nc' 

=> in get_sat_2D :
Error processing file /home/cfontana/DIAGS/NAP_2026-04-19/CMEMS/thetao/ITP_NC/thetao_20260424.nc
File not found
739730 17.251698537874226 nan 17.542439439769193 1
[SAVED FIG] /home/cfontana/DIAGS/NAP_2026-04-19/CMEMS/thetao/ITP_NC/PLOT/2026041900_thetao.jpg
[SAVED FIG] /home/cfontana/DIAGS/NAP_2026-04-19/CMEMS/thetao/ITP_NC/PLOT/2026042000_thetao.jpg
[SAVED FIG] /home/cfontana/DIAGS/NAP_2026-04-19/CMEMS/thetao/ITP_NC/PLOT/2026042100_thetao.jpg
[SAVED FIG] /home/cfontana/DIAGS/NAP_2026-04-19/CMEMS/thetao/ITP_NC/PLOT/2026042200_thetao.jpg
[SAVED FIG] /home/cfontana/DIAGS/NAP_2026-04-19/CMEMS/thetao/ITP_NC/PLOT/2026042300_thetao.jpg
[SAVED FIG] /home/cfontana/DIAGS/NAP_2026-04-19/CMEMS/thetao/ITP_NC/PLOT/2026042400_thetao.jpg
+ python plot_sat_CMEMS_timeseries.py -c NAP_2026-04-19 -v thetao -s CMEMS
----------------------------------
=> Config file NAP_2026-04-19 loaded
----------------------------------

[SAVED FIG] /home/cfontana/DIAGS/NAP_2026-04-19/CMEMS/thetao/ITP_NC/time_series.jpg
+ cd ..
+ [ 1 -eq 1 ]
+ cd datasets/HFRADAR
+ python read_radar.py -c NAP_2026-04-19
----------------------------------
=> Config file NAP_2026-04-19 loaded
----------------------------------


----------
20260419 0
[Errno 2] No such file or directory: '/home/cfontana/RADAR//2026-04-19/EUHFR_NRTcurrent_HFR-TirLig-Total_v3.nc'
[Errno 2] No such file or directory: '/home/cfontana/RADAR//2026-04-19/EUHFR_NRTcurrent_HFR-ARPAS-Total_v3.nc'
[Errno 2] No such file or directory: '/home/cfontana/RADAR//2026-04-19/EUHFR_NRTcurrent_HFR-LaMMA-Total_v3.nc'
[Errno 2] No such file or directory: '/home/cfontana/RADAR//2026-04-19/EUHFR_NRTcurrent_HFR-GoS-Total_v3.nc'
[Errno 2] No such file or directory: '/home/cfontana/RADAR//2026-04-19/EUHFR_NRTcurrent_HFR-WesternItaly-Total_v3.nc'
[Errno 2] No such file or directory: '/home/cfontana/RADAR//2026-04-19/EUHFR_NRTcurrent_HFR-Granitola-Total_v3.nc'
[Errno 2] No such file or directory: '/home/cfontana/RADAR//2026-04-19/EUHFR_NRTcurrent_HFR-NAdr-Total_v3.nc'
[Errno 2] No such file or directory: '/home/cfontana/RADAR//2026-04-19/EUHFR_NRTcurrent_HFR-GoM-Total_v3.nc'
[SAVED FIG] /home/cfontana/DIAGS/NAP_2026-04-19/RADAR/20260419_00.jpg

----------
20260420 0
[Errno 2] No such file or directory: '/home/cfontana/RADAR//2026-04-19/EUHFR_NRTcurrent_HFR-TirLig-Total_v3.nc'
[Errno 2] No such file or directory: '/home/cfontana/RADAR//2026-04-19/EUHFR_NRTcurrent_HFR-ARPAS-Total_v3.nc'
[Errno 2] No such file or directory: '/home/cfontana/RADAR//2026-04-19/EUHFR_NRTcurrent_HFR-LaMMA-Total_v3.nc'
[Errno 2] No such file or directory: '/home/cfontana/RADAR//2026-04-19/EUHFR_NRTcurrent_HFR-GoS-Total_v3.nc'
[Errno 2] No such file or directory: '/home/cfontana/RADAR//2026-04-19/EUHFR_NRTcurrent_HFR-WesternItaly-Total_v3.nc'
[Errno 2] No such file or directory: '/home/cfontana/RADAR//2026-04-19/EUHFR_NRTcurrent_HFR-Granitola-Total_v3.nc'
[Errno 2] No such file or directory: '/home/cfontana/RADAR//2026-04-19/EUHFR_NRTcurrent_HFR-NAdr-Total_v3.nc'
[Errno 2] No such file or directory: '/home/cfontana/RADAR//2026-04-19/EUHFR_NRTcurrent_HFR-GoM-Total_v3.nc'
[SAVED FIG] /home/cfontana/DIAGS/NAP_2026-04-19/RADAR/20260420_00.jpg

----------
20260421 0
[Errno 2] No such file or directory: '/home/cfontana/RADAR//2026-04-19/EUHFR_NRTcurrent_HFR-TirLig-Total_v3.nc'
[Errno 2] No such file or directory: '/home/cfontana/RADAR//2026-04-19/EUHFR_NRTcurrent_HFR-ARPAS-Total_v3.nc'
[Errno 2] No such file or directory: '/home/cfontana/RADAR//2026-04-19/EUHFR_NRTcurrent_HFR-LaMMA-Total_v3.nc'
[Errno 2] No such file or directory: '/home/cfontana/RADAR//2026-04-19/EUHFR_NRTcurrent_HFR-GoS-Total_v3.nc'
[Errno 2] No such file or directory: '/home/cfontana/RADAR//2026-04-19/EUHFR_NRTcurrent_HFR-WesternItaly-Total_v3.nc'
[Errno 2] No such file or directory: '/home/cfontana/RADAR//2026-04-19/EUHFR_NRTcurrent_HFR-Granitola-Total_v3.nc'
[Errno 2] No such file or directory: '/home/cfontana/RADAR//2026-04-19/EUHFR_NRTcurrent_HFR-NAdr-Total_v3.nc'
[Errno 2] No such file or directory: '/home/cfontana/RADAR//2026-04-19/EUHFR_NRTcurrent_HFR-GoM-Total_v3.nc'
[SAVED FIG] /home/cfontana/DIAGS/NAP_2026-04-19/RADAR/20260421_00.jpg

----------
20260422 0
[Errno 2] No such file or directory: '/home/cfontana/RADAR//2026-04-19/EUHFR_NRTcurrent_HFR-TirLig-Total_v3.nc'
[Errno 2] No such file or directory: '/home/cfontana/RADAR//2026-04-19/EUHFR_NRTcurrent_HFR-ARPAS-Total_v3.nc'
[Errno 2] No such file or directory: '/home/cfontana/RADAR//2026-04-19/EUHFR_NRTcurrent_HFR-LaMMA-Total_v3.nc'
[Errno 2] No such file or directory: '/home/cfontana/RADAR//2026-04-19/EUHFR_NRTcurrent_HFR-GoS-Total_v3.nc'
[Errno 2] No such file or directory: '/home/cfontana/RADAR//2026-04-19/EUHFR_NRTcurrent_HFR-WesternItaly-Total_v3.nc'
[Errno 2] No such file or directory: '/home/cfontana/RADAR//2026-04-19/EUHFR_NRTcurrent_HFR-Granitola-Total_v3.nc'
[Errno 2] No such file or directory: '/home/cfontana/RADAR//2026-04-19/EUHFR_NRTcurrent_HFR-NAdr-Total_v3.nc'
[Errno 2] No such file or directory: '/home/cfontana/RADAR//2026-04-19/EUHFR_NRTcurrent_HFR-GoM-Total_v3.nc'
[SAVED FIG] /home/cfontana/DIAGS/NAP_2026-04-19/RADAR/20260422_00.jpg

----------
20260423 0
[Errno 2] No such file or directory: '/home/cfontana/RADAR//2026-04-19/EUHFR_NRTcurrent_HFR-TirLig-Total_v3.nc'
[Errno 2] No such file or directory: '/home/cfontana/RADAR//2026-04-19/EUHFR_NRTcurrent_HFR-ARPAS-Total_v3.nc'
[Errno 2] No such file or directory: '/home/cfontana/RADAR//2026-04-19/EUHFR_NRTcurrent_HFR-LaMMA-Total_v3.nc'
[Errno 2] No such file or directory: '/home/cfontana/RADAR//2026-04-19/EUHFR_NRTcurrent_HFR-GoS-Total_v3.nc'
[Errno 2] No such file or directory: '/home/cfontana/RADAR//2026-04-19/EUHFR_NRTcurrent_HFR-WesternItaly-Total_v3.nc'
[Errno 2] No such file or directory: '/home/cfontana/RADAR//2026-04-19/EUHFR_NRTcurrent_HFR-Granitola-Total_v3.nc'
[Errno 2] No such file or directory: '/home/cfontana/RADAR//2026-04-19/EUHFR_NRTcurrent_HFR-NAdr-Total_v3.nc'
[Errno 2] No such file or directory: '/home/cfontana/RADAR//2026-04-19/EUHFR_NRTcurrent_HFR-GoM-Total_v3.nc'
[SAVED FIG] /home/cfontana/DIAGS/NAP_2026-04-19/RADAR/20260423_00.jpg

----------
20260424 0
[Errno 2] No such file or directory: '/home/cfontana/RADAR//2026-04-19/EUHFR_NRTcurrent_HFR-TirLig-Total_v3.nc'
[Errno 2] No such file or directory: '/home/cfontana/RADAR//2026-04-19/EUHFR_NRTcurrent_HFR-ARPAS-Total_v3.nc'
[Errno 2] No such file or directory: '/home/cfontana/RADAR//2026-04-19/EUHFR_NRTcurrent_HFR-LaMMA-Total_v3.nc'
[Errno 2] No such file or directory: '/home/cfontana/RADAR//2026-04-19/EUHFR_NRTcurrent_HFR-GoS-Total_v3.nc'
[Errno 2] No such file or directory: '/home/cfontana/RADAR//2026-04-19/EUHFR_NRTcurrent_HFR-WesternItaly-Total_v3.nc'
[Errno 2] No such file or directory: '/home/cfontana/RADAR//2026-04-19/EUHFR_NRTcurrent_HFR-Granitola-Total_v3.nc'
[Errno 2] No such file or directory: '/home/cfontana/RADAR//2026-04-19/EUHFR_NRTcurrent_HFR-NAdr-Total_v3.nc'
[Errno 2] No such file or directory: '/home/cfontana/RADAR//2026-04-19/EUHFR_NRTcurrent_HFR-GoM-Total_v3.nc'
[SAVED FIG] /home/cfontana/DIAGS/NAP_2026-04-19/RADAR/20260424_00.jpg
+ cd ../..
+ cat config/config_NAP.json
+ sed -e s/FREQ/daily/
+ 1> config/config_NAP_2026-04-19.json
+ sed -e s/DINI/2026-04-19/g
+ sed -e s/DOUT/20260419/
+ sed -e s/DEND/2026-04-24/
+ [ 1 -eq 1 ]
+ cd datasets/CMEMS
+ python get_data_sat.py -c NAP_2026-04-19 -v chl
INFO - 2026-04-20T13:14:32Z - Selected dataset version: "202211"
INFO - 2026-04-20T13:14:32Z - Selected dataset part: "default"
WARNING - 2026-04-20T13:14:32Z - Some of your subset selection [2026-04-19 00:00:00+00:00, 2026-04-24 00:00:00+00:00] for the time dimension exceed the dataset coordinates [2023-04-29 00:00:00+00:00, 2026-04-19 00:00:00+00:00]
----------------------------------
=> Config file NAP_2026-04-19 loaded
----------------------------------

Downloading CMEMS products : cmems_obs-oc_med_bgc-plankton_nrt_l3-multi-1km_P1D
=> Variable ['CHL', 'KD490'] 


[FILE SAVED ] /home/cfontana/DIAGS/NAP_2026-04-19/CMEMS/data/cmems_obs-oc_med_bgc-plankton_nrt_l3-multi-1km_P1D.nc
+ python interp_cmems.py -c NAP_2026-04-19 -v chl
----------------------------------
=> Config file NAP_2026-04-19 loaded
----------------------------------


[FILE SAVED] /home/cfontana/DIAGS/NAP_2026-04-19/CMEMS/chl/ITP_NC/chl_20260419.nc

Traceback (most recent call last):
  File "/home/cfontana/DATA_MED/datasets/CMEMS/interp_cmems.py", line 95, in <module>
    data = np.array(ds[cvar][i,:,:]).squeeze().flatten()
                    ~~~~~~~~^^^^^^^
  File "src/netCDF4/_netCDF4.pyx", line 5107, in netCDF4._netCDF4.Variable.__getitem__
  File "src/netCDF4/_netCDF4.pyx", line 6079, in netCDF4._netCDF4.Variable._get
IndexError: index exceeds dimension bounds
+ [ 1 -eq 2 ]
+ cd ../../plot
+ python plot_CMEMS_pickle_data_vs_sat.py -c NAP_2026-04-19 -v chl -s CMEMS
----------------------------------
=> Config file NAP_2026-04-19 loaded
----------------------------------

Processing
739725 0.18795580596903663 0.45086846 0.10324720200470822 0.8484115626788781
[Errno 2] No such file or directory: '/home/cfontana/DIAGS/NAP_2026-04-19/CMEMS/chl/ITP_NC/chl_20260420.nc' 

=> in get_sat_2D :
Error processing file /home/cfontana/DIAGS/NAP_2026-04-19/CMEMS/chl/ITP_NC/chl_20260420.nc
File not found
739726 0.2021894023462855 nan 0.11997517578898678 1
[Errno 2] No such file or directory: '/home/cfontana/DIAGS/NAP_2026-04-19/CMEMS/chl/ITP_NC/chl_20260421.nc' 

=> in get_sat_2D :
Error processing file /home/cfontana/DIAGS/NAP_2026-04-19/CMEMS/chl/ITP_NC/chl_20260421.nc
File not found
739727 0.1983710112006324 nan 0.12219522270220423 1
[Errno 2] No such file or directory: '/home/cfontana/DIAGS/NAP_2026-04-19/CMEMS/chl/ITP_NC/chl_20260422.nc' 

=> in get_sat_2D :
Error processing file /home/cfontana/DIAGS/NAP_2026-04-19/CMEMS/chl/ITP_NC/chl_20260422.nc
File not found
739728 0.1897736810898913 nan 0.12227409111620839 1
[Errno 2] No such file or directory: '/home/cfontana/DIAGS/NAP_2026-04-19/CMEMS/chl/ITP_NC/chl_20260423.nc' 

=> in get_sat_2D :
Error processing file /home/cfontana/DIAGS/NAP_2026-04-19/CMEMS/chl/ITP_NC/chl_20260423.nc
File not found
739729 0.18808736514234387 nan 0.12389833510108518 1
[Errno 2] No such file or directory: '/home/cfontana/DIAGS/NAP_2026-04-19/CMEMS/chl/ITP_NC/chl_20260424.nc' 

=> in get_sat_2D :
Error processing file /home/cfontana/DIAGS/NAP_2026-04-19/CMEMS/chl/ITP_NC/chl_20260424.nc
File not found
739730 0.19881215316408146 nan 0.12660158903555688 1
[SAVED FIG] /home/cfontana/DIAGS/NAP_2026-04-19/CMEMS/chl/ITP_NC/PLOT/2026041912_chl.jpg
[SAVED FIG] /home/cfontana/DIAGS/NAP_2026-04-19/CMEMS/chl/ITP_NC/PLOT/2026042012_chl.jpg
[SAVED FIG] /home/cfontana/DIAGS/NAP_2026-04-19/CMEMS/chl/ITP_NC/PLOT/2026042112_chl.jpg
[SAVED FIG] /home/cfontana/DIAGS/NAP_2026-04-19/CMEMS/chl/ITP_NC/PLOT/2026042212_chl.jpg
[SAVED FIG] /home/cfontana/DIAGS/NAP_2026-04-19/CMEMS/chl/ITP_NC/PLOT/2026042312_chl.jpg
[SAVED FIG] /home/cfontana/DIAGS/NAP_2026-04-19/CMEMS/chl/ITP_NC/PLOT/2026042412_chl.jpg
+ python plot_sat_CMEMS_timeseries.py -c NAP_2026-04-19 -v chl -s CMEMS
----------------------------------
=> Config file NAP_2026-04-19 loaded
----------------------------------

[SAVED FIG] /home/cfontana/DIAGS/NAP_2026-04-19/CMEMS/chl/ITP_NC/time_series.jpg
+ cd ..
+ [ 1 -eq 0 ]
+ [ 1 -eq 1 ]
+ source /home/cfontana/venv/a/bin/activate
+ 1> /dev/null
+ deactivate nondestructive
+ [ -n /home/cfontana/venv/c/bin:/usr/local/sbin:/usr/local/bin:/usr/sbin:/usr/bin:/sbin:/bin:/usr/games:/usr/local/games:/snap/bin ]
+ PATH=/home/cfontana/venv/c/bin:/usr/local/sbin:/usr/local/bin:/usr/sbin:/usr/bin:/sbin:/bin:/usr/games:/usr/local/games:/snap/bin
+ export PATH
+ unset _OLD_VIRTUAL_PATH
+ [ -n '' ]
+ hash -r
+ 2> /dev/null
+ [ -n '(c) \[\e]0;\u@\h: \w\a\]${debian_chroot:+($debian_chroot)}\[\033[01;32m\]\u@\h\[\033[00m\]:\[\033[01;34m\]\w\[\033[00m\]\$ ' ]
+ PS1='(c) \[\e]0;\u@\h: \w\a\]${debian_chroot:+($debian_chroot)}\[\033[01;32m\]\u@\h\[\033[00m\]:\[\033[01;34m\]\w\[\033[00m\]\$ '
+ export PS1
+ unset _OLD_VIRTUAL_PS1
+ unset VIRTUAL_ENV
+ unset VIRTUAL_ENV_PROMPT
+ [ ! nondestructive '=' nondestructive ]
+ [ '' '=' cygwin ]
+ [ '' '=' msys ]
+ VIRTUAL_ENV=/home/cfontana/venv/a
+ export VIRTUAL_ENV
+ _OLD_VIRTUAL_PATH=/home/cfontana/venv/c/bin:/usr/local/sbin:/usr/local/bin:/usr/sbin:/usr/bin:/sbin:/bin:/usr/games:/usr/local/games:/snap/bin
+ PATH=/home/cfontana/venv/a/bin:/home/cfontana/venv/c/bin:/usr/local/sbin:/usr/local/bin:/usr/sbin:/usr/bin:/sbin:/bin:/usr/games:/usr/local/games:/snap/bin
+ export PATH
+ [ -n '' ]
+ [ -z '' ]
+ _OLD_VIRTUAL_PS1='(c) \[\e]0;\u@\h: \w\a\]${debian_chroot:+($debian_chroot)}\[\033[01;32m\]\u@\h\[\033[00m\]:\[\033[01;34m\]\w\[\033[00m\]\$ '
+ PS1='(a) (c) \[\e]0;\u@\h: \w\a\]${debian_chroot:+($debian_chroot)}\[\033[01;32m\]\u@\h\[\033[00m\]:\[\033[01;34m\]\w\[\033[00m\]\$ '
+ export PS1
+ VIRTUAL_ENV_PROMPT='(a) '
+ export VIRTUAL_ENV_PROMPT
+ hash -r
+ 2> /dev/null
+ sed -i s/daily/hourly/ config/config_NAP_2026-04-19.json
+ cd datasets/ARGO
+ python get_argo.py -c NAP_2026-04-19
Traceback (most recent call last):
  File "/home/cfontana/DATA_MED/datasets/ARGO/get_argo.py", line 9, in <module>
    from fun_gen import *
  File "/home/cfontana/DATA_MED/modules/fun_gen.py", line 5, in <module>
    from fun_io import load_coords
  File "/home/cfontana/DATA_MED/modules/fun_io.py", line 15, in <module>
    import copernicusmarine
ModuleNotFoundError: No module named 'copernicusmarine'
+ [ 1 -eq 0 ]
+ cd ../../
+ sed -i s/phy/bgc/ config/config_NAP_2026-04-19.json
+ cd datasets/ARGO
+ python get_argo.py -c NAP_2026-04-19
Traceback (most recent call last):
  File "/home/cfontana/DATA_MED/datasets/ARGO/get_argo.py", line 9, in <module>
    from fun_gen import *
  File "/home/cfontana/DATA_MED/modules/fun_gen.py", line 5, in <module>
    from fun_io import load_coords
  File "/home/cfontana/DATA_MED/modules/fun_io.py", line 15, in <module>
    import copernicusmarine
ModuleNotFoundError: No module named 'copernicusmarine'
+ [ 1 -eq 0 ]
+ cd ../../
+ [ 1 -eq 1 ]
+ source /home/cfontana/venv/c/bin/activate
+ 1> /dev/null
+ deactivate nondestructive
+ [ -n /home/cfontana/venv/c/bin:/usr/local/sbin:/usr/local/bin:/usr/sbin:/usr/bin:/sbin:/bin:/usr/games:/usr/local/games:/snap/bin ]
+ PATH=/home/cfontana/venv/c/bin:/usr/local/sbin:/usr/local/bin:/usr/sbin:/usr/bin:/sbin:/bin:/usr/games:/usr/local/games:/snap/bin
+ export PATH
+ unset _OLD_VIRTUAL_PATH
+ [ -n '' ]
+ hash -r
+ 2> /dev/null
+ [ -n '(c) \[\e]0;\u@\h: \w\a\]${debian_chroot:+($debian_chroot)}\[\033[01;32m\]\u@\h\[\033[00m\]:\[\033[01;34m\]\w\[\033[00m\]\$ ' ]
+ PS1='(c) \[\e]0;\u@\h: \w\a\]${debian_chroot:+($debian_chroot)}\[\033[01;32m\]\u@\h\[\033[00m\]:\[\033[01;34m\]\w\[\033[00m\]\$ '
+ export PS1
+ unset _OLD_VIRTUAL_PS1
+ unset VIRTUAL_ENV
+ unset VIRTUAL_ENV_PROMPT
+ [ ! nondestructive '=' nondestructive ]
+ [ '' '=' cygwin ]
+ [ '' '=' msys ]
+ VIRTUAL_ENV=/home/cfontana/venv/c
+ export VIRTUAL_ENV
+ _OLD_VIRTUAL_PATH=/home/cfontana/venv/c/bin:/usr/local/sbin:/usr/local/bin:/usr/sbin:/usr/bin:/sbin:/bin:/usr/games:/usr/local/games:/snap/bin
+ PATH=/home/cfontana/venv/c/bin:/home/cfontana/venv/c/bin:/usr/local/sbin:/usr/local/bin:/usr/sbin:/usr/bin:/sbin:/bin:/usr/games:/usr/local/games:/snap/bin
+ export PATH
+ [ -n '' ]
+ [ -z '' ]
+ _OLD_VIRTUAL_PS1='(c) \[\e]0;\u@\h: \w\a\]${debian_chroot:+($debian_chroot)}\[\033[01;32m\]\u@\h\[\033[00m\]:\[\033[01;34m\]\w\[\033[00m\]\$ '
+ PS1='(c) (c) \[\e]0;\u@\h: \w\a\]${debian_chroot:+($debian_chroot)}\[\033[01;32m\]\u@\h\[\033[00m\]:\[\033[01;34m\]\w\[\033[00m\]\$ '
+ export PS1
+ VIRTUAL_ENV_PROMPT='(c) '
+ export VIRTUAL_ENV_PROMPT
+ hash -r
+ 2> /dev/null
+ static=/home/cfontana/DIAGS/NAP_2026-04-19/static_NAP_2026-04-19
+ mkdir /home/cfontana/DIAGS/NAP_2026-04-19/static_NAP_2026-04-19
+ dir=/home/cfontana/DIAGS/NAP_2026-04-19/CMEMS/thetao/ITP_NC
+ i=1
+ ls /home/cfontana/DIAGS/NAP_2026-04-19/CMEMS/thetao/ITP_NC/PLOT/
+ cp /home/cfontana/DIAGS/NAP_2026-04-19/CMEMS/thetao/ITP_NC/PLOT/2026041900_thetao.jpg /home/cfontana/DIAGS/NAP_2026-04-19/static_NAP_2026-04-19/thetao_1.jpg
+ let i=1+1
+ cp /home/cfontana/DIAGS/NAP_2026-04-19/CMEMS/thetao/ITP_NC/PLOT/2026042000_thetao.jpg /home/cfontana/DIAGS/NAP_2026-04-19/static_NAP_2026-04-19/thetao_2.jpg
+ let i=2+1
+ cp /home/cfontana/DIAGS/NAP_2026-04-19/CMEMS/thetao/ITP_NC/PLOT/2026042100_thetao.jpg /home/cfontana/DIAGS/NAP_2026-04-19/static_NAP_2026-04-19/thetao_3.jpg
+ let i=3+1
+ cp /home/cfontana/DIAGS/NAP_2026-04-19/CMEMS/thetao/ITP_NC/PLOT/2026042200_thetao.jpg /home/cfontana/DIAGS/NAP_2026-04-19/static_NAP_2026-04-19/thetao_4.jpg
+ let i=4+1
+ cp /home/cfontana/DIAGS/NAP_2026-04-19/CMEMS/thetao/ITP_NC/PLOT/2026042300_thetao.jpg /home/cfontana/DIAGS/NAP_2026-04-19/static_NAP_2026-04-19/thetao_5.jpg
+ let i=5+1
+ cp /home/cfontana/DIAGS/NAP_2026-04-19/CMEMS/thetao/ITP_NC/PLOT/2026042400_thetao.jpg /home/cfontana/DIAGS/NAP_2026-04-19/static_NAP_2026-04-19/thetao_6.jpg
+ let i=6+1
+ cp /home/cfontana/DIAGS/NAP_2026-04-19/CMEMS/thetao/ITP_NC/time_series.jpg /home/cfontana/DIAGS/NAP_2026-04-19/static_NAP_2026-04-19/time_series_thetao.jpg
+ dir=/home/cfontana/DIAGS/NAP_2026-04-19/CMEMS/chl/ITP_NC
+ i=1
+ ls /home/cfontana/DIAGS/NAP_2026-04-19/CMEMS/chl/ITP_NC/PLOT/
+ cp /home/cfontana/DIAGS/NAP_2026-04-19/CMEMS/chl/ITP_NC/PLOT/2026041912_chl.jpg /home/cfontana/DIAGS/NAP_2026-04-19/static_NAP_2026-04-19/chl_1.jpg
+ let i=1+1
+ cp /home/cfontana/DIAGS/NAP_2026-04-19/CMEMS/chl/ITP_NC/PLOT/2026042012_chl.jpg /home/cfontana/DIAGS/NAP_2026-04-19/static_NAP_2026-04-19/chl_2.jpg
+ let i=2+1
+ cp /home/cfontana/DIAGS/NAP_2026-04-19/CMEMS/chl/ITP_NC/PLOT/2026042112_chl.jpg /home/cfontana/DIAGS/NAP_2026-04-19/static_NAP_2026-04-19/chl_3.jpg
+ let i=3+1
+ cp /home/cfontana/DIAGS/NAP_2026-04-19/CMEMS/chl/ITP_NC/PLOT/2026042212_chl.jpg /home/cfontana/DIAGS/NAP_2026-04-19/static_NAP_2026-04-19/chl_4.jpg
+ let i=4+1
+ cp /home/cfontana/DIAGS/NAP_2026-04-19/CMEMS/chl/ITP_NC/PLOT/2026042312_chl.jpg /home/cfontana/DIAGS/NAP_2026-04-19/static_NAP_2026-04-19/chl_5.jpg
+ let i=5+1
+ cp /home/cfontana/DIAGS/NAP_2026-04-19/CMEMS/chl/ITP_NC/PLOT/2026042412_chl.jpg /home/cfontana/DIAGS/NAP_2026-04-19/static_NAP_2026-04-19/chl_6.jpg
+ let i=6+1
+ cp /home/cfontana/DIAGS/NAP_2026-04-19/CMEMS/chl/ITP_NC/time_series.jpg /home/cfontana/DIAGS/NAP_2026-04-19/static_NAP_2026-04-19/time_series_chl.jpg
+ dir=/home/cfontana/DIAGS/NAP_2026-04-19/RADAR/
+ i=1
+ ls /home/cfontana/DIAGS/NAP_2026-04-19/RADAR//20260419_00.jpg /home/cfontana/DIAGS/NAP_2026-04-19/RADAR//20260420_00.jpg /home/cfontana/DIAGS/NAP_2026-04-19/RADAR//20260421_00.jpg /home/cfontana/DIAGS/NAP_2026-04-19/RADAR//20260422_00.jpg /home/cfontana/DIAGS/NAP_2026-04-19/RADAR//20260423_00.jpg /home/cfontana/DIAGS/NAP_2026-04-19/RADAR//20260424_00.jpg
+ cp /home/cfontana/DIAGS/NAP_2026-04-19/RADAR//20260419_00.jpg /home/cfontana/DIAGS/NAP_2026-04-19/static_NAP_2026-04-19/radar_1.jpg
+ let i=1+1
+ cp /home/cfontana/DIAGS/NAP_2026-04-19/RADAR//20260420_00.jpg /home/cfontana/DIAGS/NAP_2026-04-19/static_NAP_2026-04-19/radar_2.jpg
+ let i=2+1
+ cp /home/cfontana/DIAGS/NAP_2026-04-19/RADAR//20260421_00.jpg /home/cfontana/DIAGS/NAP_2026-04-19/static_NAP_2026-04-19/radar_3.jpg
+ let i=3+1
+ cp /home/cfontana/DIAGS/NAP_2026-04-19/RADAR//20260422_00.jpg /home/cfontana/DIAGS/NAP_2026-04-19/static_NAP_2026-04-19/radar_4.jpg
+ let i=4+1
+ cp /home/cfontana/DIAGS/NAP_2026-04-19/RADAR//20260423_00.jpg /home/cfontana/DIAGS/NAP_2026-04-19/static_NAP_2026-04-19/radar_5.jpg
+ let i=5+1
+ cp /home/cfontana/DIAGS/NAP_2026-04-19/RADAR//20260424_00.jpg /home/cfontana/DIAGS/NAP_2026-04-19/static_NAP_2026-04-19/radar_6.jpg
+ let i=6+1
+ dir=/home/cfontana/DIAGS/NAP_2026-04-19/ARGO/
+ ls -d '/home/cfontana/DIAGS/NAP_2026-04-19/ARGO//bio*/'
ls: cannot access '/home/cfontana/DIAGS/NAP_2026-04-19/ARGO//bio*/': No such file or directory
+ i=1
+ 1> /home/cfontana/DIAGS/NAP_2026-04-19/static_NAP_2026-04-19/list.txt
+ ls -d '/home/cfontana/DIAGS/NAP_2026-04-19/ARGO//*/'
ls: cannot access '/home/cfontana/DIAGS/NAP_2026-04-19/ARGO//*/': No such file or directory
+ cp /home/cfontana/DIAGS/NAP_2026-04-19/ARGO//map.jpg /home/cfontana/DIAGS/NAP_2026-04-19/static_NAP_2026-04-19
cp: cannot stat '/home/cfontana/DIAGS/NAP_2026-04-19/ARGO//map.jpg': No such file or directory
+ scp -r /home/cfontana/DIAGS/NAP_2026-04-19/static_NAP_2026-04-19 yulpa175555@webhost03.yulpa.io:/datas/yulpa175555/sites/merval.eg2.fr/htdocs/DIAGS
+ echo 'PROCESSING PAN'
PROCESSING PAN
+ echo '_______________ '
_______________ 
+ config=PAN_2026-04-19
+ echo PAN
+ awk '{print tolower($0)}'
+ lower=pan
+ set -x
+ cat config/config_PAN.json
+ sed -e s/FREQ/hourly/
+ 1> config/config_PAN_2026-04-19.json
+ sed -e s/DINI/2026-04-19/g
+ sed -e s/DEND/2026-04-24/
+ sed -e s/DOUT/20260419/
+ cp config/cmems_DOMAIN.dat config/cmems_PAN_2026-04-19.dat
+ cp config/variables_mit_DOMAIN.dat config/variables_mit_PAN_2026-04-19.dat
+ jq -r .diagdir config/config_PAN_2026-04-19.json
+ diagdir=/home/cfontana/DIAGS/PAN_2026-04-19
+ jq -r .radardir config/config_PAN_2026-04-19.json
+ radardir=/home/cfontana/RADAR/
+ [ 0 -eq 0 -a 0 -eq 1 ]
+ [ 1 -eq 1 ]
+ cd datasets/CMEMS
+ python get_data_sat.py -c PAN_2026-04-19 -v thetao
INFO - 2026-04-20T13:22:39Z - Selected dataset version: "202311"
INFO - 2026-04-20T13:22:39Z - Selected dataset part: "default"
WARNING - 2026-04-20T13:22:39Z - Some of your subset selection [2026-04-19 00:00:00+00:00, 2026-04-24 00:00:00+00:00] for the time dimension exceed the dataset coordinates [2008-01-01 00:00:00+00:00, 2026-04-20 00:00:00+00:00]
----------------------------------
=> Config file PAN_2026-04-19 loaded
----------------------------------

Downloading CMEMS products : SST_MED_SST_L3S_NRT_OBSERVATIONS_010_012_a
=> Variable [np.str_('sea_surface_temperature')] 


[FILE SAVED ] /home/cfontana/DIAGS/PAN_2026-04-19/CMEMS/data/SST_MED_SST_L3S_NRT_OBSERVATIONS_010_012_a.nc
+ python interp_cmems.py -c PAN_2026-04-19 -v thetao
----------------------------------
=> Config file PAN_2026-04-19 loaded
----------------------------------


[FILE SAVED] /home/cfontana/DIAGS/PAN_2026-04-19/CMEMS/thetao/ITP_NC/thetao_20260419.nc


[FILE SAVED] /home/cfontana/DIAGS/PAN_2026-04-19/CMEMS/thetao/ITP_NC/thetao_20260420.nc

Traceback (most recent call last):
  File "/home/cfontana/DATA_MED/datasets/CMEMS/interp_cmems.py", line 95, in <module>
    data = np.array(ds[cvar][i,:,:]).squeeze().flatten()
                    ~~~~~~~~^^^^^^^
  File "src/netCDF4/_netCDF4.pyx", line 5107, in netCDF4._netCDF4.Variable.__getitem__
  File "src/netCDF4/_netCDF4.pyx", line 6079, in netCDF4._netCDF4.Variable._get
IndexError: index exceeds dimension bounds
+ [ 1 -eq 2 ]
+ cd ../../plot
+ python plot_CMEMS_pickle_data_vs_sat.py -c PAN_2026-04-19 -v thetao -s CMEMS
----------------------------------
=> Config file PAN_2026-04-19 loaded
----------------------------------

Processing
739725 17.62991222093434 17.045588 16.704687419141703 0.9525928547950747
739726 18.299200193709105 17.420317 17.222853572040318 0.9525928547950747
[Errno 2] No such file or directory: '/home/cfontana/DIAGS/PAN_2026-04-19/CMEMS/thetao/ITP_NC/thetao_20260421.nc' 

=> in get_sat_2D :
Error processing file /home/cfontana/DIAGS/PAN_2026-04-19/CMEMS/thetao/ITP_NC/thetao_20260421.nc
File not found
739727 18.599352648748237 nan 18.01001918533899 1
[Errno 2] No such file or directory: '/home/cfontana/DIAGS/PAN_2026-04-19/CMEMS/thetao/ITP_NC/thetao_20260422.nc' 

=> in get_sat_2D :
Error processing file /home/cfontana/DIAGS/PAN_2026-04-19/CMEMS/thetao/ITP_NC/thetao_20260422.nc
File not found
739728 18.785634087152673 nan 18.281761869836334 1
[Errno 2] No such file or directory: '/home/cfontana/DIAGS/PAN_2026-04-19/CMEMS/thetao/ITP_NC/thetao_20260423.nc' 

=> in get_sat_2D :
Error processing file /home/cfontana/DIAGS/PAN_2026-04-19/CMEMS/thetao/ITP_NC/thetao_20260423.nc
File not found
739729 19.298131766679397 nan 18.465186573770737 1
[Errno 2] No such file or directory: '/home/cfontana/DIAGS/PAN_2026-04-19/CMEMS/thetao/ITP_NC/thetao_20260424.nc' 

=> in get_sat_2D :
Error processing file /home/cfontana/DIAGS/PAN_2026-04-19/CMEMS/thetao/ITP_NC/thetao_20260424.nc
File not found
739730 18.71929464465354 nan 18.053462636966163 1
[SAVED FIG] /home/cfontana/DIAGS/PAN_2026-04-19/CMEMS/thetao/ITP_NC/PLOT/2026041900_thetao.jpg
[SAVED FIG] /home/cfontana/DIAGS/PAN_2026-04-19/CMEMS/thetao/ITP_NC/PLOT/2026042000_thetao.jpg
[SAVED FIG] /home/cfontana/DIAGS/PAN_2026-04-19/CMEMS/thetao/ITP_NC/PLOT/2026042100_thetao.jpg
[SAVED FIG] /home/cfontana/DIAGS/PAN_2026-04-19/CMEMS/thetao/ITP_NC/PLOT/2026042200_thetao.jpg
[SAVED FIG] /home/cfontana/DIAGS/PAN_2026-04-19/CMEMS/thetao/ITP_NC/PLOT/2026042300_thetao.jpg
[SAVED FIG] /home/cfontana/DIAGS/PAN_2026-04-19/CMEMS/thetao/ITP_NC/PLOT/2026042400_thetao.jpg
+ python plot_sat_CMEMS_timeseries.py -c PAN_2026-04-19 -v thetao -s CMEMS
----------------------------------
=> Config file PAN_2026-04-19 loaded
----------------------------------

[SAVED FIG] /home/cfontana/DIAGS/PAN_2026-04-19/CMEMS/thetao/ITP_NC/time_series.jpg
+ cd ..
+ [ 1 -eq 1 ]
+ cd datasets/HFRADAR
+ python read_radar.py -c PAN_2026-04-19
----------------------------------
=> Config file PAN_2026-04-19 loaded
----------------------------------


----------
20260419 0
[Errno 2] No such file or directory: '/home/cfontana/RADAR//2026-04-19/EUHFR_NRTcurrent_HFR-TirLig-Total_v3.nc'
[Errno 2] No such file or directory: '/home/cfontana/RADAR//2026-04-19/EUHFR_NRTcurrent_HFR-ARPAS-Total_v3.nc'
[Errno 2] No such file or directory: '/home/cfontana/RADAR//2026-04-19/EUHFR_NRTcurrent_HFR-LaMMA-Total_v3.nc'
[Errno 2] No such file or directory: '/home/cfontana/RADAR//2026-04-19/EUHFR_NRTcurrent_HFR-GoS-Total_v3.nc'
[Errno 2] No such file or directory: '/home/cfontana/RADAR//2026-04-19/EUHFR_NRTcurrent_HFR-WesternItaly-Total_v3.nc'
[Errno 2] No such file or directory: '/home/cfontana/RADAR//2026-04-19/EUHFR_NRTcurrent_HFR-Granitola-Total_v3.nc'
[Errno 2] No such file or directory: '/home/cfontana/RADAR//2026-04-19/EUHFR_NRTcurrent_HFR-NAdr-Total_v3.nc'
[Errno 2] No such file or directory: '/home/cfontana/RADAR//2026-04-19/EUHFR_NRTcurrent_HFR-GoM-Total_v3.nc'
[SAVED FIG] /home/cfontana/DIAGS/PAN_2026-04-19/RADAR/20260419_00.jpg

----------
20260420 0
[Errno 2] No such file or directory: '/home/cfontana/RADAR//2026-04-19/EUHFR_NRTcurrent_HFR-TirLig-Total_v3.nc'
[Errno 2] No such file or directory: '/home/cfontana/RADAR//2026-04-19/EUHFR_NRTcurrent_HFR-ARPAS-Total_v3.nc'
[Errno 2] No such file or directory: '/home/cfontana/RADAR//2026-04-19/EUHFR_NRTcurrent_HFR-LaMMA-Total_v3.nc'
[Errno 2] No such file or directory: '/home/cfontana/RADAR//2026-04-19/EUHFR_NRTcurrent_HFR-GoS-Total_v3.nc'
[Errno 2] No such file or directory: '/home/cfontana/RADAR//2026-04-19/EUHFR_NRTcurrent_HFR-WesternItaly-Total_v3.nc'
[Errno 2] No such file or directory: '/home/cfontana/RADAR//2026-04-19/EUHFR_NRTcurrent_HFR-Granitola-Total_v3.nc'
[Errno 2] No such file or directory: '/home/cfontana/RADAR//2026-04-19/EUHFR_NRTcurrent_HFR-NAdr-Total_v3.nc'
[Errno 2] No such file or directory: '/home/cfontana/RADAR//2026-04-19/EUHFR_NRTcurrent_HFR-GoM-Total_v3.nc'
[SAVED FIG] /home/cfontana/DIAGS/PAN_2026-04-19/RADAR/20260420_00.jpg

----------
20260421 0
[Errno 2] No such file or directory: '/home/cfontana/RADAR//2026-04-19/EUHFR_NRTcurrent_HFR-TirLig-Total_v3.nc'
[Errno 2] No such file or directory: '/home/cfontana/RADAR//2026-04-19/EUHFR_NRTcurrent_HFR-ARPAS-Total_v3.nc'
[Errno 2] No such file or directory: '/home/cfontana/RADAR//2026-04-19/EUHFR_NRTcurrent_HFR-LaMMA-Total_v3.nc'
[Errno 2] No such file or directory: '/home/cfontana/RADAR//2026-04-19/EUHFR_NRTcurrent_HFR-GoS-Total_v3.nc'
[Errno 2] No such file or directory: '/home/cfontana/RADAR//2026-04-19/EUHFR_NRTcurrent_HFR-WesternItaly-Total_v3.nc'
[Errno 2] No such file or directory: '/home/cfontana/RADAR//2026-04-19/EUHFR_NRTcurrent_HFR-Granitola-Total_v3.nc'
[Errno 2] No such file or directory: '/home/cfontana/RADAR//2026-04-19/EUHFR_NRTcurrent_HFR-NAdr-Total_v3.nc'
[Errno 2] No such file or directory: '/home/cfontana/RADAR//2026-04-19/EUHFR_NRTcurrent_HFR-GoM-Total_v3.nc'
[SAVED FIG] /home/cfontana/DIAGS/PAN_2026-04-19/RADAR/20260421_00.jpg

----------
20260422 0
[Errno 2] No such file or directory: '/home/cfontana/RADAR//2026-04-19/EUHFR_NRTcurrent_HFR-TirLig-Total_v3.nc'
[Errno 2] No such file or directory: '/home/cfontana/RADAR//2026-04-19/EUHFR_NRTcurrent_HFR-ARPAS-Total_v3.nc'
[Errno 2] No such file or directory: '/home/cfontana/RADAR//2026-04-19/EUHFR_NRTcurrent_HFR-LaMMA-Total_v3.nc'
[Errno 2] No such file or directory: '/home/cfontana/RADAR//2026-04-19/EUHFR_NRTcurrent_HFR-GoS-Total_v3.nc'
[Errno 2] No such file or directory: '/home/cfontana/RADAR//2026-04-19/EUHFR_NRTcurrent_HFR-WesternItaly-Total_v3.nc'
[Errno 2] No such file or directory: '/home/cfontana/RADAR//2026-04-19/EUHFR_NRTcurrent_HFR-Granitola-Total_v3.nc'
[Errno 2] No such file or directory: '/home/cfontana/RADAR//2026-04-19/EUHFR_NRTcurrent_HFR-NAdr-Total_v3.nc'
[Errno 2] No such file or directory: '/home/cfontana/RADAR//2026-04-19/EUHFR_NRTcurrent_HFR-GoM-Total_v3.nc'
[SAVED FIG] /home/cfontana/DIAGS/PAN_2026-04-19/RADAR/20260422_00.jpg

----------
20260423 0
[Errno 2] No such file or directory: '/home/cfontana/RADAR//2026-04-19/EUHFR_NRTcurrent_HFR-TirLig-Total_v3.nc'
[Errno 2] No such file or directory: '/home/cfontana/RADAR//2026-04-19/EUHFR_NRTcurrent_HFR-ARPAS-Total_v3.nc'
[Errno 2] No such file or directory: '/home/cfontana/RADAR//2026-04-19/EUHFR_NRTcurrent_HFR-LaMMA-Total_v3.nc'
[Errno 2] No such file or directory: '/home/cfontana/RADAR//2026-04-19/EUHFR_NRTcurrent_HFR-GoS-Total_v3.nc'
[Errno 2] No such file or directory: '/home/cfontana/RADAR//2026-04-19/EUHFR_NRTcurrent_HFR-WesternItaly-Total_v3.nc'
[Errno 2] No such file or directory: '/home/cfontana/RADAR//2026-04-19/EUHFR_NRTcurrent_HFR-Granitola-Total_v3.nc'
[Errno 2] No such file or directory: '/home/cfontana/RADAR//2026-04-19/EUHFR_NRTcurrent_HFR-NAdr-Total_v3.nc'
[Errno 2] No such file or directory: '/home/cfontana/RADAR//2026-04-19/EUHFR_NRTcurrent_HFR-GoM-Total_v3.nc'
[SAVED FIG] /home/cfontana/DIAGS/PAN_2026-04-19/RADAR/20260423_00.jpg

----------
20260424 0
[Errno 2] No such file or directory: '/home/cfontana/RADAR//2026-04-19/EUHFR_NRTcurrent_HFR-TirLig-Total_v3.nc'
[Errno 2] No such file or directory: '/home/cfontana/RADAR//2026-04-19/EUHFR_NRTcurrent_HFR-ARPAS-Total_v3.nc'
[Errno 2] No such file or directory: '/home/cfontana/RADAR//2026-04-19/EUHFR_NRTcurrent_HFR-LaMMA-Total_v3.nc'
[Errno 2] No such file or directory: '/home/cfontana/RADAR//2026-04-19/EUHFR_NRTcurrent_HFR-GoS-Total_v3.nc'
[Errno 2] No such file or directory: '/home/cfontana/RADAR//2026-04-19/EUHFR_NRTcurrent_HFR-WesternItaly-Total_v3.nc'
[Errno 2] No such file or directory: '/home/cfontana/RADAR//2026-04-19/EUHFR_NRTcurrent_HFR-Granitola-Total_v3.nc'
[Errno 2] No such file or directory: '/home/cfontana/RADAR//2026-04-19/EUHFR_NRTcurrent_HFR-NAdr-Total_v3.nc'
[Errno 2] No such file or directory: '/home/cfontana/RADAR//2026-04-19/EUHFR_NRTcurrent_HFR-GoM-Total_v3.nc'
[SAVED FIG] /home/cfontana/DIAGS/PAN_2026-04-19/RADAR/20260424_00.jpg
+ cd ../..
+ cat config/config_PAN.json
+ sed -e s/FREQ/daily/
+ 1> config/config_PAN_2026-04-19.json
+ sed -e s/DINI/2026-04-19/g
+ sed -e s/DEND/2026-04-24/
+ sed -e s/DOUT/20260419/
+ [ 1 -eq 1 ]
+ cd datasets/CMEMS
+ python get_data_sat.py -c PAN_2026-04-19 -v chl
INFO - 2026-04-20T13:42:35Z - Selected dataset version: "202211"
INFO - 2026-04-20T13:42:35Z - Selected dataset part: "default"
WARNING - 2026-04-20T13:42:35Z - Some of your subset selection [2026-04-19 00:00:00+00:00, 2026-04-24 00:00:00+00:00] for the time dimension exceed the dataset coordinates [2023-04-29 00:00:00+00:00, 2026-04-19 00:00:00+00:00]
----------------------------------
=> Config file PAN_2026-04-19 loaded
----------------------------------

Downloading CMEMS products : cmems_obs-oc_med_bgc-plankton_nrt_l3-multi-1km_P1D
=> Variable ['CHL', 'KD490'] 


[FILE SAVED ] /home/cfontana/DIAGS/PAN_2026-04-19/CMEMS/data/cmems_obs-oc_med_bgc-plankton_nrt_l3-multi-1km_P1D.nc
+ python interp_cmems.py -c PAN_2026-04-19 -v chl
----------------------------------
=> Config file PAN_2026-04-19 loaded
----------------------------------


[FILE SAVED] /home/cfontana/DIAGS/PAN_2026-04-19/CMEMS/chl/ITP_NC/chl_20260419.nc

Traceback (most recent call last):
  File "/home/cfontana/DATA_MED/datasets/CMEMS/interp_cmems.py", line 95, in <module>
    data = np.array(ds[cvar][i,:,:]).squeeze().flatten()
                    ~~~~~~~~^^^^^^^
  File "src/netCDF4/_netCDF4.pyx", line 5107, in netCDF4._netCDF4.Variable.__getitem__
  File "src/netCDF4/_netCDF4.pyx", line 6079, in netCDF4._netCDF4.Variable._get
IndexError: index exceeds dimension bounds
+ [ 1 -eq 2 ]
+ cd ../../plot
+ python plot_CMEMS_pickle_data_vs_sat.py -c PAN_2026-04-19 -v chl -s CMEMS
----------------------------------
=> Config file PAN_2026-04-19 loaded
----------------------------------

Processing
739725 0.09917344985916672 0.06545198 0.12599384762540586 0.9516826376071401
[Errno 2] No such file or directory: '/home/cfontana/DIAGS/PAN_2026-04-19/CMEMS/chl/ITP_NC/chl_20260420.nc' 

=> in get_sat_2D :
Error processing file /home/cfontana/DIAGS/PAN_2026-04-19/CMEMS/chl/ITP_NC/chl_20260420.nc
File not found
739726 0.10619626920971753 nan 0.12680603089034936 1
[Errno 2] No such file or directory: '/home/cfontana/DIAGS/PAN_2026-04-19/CMEMS/chl/ITP_NC/chl_20260421.nc' 

=> in get_sat_2D :
Error processing file /home/cfontana/DIAGS/PAN_2026-04-19/CMEMS/chl/ITP_NC/chl_20260421.nc
File not found
739727 0.11130899289444675 nan 0.13024930003453902 1
[Errno 2] No such file or directory: '/home/cfontana/DIAGS/PAN_2026-04-19/CMEMS/chl/ITP_NC/chl_20260422.nc' 

=> in get_sat_2D :
Error processing file /home/cfontana/DIAGS/PAN_2026-04-19/CMEMS/chl/ITP_NC/chl_20260422.nc
File not found
739728 0.11527153892037655 nan 0.13199402848268593 1
[Errno 2] No such file or directory: '/home/cfontana/DIAGS/PAN_2026-04-19/CMEMS/chl/ITP_NC/chl_20260423.nc' 

=> in get_sat_2D :
Error processing file /home/cfontana/DIAGS/PAN_2026-04-19/CMEMS/chl/ITP_NC/chl_20260423.nc
File not found
739729 0.11965118783438128 nan 0.13466711308284057 1
[Errno 2] No such file or directory: '/home/cfontana/DIAGS/PAN_2026-04-19/CMEMS/chl/ITP_NC/chl_20260424.nc' 

=> in get_sat_2D :
Error processing file /home/cfontana/DIAGS/PAN_2026-04-19/CMEMS/chl/ITP_NC/chl_20260424.nc
File not found
739730 0.1234798415219922 nan 0.13779249984925526 1
[SAVED FIG] /home/cfontana/DIAGS/PAN_2026-04-19/CMEMS/chl/ITP_NC/PLOT/2026041912_chl.jpg
[SAVED FIG] /home/cfontana/DIAGS/PAN_2026-04-19/CMEMS/chl/ITP_NC/PLOT/2026042012_chl.jpg
[SAVED FIG] /home/cfontana/DIAGS/PAN_2026-04-19/CMEMS/chl/ITP_NC/PLOT/2026042112_chl.jpg
[SAVED FIG] /home/cfontana/DIAGS/PAN_2026-04-19/CMEMS/chl/ITP_NC/PLOT/2026042212_chl.jpg
[SAVED FIG] /home/cfontana/DIAGS/PAN_2026-04-19/CMEMS/chl/ITP_NC/PLOT/2026042312_chl.jpg
[SAVED FIG] /home/cfontana/DIAGS/PAN_2026-04-19/CMEMS/chl/ITP_NC/PLOT/2026042412_chl.jpg
+ python plot_sat_CMEMS_timeseries.py -c PAN_2026-04-19 -v chl -s CMEMS
----------------------------------
=> Config file PAN_2026-04-19 loaded
----------------------------------

[SAVED FIG] /home/cfontana/DIAGS/PAN_2026-04-19/CMEMS/chl/ITP_NC/time_series.jpg
+ cd ..
+ [ 1 -eq 0 ]
+ [ 1 -eq 1 ]
+ source /home/cfontana/venv/a/bin/activate
+ 1> /dev/null
+ deactivate nondestructive
+ [ -n /home/cfontana/venv/c/bin:/usr/local/sbin:/usr/local/bin:/usr/sbin:/usr/bin:/sbin:/bin:/usr/games:/usr/local/games:/snap/bin ]
+ PATH=/home/cfontana/venv/c/bin:/usr/local/sbin:/usr/local/bin:/usr/sbin:/usr/bin:/sbin:/bin:/usr/games:/usr/local/games:/snap/bin
+ export PATH
+ unset _OLD_VIRTUAL_PATH
+ [ -n '' ]
+ hash -r
+ 2> /dev/null
+ [ -n '(c) \[\e]0;\u@\h: \w\a\]${debian_chroot:+($debian_chroot)}\[\033[01;32m\]\u@\h\[\033[00m\]:\[\033[01;34m\]\w\[\033[00m\]\$ ' ]
+ PS1='(c) \[\e]0;\u@\h: \w\a\]${debian_chroot:+($debian_chroot)}\[\033[01;32m\]\u@\h\[\033[00m\]:\[\033[01;34m\]\w\[\033[00m\]\$ '
+ export PS1
+ unset _OLD_VIRTUAL_PS1
+ unset VIRTUAL_ENV
+ unset VIRTUAL_ENV_PROMPT
+ [ ! nondestructive '=' nondestructive ]
+ [ '' '=' cygwin ]
+ [ '' '=' msys ]
+ VIRTUAL_ENV=/home/cfontana/venv/a
+ export VIRTUAL_ENV
+ _OLD_VIRTUAL_PATH=/home/cfontana/venv/c/bin:/usr/local/sbin:/usr/local/bin:/usr/sbin:/usr/bin:/sbin:/bin:/usr/games:/usr/local/games:/snap/bin
+ PATH=/home/cfontana/venv/a/bin:/home/cfontana/venv/c/bin:/usr/local/sbin:/usr/local/bin:/usr/sbin:/usr/bin:/sbin:/bin:/usr/games:/usr/local/games:/snap/bin
+ export PATH
+ [ -n '' ]
+ [ -z '' ]
+ _OLD_VIRTUAL_PS1='(c) \[\e]0;\u@\h: \w\a\]${debian_chroot:+($debian_chroot)}\[\033[01;32m\]\u@\h\[\033[00m\]:\[\033[01;34m\]\w\[\033[00m\]\$ '
+ PS1='(a) (c) \[\e]0;\u@\h: \w\a\]${debian_chroot:+($debian_chroot)}\[\033[01;32m\]\u@\h\[\033[00m\]:\[\033[01;34m\]\w\[\033[00m\]\$ '
+ export PS1
+ VIRTUAL_ENV_PROMPT='(a) '
+ export VIRTUAL_ENV_PROMPT
+ hash -r
+ 2> /dev/null
+ sed -i s/daily/hourly/ config/config_PAN_2026-04-19.json
+ cd datasets/ARGO
+ python get_argo.py -c PAN_2026-04-19
Traceback (most recent call last):
  File "/home/cfontana/DATA_MED/datasets/ARGO/get_argo.py", line 9, in <module>
    from fun_gen import *
  File "/home/cfontana/DATA_MED/modules/fun_gen.py", line 5, in <module>
    from fun_io import load_coords
  File "/home/cfontana/DATA_MED/modules/fun_io.py", line 15, in <module>
    import copernicusmarine
ModuleNotFoundError: No module named 'copernicusmarine'
+ [ 1 -eq 0 ]
+ cd ../../
+ sed -i s/phy/bgc/ config/config_PAN_2026-04-19.json
+ cd datasets/ARGO
+ python get_argo.py -c PAN_2026-04-19
Traceback (most recent call last):
  File "/home/cfontana/DATA_MED/datasets/ARGO/get_argo.py", line 9, in <module>
    from fun_gen import *
  File "/home/cfontana/DATA_MED/modules/fun_gen.py", line 5, in <module>
    from fun_io import load_coords
  File "/home/cfontana/DATA_MED/modules/fun_io.py", line 15, in <module>
    import copernicusmarine
ModuleNotFoundError: No module named 'copernicusmarine'
+ [ 1 -eq 0 ]
+ cd ../../
+ [ 1 -eq 1 ]
+ source /home/cfontana/venv/c/bin/activate
+ 1> /dev/null
+ deactivate nondestructive
+ [ -n /home/cfontana/venv/c/bin:/usr/local/sbin:/usr/local/bin:/usr/sbin:/usr/bin:/sbin:/bin:/usr/games:/usr/local/games:/snap/bin ]
+ PATH=/home/cfontana/venv/c/bin:/usr/local/sbin:/usr/local/bin:/usr/sbin:/usr/bin:/sbin:/bin:/usr/games:/usr/local/games:/snap/bin
+ export PATH
+ unset _OLD_VIRTUAL_PATH
+ [ -n '' ]
+ hash -r
+ 2> /dev/null
+ [ -n '(c) \[\e]0;\u@\h: \w\a\]${debian_chroot:+($debian_chroot)}\[\033[01;32m\]\u@\h\[\033[00m\]:\[\033[01;34m\]\w\[\033[00m\]\$ ' ]
+ PS1='(c) \[\e]0;\u@\h: \w\a\]${debian_chroot:+($debian_chroot)}\[\033[01;32m\]\u@\h\[\033[00m\]:\[\033[01;34m\]\w\[\033[00m\]\$ '
+ export PS1
+ unset _OLD_VIRTUAL_PS1
+ unset VIRTUAL_ENV
+ unset VIRTUAL_ENV_PROMPT
+ [ ! nondestructive '=' nondestructive ]
+ [ '' '=' cygwin ]
+ [ '' '=' msys ]
+ VIRTUAL_ENV=/home/cfontana/venv/c
+ export VIRTUAL_ENV
+ _OLD_VIRTUAL_PATH=/home/cfontana/venv/c/bin:/usr/local/sbin:/usr/local/bin:/usr/sbin:/usr/bin:/sbin:/bin:/usr/games:/usr/local/games:/snap/bin
+ PATH=/home/cfontana/venv/c/bin:/home/cfontana/venv/c/bin:/usr/local/sbin:/usr/local/bin:/usr/sbin:/usr/bin:/sbin:/bin:/usr/games:/usr/local/games:/snap/bin
+ export PATH
+ [ -n '' ]
+ [ -z '' ]
+ _OLD_VIRTUAL_PS1='(c) \[\e]0;\u@\h: \w\a\]${debian_chroot:+($debian_chroot)}\[\033[01;32m\]\u@\h\[\033[00m\]:\[\033[01;34m\]\w\[\033[00m\]\$ '
+ PS1='(c) (c) \[\e]0;\u@\h: \w\a\]${debian_chroot:+($debian_chroot)}\[\033[01;32m\]\u@\h\[\033[00m\]:\[\033[01;34m\]\w\[\033[00m\]\$ '
+ export PS1
+ VIRTUAL_ENV_PROMPT='(c) '
+ export VIRTUAL_ENV_PROMPT
+ hash -r
+ 2> /dev/null
+ static=/home/cfontana/DIAGS/PAN_2026-04-19/static_PAN_2026-04-19
+ mkdir /home/cfontana/DIAGS/PAN_2026-04-19/static_PAN_2026-04-19
+ dir=/home/cfontana/DIAGS/PAN_2026-04-19/CMEMS/thetao/ITP_NC
+ i=1
+ ls /home/cfontana/DIAGS/PAN_2026-04-19/CMEMS/thetao/ITP_NC/PLOT/
+ cp /home/cfontana/DIAGS/PAN_2026-04-19/CMEMS/thetao/ITP_NC/PLOT/2026041900_thetao.jpg /home/cfontana/DIAGS/PAN_2026-04-19/static_PAN_2026-04-19/thetao_1.jpg
+ let i=1+1
+ cp /home/cfontana/DIAGS/PAN_2026-04-19/CMEMS/thetao/ITP_NC/PLOT/2026042000_thetao.jpg /home/cfontana/DIAGS/PAN_2026-04-19/static_PAN_2026-04-19/thetao_2.jpg
+ let i=2+1
+ cp /home/cfontana/DIAGS/PAN_2026-04-19/CMEMS/thetao/ITP_NC/PLOT/2026042100_thetao.jpg /home/cfontana/DIAGS/PAN_2026-04-19/static_PAN_2026-04-19/thetao_3.jpg
+ let i=3+1
+ cp /home/cfontana/DIAGS/PAN_2026-04-19/CMEMS/thetao/ITP_NC/PLOT/2026042200_thetao.jpg /home/cfontana/DIAGS/PAN_2026-04-19/static_PAN_2026-04-19/thetao_4.jpg
+ let i=4+1
+ cp /home/cfontana/DIAGS/PAN_2026-04-19/CMEMS/thetao/ITP_NC/PLOT/2026042300_thetao.jpg /home/cfontana/DIAGS/PAN_2026-04-19/static_PAN_2026-04-19/thetao_5.jpg
+ let i=5+1
+ cp /home/cfontana/DIAGS/PAN_2026-04-19/CMEMS/thetao/ITP_NC/PLOT/2026042400_thetao.jpg /home/cfontana/DIAGS/PAN_2026-04-19/static_PAN_2026-04-19/thetao_6.jpg
+ let i=6+1
+ cp /home/cfontana/DIAGS/PAN_2026-04-19/CMEMS/thetao/ITP_NC/time_series.jpg /home/cfontana/DIAGS/PAN_2026-04-19/static_PAN_2026-04-19/time_series_thetao.jpg
+ dir=/home/cfontana/DIAGS/PAN_2026-04-19/CMEMS/chl/ITP_NC
+ i=1
+ ls /home/cfontana/DIAGS/PAN_2026-04-19/CMEMS/chl/ITP_NC/PLOT/
+ cp /home/cfontana/DIAGS/PAN_2026-04-19/CMEMS/chl/ITP_NC/PLOT/2026041912_chl.jpg /home/cfontana/DIAGS/PAN_2026-04-19/static_PAN_2026-04-19/chl_1.jpg
+ let i=1+1
+ cp /home/cfontana/DIAGS/PAN_2026-04-19/CMEMS/chl/ITP_NC/PLOT/2026042012_chl.jpg /home/cfontana/DIAGS/PAN_2026-04-19/static_PAN_2026-04-19/chl_2.jpg
+ let i=2+1
+ cp /home/cfontana/DIAGS/PAN_2026-04-19/CMEMS/chl/ITP_NC/PLOT/2026042112_chl.jpg /home/cfontana/DIAGS/PAN_2026-04-19/static_PAN_2026-04-19/chl_3.jpg
+ let i=3+1
+ cp /home/cfontana/DIAGS/PAN_2026-04-19/CMEMS/chl/ITP_NC/PLOT/2026042212_chl.jpg /home/cfontana/DIAGS/PAN_2026-04-19/static_PAN_2026-04-19/chl_4.jpg
+ let i=4+1
+ cp /home/cfontana/DIAGS/PAN_2026-04-19/CMEMS/chl/ITP_NC/PLOT/2026042312_chl.jpg /home/cfontana/DIAGS/PAN_2026-04-19/static_PAN_2026-04-19/chl_5.jpg
+ let i=5+1
+ cp /home/cfontana/DIAGS/PAN_2026-04-19/CMEMS/chl/ITP_NC/PLOT/2026042412_chl.jpg /home/cfontana/DIAGS/PAN_2026-04-19/static_PAN_2026-04-19/chl_6.jpg
+ let i=6+1
+ cp /home/cfontana/DIAGS/PAN_2026-04-19/CMEMS/chl/ITP_NC/time_series.jpg /home/cfontana/DIAGS/PAN_2026-04-19/static_PAN_2026-04-19/time_series_chl.jpg
+ dir=/home/cfontana/DIAGS/PAN_2026-04-19/RADAR/
+ i=1
+ ls /home/cfontana/DIAGS/PAN_2026-04-19/RADAR//20260419_00.jpg /home/cfontana/DIAGS/PAN_2026-04-19/RADAR//20260420_00.jpg /home/cfontana/DIAGS/PAN_2026-04-19/RADAR//20260421_00.jpg /home/cfontana/DIAGS/PAN_2026-04-19/RADAR//20260422_00.jpg /home/cfontana/DIAGS/PAN_2026-04-19/RADAR//20260423_00.jpg /home/cfontana/DIAGS/PAN_2026-04-19/RADAR//20260424_00.jpg
+ cp /home/cfontana/DIAGS/PAN_2026-04-19/RADAR//20260419_00.jpg /home/cfontana/DIAGS/PAN_2026-04-19/static_PAN_2026-04-19/radar_1.jpg
+ let i=1+1
+ cp /home/cfontana/DIAGS/PAN_2026-04-19/RADAR//20260420_00.jpg /home/cfontana/DIAGS/PAN_2026-04-19/static_PAN_2026-04-19/radar_2.jpg
+ let i=2+1
+ cp /home/cfontana/DIAGS/PAN_2026-04-19/RADAR//20260421_00.jpg /home/cfontana/DIAGS/PAN_2026-04-19/static_PAN_2026-04-19/radar_3.jpg
+ let i=3+1
+ cp /home/cfontana/DIAGS/PAN_2026-04-19/RADAR//20260422_00.jpg /home/cfontana/DIAGS/PAN_2026-04-19/static_PAN_2026-04-19/radar_4.jpg
+ let i=4+1
+ cp /home/cfontana/DIAGS/PAN_2026-04-19/RADAR//20260423_00.jpg /home/cfontana/DIAGS/PAN_2026-04-19/static_PAN_2026-04-19/radar_5.jpg
+ let i=5+1
+ cp /home/cfontana/DIAGS/PAN_2026-04-19/RADAR//20260424_00.jpg /home/cfontana/DIAGS/PAN_2026-04-19/static_PAN_2026-04-19/radar_6.jpg
+ let i=6+1
+ dir=/home/cfontana/DIAGS/PAN_2026-04-19/ARGO/
+ ls -d '/home/cfontana/DIAGS/PAN_2026-04-19/ARGO//bio*/'
ls: cannot access '/home/cfontana/DIAGS/PAN_2026-04-19/ARGO//bio*/': No such file or directory
+ i=1
+ 1> /home/cfontana/DIAGS/PAN_2026-04-19/static_PAN_2026-04-19/list.txt
+ ls -d '/home/cfontana/DIAGS/PAN_2026-04-19/ARGO//*/'
ls: cannot access '/home/cfontana/DIAGS/PAN_2026-04-19/ARGO//*/': No such file or directory
+ cp /home/cfontana/DIAGS/PAN_2026-04-19/ARGO//map.jpg /home/cfontana/DIAGS/PAN_2026-04-19/static_PAN_2026-04-19
cp: cannot stat '/home/cfontana/DIAGS/PAN_2026-04-19/ARGO//map.jpg': No such file or directory
+ scp -r /home/cfontana/DIAGS/PAN_2026-04-19/static_PAN_2026-04-19 yulpa175555@webhost03.yulpa.io:/datas/yulpa175555/sites/merval.eg2.fr/htdocs/DIAGS
+ echo 'PROCESSING PES'
PROCESSING PES
+ echo '_______________ '
_______________ 
+ config=PES_2026-04-19
+ echo PES
+ awk '{print tolower($0)}'
+ lower=pes
+ set -x
+ cat config/config_PES.json
+ sed -e s/DINI/2026-04-19/g
+ sed -e s/DOUT/20260419/
+ sed -e s/FREQ/hourly/
+ 1> config/config_PES_2026-04-19.json
+ sed -e s/DEND/2026-04-24/
+ cp config/cmems_DOMAIN.dat config/cmems_PES_2026-04-19.dat
+ cp config/variables_mit_DOMAIN.dat config/variables_mit_PES_2026-04-19.dat
+ jq -r .diagdir config/config_PES_2026-04-19.json
+ diagdir=/home/cfontana/DIAGS/PES_2026-04-19
+ jq -r .radardir config/config_PES_2026-04-19.json
+ radardir=/home/cfontana/RADAR/
+ [ 0 -eq 0 -a 0 -eq 1 ]
+ [ 1 -eq 1 ]
+ cd datasets/CMEMS
+ python get_data_sat.py -c PES_2026-04-19 -v thetao
INFO - 2026-04-20T13:52:51Z - Selected dataset version: "202311"
INFO - 2026-04-20T13:52:51Z - Selected dataset part: "default"
WARNING - 2026-04-20T13:52:51Z - Some of your subset selection [2026-04-19 00:00:00+00:00, 2026-04-24 00:00:00+00:00] for the time dimension exceed the dataset coordinates [2008-01-01 00:00:00+00:00, 2026-04-20 00:00:00+00:00]
----------------------------------
=> Config file PES_2026-04-19 loaded
----------------------------------

Downloading CMEMS products : SST_MED_SST_L3S_NRT_OBSERVATIONS_010_012_a
=> Variable [np.str_('sea_surface_temperature')] 


[FILE SAVED ] /home/cfontana/DIAGS/PES_2026-04-19/CMEMS/data/SST_MED_SST_L3S_NRT_OBSERVATIONS_010_012_a.nc
+ python interp_cmems.py -c PES_2026-04-19 -v thetao
----------------------------------
=> Config file PES_2026-04-19 loaded
----------------------------------


[FILE SAVED] /home/cfontana/DIAGS/PES_2026-04-19/CMEMS/thetao/ITP_NC/thetao_20260419.nc


[FILE SAVED] /home/cfontana/DIAGS/PES_2026-04-19/CMEMS/thetao/ITP_NC/thetao_20260420.nc

Traceback (most recent call last):
  File "/home/cfontana/DATA_MED/datasets/CMEMS/interp_cmems.py", line 95, in <module>
    data = np.array(ds[cvar][i,:,:]).squeeze().flatten()
                    ~~~~~~~~^^^^^^^
  File "src/netCDF4/_netCDF4.pyx", line 5107, in netCDF4._netCDF4.Variable.__getitem__
  File "src/netCDF4/_netCDF4.pyx", line 6079, in netCDF4._netCDF4.Variable._get
IndexError: index exceeds dimension bounds
+ [ 1 -eq 2 ]
+ cd ../../plot
+ python plot_CMEMS_pickle_data_vs_sat.py -c PES_2026-04-19 -v thetao -s CMEMS
----------------------------------
=> Config file PES_2026-04-19 loaded
----------------------------------

Processing
739725 15.975174338511932 16.226446 nan 0.5084598447096998
739726 16.392136493041644 16.177547 nan 0.5084598447096998
[Errno 2] No such file or directory: '/home/cfontana/DIAGS/PES_2026-04-19/CMEMS/thetao/ITP_NC/thetao_20260421.nc' 

=> in get_sat_2D :
Error processing file /home/cfontana/DIAGS/PES_2026-04-19/CMEMS/thetao/ITP_NC/thetao_20260421.nc
File not found
739727 16.833163229611536 nan 17.010461941549806 1
[Errno 2] No such file or directory: '/home/cfontana/DIAGS/PES_2026-04-19/CMEMS/thetao/ITP_NC/thetao_20260422.nc' 

=> in get_sat_2D :
Error processing file /home/cfontana/DIAGS/PES_2026-04-19/CMEMS/thetao/ITP_NC/thetao_20260422.nc
File not found
739728 16.990214745986503 nan 17.18412482967059 1
[Errno 2] No such file or directory: '/home/cfontana/DIAGS/PES_2026-04-19/CMEMS/thetao/ITP_NC/thetao_20260423.nc' 

=> in get_sat_2D :
Error processing file /home/cfontana/DIAGS/PES_2026-04-19/CMEMS/thetao/ITP_NC/thetao_20260423.nc
File not found
739729 16.390696192605564 nan 16.686408614110633 1
[Errno 2] No such file or directory: '/home/cfontana/DIAGS/PES_2026-04-19/CMEMS/thetao/ITP_NC/thetao_20260424.nc' 

=> in get_sat_2D :
Error processing file /home/cfontana/DIAGS/PES_2026-04-19/CMEMS/thetao/ITP_NC/thetao_20260424.nc
File not found
739730 16.060537973054245 nan 16.378732239689178 1
[SAVED FIG] /home/cfontana/DIAGS/PES_2026-04-19/CMEMS/thetao/ITP_NC/PLOT/2026041900_thetao.jpg
[SAVED FIG] /home/cfontana/DIAGS/PES_2026-04-19/CMEMS/thetao/ITP_NC/PLOT/2026042000_thetao.jpg
[SAVED FIG] /home/cfontana/DIAGS/PES_2026-04-19/CMEMS/thetao/ITP_NC/PLOT/2026042100_thetao.jpg
[SAVED FIG] /home/cfontana/DIAGS/PES_2026-04-19/CMEMS/thetao/ITP_NC/PLOT/2026042200_thetao.jpg
[SAVED FIG] /home/cfontana/DIAGS/PES_2026-04-19/CMEMS/thetao/ITP_NC/PLOT/2026042300_thetao.jpg
[SAVED FIG] /home/cfontana/DIAGS/PES_2026-04-19/CMEMS/thetao/ITP_NC/PLOT/2026042400_thetao.jpg
+ python plot_sat_CMEMS_timeseries.py -c PES_2026-04-19 -v thetao -s CMEMS
----------------------------------
=> Config file PES_2026-04-19 loaded
----------------------------------

[SAVED FIG] /home/cfontana/DIAGS/PES_2026-04-19/CMEMS/thetao/ITP_NC/time_series.jpg
+ cd ..
+ [ 1 -eq 1 ]
+ cd datasets/HFRADAR
+ python read_radar.py -c PES_2026-04-19
----------------------------------
=> Config file PES_2026-04-19 loaded
----------------------------------


----------
20260419 0
[Errno 2] No such file or directory: '/home/cfontana/RADAR//2026-04-19/EUHFR_NRTcurrent_HFR-TirLig-Total_v3.nc'
[Errno 2] No such file or directory: '/home/cfontana/RADAR//2026-04-19/EUHFR_NRTcurrent_HFR-ARPAS-Total_v3.nc'
[Errno 2] No such file or directory: '/home/cfontana/RADAR//2026-04-19/EUHFR_NRTcurrent_HFR-LaMMA-Total_v3.nc'
[Errno 2] No such file or directory: '/home/cfontana/RADAR//2026-04-19/EUHFR_NRTcurrent_HFR-GoS-Total_v3.nc'
[Errno 2] No such file or directory: '/home/cfontana/RADAR//2026-04-19/EUHFR_NRTcurrent_HFR-WesternItaly-Total_v3.nc'
[Errno 2] No such file or directory: '/home/cfontana/RADAR//2026-04-19/EUHFR_NRTcurrent_HFR-Granitola-Total_v3.nc'
[Errno 2] No such file or directory: '/home/cfontana/RADAR//2026-04-19/EUHFR_NRTcurrent_HFR-NAdr-Total_v3.nc'
[Errno 2] No such file or directory: '/home/cfontana/RADAR//2026-04-19/EUHFR_NRTcurrent_HFR-GoM-Total_v3.nc'
[SAVED FIG] /home/cfontana/DIAGS/PES_2026-04-19/RADAR/20260419_00.jpg

----------
20260420 0
[Errno 2] No such file or directory: '/home/cfontana/RADAR//2026-04-19/EUHFR_NRTcurrent_HFR-TirLig-Total_v3.nc'
[Errno 2] No such file or directory: '/home/cfontana/RADAR//2026-04-19/EUHFR_NRTcurrent_HFR-ARPAS-Total_v3.nc'
[Errno 2] No such file or directory: '/home/cfontana/RADAR//2026-04-19/EUHFR_NRTcurrent_HFR-LaMMA-Total_v3.nc'
[Errno 2] No such file or directory: '/home/cfontana/RADAR//2026-04-19/EUHFR_NRTcurrent_HFR-GoS-Total_v3.nc'
[Errno 2] No such file or directory: '/home/cfontana/RADAR//2026-04-19/EUHFR_NRTcurrent_HFR-WesternItaly-Total_v3.nc'
[Errno 2] No such file or directory: '/home/cfontana/RADAR//2026-04-19/EUHFR_NRTcurrent_HFR-Granitola-Total_v3.nc'
[Errno 2] No such file or directory: '/home/cfontana/RADAR//2026-04-19/EUHFR_NRTcurrent_HFR-NAdr-Total_v3.nc'
[Errno 2] No such file or directory: '/home/cfontana/RADAR//2026-04-19/EUHFR_NRTcurrent_HFR-GoM-Total_v3.nc'
[SAVED FIG] /home/cfontana/DIAGS/PES_2026-04-19/RADAR/20260420_00.jpg

----------
20260421 0
[Errno 2] No such file or directory: '/home/cfontana/RADAR//2026-04-19/EUHFR_NRTcurrent_HFR-TirLig-Total_v3.nc'
[Errno 2] No such file or directory: '/home/cfontana/RADAR//2026-04-19/EUHFR_NRTcurrent_HFR-ARPAS-Total_v3.nc'
[Errno 2] No such file or directory: '/home/cfontana/RADAR//2026-04-19/EUHFR_NRTcurrent_HFR-LaMMA-Total_v3.nc'
[Errno 2] No such file or directory: '/home/cfontana/RADAR//2026-04-19/EUHFR_NRTcurrent_HFR-GoS-Total_v3.nc'
[Errno 2] No such file or directory: '/home/cfontana/RADAR//2026-04-19/EUHFR_NRTcurrent_HFR-WesternItaly-Total_v3.nc'
[Errno 2] No such file or directory: '/home/cfontana/RADAR//2026-04-19/EUHFR_NRTcurrent_HFR-Granitola-Total_v3.nc'
[Errno 2] No such file or directory: '/home/cfontana/RADAR//2026-04-19/EUHFR_NRTcurrent_HFR-NAdr-Total_v3.nc'
[Errno 2] No such file or directory: '/home/cfontana/RADAR//2026-04-19/EUHFR_NRTcurrent_HFR-GoM-Total_v3.nc'
[SAVED FIG] /home/cfontana/DIAGS/PES_2026-04-19/RADAR/20260421_00.jpg

----------
20260422 0
[Errno 2] No such file or directory: '/home/cfontana/RADAR//2026-04-19/EUHFR_NRTcurrent_HFR-TirLig-Total_v3.nc'
[Errno 2] No such file or directory: '/home/cfontana/RADAR//2026-04-19/EUHFR_NRTcurrent_HFR-ARPAS-Total_v3.nc'
[Errno 2] No such file or directory: '/home/cfontana/RADAR//2026-04-19/EUHFR_NRTcurrent_HFR-LaMMA-Total_v3.nc'
[Errno 2] No such file or directory: '/home/cfontana/RADAR//2026-04-19/EUHFR_NRTcurrent_HFR-GoS-Total_v3.nc'
[Errno 2] No such file or directory: '/home/cfontana/RADAR//2026-04-19/EUHFR_NRTcurrent_HFR-WesternItaly-Total_v3.nc'
[Errno 2] No such file or directory: '/home/cfontana/RADAR//2026-04-19/EUHFR_NRTcurrent_HFR-Granitola-Total_v3.nc'
[Errno 2] No such file or directory: '/home/cfontana/RADAR//2026-04-19/EUHFR_NRTcurrent_HFR-NAdr-Total_v3.nc'
[Errno 2] No such file or directory: '/home/cfontana/RADAR//2026-04-19/EUHFR_NRTcurrent_HFR-GoM-Total_v3.nc'
[SAVED FIG] /home/cfontana/DIAGS/PES_2026-04-19/RADAR/20260422_00.jpg

----------
20260423 0
[Errno 2] No such file or directory: '/home/cfontana/RADAR//2026-04-19/EUHFR_NRTcurrent_HFR-TirLig-Total_v3.nc'
[Errno 2] No such file or directory: '/home/cfontana/RADAR//2026-04-19/EUHFR_NRTcurrent_HFR-ARPAS-Total_v3.nc'
[Errno 2] No such file or directory: '/home/cfontana/RADAR//2026-04-19/EUHFR_NRTcurrent_HFR-LaMMA-Total_v3.nc'
[Errno 2] No such file or directory: '/home/cfontana/RADAR//2026-04-19/EUHFR_NRTcurrent_HFR-GoS-Total_v3.nc'
[Errno 2] No such file or directory: '/home/cfontana/RADAR//2026-04-19/EUHFR_NRTcurrent_HFR-WesternItaly-Total_v3.nc'
[Errno 2] No such file or directory: '/home/cfontana/RADAR//2026-04-19/EUHFR_NRTcurrent_HFR-Granitola-Total_v3.nc'
[Errno 2] No such file or directory: '/home/cfontana/RADAR//2026-04-19/EUHFR_NRTcurrent_HFR-NAdr-Total_v3.nc'
[Errno 2] No such file or directory: '/home/cfontana/RADAR//2026-04-19/EUHFR_NRTcurrent_HFR-GoM-Total_v3.nc'
[SAVED FIG] /home/cfontana/DIAGS/PES_2026-04-19/RADAR/20260423_00.jpg

----------
20260424 0
[Errno 2] No such file or directory: '/home/cfontana/RADAR//2026-04-19/EUHFR_NRTcurrent_HFR-TirLig-Total_v3.nc'
[Errno 2] No such file or directory: '/home/cfontana/RADAR//2026-04-19/EUHFR_NRTcurrent_HFR-ARPAS-Total_v3.nc'
[Errno 2] No such file or directory: '/home/cfontana/RADAR//2026-04-19/EUHFR_NRTcurrent_HFR-LaMMA-Total_v3.nc'
[Errno 2] No such file or directory: '/home/cfontana/RADAR//2026-04-19/EUHFR_NRTcurrent_HFR-GoS-Total_v3.nc'
[Errno 2] No such file or directory: '/home/cfontana/RADAR//2026-04-19/EUHFR_NRTcurrent_HFR-WesternItaly-Total_v3.nc'
[Errno 2] No such file or directory: '/home/cfontana/RADAR//2026-04-19/EUHFR_NRTcurrent_HFR-Granitola-Total_v3.nc'
[Errno 2] No such file or directory: '/home/cfontana/RADAR//2026-04-19/EUHFR_NRTcurrent_HFR-NAdr-Total_v3.nc'
[Errno 2] No such file or directory: '/home/cfontana/RADAR//2026-04-19/EUHFR_NRTcurrent_HFR-GoM-Total_v3.nc'
[SAVED FIG] /home/cfontana/DIAGS/PES_2026-04-19/RADAR/20260424_00.jpg
+ cd ../..
+ cat config/config_PES.json
+ sed -e s/DINI/2026-04-19/g
+ sed -e s/DOUT/20260419/
+ sed -e s/DEND/2026-04-24/
+ sed -e s/FREQ/daily/
+ 1> config/config_PES_2026-04-19.json
+ [ 1 -eq 1 ]
+ cd datasets/CMEMS
+ python get_data_sat.py -c PES_2026-04-19 -v chl
INFO - 2026-04-20T14:04:29Z - Selected dataset version: "202211"
INFO - 2026-04-20T14:04:29Z - Selected dataset part: "default"
WARNING - 2026-04-20T14:04:29Z - Some of your subset selection [2026-04-19 00:00:00+00:00, 2026-04-24 00:00:00+00:00] for the time dimension exceed the dataset coordinates [2023-04-29 00:00:00+00:00, 2026-04-19 00:00:00+00:00]
----------------------------------
=> Config file PES_2026-04-19 loaded
----------------------------------

Downloading CMEMS products : cmems_obs-oc_med_bgc-plankton_nrt_l3-multi-1km_P1D
=> Variable ['CHL', 'KD490'] 


[FILE SAVED ] /home/cfontana/DIAGS/PES_2026-04-19/CMEMS/data/cmems_obs-oc_med_bgc-plankton_nrt_l3-multi-1km_P1D.nc
+ python interp_cmems.py -c PES_2026-04-19 -v chl
----------------------------------
=> Config file PES_2026-04-19 loaded
----------------------------------


[FILE SAVED] /home/cfontana/DIAGS/PES_2026-04-19/CMEMS/chl/ITP_NC/chl_20260419.nc

Traceback (most recent call last):
  File "/home/cfontana/DATA_MED/datasets/CMEMS/interp_cmems.py", line 95, in <module>
    data = np.array(ds[cvar][i,:,:]).squeeze().flatten()
                    ~~~~~~~~^^^^^^^
  File "src/netCDF4/_netCDF4.pyx", line 5107, in netCDF4._netCDF4.Variable.__getitem__
  File "src/netCDF4/_netCDF4.pyx", line 6079, in netCDF4._netCDF4.Variable._get
IndexError: index exceeds dimension bounds
+ [ 1 -eq 2 ]
+ cd ../../plot
+ python plot_CMEMS_pickle_data_vs_sat.py -c PES_2026-04-19 -v chl -s CMEMS
----------------------------------
=> Config file PES_2026-04-19 loaded
----------------------------------

Processing
739725 0.36816327012215067 0.83201474 nan 0.9338884312110156
[Errno 2] No such file or directory: '/home/cfontana/DIAGS/PES_2026-04-19/CMEMS/chl/ITP_NC/chl_20260420.nc' 

=> in get_sat_2D :
Error processing file /home/cfontana/DIAGS/PES_2026-04-19/CMEMS/chl/ITP_NC/chl_20260420.nc
File not found
739726 0.3775633173511686 nan 0.15214103947141017 1
[Errno 2] No such file or directory: '/home/cfontana/DIAGS/PES_2026-04-19/CMEMS/chl/ITP_NC/chl_20260421.nc' 

=> in get_sat_2D :
Error processing file /home/cfontana/DIAGS/PES_2026-04-19/CMEMS/chl/ITP_NC/chl_20260421.nc
File not found
739727 0.37574351036179 nan 0.1566665512865374 1
[Errno 2] No such file or directory: '/home/cfontana/DIAGS/PES_2026-04-19/CMEMS/chl/ITP_NC/chl_20260422.nc' 

=> in get_sat_2D :
Error processing file /home/cfontana/DIAGS/PES_2026-04-19/CMEMS/chl/ITP_NC/chl_20260422.nc
File not found
739728 0.36794801491707374 nan 0.16013640044556163 1
[Errno 2] No such file or directory: '/home/cfontana/DIAGS/PES_2026-04-19/CMEMS/chl/ITP_NC/chl_20260423.nc' 

=> in get_sat_2D :
Error processing file /home/cfontana/DIAGS/PES_2026-04-19/CMEMS/chl/ITP_NC/chl_20260423.nc
File not found
739729 0.34151160896967186 nan 0.1627479091217117 1
[Errno 2] No such file or directory: '/home/cfontana/DIAGS/PES_2026-04-19/CMEMS/chl/ITP_NC/chl_20260424.nc' 

=> in get_sat_2D :
Error processing file /home/cfontana/DIAGS/PES_2026-04-19/CMEMS/chl/ITP_NC/chl_20260424.nc
File not found
739730 0.34343406295585127 nan 0.1730642935705094 1
[SAVED FIG] /home/cfontana/DIAGS/PES_2026-04-19/CMEMS/chl/ITP_NC/PLOT/2026041912_chl.jpg
[SAVED FIG] /home/cfontana/DIAGS/PES_2026-04-19/CMEMS/chl/ITP_NC/PLOT/2026042012_chl.jpg
[SAVED FIG] /home/cfontana/DIAGS/PES_2026-04-19/CMEMS/chl/ITP_NC/PLOT/2026042112_chl.jpg
[SAVED FIG] /home/cfontana/DIAGS/PES_2026-04-19/CMEMS/chl/ITP_NC/PLOT/2026042212_chl.jpg
[SAVED FIG] /home/cfontana/DIAGS/PES_2026-04-19/CMEMS/chl/ITP_NC/PLOT/2026042312_chl.jpg
[SAVED FIG] /home/cfontana/DIAGS/PES_2026-04-19/CMEMS/chl/ITP_NC/PLOT/2026042412_chl.jpg
+ python plot_sat_CMEMS_timeseries.py -c PES_2026-04-19 -v chl -s CMEMS
----------------------------------
=> Config file PES_2026-04-19 loaded
----------------------------------

[SAVED FIG] /home/cfontana/DIAGS/PES_2026-04-19/CMEMS/chl/ITP_NC/time_series.jpg
+ cd ..
+ [ 1 -eq 0 ]
+ [ 1 -eq 1 ]
+ source /home/cfontana/venv/a/bin/activate
+ 1> /dev/null
+ deactivate nondestructive
+ [ -n /home/cfontana/venv/c/bin:/usr/local/sbin:/usr/local/bin:/usr/sbin:/usr/bin:/sbin:/bin:/usr/games:/usr/local/games:/snap/bin ]
+ PATH=/home/cfontana/venv/c/bin:/usr/local/sbin:/usr/local/bin:/usr/sbin:/usr/bin:/sbin:/bin:/usr/games:/usr/local/games:/snap/bin
+ export PATH
+ unset _OLD_VIRTUAL_PATH
+ [ -n '' ]
+ hash -r
+ 2> /dev/null
+ [ -n '(c) \[\e]0;\u@\h: \w\a\]${debian_chroot:+($debian_chroot)}\[\033[01;32m\]\u@\h\[\033[00m\]:\[\033[01;34m\]\w\[\033[00m\]\$ ' ]
+ PS1='(c) \[\e]0;\u@\h: \w\a\]${debian_chroot:+($debian_chroot)}\[\033[01;32m\]\u@\h\[\033[00m\]:\[\033[01;34m\]\w\[\033[00m\]\$ '
+ export PS1
+ unset _OLD_VIRTUAL_PS1
+ unset VIRTUAL_ENV
+ unset VIRTUAL_ENV_PROMPT
+ [ ! nondestructive '=' nondestructive ]
+ [ '' '=' cygwin ]
+ [ '' '=' msys ]
+ VIRTUAL_ENV=/home/cfontana/venv/a
+ export VIRTUAL_ENV
+ _OLD_VIRTUAL_PATH=/home/cfontana/venv/c/bin:/usr/local/sbin:/usr/local/bin:/usr/sbin:/usr/bin:/sbin:/bin:/usr/games:/usr/local/games:/snap/bin
+ PATH=/home/cfontana/venv/a/bin:/home/cfontana/venv/c/bin:/usr/local/sbin:/usr/local/bin:/usr/sbin:/usr/bin:/sbin:/bin:/usr/games:/usr/local/games:/snap/bin
+ export PATH
+ [ -n '' ]
+ [ -z '' ]
+ _OLD_VIRTUAL_PS1='(c) \[\e]0;\u@\h: \w\a\]${debian_chroot:+($debian_chroot)}\[\033[01;32m\]\u@\h\[\033[00m\]:\[\033[01;34m\]\w\[\033[00m\]\$ '
+ PS1='(a) (c) \[\e]0;\u@\h: \w\a\]${debian_chroot:+($debian_chroot)}\[\033[01;32m\]\u@\h\[\033[00m\]:\[\033[01;34m\]\w\[\033[00m\]\$ '
+ export PS1
+ VIRTUAL_ENV_PROMPT='(a) '
+ export VIRTUAL_ENV_PROMPT
+ hash -r
+ 2> /dev/null
+ sed -i s/daily/hourly/ config/config_PES_2026-04-19.json
+ cd datasets/ARGO
+ python get_argo.py -c PES_2026-04-19
Traceback (most recent call last):
  File "/home/cfontana/DATA_MED/datasets/ARGO/get_argo.py", line 9, in <module>
    from fun_gen import *
  File "/home/cfontana/DATA_MED/modules/fun_gen.py", line 5, in <module>
    from fun_io import load_coords
  File "/home/cfontana/DATA_MED/modules/fun_io.py", line 15, in <module>
    import copernicusmarine
ModuleNotFoundError: No module named 'copernicusmarine'
+ [ 1 -eq 0 ]
+ cd ../../
+ sed -i s/phy/bgc/ config/config_PES_2026-04-19.json
+ cd datasets/ARGO
+ python get_argo.py -c PES_2026-04-19
Traceback (most recent call last):
  File "/home/cfontana/DATA_MED/datasets/ARGO/get_argo.py", line 9, in <module>
    from fun_gen import *
  File "/home/cfontana/DATA_MED/modules/fun_gen.py", line 5, in <module>
    from fun_io import load_coords
  File "/home/cfontana/DATA_MED/modules/fun_io.py", line 15, in <module>
    import copernicusmarine
ModuleNotFoundError: No module named 'copernicusmarine'
+ [ 1 -eq 0 ]
+ cd ../../
+ [ 1 -eq 1 ]
+ source /home/cfontana/venv/c/bin/activate
+ 1> /dev/null
+ deactivate nondestructive
+ [ -n /home/cfontana/venv/c/bin:/usr/local/sbin:/usr/local/bin:/usr/sbin:/usr/bin:/sbin:/bin:/usr/games:/usr/local/games:/snap/bin ]
+ PATH=/home/cfontana/venv/c/bin:/usr/local/sbin:/usr/local/bin:/usr/sbin:/usr/bin:/sbin:/bin:/usr/games:/usr/local/games:/snap/bin
+ export PATH
+ unset _OLD_VIRTUAL_PATH
+ [ -n '' ]
+ hash -r
+ 2> /dev/null
+ [ -n '(c) \[\e]0;\u@\h: \w\a\]${debian_chroot:+($debian_chroot)}\[\033[01;32m\]\u@\h\[\033[00m\]:\[\033[01;34m\]\w\[\033[00m\]\$ ' ]
+ PS1='(c) \[\e]0;\u@\h: \w\a\]${debian_chroot:+($debian_chroot)}\[\033[01;32m\]\u@\h\[\033[00m\]:\[\033[01;34m\]\w\[\033[00m\]\$ '
+ export PS1
+ unset _OLD_VIRTUAL_PS1
+ unset VIRTUAL_ENV
+ unset VIRTUAL_ENV_PROMPT
+ [ ! nondestructive '=' nondestructive ]
+ [ '' '=' cygwin ]
+ [ '' '=' msys ]
+ VIRTUAL_ENV=/home/cfontana/venv/c
+ export VIRTUAL_ENV
+ _OLD_VIRTUAL_PATH=/home/cfontana/venv/c/bin:/usr/local/sbin:/usr/local/bin:/usr/sbin:/usr/bin:/sbin:/bin:/usr/games:/usr/local/games:/snap/bin
+ PATH=/home/cfontana/venv/c/bin:/home/cfontana/venv/c/bin:/usr/local/sbin:/usr/local/bin:/usr/sbin:/usr/bin:/sbin:/bin:/usr/games:/usr/local/games:/snap/bin
+ export PATH
+ [ -n '' ]
+ [ -z '' ]
+ _OLD_VIRTUAL_PS1='(c) \[\e]0;\u@\h: \w\a\]${debian_chroot:+($debian_chroot)}\[\033[01;32m\]\u@\h\[\033[00m\]:\[\033[01;34m\]\w\[\033[00m\]\$ '
+ PS1='(c) (c) \[\e]0;\u@\h: \w\a\]${debian_chroot:+($debian_chroot)}\[\033[01;32m\]\u@\h\[\033[00m\]:\[\033[01;34m\]\w\[\033[00m\]\$ '
+ export PS1
+ VIRTUAL_ENV_PROMPT='(c) '
+ export VIRTUAL_ENV_PROMPT
+ hash -r
+ 2> /dev/null
+ static=/home/cfontana/DIAGS/PES_2026-04-19/static_PES_2026-04-19
+ mkdir /home/cfontana/DIAGS/PES_2026-04-19/static_PES_2026-04-19
+ dir=/home/cfontana/DIAGS/PES_2026-04-19/CMEMS/thetao/ITP_NC
+ i=1
+ ls /home/cfontana/DIAGS/PES_2026-04-19/CMEMS/thetao/ITP_NC/PLOT/
+ cp /home/cfontana/DIAGS/PES_2026-04-19/CMEMS/thetao/ITP_NC/PLOT/2026041900_thetao.jpg /home/cfontana/DIAGS/PES_2026-04-19/static_PES_2026-04-19/thetao_1.jpg
+ let i=1+1
+ cp /home/cfontana/DIAGS/PES_2026-04-19/CMEMS/thetao/ITP_NC/PLOT/2026042000_thetao.jpg /home/cfontana/DIAGS/PES_2026-04-19/static_PES_2026-04-19/thetao_2.jpg
+ let i=2+1
+ cp /home/cfontana/DIAGS/PES_2026-04-19/CMEMS/thetao/ITP_NC/PLOT/2026042100_thetao.jpg /home/cfontana/DIAGS/PES_2026-04-19/static_PES_2026-04-19/thetao_3.jpg
+ let i=3+1
+ cp /home/cfontana/DIAGS/PES_2026-04-19/CMEMS/thetao/ITP_NC/PLOT/2026042200_thetao.jpg /home/cfontana/DIAGS/PES_2026-04-19/static_PES_2026-04-19/thetao_4.jpg
+ let i=4+1
+ cp /home/cfontana/DIAGS/PES_2026-04-19/CMEMS/thetao/ITP_NC/PLOT/2026042300_thetao.jpg /home/cfontana/DIAGS/PES_2026-04-19/static_PES_2026-04-19/thetao_5.jpg
+ let i=5+1
+ cp /home/cfontana/DIAGS/PES_2026-04-19/CMEMS/thetao/ITP_NC/PLOT/2026042400_thetao.jpg /home/cfontana/DIAGS/PES_2026-04-19/static_PES_2026-04-19/thetao_6.jpg
+ let i=6+1
+ cp /home/cfontana/DIAGS/PES_2026-04-19/CMEMS/thetao/ITP_NC/time_series.jpg /home/cfontana/DIAGS/PES_2026-04-19/static_PES_2026-04-19/time_series_thetao.jpg
+ dir=/home/cfontana/DIAGS/PES_2026-04-19/CMEMS/chl/ITP_NC
+ i=1
+ ls /home/cfontana/DIAGS/PES_2026-04-19/CMEMS/chl/ITP_NC/PLOT/
+ cp /home/cfontana/DIAGS/PES_2026-04-19/CMEMS/chl/ITP_NC/PLOT/2026041912_chl.jpg /home/cfontana/DIAGS/PES_2026-04-19/static_PES_2026-04-19/chl_1.jpg
+ let i=1+1
+ cp /home/cfontana/DIAGS/PES_2026-04-19/CMEMS/chl/ITP_NC/PLOT/2026042012_chl.jpg /home/cfontana/DIAGS/PES_2026-04-19/static_PES_2026-04-19/chl_2.jpg
+ let i=2+1
+ cp /home/cfontana/DIAGS/PES_2026-04-19/CMEMS/chl/ITP_NC/PLOT/2026042112_chl.jpg /home/cfontana/DIAGS/PES_2026-04-19/static_PES_2026-04-19/chl_3.jpg
+ let i=3+1
+ cp /home/cfontana/DIAGS/PES_2026-04-19/CMEMS/chl/ITP_NC/PLOT/2026042212_chl.jpg /home/cfontana/DIAGS/PES_2026-04-19/static_PES_2026-04-19/chl_4.jpg
+ let i=4+1
+ cp /home/cfontana/DIAGS/PES_2026-04-19/CMEMS/chl/ITP_NC/PLOT/2026042312_chl.jpg /home/cfontana/DIAGS/PES_2026-04-19/static_PES_2026-04-19/chl_5.jpg
+ let i=5+1
+ cp /home/cfontana/DIAGS/PES_2026-04-19/CMEMS/chl/ITP_NC/PLOT/2026042412_chl.jpg /home/cfontana/DIAGS/PES_2026-04-19/static_PES_2026-04-19/chl_6.jpg
+ let i=6+1
+ cp /home/cfontana/DIAGS/PES_2026-04-19/CMEMS/chl/ITP_NC/time_series.jpg /home/cfontana/DIAGS/PES_2026-04-19/static_PES_2026-04-19/time_series_chl.jpg
+ dir=/home/cfontana/DIAGS/PES_2026-04-19/RADAR/
+ i=1
+ ls /home/cfontana/DIAGS/PES_2026-04-19/RADAR//20260419_00.jpg /home/cfontana/DIAGS/PES_2026-04-19/RADAR//20260420_00.jpg /home/cfontana/DIAGS/PES_2026-04-19/RADAR//20260421_00.jpg /home/cfontana/DIAGS/PES_2026-04-19/RADAR//20260422_00.jpg /home/cfontana/DIAGS/PES_2026-04-19/RADAR//20260423_00.jpg /home/cfontana/DIAGS/PES_2026-04-19/RADAR//20260424_00.jpg
+ cp /home/cfontana/DIAGS/PES_2026-04-19/RADAR//20260419_00.jpg /home/cfontana/DIAGS/PES_2026-04-19/static_PES_2026-04-19/radar_1.jpg
+ let i=1+1
+ cp /home/cfontana/DIAGS/PES_2026-04-19/RADAR//20260420_00.jpg /home/cfontana/DIAGS/PES_2026-04-19/static_PES_2026-04-19/radar_2.jpg
+ let i=2+1
+ cp /home/cfontana/DIAGS/PES_2026-04-19/RADAR//20260421_00.jpg /home/cfontana/DIAGS/PES_2026-04-19/static_PES_2026-04-19/radar_3.jpg
+ let i=3+1
+ cp /home/cfontana/DIAGS/PES_2026-04-19/RADAR//20260422_00.jpg /home/cfontana/DIAGS/PES_2026-04-19/static_PES_2026-04-19/radar_4.jpg
+ let i=4+1
+ cp /home/cfontana/DIAGS/PES_2026-04-19/RADAR//20260423_00.jpg /home/cfontana/DIAGS/PES_2026-04-19/static_PES_2026-04-19/radar_5.jpg
+ let i=5+1
+ cp /home/cfontana/DIAGS/PES_2026-04-19/RADAR//20260424_00.jpg /home/cfontana/DIAGS/PES_2026-04-19/static_PES_2026-04-19/radar_6.jpg
+ let i=6+1
+ dir=/home/cfontana/DIAGS/PES_2026-04-19/ARGO/
+ ls -d '/home/cfontana/DIAGS/PES_2026-04-19/ARGO//bio*/'
ls: cannot access '/home/cfontana/DIAGS/PES_2026-04-19/ARGO//bio*/': No such file or directory
+ i=1
+ 1> /home/cfontana/DIAGS/PES_2026-04-19/static_PES_2026-04-19/list.txt
+ ls -d '/home/cfontana/DIAGS/PES_2026-04-19/ARGO//*/'
ls: cannot access '/home/cfontana/DIAGS/PES_2026-04-19/ARGO//*/': No such file or directory
+ cp /home/cfontana/DIAGS/PES_2026-04-19/ARGO//map.jpg /home/cfontana/DIAGS/PES_2026-04-19/static_PES_2026-04-19
cp: cannot stat '/home/cfontana/DIAGS/PES_2026-04-19/ARGO//map.jpg': No such file or directory
+ scp -r /home/cfontana/DIAGS/PES_2026-04-19/static_PES_2026-04-19 yulpa175555@webhost03.yulpa.io:/datas/yulpa175555/sites/merval.eg2.fr/htdocs/DIAGS
+ echo 'PROCESSING SAD'
PROCESSING SAD
+ echo '_______________ '
_______________ 
+ config=SAD_2026-04-19
+ awk '{print tolower($0)}'
+ echo SAD
+ lower=sad
+ set -x
+ cat config/config_SAD.json
+ sed -e s/FREQ/hourly/
+ 1> config/config_SAD_2026-04-19.json
+ sed -e s/DINI/2026-04-19/g
+ sed -e s/DOUT/20260419/
+ sed -e s/DEND/2026-04-24/
+ cp config/cmems_DOMAIN.dat config/cmems_SAD_2026-04-19.dat
+ cp config/variables_mit_DOMAIN.dat config/variables_mit_SAD_2026-04-19.dat
+ jq -r .diagdir config/config_SAD_2026-04-19.json
+ diagdir=/home/cfontana/DIAGS/SAD_2026-04-19
+ jq -r .radardir config/config_SAD_2026-04-19.json
+ radardir=/home/cfontana/RADAR/
+ [ 0 -eq 0 -a 0 -eq 1 ]
+ [ 1 -eq 1 ]
+ cd datasets/CMEMS
+ python get_data_sat.py -c SAD_2026-04-19 -v thetao
INFO - 2026-04-20T14:12:11Z - Selected dataset version: "202311"
INFO - 2026-04-20T14:12:11Z - Selected dataset part: "default"
WARNING - 2026-04-20T14:12:11Z - Some of your subset selection [2026-04-19 00:00:00+00:00, 2026-04-24 00:00:00+00:00] for the time dimension exceed the dataset coordinates [2008-01-01 00:00:00+00:00, 2026-04-20 00:00:00+00:00]
----------------------------------
=> Config file SAD_2026-04-19 loaded
----------------------------------

Downloading CMEMS products : SST_MED_SST_L3S_NRT_OBSERVATIONS_010_012_a
=> Variable [np.str_('sea_surface_temperature')] 


[FILE SAVED ] /home/cfontana/DIAGS/SAD_2026-04-19/CMEMS/data/SST_MED_SST_L3S_NRT_OBSERVATIONS_010_012_a.nc
+ python interp_cmems.py -c SAD_2026-04-19 -v thetao
----------------------------------
=> Config file SAD_2026-04-19 loaded
----------------------------------


[FILE SAVED] /home/cfontana/DIAGS/SAD_2026-04-19/CMEMS/thetao/ITP_NC/thetao_20260419.nc


[FILE SAVED] /home/cfontana/DIAGS/SAD_2026-04-19/CMEMS/thetao/ITP_NC/thetao_20260420.nc

Traceback (most recent call last):
  File "/home/cfontana/DATA_MED/datasets/CMEMS/interp_cmems.py", line 95, in <module>
    data = np.array(ds[cvar][i,:,:]).squeeze().flatten()
                    ~~~~~~~~^^^^^^^
  File "src/netCDF4/_netCDF4.pyx", line 5107, in netCDF4._netCDF4.Variable.__getitem__
  File "src/netCDF4/_netCDF4.pyx", line 6079, in netCDF4._netCDF4.Variable._get
IndexError: index exceeds dimension bounds
+ [ 1 -eq 2 ]
+ cd ../../plot
+ python plot_CMEMS_pickle_data_vs_sat.py -c SAD_2026-04-19 -v thetao -s CMEMS
----------------------------------
=> Config file SAD_2026-04-19 loaded
----------------------------------

Processing
739725 16.196177098181845 16.275114 15.999254 0.9006997175084648
739726 16.77420613948142 16.468023 16.226078 0.8058546871556508
[Errno 2] No such file or directory: '/home/cfontana/DIAGS/SAD_2026-04-19/CMEMS/thetao/ITP_NC/thetao_20260421.nc' 

=> in get_sat_2D :
Error processing file /home/cfontana/DIAGS/SAD_2026-04-19/CMEMS/thetao/ITP_NC/thetao_20260421.nc
File not found
739727 17.010461941549806 nan 16.500225 1
[Errno 2] No such file or directory: '/home/cfontana/DIAGS/SAD_2026-04-19/CMEMS/thetao/ITP_NC/thetao_20260422.nc' 

=> in get_sat_2D :
Error processing file /home/cfontana/DIAGS/SAD_2026-04-19/CMEMS/thetao/ITP_NC/thetao_20260422.nc
File not found
739728 17.18412482967059 nan 16.632784 1
[Errno 2] No such file or directory: '/home/cfontana/DIAGS/SAD_2026-04-19/CMEMS/thetao/ITP_NC/thetao_20260423.nc' 

=> in get_sat_2D :
Error processing file /home/cfontana/DIAGS/SAD_2026-04-19/CMEMS/thetao/ITP_NC/thetao_20260423.nc
File not found
739729 16.686408614110633 nan 16.46384 1
[Errno 2] No such file or directory: '/home/cfontana/DIAGS/SAD_2026-04-19/CMEMS/thetao/ITP_NC/thetao_20260424.nc' 

=> in get_sat_2D :
Error processing file /home/cfontana/DIAGS/SAD_2026-04-19/CMEMS/thetao/ITP_NC/thetao_20260424.nc
File not found
739730 16.378732239689178 nan 16.19136 1
[SAVED FIG] /home/cfontana/DIAGS/SAD_2026-04-19/CMEMS/thetao/ITP_NC/PLOT/2026041900_thetao.jpg
[SAVED FIG] /home/cfontana/DIAGS/SAD_2026-04-19/CMEMS/thetao/ITP_NC/PLOT/2026042000_thetao.jpg
[SAVED FIG] /home/cfontana/DIAGS/SAD_2026-04-19/CMEMS/thetao/ITP_NC/PLOT/2026042100_thetao.jpg
[SAVED FIG] /home/cfontana/DIAGS/SAD_2026-04-19/CMEMS/thetao/ITP_NC/PLOT/2026042200_thetao.jpg
[SAVED FIG] /home/cfontana/DIAGS/SAD_2026-04-19/CMEMS/thetao/ITP_NC/PLOT/2026042300_thetao.jpg
[SAVED FIG] /home/cfontana/DIAGS/SAD_2026-04-19/CMEMS/thetao/ITP_NC/PLOT/2026042400_thetao.jpg
+ python plot_sat_CMEMS_timeseries.py -c SAD_2026-04-19 -v thetao -s CMEMS
----------------------------------
=> Config file SAD_2026-04-19 loaded
----------------------------------

[SAVED FIG] /home/cfontana/DIAGS/SAD_2026-04-19/CMEMS/thetao/ITP_NC/time_series.jpg
+ cd ..
+ [ 1 -eq 1 ]
+ cd datasets/HFRADAR
+ python read_radar.py -c SAD_2026-04-19
----------------------------------
=> Config file SAD_2026-04-19 loaded
----------------------------------


----------
20260419 0
[Errno 2] No such file or directory: '/home/cfontana/RADAR//2026-04-19/EUHFR_NRTcurrent_HFR-TirLig-Total_v3.nc'
[Errno 2] No such file or directory: '/home/cfontana/RADAR//2026-04-19/EUHFR_NRTcurrent_HFR-ARPAS-Total_v3.nc'
[Errno 2] No such file or directory: '/home/cfontana/RADAR//2026-04-19/EUHFR_NRTcurrent_HFR-LaMMA-Total_v3.nc'
[Errno 2] No such file or directory: '/home/cfontana/RADAR//2026-04-19/EUHFR_NRTcurrent_HFR-GoS-Total_v3.nc'
[Errno 2] No such file or directory: '/home/cfontana/RADAR//2026-04-19/EUHFR_NRTcurrent_HFR-WesternItaly-Total_v3.nc'
[Errno 2] No such file or directory: '/home/cfontana/RADAR//2026-04-19/EUHFR_NRTcurrent_HFR-Granitola-Total_v3.nc'
[Errno 2] No such file or directory: '/home/cfontana/RADAR//2026-04-19/EUHFR_NRTcurrent_HFR-NAdr-Total_v3.nc'
[Errno 2] No such file or directory: '/home/cfontana/RADAR//2026-04-19/EUHFR_NRTcurrent_HFR-GoM-Total_v3.nc'
[SAVED FIG] /home/cfontana/DIAGS/SAD_2026-04-19/RADAR/20260419_00.jpg

----------
20260420 0
[Errno 2] No such file or directory: '/home/cfontana/RADAR//2026-04-19/EUHFR_NRTcurrent_HFR-TirLig-Total_v3.nc'
[Errno 2] No such file or directory: '/home/cfontana/RADAR//2026-04-19/EUHFR_NRTcurrent_HFR-ARPAS-Total_v3.nc'
[Errno 2] No such file or directory: '/home/cfontana/RADAR//2026-04-19/EUHFR_NRTcurrent_HFR-LaMMA-Total_v3.nc'
[Errno 2] No such file or directory: '/home/cfontana/RADAR//2026-04-19/EUHFR_NRTcurrent_HFR-GoS-Total_v3.nc'
[Errno 2] No such file or directory: '/home/cfontana/RADAR//2026-04-19/EUHFR_NRTcurrent_HFR-WesternItaly-Total_v3.nc'
[Errno 2] No such file or directory: '/home/cfontana/RADAR//2026-04-19/EUHFR_NRTcurrent_HFR-Granitola-Total_v3.nc'
[Errno 2] No such file or directory: '/home/cfontana/RADAR//2026-04-19/EUHFR_NRTcurrent_HFR-NAdr-Total_v3.nc'
[Errno 2] No such file or directory: '/home/cfontana/RADAR//2026-04-19/EUHFR_NRTcurrent_HFR-GoM-Total_v3.nc'
[SAVED FIG] /home/cfontana/DIAGS/SAD_2026-04-19/RADAR/20260420_00.jpg

----------
20260421 0
[Errno 2] No such file or directory: '/home/cfontana/RADAR//2026-04-19/EUHFR_NRTcurrent_HFR-TirLig-Total_v3.nc'
[Errno 2] No such file or directory: '/home/cfontana/RADAR//2026-04-19/EUHFR_NRTcurrent_HFR-ARPAS-Total_v3.nc'
[Errno 2] No such file or directory: '/home/cfontana/RADAR//2026-04-19/EUHFR_NRTcurrent_HFR-LaMMA-Total_v3.nc'
[Errno 2] No such file or directory: '/home/cfontana/RADAR//2026-04-19/EUHFR_NRTcurrent_HFR-GoS-Total_v3.nc'
[Errno 2] No such file or directory: '/home/cfontana/RADAR//2026-04-19/EUHFR_NRTcurrent_HFR-WesternItaly-Total_v3.nc'
[Errno 2] No such file or directory: '/home/cfontana/RADAR//2026-04-19/EUHFR_NRTcurrent_HFR-Granitola-Total_v3.nc'
[Errno 2] No such file or directory: '/home/cfontana/RADAR//2026-04-19/EUHFR_NRTcurrent_HFR-NAdr-Total_v3.nc'
[Errno 2] No such file or directory: '/home/cfontana/RADAR//2026-04-19/EUHFR_NRTcurrent_HFR-GoM-Total_v3.nc'
[SAVED FIG] /home/cfontana/DIAGS/SAD_2026-04-19/RADAR/20260421_00.jpg

----------
20260422 0
[Errno 2] No such file or directory: '/home/cfontana/RADAR//2026-04-19/EUHFR_NRTcurrent_HFR-TirLig-Total_v3.nc'
[Errno 2] No such file or directory: '/home/cfontana/RADAR//2026-04-19/EUHFR_NRTcurrent_HFR-ARPAS-Total_v3.nc'
[Errno 2] No such file or directory: '/home/cfontana/RADAR//2026-04-19/EUHFR_NRTcurrent_HFR-LaMMA-Total_v3.nc'
[Errno 2] No such file or directory: '/home/cfontana/RADAR//2026-04-19/EUHFR_NRTcurrent_HFR-GoS-Total_v3.nc'
[Errno 2] No such file or directory: '/home/cfontana/RADAR//2026-04-19/EUHFR_NRTcurrent_HFR-WesternItaly-Total_v3.nc'
[Errno 2] No such file or directory: '/home/cfontana/RADAR//2026-04-19/EUHFR_NRTcurrent_HFR-Granitola-Total_v3.nc'
[Errno 2] No such file or directory: '/home/cfontana/RADAR//2026-04-19/EUHFR_NRTcurrent_HFR-NAdr-Total_v3.nc'
[Errno 2] No such file or directory: '/home/cfontana/RADAR//2026-04-19/EUHFR_NRTcurrent_HFR-GoM-Total_v3.nc'
[SAVED FIG] /home/cfontana/DIAGS/SAD_2026-04-19/RADAR/20260422_00.jpg

----------
20260423 0
[Errno 2] No such file or directory: '/home/cfontana/RADAR//2026-04-19/EUHFR_NRTcurrent_HFR-TirLig-Total_v3.nc'
[Errno 2] No such file or directory: '/home/cfontana/RADAR//2026-04-19/EUHFR_NRTcurrent_HFR-ARPAS-Total_v3.nc'
[Errno 2] No such file or directory: '/home/cfontana/RADAR//2026-04-19/EUHFR_NRTcurrent_HFR-LaMMA-Total_v3.nc'
[Errno 2] No such file or directory: '/home/cfontana/RADAR//2026-04-19/EUHFR_NRTcurrent_HFR-GoS-Total_v3.nc'
[Errno 2] No such file or directory: '/home/cfontana/RADAR//2026-04-19/EUHFR_NRTcurrent_HFR-WesternItaly-Total_v3.nc'
[Errno 2] No such file or directory: '/home/cfontana/RADAR//2026-04-19/EUHFR_NRTcurrent_HFR-Granitola-Total_v3.nc'
[Errno 2] No such file or directory: '/home/cfontana/RADAR//2026-04-19/EUHFR_NRTcurrent_HFR-NAdr-Total_v3.nc'
[Errno 2] No such file or directory: '/home/cfontana/RADAR//2026-04-19/EUHFR_NRTcurrent_HFR-GoM-Total_v3.nc'
[SAVED FIG] /home/cfontana/DIAGS/SAD_2026-04-19/RADAR/20260423_00.jpg

----------
20260424 0
[Errno 2] No such file or directory: '/home/cfontana/RADAR//2026-04-19/EUHFR_NRTcurrent_HFR-TirLig-Total_v3.nc'
[Errno 2] No such file or directory: '/home/cfontana/RADAR//2026-04-19/EUHFR_NRTcurrent_HFR-ARPAS-Total_v3.nc'
[Errno 2] No such file or directory: '/home/cfontana/RADAR//2026-04-19/EUHFR_NRTcurrent_HFR-LaMMA-Total_v3.nc'
[Errno 2] No such file or directory: '/home/cfontana/RADAR//2026-04-19/EUHFR_NRTcurrent_HFR-GoS-Total_v3.nc'
[Errno 2] No such file or directory: '/home/cfontana/RADAR//2026-04-19/EUHFR_NRTcurrent_HFR-WesternItaly-Total_v3.nc'
[Errno 2] No such file or directory: '/home/cfontana/RADAR//2026-04-19/EUHFR_NRTcurrent_HFR-Granitola-Total_v3.nc'
[Errno 2] No such file or directory: '/home/cfontana/RADAR//2026-04-19/EUHFR_NRTcurrent_HFR-NAdr-Total_v3.nc'
[Errno 2] No such file or directory: '/home/cfontana/RADAR//2026-04-19/EUHFR_NRTcurrent_HFR-GoM-Total_v3.nc'
[SAVED FIG] /home/cfontana/DIAGS/SAD_2026-04-19/RADAR/20260424_00.jpg
+ cd ../..
+ cat config/config_SAD.json
+ sed -e s/DINI/2026-04-19/g
+ sed -e s/FREQ/daily/
+ 1> config/config_SAD_2026-04-19.json
+ sed -e s/DEND/2026-04-24/
+ sed -e s/DOUT/20260419/
+ [ 1 -eq 1 ]
+ cd datasets/CMEMS
+ python get_data_sat.py -c SAD_2026-04-19 -v chl
INFO - 2026-04-20T14:38:44Z - Selected dataset version: "202211"
INFO - 2026-04-20T14:38:44Z - Selected dataset part: "default"
WARNING - 2026-04-20T14:38:44Z - Some of your subset selection [2026-04-19 00:00:00+00:00, 2026-04-24 00:00:00+00:00] for the time dimension exceed the dataset coordinates [2023-04-29 00:00:00+00:00, 2026-04-19 00:00:00+00:00]
----------------------------------
=> Config file SAD_2026-04-19 loaded
----------------------------------

Downloading CMEMS products : cmems_obs-oc_med_bgc-plankton_nrt_l3-multi-1km_P1D
=> Variable ['CHL', 'KD490'] 

  0%|                                                                                          | 0/130 [00:00<?, ?it/s]  1%|▋                                                                                 | 1/130 [00:00<00:42,  3.01it/s]  4%|███▏                                                                              | 5/130 [00:00<00:10, 11.55it/s]  5%|████▍                                                                             | 7/130 [00:00<00:09, 13.25it/s]  7%|█████▋                                                                            | 9/130 [00:00<00:09, 12.12it/s] 12%|█████████▎                                                                       | 15/130 [00:00<00:05, 20.21it/s] 18%|██████████████▎                                                                  | 23/130 [00:01<00:03, 29.72it/s] 21%|████████████████▊                                                                | 27/130 [00:01<00:03, 31.62it/s] 25%|████████████████████▌                                                            | 33/130 [00:01<00:02, 37.44it/s] 29%|███████████████████████▋                                                         | 38/130 [00:01<00:02, 37.23it/s] 33%|██████████████████████████▊                                                      | 43/130 [00:01<00:02, 40.00it/s] 37%|█████████████████████████████▉                                                   | 48/130 [00:01<00:01, 41.87it/s] 41%|█████████████████████████████████                                                | 53/130 [00:01<00:01, 42.45it/s] 45%|████████████████████████████████████▏                                            | 58/130 [00:01<00:01, 43.88it/s] 48%|███████████████████████████████████████▎                                         | 63/130 [00:02<00:01, 45.23it/s] 52%|██████████████████████████████████████████▎                                      | 68/130 [00:02<00:01, 46.07it/s] 56%|█████████████████████████████████████████████▍                                   | 73/130 [00:02<00:01, 42.30it/s] 61%|█████████████████████████████████████████████████▏                               | 79/130 [00:02<00:01, 39.67it/s] 65%|████████████████████████████████████████████████████▉                            | 85/130 [00:02<00:01, 42.44it/s] 72%|█████████████████████████████████████████████████████████▉                       | 93/130 [00:02<00:00, 47.20it/s] 75%|█████████████████████████████████████████████████████████████                    | 98/130 [00:02<00:00, 46.86it/s] 79%|███████████████████████████████████████████████████████████████▍                | 103/130 [00:02<00:00, 43.05it/s] 83%|██████████████████████████████████████████████████████████████████▍             | 108/130 [00:03<00:00, 44.56it/s] 87%|█████████████████████████████████████████████████████████████████████▌          | 113/130 [00:03<00:00, 45.45it/s] 91%|████████████████████████████████████████████████████████████████████████▌       | 118/130 [00:03<00:00, 45.95it/s] 95%|███████████████████████████████████████████████████████████████████████████▋    | 123/130 [00:03<00:00, 44.80it/s] 99%|███████████████████████████████████████████████████████████████████████████████▍| 129/130 [00:03<00:00, 48.54it/s]100%|████████████████████████████████████████████████████████████████████████████████| 130/130 [00:03<00:00, 37.38it/s]

[FILE SAVED ] /home/cfontana/DIAGS/SAD_2026-04-19/CMEMS/data/cmems_obs-oc_med_bgc-plankton_nrt_l3-multi-1km_P1D.nc
+ python interp_cmems.py -c SAD_2026-04-19 -v chl
----------------------------------
=> Config file SAD_2026-04-19 loaded
----------------------------------


[FILE SAVED] /home/cfontana/DIAGS/SAD_2026-04-19/CMEMS/chl/ITP_NC/chl_20260419.nc

Traceback (most recent call last):
  File "/home/cfontana/DATA_MED/datasets/CMEMS/interp_cmems.py", line 95, in <module>
    data = np.array(ds[cvar][i,:,:]).squeeze().flatten()
                    ~~~~~~~~^^^^^^^
  File "src/netCDF4/_netCDF4.pyx", line 5107, in netCDF4._netCDF4.Variable.__getitem__
  File "src/netCDF4/_netCDF4.pyx", line 6079, in netCDF4._netCDF4.Variable._get
IndexError: index exceeds dimension bounds
+ [ 1 -eq 2 ]
+ cd ../../plot
+ python plot_CMEMS_pickle_data_vs_sat.py -c SAD_2026-04-19 -v chl -s CMEMS
----------------------------------
=> Config file SAD_2026-04-19 loaded
----------------------------------

Processing
739725 0.14286411954598882 0.30052516 0.15640122 0.9639392560601909
[Errno 2] No such file or directory: '/home/cfontana/DIAGS/SAD_2026-04-19/CMEMS/chl/ITP_NC/chl_20260420.nc' 

=> in get_sat_2D :
Error processing file /home/cfontana/DIAGS/SAD_2026-04-19/CMEMS/chl/ITP_NC/chl_20260420.nc
File not found
739726 0.15214103947141017 nan 0.14708893 1
[Errno 2] No such file or directory: '/home/cfontana/DIAGS/SAD_2026-04-19/CMEMS/chl/ITP_NC/chl_20260421.nc' 

=> in get_sat_2D :
Error processing file /home/cfontana/DIAGS/SAD_2026-04-19/CMEMS/chl/ITP_NC/chl_20260421.nc
File not found
739727 0.1566665512865374 nan 0.14371148 1
[Errno 2] No such file or directory: '/home/cfontana/DIAGS/SAD_2026-04-19/CMEMS/chl/ITP_NC/chl_20260422.nc' 

=> in get_sat_2D :
Error processing file /home/cfontana/DIAGS/SAD_2026-04-19/CMEMS/chl/ITP_NC/chl_20260422.nc
File not found
739728 0.16013640044556163 nan 0.1403789 1
[Errno 2] No such file or directory: '/home/cfontana/DIAGS/SAD_2026-04-19/CMEMS/chl/ITP_NC/chl_20260423.nc' 

=> in get_sat_2D :
Error processing file /home/cfontana/DIAGS/SAD_2026-04-19/CMEMS/chl/ITP_NC/chl_20260423.nc
File not found
739729 0.1627479091217117 nan 0.1395768 1
[Errno 2] No such file or directory: '/home/cfontana/DIAGS/SAD_2026-04-19/CMEMS/chl/ITP_NC/chl_20260424.nc' 

=> in get_sat_2D :
Error processing file /home/cfontana/DIAGS/SAD_2026-04-19/CMEMS/chl/ITP_NC/chl_20260424.nc
File not found
739730 0.1730642935705094 nan 0.14219718 1
[SAVED FIG] /home/cfontana/DIAGS/SAD_2026-04-19/CMEMS/chl/ITP_NC/PLOT/2026041912_chl.jpg
[SAVED FIG] /home/cfontana/DIAGS/SAD_2026-04-19/CMEMS/chl/ITP_NC/PLOT/2026042012_chl.jpg
[SAVED FIG] /home/cfontana/DIAGS/SAD_2026-04-19/CMEMS/chl/ITP_NC/PLOT/2026042112_chl.jpg
[SAVED FIG] /home/cfontana/DIAGS/SAD_2026-04-19/CMEMS/chl/ITP_NC/PLOT/2026042212_chl.jpg
[SAVED FIG] /home/cfontana/DIAGS/SAD_2026-04-19/CMEMS/chl/ITP_NC/PLOT/2026042312_chl.jpg
[SAVED FIG] /home/cfontana/DIAGS/SAD_2026-04-19/CMEMS/chl/ITP_NC/PLOT/2026042412_chl.jpg
+ python plot_sat_CMEMS_timeseries.py -c SAD_2026-04-19 -v chl -s CMEMS
----------------------------------
=> Config file SAD_2026-04-19 loaded
----------------------------------

[SAVED FIG] /home/cfontana/DIAGS/SAD_2026-04-19/CMEMS/chl/ITP_NC/time_series.jpg
+ cd ..
+ [ 1 -eq 0 ]
+ [ 1 -eq 1 ]
+ source /home/cfontana/venv/a/bin/activate
+ 1> /dev/null
+ deactivate nondestructive
+ [ -n /home/cfontana/venv/c/bin:/usr/local/sbin:/usr/local/bin:/usr/sbin:/usr/bin:/sbin:/bin:/usr/games:/usr/local/games:/snap/bin ]
+ PATH=/home/cfontana/venv/c/bin:/usr/local/sbin:/usr/local/bin:/usr/sbin:/usr/bin:/sbin:/bin:/usr/games:/usr/local/games:/snap/bin
+ export PATH
+ unset _OLD_VIRTUAL_PATH
+ [ -n '' ]
+ hash -r
+ 2> /dev/null
+ [ -n '(c) \[\e]0;\u@\h: \w\a\]${debian_chroot:+($debian_chroot)}\[\033[01;32m\]\u@\h\[\033[00m\]:\[\033[01;34m\]\w\[\033[00m\]\$ ' ]
+ PS1='(c) \[\e]0;\u@\h: \w\a\]${debian_chroot:+($debian_chroot)}\[\033[01;32m\]\u@\h\[\033[00m\]:\[\033[01;34m\]\w\[\033[00m\]\$ '
+ export PS1
+ unset _OLD_VIRTUAL_PS1
+ unset VIRTUAL_ENV
+ unset VIRTUAL_ENV_PROMPT
+ [ ! nondestructive '=' nondestructive ]
+ [ '' '=' cygwin ]
+ [ '' '=' msys ]
+ VIRTUAL_ENV=/home/cfontana/venv/a
+ export VIRTUAL_ENV
+ _OLD_VIRTUAL_PATH=/home/cfontana/venv/c/bin:/usr/local/sbin:/usr/local/bin:/usr/sbin:/usr/bin:/sbin:/bin:/usr/games:/usr/local/games:/snap/bin
+ PATH=/home/cfontana/venv/a/bin:/home/cfontana/venv/c/bin:/usr/local/sbin:/usr/local/bin:/usr/sbin:/usr/bin:/sbin:/bin:/usr/games:/usr/local/games:/snap/bin
+ export PATH
+ [ -n '' ]
+ [ -z '' ]
+ _OLD_VIRTUAL_PS1='(c) \[\e]0;\u@\h: \w\a\]${debian_chroot:+($debian_chroot)}\[\033[01;32m\]\u@\h\[\033[00m\]:\[\033[01;34m\]\w\[\033[00m\]\$ '
+ PS1='(a) (c) \[\e]0;\u@\h: \w\a\]${debian_chroot:+($debian_chroot)}\[\033[01;32m\]\u@\h\[\033[00m\]:\[\033[01;34m\]\w\[\033[00m\]\$ '
+ export PS1
+ VIRTUAL_ENV_PROMPT='(a) '
+ export VIRTUAL_ENV_PROMPT
+ hash -r
+ 2> /dev/null
+ sed -i s/daily/hourly/ config/config_SAD_2026-04-19.json
+ cd datasets/ARGO
+ python get_argo.py -c SAD_2026-04-19
Traceback (most recent call last):
  File "/home/cfontana/DATA_MED/datasets/ARGO/get_argo.py", line 9, in <module>
    from fun_gen import *
  File "/home/cfontana/DATA_MED/modules/fun_gen.py", line 5, in <module>
    from fun_io import load_coords
  File "/home/cfontana/DATA_MED/modules/fun_io.py", line 15, in <module>
    import copernicusmarine
ModuleNotFoundError: No module named 'copernicusmarine'
+ [ 1 -eq 0 ]
+ cd ../../
+ sed -i s/phy/bgc/ config/config_SAD_2026-04-19.json
+ cd datasets/ARGO
+ python get_argo.py -c SAD_2026-04-19
Traceback (most recent call last):
  File "/home/cfontana/DATA_MED/datasets/ARGO/get_argo.py", line 9, in <module>
    from fun_gen import *
  File "/home/cfontana/DATA_MED/modules/fun_gen.py", line 5, in <module>
    from fun_io import load_coords
  File "/home/cfontana/DATA_MED/modules/fun_io.py", line 15, in <module>
    import copernicusmarine
ModuleNotFoundError: No module named 'copernicusmarine'
+ [ 1 -eq 0 ]
+ cd ../../
+ [ 1 -eq 1 ]
+ source /home/cfontana/venv/c/bin/activate
+ 1> /dev/null
+ deactivate nondestructive
+ [ -n /home/cfontana/venv/c/bin:/usr/local/sbin:/usr/local/bin:/usr/sbin:/usr/bin:/sbin:/bin:/usr/games:/usr/local/games:/snap/bin ]
+ PATH=/home/cfontana/venv/c/bin:/usr/local/sbin:/usr/local/bin:/usr/sbin:/usr/bin:/sbin:/bin:/usr/games:/usr/local/games:/snap/bin
+ export PATH
+ unset _OLD_VIRTUAL_PATH
+ [ -n '' ]
+ hash -r
+ 2> /dev/null
+ [ -n '(c) \[\e]0;\u@\h: \w\a\]${debian_chroot:+($debian_chroot)}\[\033[01;32m\]\u@\h\[\033[00m\]:\[\033[01;34m\]\w\[\033[00m\]\$ ' ]
+ PS1='(c) \[\e]0;\u@\h: \w\a\]${debian_chroot:+($debian_chroot)}\[\033[01;32m\]\u@\h\[\033[00m\]:\[\033[01;34m\]\w\[\033[00m\]\$ '
+ export PS1
+ unset _OLD_VIRTUAL_PS1
+ unset VIRTUAL_ENV
+ unset VIRTUAL_ENV_PROMPT
+ [ ! nondestructive '=' nondestructive ]
+ [ '' '=' cygwin ]
+ [ '' '=' msys ]
+ VIRTUAL_ENV=/home/cfontana/venv/c
+ export VIRTUAL_ENV
+ _OLD_VIRTUAL_PATH=/home/cfontana/venv/c/bin:/usr/local/sbin:/usr/local/bin:/usr/sbin:/usr/bin:/sbin:/bin:/usr/games:/usr/local/games:/snap/bin
+ PATH=/home/cfontana/venv/c/bin:/home/cfontana/venv/c/bin:/usr/local/sbin:/usr/local/bin:/usr/sbin:/usr/bin:/sbin:/bin:/usr/games:/usr/local/games:/snap/bin
+ export PATH
+ [ -n '' ]
+ [ -z '' ]
+ _OLD_VIRTUAL_PS1='(c) \[\e]0;\u@\h: \w\a\]${debian_chroot:+($debian_chroot)}\[\033[01;32m\]\u@\h\[\033[00m\]:\[\033[01;34m\]\w\[\033[00m\]\$ '
+ PS1='(c) (c) \[\e]0;\u@\h: \w\a\]${debian_chroot:+($debian_chroot)}\[\033[01;32m\]\u@\h\[\033[00m\]:\[\033[01;34m\]\w\[\033[00m\]\$ '
+ export PS1
+ VIRTUAL_ENV_PROMPT='(c) '
+ export VIRTUAL_ENV_PROMPT
+ hash -r
+ 2> /dev/null
+ static=/home/cfontana/DIAGS/SAD_2026-04-19/static_SAD_2026-04-19
+ mkdir /home/cfontana/DIAGS/SAD_2026-04-19/static_SAD_2026-04-19
+ dir=/home/cfontana/DIAGS/SAD_2026-04-19/CMEMS/thetao/ITP_NC
+ i=1
+ ls /home/cfontana/DIAGS/SAD_2026-04-19/CMEMS/thetao/ITP_NC/PLOT/
+ cp /home/cfontana/DIAGS/SAD_2026-04-19/CMEMS/thetao/ITP_NC/PLOT/2026041900_thetao.jpg /home/cfontana/DIAGS/SAD_2026-04-19/static_SAD_2026-04-19/thetao_1.jpg
+ let i=1+1
+ cp /home/cfontana/DIAGS/SAD_2026-04-19/CMEMS/thetao/ITP_NC/PLOT/2026042000_thetao.jpg /home/cfontana/DIAGS/SAD_2026-04-19/static_SAD_2026-04-19/thetao_2.jpg
+ let i=2+1
+ cp /home/cfontana/DIAGS/SAD_2026-04-19/CMEMS/thetao/ITP_NC/PLOT/2026042100_thetao.jpg /home/cfontana/DIAGS/SAD_2026-04-19/static_SAD_2026-04-19/thetao_3.jpg
+ let i=3+1
+ cp /home/cfontana/DIAGS/SAD_2026-04-19/CMEMS/thetao/ITP_NC/PLOT/2026042200_thetao.jpg /home/cfontana/DIAGS/SAD_2026-04-19/static_SAD_2026-04-19/thetao_4.jpg
+ let i=4+1
+ cp /home/cfontana/DIAGS/SAD_2026-04-19/CMEMS/thetao/ITP_NC/PLOT/2026042300_thetao.jpg /home/cfontana/DIAGS/SAD_2026-04-19/static_SAD_2026-04-19/thetao_5.jpg
+ let i=5+1
+ cp /home/cfontana/DIAGS/SAD_2026-04-19/CMEMS/thetao/ITP_NC/PLOT/2026042400_thetao.jpg /home/cfontana/DIAGS/SAD_2026-04-19/static_SAD_2026-04-19/thetao_6.jpg
+ let i=6+1
+ cp /home/cfontana/DIAGS/SAD_2026-04-19/CMEMS/thetao/ITP_NC/time_series.jpg /home/cfontana/DIAGS/SAD_2026-04-19/static_SAD_2026-04-19/time_series_thetao.jpg
+ dir=/home/cfontana/DIAGS/SAD_2026-04-19/CMEMS/chl/ITP_NC
+ i=1
+ ls /home/cfontana/DIAGS/SAD_2026-04-19/CMEMS/chl/ITP_NC/PLOT/
+ cp /home/cfontana/DIAGS/SAD_2026-04-19/CMEMS/chl/ITP_NC/PLOT/2026041912_chl.jpg /home/cfontana/DIAGS/SAD_2026-04-19/static_SAD_2026-04-19/chl_1.jpg
+ let i=1+1
+ cp /home/cfontana/DIAGS/SAD_2026-04-19/CMEMS/chl/ITP_NC/PLOT/2026042012_chl.jpg /home/cfontana/DIAGS/SAD_2026-04-19/static_SAD_2026-04-19/chl_2.jpg
+ let i=2+1
+ cp /home/cfontana/DIAGS/SAD_2026-04-19/CMEMS/chl/ITP_NC/PLOT/2026042112_chl.jpg /home/cfontana/DIAGS/SAD_2026-04-19/static_SAD_2026-04-19/chl_3.jpg
+ let i=3+1
+ cp /home/cfontana/DIAGS/SAD_2026-04-19/CMEMS/chl/ITP_NC/PLOT/2026042212_chl.jpg /home/cfontana/DIAGS/SAD_2026-04-19/static_SAD_2026-04-19/chl_4.jpg
+ let i=4+1
+ cp /home/cfontana/DIAGS/SAD_2026-04-19/CMEMS/chl/ITP_NC/PLOT/2026042312_chl.jpg /home/cfontana/DIAGS/SAD_2026-04-19/static_SAD_2026-04-19/chl_5.jpg
+ let i=5+1
+ cp /home/cfontana/DIAGS/SAD_2026-04-19/CMEMS/chl/ITP_NC/PLOT/2026042412_chl.jpg /home/cfontana/DIAGS/SAD_2026-04-19/static_SAD_2026-04-19/chl_6.jpg
+ let i=6+1
+ cp /home/cfontana/DIAGS/SAD_2026-04-19/CMEMS/chl/ITP_NC/time_series.jpg /home/cfontana/DIAGS/SAD_2026-04-19/static_SAD_2026-04-19/time_series_chl.jpg
+ dir=/home/cfontana/DIAGS/SAD_2026-04-19/RADAR/
+ i=1
+ ls /home/cfontana/DIAGS/SAD_2026-04-19/RADAR//20260419_00.jpg /home/cfontana/DIAGS/SAD_2026-04-19/RADAR//20260420_00.jpg /home/cfontana/DIAGS/SAD_2026-04-19/RADAR//20260421_00.jpg /home/cfontana/DIAGS/SAD_2026-04-19/RADAR//20260422_00.jpg /home/cfontana/DIAGS/SAD_2026-04-19/RADAR//20260423_00.jpg /home/cfontana/DIAGS/SAD_2026-04-19/RADAR//20260424_00.jpg
+ cp /home/cfontana/DIAGS/SAD_2026-04-19/RADAR//20260419_00.jpg /home/cfontana/DIAGS/SAD_2026-04-19/static_SAD_2026-04-19/radar_1.jpg
+ let i=1+1
+ cp /home/cfontana/DIAGS/SAD_2026-04-19/RADAR//20260420_00.jpg /home/cfontana/DIAGS/SAD_2026-04-19/static_SAD_2026-04-19/radar_2.jpg
+ let i=2+1
+ cp /home/cfontana/DIAGS/SAD_2026-04-19/RADAR//20260421_00.jpg /home/cfontana/DIAGS/SAD_2026-04-19/static_SAD_2026-04-19/radar_3.jpg
+ let i=3+1
+ cp /home/cfontana/DIAGS/SAD_2026-04-19/RADAR//20260422_00.jpg /home/cfontana/DIAGS/SAD_2026-04-19/static_SAD_2026-04-19/radar_4.jpg
+ let i=4+1
+ cp /home/cfontana/DIAGS/SAD_2026-04-19/RADAR//20260423_00.jpg /home/cfontana/DIAGS/SAD_2026-04-19/static_SAD_2026-04-19/radar_5.jpg
+ let i=5+1
+ cp /home/cfontana/DIAGS/SAD_2026-04-19/RADAR//20260424_00.jpg /home/cfontana/DIAGS/SAD_2026-04-19/static_SAD_2026-04-19/radar_6.jpg
+ let i=6+1
+ dir=/home/cfontana/DIAGS/SAD_2026-04-19/ARGO/
+ ls -d '/home/cfontana/DIAGS/SAD_2026-04-19/ARGO//bio*/'
ls: cannot access '/home/cfontana/DIAGS/SAD_2026-04-19/ARGO//bio*/': No such file or directory
+ i=1
+ 1> /home/cfontana/DIAGS/SAD_2026-04-19/static_SAD_2026-04-19/list.txt
+ ls -d '/home/cfontana/DIAGS/SAD_2026-04-19/ARGO//*/'
ls: cannot access '/home/cfontana/DIAGS/SAD_2026-04-19/ARGO//*/': No such file or directory
+ cp /home/cfontana/DIAGS/SAD_2026-04-19/ARGO//map.jpg /home/cfontana/DIAGS/SAD_2026-04-19/static_SAD_2026-04-19
cp: cannot stat '/home/cfontana/DIAGS/SAD_2026-04-19/ARGO//map.jpg': No such file or directory
+ scp -r /home/cfontana/DIAGS/SAD_2026-04-19/static_SAD_2026-04-19 yulpa175555@webhost03.yulpa.io:/datas/yulpa175555/sites/merval.eg2.fr/htdocs/DIAGS
+ echo 'PROCESSING SAR'
PROCESSING SAR
+ echo '_______________ '
_______________ 
+ config=SAR_2026-04-19
+ awk '{print tolower($0)}'
+ echo SAR
+ lower=sar
+ set -x
+ cat config/config_SAR.json
+ sed -e s/DINI/2026-04-19/g
+ sed -e s/DOUT/20260419/
+ sed -e s/FREQ/hourly/
+ 1> config/config_SAR_2026-04-19.json
+ sed -e s/DEND/2026-04-24/
+ cp config/cmems_DOMAIN.dat config/cmems_SAR_2026-04-19.dat
+ cp config/variables_mit_DOMAIN.dat config/variables_mit_SAR_2026-04-19.dat
+ jq -r .diagdir config/config_SAR_2026-04-19.json
+ diagdir=/home/cfontana/DIAGS/SAR_2026-04-19
+ jq -r .radardir config/config_SAR_2026-04-19.json
+ radardir=/home/cfontana/RADAR/
+ [ 0 -eq 0 -a 0 -eq 1 ]
+ [ 1 -eq 1 ]
+ cd datasets/CMEMS
+ python get_data_sat.py -c SAR_2026-04-19 -v thetao
INFO - 2026-04-20T14:54:48Z - Selected dataset version: "202311"
INFO - 2026-04-20T14:54:48Z - Selected dataset part: "default"
WARNING - 2026-04-20T14:54:48Z - Some of your subset selection [2026-04-19 00:00:00+00:00, 2026-04-24 00:00:00+00:00] for the time dimension exceed the dataset coordinates [2008-01-01 00:00:00+00:00, 2026-04-20 00:00:00+00:00]
----------------------------------
=> Config file SAR_2026-04-19 loaded
----------------------------------

Downloading CMEMS products : SST_MED_SST_L3S_NRT_OBSERVATIONS_010_012_a
=> Variable [np.str_('sea_surface_temperature')] 


[FILE SAVED ] /home/cfontana/DIAGS/SAR_2026-04-19/CMEMS/data/SST_MED_SST_L3S_NRT_OBSERVATIONS_010_012_a.nc
+ python interp_cmems.py -c SAR_2026-04-19 -v thetao
----------------------------------
=> Config file SAR_2026-04-19 loaded
----------------------------------


[FILE SAVED] /home/cfontana/DIAGS/SAR_2026-04-19/CMEMS/thetao/ITP_NC/thetao_20260419.nc


[FILE SAVED] /home/cfontana/DIAGS/SAR_2026-04-19/CMEMS/thetao/ITP_NC/thetao_20260420.nc

Traceback (most recent call last):
  File "/home/cfontana/DATA_MED/datasets/CMEMS/interp_cmems.py", line 95, in <module>
    data = np.array(ds[cvar][i,:,:]).squeeze().flatten()
                    ~~~~~~~~^^^^^^^
  File "src/netCDF4/_netCDF4.pyx", line 5107, in netCDF4._netCDF4.Variable.__getitem__
  File "src/netCDF4/_netCDF4.pyx", line 6079, in netCDF4._netCDF4.Variable._get
IndexError: index exceeds dimension bounds
+ [ 1 -eq 2 ]
+ cd ../../plot
+ python plot_CMEMS_pickle_data_vs_sat.py -c SAR_2026-04-19 -v thetao -s CMEMS
----------------------------------
=> Config file SAR_2026-04-19 loaded
----------------------------------

Processing
739725 17.053193293255813 16.487097 16.53625 0.9753216125748942
739726 17.463014743424093 16.919537 16.793867 0.9043478032759362
[Errno 2] No such file or directory: '/home/cfontana/DIAGS/SAR_2026-04-19/CMEMS/thetao/ITP_NC/thetao_20260421.nc' 

=> in get_sat_2D :
Error processing file /home/cfontana/DIAGS/SAR_2026-04-19/CMEMS/thetao/ITP_NC/thetao_20260421.nc
File not found
739727 17.737952373815624 nan 16.975306 1
[Errno 2] No such file or directory: '/home/cfontana/DIAGS/SAR_2026-04-19/CMEMS/thetao/ITP_NC/thetao_20260422.nc' 

=> in get_sat_2D :
Error processing file /home/cfontana/DIAGS/SAR_2026-04-19/CMEMS/thetao/ITP_NC/thetao_20260422.nc
File not found
739728 18.12097898824854 nan 17.28718 1
[Errno 2] No such file or directory: '/home/cfontana/DIAGS/SAR_2026-04-19/CMEMS/thetao/ITP_NC/thetao_20260423.nc' 

=> in get_sat_2D :
Error processing file /home/cfontana/DIAGS/SAR_2026-04-19/CMEMS/thetao/ITP_NC/thetao_20260423.nc
File not found
739729 18.042598957358784 nan 17.345568 1
[Errno 2] No such file or directory: '/home/cfontana/DIAGS/SAR_2026-04-19/CMEMS/thetao/ITP_NC/thetao_20260424.nc' 

=> in get_sat_2D :
Error processing file /home/cfontana/DIAGS/SAR_2026-04-19/CMEMS/thetao/ITP_NC/thetao_20260424.nc
File not found
739730 17.628838420746074 nan 16.933567 1
[SAVED FIG] /home/cfontana/DIAGS/SAR_2026-04-19/CMEMS/thetao/ITP_NC/PLOT/2026041900_thetao.jpg
[SAVED FIG] /home/cfontana/DIAGS/SAR_2026-04-19/CMEMS/thetao/ITP_NC/PLOT/2026042000_thetao.jpg
[SAVED FIG] /home/cfontana/DIAGS/SAR_2026-04-19/CMEMS/thetao/ITP_NC/PLOT/2026042100_thetao.jpg
[SAVED FIG] /home/cfontana/DIAGS/SAR_2026-04-19/CMEMS/thetao/ITP_NC/PLOT/2026042200_thetao.jpg
[SAVED FIG] /home/cfontana/DIAGS/SAR_2026-04-19/CMEMS/thetao/ITP_NC/PLOT/2026042300_thetao.jpg
[SAVED FIG] /home/cfontana/DIAGS/SAR_2026-04-19/CMEMS/thetao/ITP_NC/PLOT/2026042400_thetao.jpg
+ python plot_sat_CMEMS_timeseries.py -c SAR_2026-04-19 -v thetao -s CMEMS
----------------------------------
=> Config file SAR_2026-04-19 loaded
----------------------------------

[SAVED FIG] /home/cfontana/DIAGS/SAR_2026-04-19/CMEMS/thetao/ITP_NC/time_series.jpg
+ cd ..
+ [ 1 -eq 1 ]
+ cd datasets/HFRADAR
+ python read_radar.py -c SAR_2026-04-19
----------------------------------
=> Config file SAR_2026-04-19 loaded
----------------------------------


----------
20260419 0
[Errno 2] No such file or directory: '/home/cfontana/RADAR//2026-04-19/EUHFR_NRTcurrent_HFR-TirLig-Total_v3.nc'
[Errno 2] No such file or directory: '/home/cfontana/RADAR//2026-04-19/EUHFR_NRTcurrent_HFR-ARPAS-Total_v3.nc'
[Errno 2] No such file or directory: '/home/cfontana/RADAR//2026-04-19/EUHFR_NRTcurrent_HFR-LaMMA-Total_v3.nc'
[Errno 2] No such file or directory: '/home/cfontana/RADAR//2026-04-19/EUHFR_NRTcurrent_HFR-GoS-Total_v3.nc'
[Errno 2] No such file or directory: '/home/cfontana/RADAR//2026-04-19/EUHFR_NRTcurrent_HFR-WesternItaly-Total_v3.nc'
[Errno 2] No such file or directory: '/home/cfontana/RADAR//2026-04-19/EUHFR_NRTcurrent_HFR-Granitola-Total_v3.nc'
[Errno 2] No such file or directory: '/home/cfontana/RADAR//2026-04-19/EUHFR_NRTcurrent_HFR-NAdr-Total_v3.nc'
[Errno 2] No such file or directory: '/home/cfontana/RADAR//2026-04-19/EUHFR_NRTcurrent_HFR-GoM-Total_v3.nc'
[SAVED FIG] /home/cfontana/DIAGS/SAR_2026-04-19/RADAR/20260419_00.jpg

----------
20260420 0
[Errno 2] No such file or directory: '/home/cfontana/RADAR//2026-04-19/EUHFR_NRTcurrent_HFR-TirLig-Total_v3.nc'
[Errno 2] No such file or directory: '/home/cfontana/RADAR//2026-04-19/EUHFR_NRTcurrent_HFR-ARPAS-Total_v3.nc'
[Errno 2] No such file or directory: '/home/cfontana/RADAR//2026-04-19/EUHFR_NRTcurrent_HFR-LaMMA-Total_v3.nc'
[Errno 2] No such file or directory: '/home/cfontana/RADAR//2026-04-19/EUHFR_NRTcurrent_HFR-GoS-Total_v3.nc'
[Errno 2] No such file or directory: '/home/cfontana/RADAR//2026-04-19/EUHFR_NRTcurrent_HFR-WesternItaly-Total_v3.nc'
[Errno 2] No such file or directory: '/home/cfontana/RADAR//2026-04-19/EUHFR_NRTcurrent_HFR-Granitola-Total_v3.nc'
[Errno 2] No such file or directory: '/home/cfontana/RADAR//2026-04-19/EUHFR_NRTcurrent_HFR-NAdr-Total_v3.nc'
[Errno 2] No such file or directory: '/home/cfontana/RADAR//2026-04-19/EUHFR_NRTcurrent_HFR-GoM-Total_v3.nc'
[SAVED FIG] /home/cfontana/DIAGS/SAR_2026-04-19/RADAR/20260420_00.jpg

----------
20260421 0
[Errno 2] No such file or directory: '/home/cfontana/RADAR//2026-04-19/EUHFR_NRTcurrent_HFR-TirLig-Total_v3.nc'
[Errno 2] No such file or directory: '/home/cfontana/RADAR//2026-04-19/EUHFR_NRTcurrent_HFR-ARPAS-Total_v3.nc'
[Errno 2] No such file or directory: '/home/cfontana/RADAR//2026-04-19/EUHFR_NRTcurrent_HFR-LaMMA-Total_v3.nc'
[Errno 2] No such file or directory: '/home/cfontana/RADAR//2026-04-19/EUHFR_NRTcurrent_HFR-GoS-Total_v3.nc'
[Errno 2] No such file or directory: '/home/cfontana/RADAR//2026-04-19/EUHFR_NRTcurrent_HFR-WesternItaly-Total_v3.nc'
[Errno 2] No such file or directory: '/home/cfontana/RADAR//2026-04-19/EUHFR_NRTcurrent_HFR-Granitola-Total_v3.nc'
[Errno 2] No such file or directory: '/home/cfontana/RADAR//2026-04-19/EUHFR_NRTcurrent_HFR-NAdr-Total_v3.nc'
[Errno 2] No such file or directory: '/home/cfontana/RADAR//2026-04-19/EUHFR_NRTcurrent_HFR-GoM-Total_v3.nc'
[SAVED FIG] /home/cfontana/DIAGS/SAR_2026-04-19/RADAR/20260421_00.jpg

----------
20260422 0
[Errno 2] No such file or directory: '/home/cfontana/RADAR//2026-04-19/EUHFR_NRTcurrent_HFR-TirLig-Total_v3.nc'
[Errno 2] No such file or directory: '/home/cfontana/RADAR//2026-04-19/EUHFR_NRTcurrent_HFR-ARPAS-Total_v3.nc'
[Errno 2] No such file or directory: '/home/cfontana/RADAR//2026-04-19/EUHFR_NRTcurrent_HFR-LaMMA-Total_v3.nc'
[Errno 2] No such file or directory: '/home/cfontana/RADAR//2026-04-19/EUHFR_NRTcurrent_HFR-GoS-Total_v3.nc'
[Errno 2] No such file or directory: '/home/cfontana/RADAR//2026-04-19/EUHFR_NRTcurrent_HFR-WesternItaly-Total_v3.nc'
[Errno 2] No such file or directory: '/home/cfontana/RADAR//2026-04-19/EUHFR_NRTcurrent_HFR-Granitola-Total_v3.nc'
[Errno 2] No such file or directory: '/home/cfontana/RADAR//2026-04-19/EUHFR_NRTcurrent_HFR-NAdr-Total_v3.nc'
[Errno 2] No such file or directory: '/home/cfontana/RADAR//2026-04-19/EUHFR_NRTcurrent_HFR-GoM-Total_v3.nc'
[SAVED FIG] /home/cfontana/DIAGS/SAR_2026-04-19/RADAR/20260422_00.jpg

----------
20260423 0
[Errno 2] No such file or directory: '/home/cfontana/RADAR//2026-04-19/EUHFR_NRTcurrent_HFR-TirLig-Total_v3.nc'
[Errno 2] No such file or directory: '/home/cfontana/RADAR//2026-04-19/EUHFR_NRTcurrent_HFR-ARPAS-Total_v3.nc'
[Errno 2] No such file or directory: '/home/cfontana/RADAR//2026-04-19/EUHFR_NRTcurrent_HFR-LaMMA-Total_v3.nc'
[Errno 2] No such file or directory: '/home/cfontana/RADAR//2026-04-19/EUHFR_NRTcurrent_HFR-GoS-Total_v3.nc'
[Errno 2] No such file or directory: '/home/cfontana/RADAR//2026-04-19/EUHFR_NRTcurrent_HFR-WesternItaly-Total_v3.nc'
[Errno 2] No such file or directory: '/home/cfontana/RADAR//2026-04-19/EUHFR_NRTcurrent_HFR-Granitola-Total_v3.nc'
[Errno 2] No such file or directory: '/home/cfontana/RADAR//2026-04-19/EUHFR_NRTcurrent_HFR-NAdr-Total_v3.nc'
[Errno 2] No such file or directory: '/home/cfontana/RADAR//2026-04-19/EUHFR_NRTcurrent_HFR-GoM-Total_v3.nc'
[SAVED FIG] /home/cfontana/DIAGS/SAR_2026-04-19/RADAR/20260423_00.jpg

----------
20260424 0
[Errno 2] No such file or directory: '/home/cfontana/RADAR//2026-04-19/EUHFR_NRTcurrent_HFR-TirLig-Total_v3.nc'
[Errno 2] No such file or directory: '/home/cfontana/RADAR//2026-04-19/EUHFR_NRTcurrent_HFR-ARPAS-Total_v3.nc'
[Errno 2] No such file or directory: '/home/cfontana/RADAR//2026-04-19/EUHFR_NRTcurrent_HFR-LaMMA-Total_v3.nc'
[Errno 2] No such file or directory: '/home/cfontana/RADAR//2026-04-19/EUHFR_NRTcurrent_HFR-GoS-Total_v3.nc'
[Errno 2] No such file or directory: '/home/cfontana/RADAR//2026-04-19/EUHFR_NRTcurrent_HFR-WesternItaly-Total_v3.nc'
[Errno 2] No such file or directory: '/home/cfontana/RADAR//2026-04-19/EUHFR_NRTcurrent_HFR-Granitola-Total_v3.nc'
[Errno 2] No such file or directory: '/home/cfontana/RADAR//2026-04-19/EUHFR_NRTcurrent_HFR-NAdr-Total_v3.nc'
[Errno 2] No such file or directory: '/home/cfontana/RADAR//2026-04-19/EUHFR_NRTcurrent_HFR-GoM-Total_v3.nc'
[SAVED FIG] /home/cfontana/DIAGS/SAR_2026-04-19/RADAR/20260424_00.jpg
+ cd ../..
+ cat config/config_SAR.json
+ sed -e s/DINI/2026-04-19/g
+ sed -e s/FREQ/daily/
+ 1> config/config_SAR_2026-04-19.json
+ sed -e s/DEND/2026-04-24/
+ sed -e s/DOUT/20260419/
+ [ 1 -eq 1 ]
+ cd datasets/CMEMS
+ python get_data_sat.py -c SAR_2026-04-19 -v chl
INFO - 2026-04-20T15:41:57Z - Selected dataset version: "202211"
INFO - 2026-04-20T15:41:57Z - Selected dataset part: "default"
WARNING - 2026-04-20T15:41:57Z - Some of your subset selection [2026-04-19 00:00:00+00:00, 2026-04-24 00:00:00+00:00] for the time dimension exceed the dataset coordinates [2023-04-29 00:00:00+00:00, 2026-04-19 00:00:00+00:00]
----------------------------------
=> Config file SAR_2026-04-19 loaded
----------------------------------

Downloading CMEMS products : cmems_obs-oc_med_bgc-plankton_nrt_l3-multi-1km_P1D
=> Variable ['CHL', 'KD490'] 

  0%|                                                                                           | 0/78 [00:00<?, ?it/s]  1%|█                                                                                  | 1/78 [00:00<00:25,  2.97it/s]  9%|███████▍                                                                           | 7/78 [00:00<00:03, 19.00it/s] 14%|███████████▌                                                                      | 11/78 [00:00<00:03, 21.61it/s] 19%|███████████████▊                                                                  | 15/78 [00:00<00:02, 24.73it/s] 27%|██████████████████████                                                            | 21/78 [00:00<00:01, 33.08it/s] 35%|████████████████████████████▍                                                     | 27/78 [00:00<00:01, 37.55it/s] 42%|██████████████████████████████████▋                                               | 33/78 [00:01<00:01, 41.73it/s] 55%|█████████████████████████████████████████████▏                                    | 43/78 [00:01<00:00, 50.22it/s] 63%|███████████████████████████████████████████████████▌                              | 49/78 [00:01<00:00, 51.67it/s] 71%|█████████████████████████████████████████████████████████▊                        | 55/78 [00:01<00:00, 50.51it/s] 78%|████████████████████████████████████████████████████████████████▏                 | 61/78 [00:01<00:00, 52.92it/s] 88%|████████████████████████████████████████████████████████████████████████▌         | 69/78 [00:01<00:00, 49.44it/s] 96%|██████████████████████████████████████████████████████████████████████████████▊   | 75/78 [00:01<00:00, 49.41it/s]100%|██████████████████████████████████████████████████████████████████████████████████| 78/78 [00:01<00:00, 41.47it/s]

[FILE SAVED ] /home/cfontana/DIAGS/SAR_2026-04-19/CMEMS/data/cmems_obs-oc_med_bgc-plankton_nrt_l3-multi-1km_P1D.nc
+ python interp_cmems.py -c SAR_2026-04-19 -v chl
----------------------------------
=> Config file SAR_2026-04-19 loaded
----------------------------------


[FILE SAVED] /home/cfontana/DIAGS/SAR_2026-04-19/CMEMS/chl/ITP_NC/chl_20260419.nc

Traceback (most recent call last):
  File "/home/cfontana/DATA_MED/datasets/CMEMS/interp_cmems.py", line 95, in <module>
    data = np.array(ds[cvar][i,:,:]).squeeze().flatten()
                    ~~~~~~~~^^^^^^^
  File "src/netCDF4/_netCDF4.pyx", line 5107, in netCDF4._netCDF4.Variable.__getitem__
  File "src/netCDF4/_netCDF4.pyx", line 6079, in netCDF4._netCDF4.Variable._get
IndexError: index exceeds dimension bounds
+ [ 1 -eq 2 ]
+ cd ../../plot
+ python plot_CMEMS_pickle_data_vs_sat.py -c SAR_2026-04-19 -v chl -s CMEMS
----------------------------------
=> Config file SAR_2026-04-19 loaded
----------------------------------

Processing
739725 0.14214402591149516 0.0880948 0.16729598 0.9754097822676873
[Errno 2] No such file or directory: '/home/cfontana/DIAGS/SAR_2026-04-19/CMEMS/chl/ITP_NC/chl_20260420.nc' 

=> in get_sat_2D :
Error processing file /home/cfontana/DIAGS/SAR_2026-04-19/CMEMS/chl/ITP_NC/chl_20260420.nc
File not found
739726 0.1489942256151114 nan 0.16471846 1
[Errno 2] No such file or directory: '/home/cfontana/DIAGS/SAR_2026-04-19/CMEMS/chl/ITP_NC/chl_20260421.nc' 

=> in get_sat_2D :
Error processing file /home/cfontana/DIAGS/SAR_2026-04-19/CMEMS/chl/ITP_NC/chl_20260421.nc
File not found
739727 0.15254624628725377 nan 0.1610393 1
[Errno 2] No such file or directory: '/home/cfontana/DIAGS/SAR_2026-04-19/CMEMS/chl/ITP_NC/chl_20260422.nc' 

=> in get_sat_2D :
Error processing file /home/cfontana/DIAGS/SAR_2026-04-19/CMEMS/chl/ITP_NC/chl_20260422.nc
File not found
739728 0.1539442544240553 nan 0.15698917 1
[Errno 2] No such file or directory: '/home/cfontana/DIAGS/SAR_2026-04-19/CMEMS/chl/ITP_NC/chl_20260423.nc' 

=> in get_sat_2D :
Error processing file /home/cfontana/DIAGS/SAR_2026-04-19/CMEMS/chl/ITP_NC/chl_20260423.nc
File not found
739729 0.15628300319807337 nan 0.15335119 1
[Errno 2] No such file or directory: '/home/cfontana/DIAGS/SAR_2026-04-19/CMEMS/chl/ITP_NC/chl_20260424.nc' 

=> in get_sat_2D :
Error processing file /home/cfontana/DIAGS/SAR_2026-04-19/CMEMS/chl/ITP_NC/chl_20260424.nc
File not found
739730 0.15923150646666362 nan 0.15036388 1
[SAVED FIG] /home/cfontana/DIAGS/SAR_2026-04-19/CMEMS/chl/ITP_NC/PLOT/2026041912_chl.jpg
[SAVED FIG] /home/cfontana/DIAGS/SAR_2026-04-19/CMEMS/chl/ITP_NC/PLOT/2026042012_chl.jpg
[SAVED FIG] /home/cfontana/DIAGS/SAR_2026-04-19/CMEMS/chl/ITP_NC/PLOT/2026042112_chl.jpg
[SAVED FIG] /home/cfontana/DIAGS/SAR_2026-04-19/CMEMS/chl/ITP_NC/PLOT/2026042212_chl.jpg
[SAVED FIG] /home/cfontana/DIAGS/SAR_2026-04-19/CMEMS/chl/ITP_NC/PLOT/2026042312_chl.jpg
[SAVED FIG] /home/cfontana/DIAGS/SAR_2026-04-19/CMEMS/chl/ITP_NC/PLOT/2026042412_chl.jpg
+ python plot_sat_CMEMS_timeseries.py -c SAR_2026-04-19 -v chl -s CMEMS
----------------------------------
=> Config file SAR_2026-04-19 loaded
----------------------------------

[SAVED FIG] /home/cfontana/DIAGS/SAR_2026-04-19/CMEMS/chl/ITP_NC/time_series.jpg
+ cd ..
+ [ 1 -eq 0 ]
+ [ 1 -eq 1 ]
+ source /home/cfontana/venv/a/bin/activate
+ 1> /dev/null
+ deactivate nondestructive
+ [ -n /home/cfontana/venv/c/bin:/usr/local/sbin:/usr/local/bin:/usr/sbin:/usr/bin:/sbin:/bin:/usr/games:/usr/local/games:/snap/bin ]
+ PATH=/home/cfontana/venv/c/bin:/usr/local/sbin:/usr/local/bin:/usr/sbin:/usr/bin:/sbin:/bin:/usr/games:/usr/local/games:/snap/bin
+ export PATH
+ unset _OLD_VIRTUAL_PATH
+ [ -n '' ]
+ hash -r
+ 2> /dev/null
+ [ -n '(c) \[\e]0;\u@\h: \w\a\]${debian_chroot:+($debian_chroot)}\[\033[01;32m\]\u@\h\[\033[00m\]:\[\033[01;34m\]\w\[\033[00m\]\$ ' ]
+ PS1='(c) \[\e]0;\u@\h: \w\a\]${debian_chroot:+($debian_chroot)}\[\033[01;32m\]\u@\h\[\033[00m\]:\[\033[01;34m\]\w\[\033[00m\]\$ '
+ export PS1
+ unset _OLD_VIRTUAL_PS1
+ unset VIRTUAL_ENV
+ unset VIRTUAL_ENV_PROMPT
+ [ ! nondestructive '=' nondestructive ]
+ [ '' '=' cygwin ]
+ [ '' '=' msys ]
+ VIRTUAL_ENV=/home/cfontana/venv/a
+ export VIRTUAL_ENV
+ _OLD_VIRTUAL_PATH=/home/cfontana/venv/c/bin:/usr/local/sbin:/usr/local/bin:/usr/sbin:/usr/bin:/sbin:/bin:/usr/games:/usr/local/games:/snap/bin
+ PATH=/home/cfontana/venv/a/bin:/home/cfontana/venv/c/bin:/usr/local/sbin:/usr/local/bin:/usr/sbin:/usr/bin:/sbin:/bin:/usr/games:/usr/local/games:/snap/bin
+ export PATH
+ [ -n '' ]
+ [ -z '' ]
+ _OLD_VIRTUAL_PS1='(c) \[\e]0;\u@\h: \w\a\]${debian_chroot:+($debian_chroot)}\[\033[01;32m\]\u@\h\[\033[00m\]:\[\033[01;34m\]\w\[\033[00m\]\$ '
+ PS1='(a) (c) \[\e]0;\u@\h: \w\a\]${debian_chroot:+($debian_chroot)}\[\033[01;32m\]\u@\h\[\033[00m\]:\[\033[01;34m\]\w\[\033[00m\]\$ '
+ export PS1
+ VIRTUAL_ENV_PROMPT='(a) '
+ export VIRTUAL_ENV_PROMPT
+ hash -r
+ 2> /dev/null
+ sed -i s/daily/hourly/ config/config_SAR_2026-04-19.json
+ cd datasets/ARGO
+ python get_argo.py -c SAR_2026-04-19
Traceback (most recent call last):
  File "/home/cfontana/DATA_MED/datasets/ARGO/get_argo.py", line 9, in <module>
    from fun_gen import *
  File "/home/cfontana/DATA_MED/modules/fun_gen.py", line 5, in <module>
    from fun_io import load_coords
  File "/home/cfontana/DATA_MED/modules/fun_io.py", line 15, in <module>
    import copernicusmarine
ModuleNotFoundError: No module named 'copernicusmarine'
+ [ 1 -eq 0 ]
+ cd ../../
+ sed -i s/phy/bgc/ config/config_SAR_2026-04-19.json
+ cd datasets/ARGO
+ python get_argo.py -c SAR_2026-04-19
Traceback (most recent call last):
  File "/home/cfontana/DATA_MED/datasets/ARGO/get_argo.py", line 9, in <module>
    from fun_gen import *
  File "/home/cfontana/DATA_MED/modules/fun_gen.py", line 5, in <module>
    from fun_io import load_coords
  File "/home/cfontana/DATA_MED/modules/fun_io.py", line 15, in <module>
    import copernicusmarine
ModuleNotFoundError: No module named 'copernicusmarine'
+ [ 1 -eq 0 ]
+ cd ../../
+ [ 1 -eq 1 ]
+ source /home/cfontana/venv/c/bin/activate
+ 1> /dev/null
+ deactivate nondestructive
+ [ -n /home/cfontana/venv/c/bin:/usr/local/sbin:/usr/local/bin:/usr/sbin:/usr/bin:/sbin:/bin:/usr/games:/usr/local/games:/snap/bin ]
+ PATH=/home/cfontana/venv/c/bin:/usr/local/sbin:/usr/local/bin:/usr/sbin:/usr/bin:/sbin:/bin:/usr/games:/usr/local/games:/snap/bin
+ export PATH
+ unset _OLD_VIRTUAL_PATH
+ [ -n '' ]
+ hash -r
+ 2> /dev/null
+ [ -n '(c) \[\e]0;\u@\h: \w\a\]${debian_chroot:+($debian_chroot)}\[\033[01;32m\]\u@\h\[\033[00m\]:\[\033[01;34m\]\w\[\033[00m\]\$ ' ]
+ PS1='(c) \[\e]0;\u@\h: \w\a\]${debian_chroot:+($debian_chroot)}\[\033[01;32m\]\u@\h\[\033[00m\]:\[\033[01;34m\]\w\[\033[00m\]\$ '
+ export PS1
+ unset _OLD_VIRTUAL_PS1
+ unset VIRTUAL_ENV
+ unset VIRTUAL_ENV_PROMPT
+ [ ! nondestructive '=' nondestructive ]
+ [ '' '=' cygwin ]
+ [ '' '=' msys ]
+ VIRTUAL_ENV=/home/cfontana/venv/c
+ export VIRTUAL_ENV
+ _OLD_VIRTUAL_PATH=/home/cfontana/venv/c/bin:/usr/local/sbin:/usr/local/bin:/usr/sbin:/usr/bin:/sbin:/bin:/usr/games:/usr/local/games:/snap/bin
+ PATH=/home/cfontana/venv/c/bin:/home/cfontana/venv/c/bin:/usr/local/sbin:/usr/local/bin:/usr/sbin:/usr/bin:/sbin:/bin:/usr/games:/usr/local/games:/snap/bin
+ export PATH
+ [ -n '' ]
+ [ -z '' ]
+ _OLD_VIRTUAL_PS1='(c) \[\e]0;\u@\h: \w\a\]${debian_chroot:+($debian_chroot)}\[\033[01;32m\]\u@\h\[\033[00m\]:\[\033[01;34m\]\w\[\033[00m\]\$ '
+ PS1='(c) (c) \[\e]0;\u@\h: \w\a\]${debian_chroot:+($debian_chroot)}\[\033[01;32m\]\u@\h\[\033[00m\]:\[\033[01;34m\]\w\[\033[00m\]\$ '
+ export PS1
+ VIRTUAL_ENV_PROMPT='(c) '
+ export VIRTUAL_ENV_PROMPT
+ hash -r
+ 2> /dev/null
+ static=/home/cfontana/DIAGS/SAR_2026-04-19/static_SAR_2026-04-19
+ mkdir /home/cfontana/DIAGS/SAR_2026-04-19/static_SAR_2026-04-19
mkdir: cannot create directory ‘/home/cfontana/DIAGS/SAR_2026-04-19/static_SAR_2026-04-19’: File exists
+ dir=/home/cfontana/DIAGS/SAR_2026-04-19/CMEMS/thetao/ITP_NC
+ i=1
+ ls /home/cfontana/DIAGS/SAR_2026-04-19/CMEMS/thetao/ITP_NC/PLOT/
+ cp /home/cfontana/DIAGS/SAR_2026-04-19/CMEMS/thetao/ITP_NC/PLOT/2026041900_thetao.jpg /home/cfontana/DIAGS/SAR_2026-04-19/static_SAR_2026-04-19/thetao_1.jpg
+ let i=1+1
+ cp /home/cfontana/DIAGS/SAR_2026-04-19/CMEMS/thetao/ITP_NC/PLOT/2026042000_thetao.jpg /home/cfontana/DIAGS/SAR_2026-04-19/static_SAR_2026-04-19/thetao_2.jpg
+ let i=2+1
+ cp /home/cfontana/DIAGS/SAR_2026-04-19/CMEMS/thetao/ITP_NC/PLOT/2026042100_thetao.jpg /home/cfontana/DIAGS/SAR_2026-04-19/static_SAR_2026-04-19/thetao_3.jpg
+ let i=3+1
+ cp /home/cfontana/DIAGS/SAR_2026-04-19/CMEMS/thetao/ITP_NC/PLOT/2026042200_thetao.jpg /home/cfontana/DIAGS/SAR_2026-04-19/static_SAR_2026-04-19/thetao_4.jpg
+ let i=4+1
+ cp /home/cfontana/DIAGS/SAR_2026-04-19/CMEMS/thetao/ITP_NC/PLOT/2026042300_thetao.jpg /home/cfontana/DIAGS/SAR_2026-04-19/static_SAR_2026-04-19/thetao_5.jpg
+ let i=5+1
+ cp /home/cfontana/DIAGS/SAR_2026-04-19/CMEMS/thetao/ITP_NC/PLOT/2026042400_thetao.jpg /home/cfontana/DIAGS/SAR_2026-04-19/static_SAR_2026-04-19/thetao_6.jpg
+ let i=6+1
+ cp /home/cfontana/DIAGS/SAR_2026-04-19/CMEMS/thetao/ITP_NC/time_series.jpg /home/cfontana/DIAGS/SAR_2026-04-19/static_SAR_2026-04-19/time_series_thetao.jpg
+ dir=/home/cfontana/DIAGS/SAR_2026-04-19/CMEMS/chl/ITP_NC
+ i=1
+ ls /home/cfontana/DIAGS/SAR_2026-04-19/CMEMS/chl/ITP_NC/PLOT/
+ cp /home/cfontana/DIAGS/SAR_2026-04-19/CMEMS/chl/ITP_NC/PLOT/2026041912_chl.jpg /home/cfontana/DIAGS/SAR_2026-04-19/static_SAR_2026-04-19/chl_1.jpg
+ let i=1+1
+ cp /home/cfontana/DIAGS/SAR_2026-04-19/CMEMS/chl/ITP_NC/PLOT/2026042012_chl.jpg /home/cfontana/DIAGS/SAR_2026-04-19/static_SAR_2026-04-19/chl_2.jpg
+ let i=2+1
+ cp /home/cfontana/DIAGS/SAR_2026-04-19/CMEMS/chl/ITP_NC/PLOT/2026042112_chl.jpg /home/cfontana/DIAGS/SAR_2026-04-19/static_SAR_2026-04-19/chl_3.jpg
+ let i=3+1
+ cp /home/cfontana/DIAGS/SAR_2026-04-19/CMEMS/chl/ITP_NC/PLOT/2026042212_chl.jpg /home/cfontana/DIAGS/SAR_2026-04-19/static_SAR_2026-04-19/chl_4.jpg
+ let i=4+1
+ cp /home/cfontana/DIAGS/SAR_2026-04-19/CMEMS/chl/ITP_NC/PLOT/2026042312_chl.jpg /home/cfontana/DIAGS/SAR_2026-04-19/static_SAR_2026-04-19/chl_5.jpg
+ let i=5+1
+ cp /home/cfontana/DIAGS/SAR_2026-04-19/CMEMS/chl/ITP_NC/PLOT/2026042412_chl.jpg /home/cfontana/DIAGS/SAR_2026-04-19/static_SAR_2026-04-19/chl_6.jpg
+ let i=6+1
+ cp /home/cfontana/DIAGS/SAR_2026-04-19/CMEMS/chl/ITP_NC/time_series.jpg /home/cfontana/DIAGS/SAR_2026-04-19/static_SAR_2026-04-19/time_series_chl.jpg
+ dir=/home/cfontana/DIAGS/SAR_2026-04-19/RADAR/
+ i=1
+ ls /home/cfontana/DIAGS/SAR_2026-04-19/RADAR//20260419_00.jpg /home/cfontana/DIAGS/SAR_2026-04-19/RADAR//20260420_00.jpg /home/cfontana/DIAGS/SAR_2026-04-19/RADAR//20260421_00.jpg /home/cfontana/DIAGS/SAR_2026-04-19/RADAR//20260422_00.jpg /home/cfontana/DIAGS/SAR_2026-04-19/RADAR//20260423_00.jpg /home/cfontana/DIAGS/SAR_2026-04-19/RADAR//20260424_00.jpg
+ cp /home/cfontana/DIAGS/SAR_2026-04-19/RADAR//20260419_00.jpg /home/cfontana/DIAGS/SAR_2026-04-19/static_SAR_2026-04-19/radar_1.jpg
+ let i=1+1
+ cp /home/cfontana/DIAGS/SAR_2026-04-19/RADAR//20260420_00.jpg /home/cfontana/DIAGS/SAR_2026-04-19/static_SAR_2026-04-19/radar_2.jpg
+ let i=2+1
+ cp /home/cfontana/DIAGS/SAR_2026-04-19/RADAR//20260421_00.jpg /home/cfontana/DIAGS/SAR_2026-04-19/static_SAR_2026-04-19/radar_3.jpg
+ let i=3+1
+ cp /home/cfontana/DIAGS/SAR_2026-04-19/RADAR//20260422_00.jpg /home/cfontana/DIAGS/SAR_2026-04-19/static_SAR_2026-04-19/radar_4.jpg
+ let i=4+1
+ cp /home/cfontana/DIAGS/SAR_2026-04-19/RADAR//20260423_00.jpg /home/cfontana/DIAGS/SAR_2026-04-19/static_SAR_2026-04-19/radar_5.jpg
+ let i=5+1
+ cp /home/cfontana/DIAGS/SAR_2026-04-19/RADAR//20260424_00.jpg /home/cfontana/DIAGS/SAR_2026-04-19/static_SAR_2026-04-19/radar_6.jpg
+ let i=6+1
+ dir=/home/cfontana/DIAGS/SAR_2026-04-19/ARGO/
+ ls -d '/home/cfontana/DIAGS/SAR_2026-04-19/ARGO//bio*/'
ls: cannot access '/home/cfontana/DIAGS/SAR_2026-04-19/ARGO//bio*/': No such file or directory
+ i=1
+ 1> /home/cfontana/DIAGS/SAR_2026-04-19/static_SAR_2026-04-19/list.txt
+ ls -d '/home/cfontana/DIAGS/SAR_2026-04-19/ARGO//*/'
ls: cannot access '/home/cfontana/DIAGS/SAR_2026-04-19/ARGO//*/': No such file or directory
+ cp /home/cfontana/DIAGS/SAR_2026-04-19/ARGO//map.jpg /home/cfontana/DIAGS/SAR_2026-04-19/static_SAR_2026-04-19
cp: cannot stat '/home/cfontana/DIAGS/SAR_2026-04-19/ARGO//map.jpg': No such file or directory
+ scp -r /home/cfontana/DIAGS/SAR_2026-04-19/static_SAR_2026-04-19 yulpa175555@webhost03.yulpa.io:/datas/yulpa175555/sites/merval.eg2.fr/htdocs/DIAGS
+ echo 'PROCESSING SIC'
PROCESSING SIC
+ echo '_______________ '
_______________ 
+ config=SIC_2026-04-19
+ awk '{print tolower($0)}'
+ echo SIC
+ lower=sic
+ set -x
+ cat config/config_SIC.json
+ sed -e s/DINI/2026-04-19/g
+ sed -e s/FREQ/hourly/
+ sed -e s/DOUT/20260419/
+ sed -e s/DEND/2026-04-24/
+ 1> config/config_SIC_2026-04-19.json
+ cp config/cmems_DOMAIN.dat config/cmems_SIC_2026-04-19.dat
+ cp config/variables_mit_DOMAIN.dat config/variables_mit_SIC_2026-04-19.dat
+ jq -r .diagdir config/config_SIC_2026-04-19.json
+ diagdir=/home/cfontana/DIAGS/SIC_2026-04-19
+ jq -r .radardir config/config_SIC_2026-04-19.json
+ radardir=/home/cfontana/RADAR/
+ [ 0 -eq 0 -a 0 -eq 1 ]
+ [ 1 -eq 1 ]
+ cd datasets/CMEMS
+ python get_data_sat.py -c SIC_2026-04-19 -v thetao
INFO - 2026-04-20T16:10:01Z - Selected dataset version: "202311"
INFO - 2026-04-20T16:10:01Z - Selected dataset part: "default"
WARNING - 2026-04-20T16:10:01Z - Some of your subset selection [2026-04-19 00:00:00+00:00, 2026-04-24 00:00:00+00:00] for the time dimension exceed the dataset coordinates [2008-01-01 00:00:00+00:00, 2026-04-20 00:00:00+00:00]
----------------------------------
=> Config file SIC_2026-04-19 loaded
----------------------------------

Downloading CMEMS products : SST_MED_SST_L3S_NRT_OBSERVATIONS_010_012_a
=> Variable [np.str_('sea_surface_temperature')] 


[FILE SAVED ] /home/cfontana/DIAGS/SIC_2026-04-19/CMEMS/data/SST_MED_SST_L3S_NRT_OBSERVATIONS_010_012_a.nc
+ python interp_cmems.py -c SIC_2026-04-19 -v thetao
----------------------------------
=> Config file SIC_2026-04-19 loaded
----------------------------------


[FILE SAVED] /home/cfontana/DIAGS/SIC_2026-04-19/CMEMS/thetao/ITP_NC/thetao_20260419.nc


[FILE SAVED] /home/cfontana/DIAGS/SIC_2026-04-19/CMEMS/thetao/ITP_NC/thetao_20260420.nc

Traceback (most recent call last):
  File "/home/cfontana/DATA_MED/datasets/CMEMS/interp_cmems.py", line 95, in <module>
    data = np.array(ds[cvar][i,:,:]).squeeze().flatten()
                    ~~~~~~~~^^^^^^^
  File "src/netCDF4/_netCDF4.pyx", line 5107, in netCDF4._netCDF4.Variable.__getitem__
  File "src/netCDF4/_netCDF4.pyx", line 6079, in netCDF4._netCDF4.Variable._get
IndexError: index exceeds dimension bounds
+ [ 1 -eq 2 ]
+ cd ../../plot
+ python plot_CMEMS_pickle_data_vs_sat.py -c SIC_2026-04-19 -v thetao -s CMEMS
----------------------------------
=> Config file SIC_2026-04-19 loaded
----------------------------------

Processing
739725 17.368324262933523 16.925697 16.983877 0.9464368354285652
739726 17.8234146660401 17.08145 17.237875 0.8718033875788774
[Errno 2] No such file or directory: '/home/cfontana/DIAGS/SIC_2026-04-19/CMEMS/thetao/ITP_NC/thetao_20260421.nc' 

=> in get_sat_2D :
Error processing file /home/cfontana/DIAGS/SIC_2026-04-19/CMEMS/thetao/ITP_NC/thetao_20260421.nc
File not found
739727 18.01001918533899 nan 17.436161 1
[Errno 2] No such file or directory: '/home/cfontana/DIAGS/SIC_2026-04-19/CMEMS/thetao/ITP_NC/thetao_20260422.nc' 

=> in get_sat_2D :
Error processing file /home/cfontana/DIAGS/SIC_2026-04-19/CMEMS/thetao/ITP_NC/thetao_20260422.nc
File not found
739728 18.281761869836334 nan 17.565126 1
[Errno 2] No such file or directory: '/home/cfontana/DIAGS/SIC_2026-04-19/CMEMS/thetao/ITP_NC/thetao_20260423.nc' 

=> in get_sat_2D :
Error processing file /home/cfontana/DIAGS/SIC_2026-04-19/CMEMS/thetao/ITP_NC/thetao_20260423.nc
File not found
739729 18.465186573770737 nan 17.920744 1
[Errno 2] No such file or directory: '/home/cfontana/DIAGS/SIC_2026-04-19/CMEMS/thetao/ITP_NC/thetao_20260424.nc' 

=> in get_sat_2D :
Error processing file /home/cfontana/DIAGS/SIC_2026-04-19/CMEMS/thetao/ITP_NC/thetao_20260424.nc
File not found
739730 18.053462636966163 nan 17.47112 1
[SAVED FIG] /home/cfontana/DIAGS/SIC_2026-04-19/CMEMS/thetao/ITP_NC/PLOT/2026041900_thetao.jpg
[SAVED FIG] /home/cfontana/DIAGS/SIC_2026-04-19/CMEMS/thetao/ITP_NC/PLOT/2026042000_thetao.jpg
[SAVED FIG] /home/cfontana/DIAGS/SIC_2026-04-19/CMEMS/thetao/ITP_NC/PLOT/2026042100_thetao.jpg
[SAVED FIG] /home/cfontana/DIAGS/SIC_2026-04-19/CMEMS/thetao/ITP_NC/PLOT/2026042200_thetao.jpg
[SAVED FIG] /home/cfontana/DIAGS/SIC_2026-04-19/CMEMS/thetao/ITP_NC/PLOT/2026042300_thetao.jpg
[SAVED FIG] /home/cfontana/DIAGS/SIC_2026-04-19/CMEMS/thetao/ITP_NC/PLOT/2026042400_thetao.jpg
+ python plot_sat_CMEMS_timeseries.py -c SIC_2026-04-19 -v thetao -s CMEMS
----------------------------------
=> Config file SIC_2026-04-19 loaded
----------------------------------

[SAVED FIG] /home/cfontana/DIAGS/SIC_2026-04-19/CMEMS/thetao/ITP_NC/time_series.jpg
+ cd ..
+ [ 1 -eq 1 ]
+ cd datasets/HFRADAR
+ python read_radar.py -c SIC_2026-04-19
----------------------------------
=> Config file SIC_2026-04-19 loaded
----------------------------------


----------
20260419 0
[Errno 2] No such file or directory: '/home/cfontana/RADAR//2026-04-19/EUHFR_NRTcurrent_HFR-TirLig-Total_v3.nc'
[Errno 2] No such file or directory: '/home/cfontana/RADAR//2026-04-19/EUHFR_NRTcurrent_HFR-ARPAS-Total_v3.nc'
[Errno 2] No such file or directory: '/home/cfontana/RADAR//2026-04-19/EUHFR_NRTcurrent_HFR-LaMMA-Total_v3.nc'
[Errno 2] No such file or directory: '/home/cfontana/RADAR//2026-04-19/EUHFR_NRTcurrent_HFR-GoS-Total_v3.nc'
[Errno 2] No such file or directory: '/home/cfontana/RADAR//2026-04-19/EUHFR_NRTcurrent_HFR-WesternItaly-Total_v3.nc'
[Errno 2] No such file or directory: '/home/cfontana/RADAR//2026-04-19/EUHFR_NRTcurrent_HFR-Granitola-Total_v3.nc'
[Errno 2] No such file or directory: '/home/cfontana/RADAR//2026-04-19/EUHFR_NRTcurrent_HFR-NAdr-Total_v3.nc'
[Errno 2] No such file or directory: '/home/cfontana/RADAR//2026-04-19/EUHFR_NRTcurrent_HFR-GoM-Total_v3.nc'
[SAVED FIG] /home/cfontana/DIAGS/SIC_2026-04-19/RADAR/20260419_00.jpg

----------
20260420 0
[Errno 2] No such file or directory: '/home/cfontana/RADAR//2026-04-19/EUHFR_NRTcurrent_HFR-TirLig-Total_v3.nc'
[Errno 2] No such file or directory: '/home/cfontana/RADAR//2026-04-19/EUHFR_NRTcurrent_HFR-ARPAS-Total_v3.nc'
[Errno 2] No such file or directory: '/home/cfontana/RADAR//2026-04-19/EUHFR_NRTcurrent_HFR-LaMMA-Total_v3.nc'
[Errno 2] No such file or directory: '/home/cfontana/RADAR//2026-04-19/EUHFR_NRTcurrent_HFR-GoS-Total_v3.nc'
[Errno 2] No such file or directory: '/home/cfontana/RADAR//2026-04-19/EUHFR_NRTcurrent_HFR-WesternItaly-Total_v3.nc'
[Errno 2] No such file or directory: '/home/cfontana/RADAR//2026-04-19/EUHFR_NRTcurrent_HFR-Granitola-Total_v3.nc'
[Errno 2] No such file or directory: '/home/cfontana/RADAR//2026-04-19/EUHFR_NRTcurrent_HFR-NAdr-Total_v3.nc'
[Errno 2] No such file or directory: '/home/cfontana/RADAR//2026-04-19/EUHFR_NRTcurrent_HFR-GoM-Total_v3.nc'
[SAVED FIG] /home/cfontana/DIAGS/SIC_2026-04-19/RADAR/20260420_00.jpg

----------
20260421 0
[Errno 2] No such file or directory: '/home/cfontana/RADAR//2026-04-19/EUHFR_NRTcurrent_HFR-TirLig-Total_v3.nc'
[Errno 2] No such file or directory: '/home/cfontana/RADAR//2026-04-19/EUHFR_NRTcurrent_HFR-ARPAS-Total_v3.nc'
[Errno 2] No such file or directory: '/home/cfontana/RADAR//2026-04-19/EUHFR_NRTcurrent_HFR-LaMMA-Total_v3.nc'
[Errno 2] No such file or directory: '/home/cfontana/RADAR//2026-04-19/EUHFR_NRTcurrent_HFR-GoS-Total_v3.nc'
[Errno 2] No such file or directory: '/home/cfontana/RADAR//2026-04-19/EUHFR_NRTcurrent_HFR-WesternItaly-Total_v3.nc'
[Errno 2] No such file or directory: '/home/cfontana/RADAR//2026-04-19/EUHFR_NRTcurrent_HFR-Granitola-Total_v3.nc'
[Errno 2] No such file or directory: '/home/cfontana/RADAR//2026-04-19/EUHFR_NRTcurrent_HFR-NAdr-Total_v3.nc'
[Errno 2] No such file or directory: '/home/cfontana/RADAR//2026-04-19/EUHFR_NRTcurrent_HFR-GoM-Total_v3.nc'
[SAVED FIG] /home/cfontana/DIAGS/SIC_2026-04-19/RADAR/20260421_00.jpg

----------
20260422 0
[Errno 2] No such file or directory: '/home/cfontana/RADAR//2026-04-19/EUHFR_NRTcurrent_HFR-TirLig-Total_v3.nc'
[Errno 2] No such file or directory: '/home/cfontana/RADAR//2026-04-19/EUHFR_NRTcurrent_HFR-ARPAS-Total_v3.nc'
[Errno 2] No such file or directory: '/home/cfontana/RADAR//2026-04-19/EUHFR_NRTcurrent_HFR-LaMMA-Total_v3.nc'
[Errno 2] No such file or directory: '/home/cfontana/RADAR//2026-04-19/EUHFR_NRTcurrent_HFR-GoS-Total_v3.nc'
[Errno 2] No such file or directory: '/home/cfontana/RADAR//2026-04-19/EUHFR_NRTcurrent_HFR-WesternItaly-Total_v3.nc'
[Errno 2] No such file or directory: '/home/cfontana/RADAR//2026-04-19/EUHFR_NRTcurrent_HFR-Granitola-Total_v3.nc'
[Errno 2] No such file or directory: '/home/cfontana/RADAR//2026-04-19/EUHFR_NRTcurrent_HFR-NAdr-Total_v3.nc'
[Errno 2] No such file or directory: '/home/cfontana/RADAR//2026-04-19/EUHFR_NRTcurrent_HFR-GoM-Total_v3.nc'
[SAVED FIG] /home/cfontana/DIAGS/SIC_2026-04-19/RADAR/20260422_00.jpg

----------
20260423 0
[Errno 2] No such file or directory: '/home/cfontana/RADAR//2026-04-19/EUHFR_NRTcurrent_HFR-TirLig-Total_v3.nc'
[Errno 2] No such file or directory: '/home/cfontana/RADAR//2026-04-19/EUHFR_NRTcurrent_HFR-ARPAS-Total_v3.nc'
[Errno 2] No such file or directory: '/home/cfontana/RADAR//2026-04-19/EUHFR_NRTcurrent_HFR-LaMMA-Total_v3.nc'
[Errno 2] No such file or directory: '/home/cfontana/RADAR//2026-04-19/EUHFR_NRTcurrent_HFR-GoS-Total_v3.nc'
[Errno 2] No such file or directory: '/home/cfontana/RADAR//2026-04-19/EUHFR_NRTcurrent_HFR-WesternItaly-Total_v3.nc'
[Errno 2] No such file or directory: '/home/cfontana/RADAR//2026-04-19/EUHFR_NRTcurrent_HFR-Granitola-Total_v3.nc'
[Errno 2] No such file or directory: '/home/cfontana/RADAR//2026-04-19/EUHFR_NRTcurrent_HFR-NAdr-Total_v3.nc'
[Errno 2] No such file or directory: '/home/cfontana/RADAR//2026-04-19/EUHFR_NRTcurrent_HFR-GoM-Total_v3.nc'
[SAVED FIG] /home/cfontana/DIAGS/SIC_2026-04-19/RADAR/20260423_00.jpg

----------
20260424 0
[Errno 2] No such file or directory: '/home/cfontana/RADAR//2026-04-19/EUHFR_NRTcurrent_HFR-TirLig-Total_v3.nc'
[Errno 2] No such file or directory: '/home/cfontana/RADAR//2026-04-19/EUHFR_NRTcurrent_HFR-ARPAS-Total_v3.nc'
[Errno 2] No such file or directory: '/home/cfontana/RADAR//2026-04-19/EUHFR_NRTcurrent_HFR-LaMMA-Total_v3.nc'
[Errno 2] No such file or directory: '/home/cfontana/RADAR//2026-04-19/EUHFR_NRTcurrent_HFR-GoS-Total_v3.nc'
[Errno 2] No such file or directory: '/home/cfontana/RADAR//2026-04-19/EUHFR_NRTcurrent_HFR-WesternItaly-Total_v3.nc'
[Errno 2] No such file or directory: '/home/cfontana/RADAR//2026-04-19/EUHFR_NRTcurrent_HFR-Granitola-Total_v3.nc'
[Errno 2] No such file or directory: '/home/cfontana/RADAR//2026-04-19/EUHFR_NRTcurrent_HFR-NAdr-Total_v3.nc'
[Errno 2] No such file or directory: '/home/cfontana/RADAR//2026-04-19/EUHFR_NRTcurrent_HFR-GoM-Total_v3.nc'
[SAVED FIG] /home/cfontana/DIAGS/SIC_2026-04-19/RADAR/20260424_00.jpg
+ cd ../..
+ cat config/config_SIC.json
+ sed -e s/FREQ/daily/
+ 1> config/config_SIC_2026-04-19.json
+ sed -e s/DINI/2026-04-19/g
+ sed -e s/DOUT/20260419/
+ sed -e s/DEND/2026-04-24/
+ [ 1 -eq 1 ]
+ cd datasets/CMEMS
+ python get_data_sat.py -c SIC_2026-04-19 -v chl
INFO - 2026-04-20T16:51:10Z - Selected dataset version: "202211"
INFO - 2026-04-20T16:51:10Z - Selected dataset part: "default"
WARNING - 2026-04-20T16:51:10Z - Some of your subset selection [2026-04-19 00:00:00+00:00, 2026-04-24 00:00:00+00:00] for the time dimension exceed the dataset coordinates [2023-04-29 00:00:00+00:00, 2026-04-19 00:00:00+00:00]
----------------------------------
=> Config file SIC_2026-04-19 loaded
----------------------------------

Downloading CMEMS products : cmems_obs-oc_med_bgc-plankton_nrt_l3-multi-1km_P1D
=> Variable ['CHL', 'KD490'] 


[FILE SAVED ] /home/cfontana/DIAGS/SIC_2026-04-19/CMEMS/data/cmems_obs-oc_med_bgc-plankton_nrt_l3-multi-1km_P1D.nc
+ python interp_cmems.py -c SIC_2026-04-19 -v chl
----------------------------------
=> Config file SIC_2026-04-19 loaded
----------------------------------


[FILE SAVED] /home/cfontana/DIAGS/SIC_2026-04-19/CMEMS/chl/ITP_NC/chl_20260419.nc

Traceback (most recent call last):
  File "/home/cfontana/DATA_MED/datasets/CMEMS/interp_cmems.py", line 95, in <module>
    data = np.array(ds[cvar][i,:,:]).squeeze().flatten()
                    ~~~~~~~~^^^^^^^
  File "src/netCDF4/_netCDF4.pyx", line 5107, in netCDF4._netCDF4.Variable.__getitem__
  File "src/netCDF4/_netCDF4.pyx", line 6079, in netCDF4._netCDF4.Variable._get
IndexError: index exceeds dimension bounds
+ [ 1 -eq 2 ]
+ cd ../../plot
+ python plot_CMEMS_pickle_data_vs_sat.py -c SIC_2026-04-19 -v chl -s CMEMS
----------------------------------
=> Config file SIC_2026-04-19 loaded
----------------------------------

Processing
739725 0.12159648755596777 0.07417569 0.15157056 0.8487889235643103
[Errno 2] No such file or directory: '/home/cfontana/DIAGS/SIC_2026-04-19/CMEMS/chl/ITP_NC/chl_20260420.nc' 

=> in get_sat_2D :
Error processing file /home/cfontana/DIAGS/SIC_2026-04-19/CMEMS/chl/ITP_NC/chl_20260420.nc
File not found
739726 0.12680603089034936 nan 0.14907944 1
[Errno 2] No such file or directory: '/home/cfontana/DIAGS/SIC_2026-04-19/CMEMS/chl/ITP_NC/chl_20260421.nc' 

=> in get_sat_2D :
Error processing file /home/cfontana/DIAGS/SIC_2026-04-19/CMEMS/chl/ITP_NC/chl_20260421.nc
File not found
739727 0.13024930003453902 nan 0.14860916 1
[Errno 2] No such file or directory: '/home/cfontana/DIAGS/SIC_2026-04-19/CMEMS/chl/ITP_NC/chl_20260422.nc' 

=> in get_sat_2D :
Error processing file /home/cfontana/DIAGS/SIC_2026-04-19/CMEMS/chl/ITP_NC/chl_20260422.nc
File not found
739728 0.13199402848268593 nan 0.14731736 1
[Errno 2] No such file or directory: '/home/cfontana/DIAGS/SIC_2026-04-19/CMEMS/chl/ITP_NC/chl_20260423.nc' 

=> in get_sat_2D :
Error processing file /home/cfontana/DIAGS/SIC_2026-04-19/CMEMS/chl/ITP_NC/chl_20260423.nc
File not found
739729 0.13466711308284057 nan 0.14532617 1
[Errno 2] No such file or directory: '/home/cfontana/DIAGS/SIC_2026-04-19/CMEMS/chl/ITP_NC/chl_20260424.nc' 

=> in get_sat_2D :
Error processing file /home/cfontana/DIAGS/SIC_2026-04-19/CMEMS/chl/ITP_NC/chl_20260424.nc
File not found
739730 0.13779249984925526 nan 0.14420804 1
[SAVED FIG] /home/cfontana/DIAGS/SIC_2026-04-19/CMEMS/chl/ITP_NC/PLOT/2026041912_chl.jpg
[SAVED FIG] /home/cfontana/DIAGS/SIC_2026-04-19/CMEMS/chl/ITP_NC/PLOT/2026042012_chl.jpg
[SAVED FIG] /home/cfontana/DIAGS/SIC_2026-04-19/CMEMS/chl/ITP_NC/PLOT/2026042112_chl.jpg
[SAVED FIG] /home/cfontana/DIAGS/SIC_2026-04-19/CMEMS/chl/ITP_NC/PLOT/2026042212_chl.jpg
[SAVED FIG] /home/cfontana/DIAGS/SIC_2026-04-19/CMEMS/chl/ITP_NC/PLOT/2026042312_chl.jpg
[SAVED FIG] /home/cfontana/DIAGS/SIC_2026-04-19/CMEMS/chl/ITP_NC/PLOT/2026042412_chl.jpg
+ python plot_sat_CMEMS_timeseries.py -c SIC_2026-04-19 -v chl -s CMEMS
----------------------------------
=> Config file SIC_2026-04-19 loaded
----------------------------------

[SAVED FIG] /home/cfontana/DIAGS/SIC_2026-04-19/CMEMS/chl/ITP_NC/time_series.jpg
+ cd ..
+ [ 1 -eq 0 ]
+ [ 1 -eq 1 ]
+ source /home/cfontana/venv/a/bin/activate
+ 1> /dev/null
+ deactivate nondestructive
+ [ -n /home/cfontana/venv/c/bin:/usr/local/sbin:/usr/local/bin:/usr/sbin:/usr/bin:/sbin:/bin:/usr/games:/usr/local/games:/snap/bin ]
+ PATH=/home/cfontana/venv/c/bin:/usr/local/sbin:/usr/local/bin:/usr/sbin:/usr/bin:/sbin:/bin:/usr/games:/usr/local/games:/snap/bin
+ export PATH
+ unset _OLD_VIRTUAL_PATH
+ [ -n '' ]
+ hash -r
+ 2> /dev/null
+ [ -n '(c) \[\e]0;\u@\h: \w\a\]${debian_chroot:+($debian_chroot)}\[\033[01;32m\]\u@\h\[\033[00m\]:\[\033[01;34m\]\w\[\033[00m\]\$ ' ]
+ PS1='(c) \[\e]0;\u@\h: \w\a\]${debian_chroot:+($debian_chroot)}\[\033[01;32m\]\u@\h\[\033[00m\]:\[\033[01;34m\]\w\[\033[00m\]\$ '
+ export PS1
+ unset _OLD_VIRTUAL_PS1
+ unset VIRTUAL_ENV
+ unset VIRTUAL_ENV_PROMPT
+ [ ! nondestructive '=' nondestructive ]
+ [ '' '=' cygwin ]
+ [ '' '=' msys ]
+ VIRTUAL_ENV=/home/cfontana/venv/a
+ export VIRTUAL_ENV
+ _OLD_VIRTUAL_PATH=/home/cfontana/venv/c/bin:/usr/local/sbin:/usr/local/bin:/usr/sbin:/usr/bin:/sbin:/bin:/usr/games:/usr/local/games:/snap/bin
+ PATH=/home/cfontana/venv/a/bin:/home/cfontana/venv/c/bin:/usr/local/sbin:/usr/local/bin:/usr/sbin:/usr/bin:/sbin:/bin:/usr/games:/usr/local/games:/snap/bin
+ export PATH
+ [ -n '' ]
+ [ -z '' ]
+ _OLD_VIRTUAL_PS1='(c) \[\e]0;\u@\h: \w\a\]${debian_chroot:+($debian_chroot)}\[\033[01;32m\]\u@\h\[\033[00m\]:\[\033[01;34m\]\w\[\033[00m\]\$ '
+ PS1='(a) (c) \[\e]0;\u@\h: \w\a\]${debian_chroot:+($debian_chroot)}\[\033[01;32m\]\u@\h\[\033[00m\]:\[\033[01;34m\]\w\[\033[00m\]\$ '
+ export PS1
+ VIRTUAL_ENV_PROMPT='(a) '
+ export VIRTUAL_ENV_PROMPT
+ hash -r
+ 2> /dev/null
+ sed -i s/daily/hourly/ config/config_SIC_2026-04-19.json
+ cd datasets/ARGO
+ python get_argo.py -c SIC_2026-04-19
Traceback (most recent call last):
  File "/home/cfontana/DATA_MED/datasets/ARGO/get_argo.py", line 9, in <module>
    from fun_gen import *
  File "/home/cfontana/DATA_MED/modules/fun_gen.py", line 5, in <module>
    from fun_io import load_coords
  File "/home/cfontana/DATA_MED/modules/fun_io.py", line 15, in <module>
    import copernicusmarine
ModuleNotFoundError: No module named 'copernicusmarine'
+ [ 1 -eq 0 ]
+ cd ../../
+ sed -i s/phy/bgc/ config/config_SIC_2026-04-19.json
+ cd datasets/ARGO
+ python get_argo.py -c SIC_2026-04-19
Traceback (most recent call last):
  File "/home/cfontana/DATA_MED/datasets/ARGO/get_argo.py", line 9, in <module>
    from fun_gen import *
  File "/home/cfontana/DATA_MED/modules/fun_gen.py", line 5, in <module>
    from fun_io import load_coords
  File "/home/cfontana/DATA_MED/modules/fun_io.py", line 15, in <module>
    import copernicusmarine
ModuleNotFoundError: No module named 'copernicusmarine'
+ [ 1 -eq 0 ]
+ cd ../../
+ [ 1 -eq 1 ]
+ source /home/cfontana/venv/c/bin/activate
+ 1> /dev/null
+ deactivate nondestructive
+ [ -n /home/cfontana/venv/c/bin:/usr/local/sbin:/usr/local/bin:/usr/sbin:/usr/bin:/sbin:/bin:/usr/games:/usr/local/games:/snap/bin ]
+ PATH=/home/cfontana/venv/c/bin:/usr/local/sbin:/usr/local/bin:/usr/sbin:/usr/bin:/sbin:/bin:/usr/games:/usr/local/games:/snap/bin
+ export PATH
+ unset _OLD_VIRTUAL_PATH
+ [ -n '' ]
+ hash -r
+ 2> /dev/null
+ [ -n '(c) \[\e]0;\u@\h: \w\a\]${debian_chroot:+($debian_chroot)}\[\033[01;32m\]\u@\h\[\033[00m\]:\[\033[01;34m\]\w\[\033[00m\]\$ ' ]
+ PS1='(c) \[\e]0;\u@\h: \w\a\]${debian_chroot:+($debian_chroot)}\[\033[01;32m\]\u@\h\[\033[00m\]:\[\033[01;34m\]\w\[\033[00m\]\$ '
+ export PS1
+ unset _OLD_VIRTUAL_PS1
+ unset VIRTUAL_ENV
+ unset VIRTUAL_ENV_PROMPT
+ [ ! nondestructive '=' nondestructive ]
+ [ '' '=' cygwin ]
+ [ '' '=' msys ]
+ VIRTUAL_ENV=/home/cfontana/venv/c
+ export VIRTUAL_ENV
+ _OLD_VIRTUAL_PATH=/home/cfontana/venv/c/bin:/usr/local/sbin:/usr/local/bin:/usr/sbin:/usr/bin:/sbin:/bin:/usr/games:/usr/local/games:/snap/bin
+ PATH=/home/cfontana/venv/c/bin:/home/cfontana/venv/c/bin:/usr/local/sbin:/usr/local/bin:/usr/sbin:/usr/bin:/sbin:/bin:/usr/games:/usr/local/games:/snap/bin
+ export PATH
+ [ -n '' ]
+ [ -z '' ]
+ _OLD_VIRTUAL_PS1='(c) \[\e]0;\u@\h: \w\a\]${debian_chroot:+($debian_chroot)}\[\033[01;32m\]\u@\h\[\033[00m\]:\[\033[01;34m\]\w\[\033[00m\]\$ '
+ PS1='(c) (c) \[\e]0;\u@\h: \w\a\]${debian_chroot:+($debian_chroot)}\[\033[01;32m\]\u@\h\[\033[00m\]:\[\033[01;34m\]\w\[\033[00m\]\$ '
+ export PS1
+ VIRTUAL_ENV_PROMPT='(c) '
+ export VIRTUAL_ENV_PROMPT
+ hash -r
+ 2> /dev/null
+ static=/home/cfontana/DIAGS/SIC_2026-04-19/static_SIC_2026-04-19
+ mkdir /home/cfontana/DIAGS/SIC_2026-04-19/static_SIC_2026-04-19
+ dir=/home/cfontana/DIAGS/SIC_2026-04-19/CMEMS/thetao/ITP_NC
+ i=1
+ ls /home/cfontana/DIAGS/SIC_2026-04-19/CMEMS/thetao/ITP_NC/PLOT/
+ cp /home/cfontana/DIAGS/SIC_2026-04-19/CMEMS/thetao/ITP_NC/PLOT/2026041900_thetao.jpg /home/cfontana/DIAGS/SIC_2026-04-19/static_SIC_2026-04-19/thetao_1.jpg
+ let i=1+1
+ cp /home/cfontana/DIAGS/SIC_2026-04-19/CMEMS/thetao/ITP_NC/PLOT/2026042000_thetao.jpg /home/cfontana/DIAGS/SIC_2026-04-19/static_SIC_2026-04-19/thetao_2.jpg
+ let i=2+1
+ cp /home/cfontana/DIAGS/SIC_2026-04-19/CMEMS/thetao/ITP_NC/PLOT/2026042100_thetao.jpg /home/cfontana/DIAGS/SIC_2026-04-19/static_SIC_2026-04-19/thetao_3.jpg
+ let i=3+1
+ cp /home/cfontana/DIAGS/SIC_2026-04-19/CMEMS/thetao/ITP_NC/PLOT/2026042200_thetao.jpg /home/cfontana/DIAGS/SIC_2026-04-19/static_SIC_2026-04-19/thetao_4.jpg
+ let i=4+1
+ cp /home/cfontana/DIAGS/SIC_2026-04-19/CMEMS/thetao/ITP_NC/PLOT/2026042300_thetao.jpg /home/cfontana/DIAGS/SIC_2026-04-19/static_SIC_2026-04-19/thetao_5.jpg
+ let i=5+1
+ cp /home/cfontana/DIAGS/SIC_2026-04-19/CMEMS/thetao/ITP_NC/PLOT/2026042400_thetao.jpg /home/cfontana/DIAGS/SIC_2026-04-19/static_SIC_2026-04-19/thetao_6.jpg
+ let i=6+1
+ cp /home/cfontana/DIAGS/SIC_2026-04-19/CMEMS/thetao/ITP_NC/time_series.jpg /home/cfontana/DIAGS/SIC_2026-04-19/static_SIC_2026-04-19/time_series_thetao.jpg
+ dir=/home/cfontana/DIAGS/SIC_2026-04-19/CMEMS/chl/ITP_NC
+ i=1
+ ls /home/cfontana/DIAGS/SIC_2026-04-19/CMEMS/chl/ITP_NC/PLOT/
+ cp /home/cfontana/DIAGS/SIC_2026-04-19/CMEMS/chl/ITP_NC/PLOT/2026041912_chl.jpg /home/cfontana/DIAGS/SIC_2026-04-19/static_SIC_2026-04-19/chl_1.jpg
+ let i=1+1
+ cp /home/cfontana/DIAGS/SIC_2026-04-19/CMEMS/chl/ITP_NC/PLOT/2026042012_chl.jpg /home/cfontana/DIAGS/SIC_2026-04-19/static_SIC_2026-04-19/chl_2.jpg
+ let i=2+1
+ cp /home/cfontana/DIAGS/SIC_2026-04-19/CMEMS/chl/ITP_NC/PLOT/2026042112_chl.jpg /home/cfontana/DIAGS/SIC_2026-04-19/static_SIC_2026-04-19/chl_3.jpg
+ let i=3+1
+ cp /home/cfontana/DIAGS/SIC_2026-04-19/CMEMS/chl/ITP_NC/PLOT/2026042212_chl.jpg /home/cfontana/DIAGS/SIC_2026-04-19/static_SIC_2026-04-19/chl_4.jpg
+ let i=4+1
+ cp /home/cfontana/DIAGS/SIC_2026-04-19/CMEMS/chl/ITP_NC/PLOT/2026042312_chl.jpg /home/cfontana/DIAGS/SIC_2026-04-19/static_SIC_2026-04-19/chl_5.jpg
+ let i=5+1
+ cp /home/cfontana/DIAGS/SIC_2026-04-19/CMEMS/chl/ITP_NC/PLOT/2026042412_chl.jpg /home/cfontana/DIAGS/SIC_2026-04-19/static_SIC_2026-04-19/chl_6.jpg
+ let i=6+1
+ cp /home/cfontana/DIAGS/SIC_2026-04-19/CMEMS/chl/ITP_NC/time_series.jpg /home/cfontana/DIAGS/SIC_2026-04-19/static_SIC_2026-04-19/time_series_chl.jpg
+ dir=/home/cfontana/DIAGS/SIC_2026-04-19/RADAR/
+ i=1
+ ls /home/cfontana/DIAGS/SIC_2026-04-19/RADAR//20260419_00.jpg /home/cfontana/DIAGS/SIC_2026-04-19/RADAR//20260420_00.jpg /home/cfontana/DIAGS/SIC_2026-04-19/RADAR//20260421_00.jpg /home/cfontana/DIAGS/SIC_2026-04-19/RADAR//20260422_00.jpg /home/cfontana/DIAGS/SIC_2026-04-19/RADAR//20260423_00.jpg /home/cfontana/DIAGS/SIC_2026-04-19/RADAR//20260424_00.jpg
+ cp /home/cfontana/DIAGS/SIC_2026-04-19/RADAR//20260419_00.jpg /home/cfontana/DIAGS/SIC_2026-04-19/static_SIC_2026-04-19/radar_1.jpg
+ let i=1+1
+ cp /home/cfontana/DIAGS/SIC_2026-04-19/RADAR//20260420_00.jpg /home/cfontana/DIAGS/SIC_2026-04-19/static_SIC_2026-04-19/radar_2.jpg
+ let i=2+1
+ cp /home/cfontana/DIAGS/SIC_2026-04-19/RADAR//20260421_00.jpg /home/cfontana/DIAGS/SIC_2026-04-19/static_SIC_2026-04-19/radar_3.jpg
+ let i=3+1
+ cp /home/cfontana/DIAGS/SIC_2026-04-19/RADAR//20260422_00.jpg /home/cfontana/DIAGS/SIC_2026-04-19/static_SIC_2026-04-19/radar_4.jpg
+ let i=4+1
+ cp /home/cfontana/DIAGS/SIC_2026-04-19/RADAR//20260423_00.jpg /home/cfontana/DIAGS/SIC_2026-04-19/static_SIC_2026-04-19/radar_5.jpg
+ let i=5+1
+ cp /home/cfontana/DIAGS/SIC_2026-04-19/RADAR//20260424_00.jpg /home/cfontana/DIAGS/SIC_2026-04-19/static_SIC_2026-04-19/radar_6.jpg
+ let i=6+1
+ dir=/home/cfontana/DIAGS/SIC_2026-04-19/ARGO/
+ ls -d '/home/cfontana/DIAGS/SIC_2026-04-19/ARGO//bio*/'
ls: cannot access '/home/cfontana/DIAGS/SIC_2026-04-19/ARGO//bio*/': No such file or directory
+ i=1
+ 1> /home/cfontana/DIAGS/SIC_2026-04-19/static_SIC_2026-04-19/list.txt
+ ls -d '/home/cfontana/DIAGS/SIC_2026-04-19/ARGO//*/'
ls: cannot access '/home/cfontana/DIAGS/SIC_2026-04-19/ARGO//*/': No such file or directory
+ cp /home/cfontana/DIAGS/SIC_2026-04-19/ARGO//map.jpg /home/cfontana/DIAGS/SIC_2026-04-19/static_SIC_2026-04-19
cp: cannot stat '/home/cfontana/DIAGS/SIC_2026-04-19/ARGO//map.jpg': No such file or directory
+ scp -r /home/cfontana/DIAGS/SIC_2026-04-19/static_SIC_2026-04-19 yulpa175555@webhost03.yulpa.io:/datas/yulpa175555/sites/merval.eg2.fr/htdocs/DIAGS
+ echo 'PROCESSING TYR'
PROCESSING TYR
+ echo '_______________ '
_______________ 
+ config=TYR_2026-04-19
+ awk '{print tolower($0)}'
+ echo TYR
+ lower=tyr
+ set -x
+ cat config/config_TYR.json
+ sed -e s/DINI/2026-04-19/g
+ sed -e s/FREQ/hourly/
+ 1> config/config_TYR_2026-04-19.json
+ sed -e s/DOUT/20260419/
+ sed -e s/DEND/2026-04-24/
+ cp config/cmems_DOMAIN.dat config/cmems_TYR_2026-04-19.dat
+ cp config/variables_mit_DOMAIN.dat config/variables_mit_TYR_2026-04-19.dat
+ jq -r .diagdir config/config_TYR_2026-04-19.json
+ diagdir=/home/cfontana/DIAGS/TYR_2026-04-19
+ jq -r .radardir config/config_TYR_2026-04-19.json
+ radardir=/home/cfontana/RADAR/
+ [ 0 -eq 0 -a 0 -eq 1 ]
+ [ 1 -eq 1 ]
+ cd datasets/CMEMS
+ python get_data_sat.py -c TYR_2026-04-19 -v thetao
INFO - 2026-04-20T17:10:52Z - Selected dataset version: "202311"
INFO - 2026-04-20T17:10:52Z - Selected dataset part: "default"
WARNING - 2026-04-20T17:10:52Z - Some of your subset selection [2026-04-19 00:00:00+00:00, 2026-04-24 00:00:00+00:00] for the time dimension exceed the dataset coordinates [2008-01-01 00:00:00+00:00, 2026-04-20 00:00:00+00:00]
----------------------------------
=> Config file TYR_2026-04-19 loaded
----------------------------------

Downloading CMEMS products : SST_MED_SST_L3S_NRT_OBSERVATIONS_010_012_a
=> Variable [np.str_('sea_surface_temperature')] 


[FILE SAVED ] /home/cfontana/DIAGS/TYR_2026-04-19/CMEMS/data/SST_MED_SST_L3S_NRT_OBSERVATIONS_010_012_a.nc
+ python interp_cmems.py -c TYR_2026-04-19 -v thetao
----------------------------------
=> Config file TYR_2026-04-19 loaded
----------------------------------


[FILE SAVED] /home/cfontana/DIAGS/TYR_2026-04-19/CMEMS/thetao/ITP_NC/thetao_20260419.nc


[FILE SAVED] /home/cfontana/DIAGS/TYR_2026-04-19/CMEMS/thetao/ITP_NC/thetao_20260420.nc

Traceback (most recent call last):
  File "/home/cfontana/DATA_MED/datasets/CMEMS/interp_cmems.py", line 95, in <module>
    data = np.array(ds[cvar][i,:,:]).squeeze().flatten()
                    ~~~~~~~~^^^^^^^
  File "src/netCDF4/_netCDF4.pyx", line 5107, in netCDF4._netCDF4.Variable.__getitem__
  File "src/netCDF4/_netCDF4.pyx", line 6079, in netCDF4._netCDF4.Variable._get
IndexError: index exceeds dimension bounds
+ [ 1 -eq 2 ]
+ cd ../../plot
+ python plot_CMEMS_pickle_data_vs_sat.py -c TYR_2026-04-19 -v thetao -s CMEMS
----------------------------------
=> Config file TYR_2026-04-19 loaded
----------------------------------

Processing
739725 17.61508422966145 17.36075 17.078787 0.959513874209602
739726 18.026724100612206 17.416668 17.326569 0.9134274373488034
[Errno 2] No such file or directory: '/home/cfontana/DIAGS/TYR_2026-04-19/CMEMS/thetao/ITP_NC/thetao_20260421.nc' 

=> in get_sat_2D :
Error processing file /home/cfontana/DIAGS/TYR_2026-04-19/CMEMS/thetao/ITP_NC/thetao_20260421.nc
File not found
739727 18.17896166306033 nan 17.224186 1
[Errno 2] No such file or directory: '/home/cfontana/DIAGS/TYR_2026-04-19/CMEMS/thetao/ITP_NC/thetao_20260422.nc' 

=> in get_sat_2D :
Error processing file /home/cfontana/DIAGS/TYR_2026-04-19/CMEMS/thetao/ITP_NC/thetao_20260422.nc
File not found
739728 18.575694845689835 nan 17.423498 1
[Errno 2] No such file or directory: '/home/cfontana/DIAGS/TYR_2026-04-19/CMEMS/thetao/ITP_NC/thetao_20260423.nc' 

=> in get_sat_2D :
Error processing file /home/cfontana/DIAGS/TYR_2026-04-19/CMEMS/thetao/ITP_NC/thetao_20260423.nc
File not found
739729 18.387359426376428 nan 17.492876 1
[Errno 2] No such file or directory: '/home/cfontana/DIAGS/TYR_2026-04-19/CMEMS/thetao/ITP_NC/thetao_20260424.nc' 

=> in get_sat_2D :
Error processing file /home/cfontana/DIAGS/TYR_2026-04-19/CMEMS/thetao/ITP_NC/thetao_20260424.nc
File not found
739730 17.542439439769193 nan 16.91224 1
[SAVED FIG] /home/cfontana/DIAGS/TYR_2026-04-19/CMEMS/thetao/ITP_NC/PLOT/2026041900_thetao.jpg
[SAVED FIG] /home/cfontana/DIAGS/TYR_2026-04-19/CMEMS/thetao/ITP_NC/PLOT/2026042000_thetao.jpg
[SAVED FIG] /home/cfontana/DIAGS/TYR_2026-04-19/CMEMS/thetao/ITP_NC/PLOT/2026042100_thetao.jpg
[SAVED FIG] /home/cfontana/DIAGS/TYR_2026-04-19/CMEMS/thetao/ITP_NC/PLOT/2026042200_thetao.jpg
[SAVED FIG] /home/cfontana/DIAGS/TYR_2026-04-19/CMEMS/thetao/ITP_NC/PLOT/2026042300_thetao.jpg
[SAVED FIG] /home/cfontana/DIAGS/TYR_2026-04-19/CMEMS/thetao/ITP_NC/PLOT/2026042400_thetao.jpg
+ python plot_sat_CMEMS_timeseries.py -c TYR_2026-04-19 -v thetao -s CMEMS
----------------------------------
=> Config file TYR_2026-04-19 loaded
----------------------------------

[SAVED FIG] /home/cfontana/DIAGS/TYR_2026-04-19/CMEMS/thetao/ITP_NC/time_series.jpg
+ cd ..
+ [ 1 -eq 1 ]
+ cd datasets/HFRADAR
+ python read_radar.py -c TYR_2026-04-19
----------------------------------
=> Config file TYR_2026-04-19 loaded
----------------------------------


----------
20260419 0
[Errno 2] No such file or directory: '/home/cfontana/RADAR//2026-04-19/EUHFR_NRTcurrent_HFR-TirLig-Total_v3.nc'
[Errno 2] No such file or directory: '/home/cfontana/RADAR//2026-04-19/EUHFR_NRTcurrent_HFR-ARPAS-Total_v3.nc'
[Errno 2] No such file or directory: '/home/cfontana/RADAR//2026-04-19/EUHFR_NRTcurrent_HFR-LaMMA-Total_v3.nc'
[Errno 2] No such file or directory: '/home/cfontana/RADAR//2026-04-19/EUHFR_NRTcurrent_HFR-GoS-Total_v3.nc'
[Errno 2] No such file or directory: '/home/cfontana/RADAR//2026-04-19/EUHFR_NRTcurrent_HFR-WesternItaly-Total_v3.nc'
[Errno 2] No such file or directory: '/home/cfontana/RADAR//2026-04-19/EUHFR_NRTcurrent_HFR-Granitola-Total_v3.nc'
[Errno 2] No such file or directory: '/home/cfontana/RADAR//2026-04-19/EUHFR_NRTcurrent_HFR-NAdr-Total_v3.nc'
[Errno 2] No such file or directory: '/home/cfontana/RADAR//2026-04-19/EUHFR_NRTcurrent_HFR-GoM-Total_v3.nc'
[SAVED FIG] /home/cfontana/DIAGS/TYR_2026-04-19/RADAR/20260419_00.jpg

----------
20260420 0
[Errno 2] No such file or directory: '/home/cfontana/RADAR//2026-04-19/EUHFR_NRTcurrent_HFR-TirLig-Total_v3.nc'
[Errno 2] No such file or directory: '/home/cfontana/RADAR//2026-04-19/EUHFR_NRTcurrent_HFR-ARPAS-Total_v3.nc'
[Errno 2] No such file or directory: '/home/cfontana/RADAR//2026-04-19/EUHFR_NRTcurrent_HFR-LaMMA-Total_v3.nc'
[Errno 2] No such file or directory: '/home/cfontana/RADAR//2026-04-19/EUHFR_NRTcurrent_HFR-GoS-Total_v3.nc'
[Errno 2] No such file or directory: '/home/cfontana/RADAR//2026-04-19/EUHFR_NRTcurrent_HFR-WesternItaly-Total_v3.nc'
[Errno 2] No such file or directory: '/home/cfontana/RADAR//2026-04-19/EUHFR_NRTcurrent_HFR-Granitola-Total_v3.nc'
[Errno 2] No such file or directory: '/home/cfontana/RADAR//2026-04-19/EUHFR_NRTcurrent_HFR-NAdr-Total_v3.nc'
[Errno 2] No such file or directory: '/home/cfontana/RADAR//2026-04-19/EUHFR_NRTcurrent_HFR-GoM-Total_v3.nc'
[SAVED FIG] /home/cfontana/DIAGS/TYR_2026-04-19/RADAR/20260420_00.jpg

----------
20260421 0
[Errno 2] No such file or directory: '/home/cfontana/RADAR//2026-04-19/EUHFR_NRTcurrent_HFR-TirLig-Total_v3.nc'
[Errno 2] No such file or directory: '/home/cfontana/RADAR//2026-04-19/EUHFR_NRTcurrent_HFR-ARPAS-Total_v3.nc'
[Errno 2] No such file or directory: '/home/cfontana/RADAR//2026-04-19/EUHFR_NRTcurrent_HFR-LaMMA-Total_v3.nc'
[Errno 2] No such file or directory: '/home/cfontana/RADAR//2026-04-19/EUHFR_NRTcurrent_HFR-GoS-Total_v3.nc'
[Errno 2] No such file or directory: '/home/cfontana/RADAR//2026-04-19/EUHFR_NRTcurrent_HFR-WesternItaly-Total_v3.nc'
[Errno 2] No such file or directory: '/home/cfontana/RADAR//2026-04-19/EUHFR_NRTcurrent_HFR-Granitola-Total_v3.nc'
[Errno 2] No such file or directory: '/home/cfontana/RADAR//2026-04-19/EUHFR_NRTcurrent_HFR-NAdr-Total_v3.nc'
[Errno 2] No such file or directory: '/home/cfontana/RADAR//2026-04-19/EUHFR_NRTcurrent_HFR-GoM-Total_v3.nc'
[SAVED FIG] /home/cfontana/DIAGS/TYR_2026-04-19/RADAR/20260421_00.jpg

----------
20260422 0
[Errno 2] No such file or directory: '/home/cfontana/RADAR//2026-04-19/EUHFR_NRTcurrent_HFR-TirLig-Total_v3.nc'
[Errno 2] No such file or directory: '/home/cfontana/RADAR//2026-04-19/EUHFR_NRTcurrent_HFR-ARPAS-Total_v3.nc'
[Errno 2] No such file or directory: '/home/cfontana/RADAR//2026-04-19/EUHFR_NRTcurrent_HFR-LaMMA-Total_v3.nc'
[Errno 2] No such file or directory: '/home/cfontana/RADAR//2026-04-19/EUHFR_NRTcurrent_HFR-GoS-Total_v3.nc'
[Errno 2] No such file or directory: '/home/cfontana/RADAR//2026-04-19/EUHFR_NRTcurrent_HFR-WesternItaly-Total_v3.nc'
[Errno 2] No such file or directory: '/home/cfontana/RADAR//2026-04-19/EUHFR_NRTcurrent_HFR-Granitola-Total_v3.nc'
[Errno 2] No such file or directory: '/home/cfontana/RADAR//2026-04-19/EUHFR_NRTcurrent_HFR-NAdr-Total_v3.nc'
[Errno 2] No such file or directory: '/home/cfontana/RADAR//2026-04-19/EUHFR_NRTcurrent_HFR-GoM-Total_v3.nc'
[SAVED FIG] /home/cfontana/DIAGS/TYR_2026-04-19/RADAR/20260422_00.jpg

----------
20260423 0
[Errno 2] No such file or directory: '/home/cfontana/RADAR//2026-04-19/EUHFR_NRTcurrent_HFR-TirLig-Total_v3.nc'
[Errno 2] No such file or directory: '/home/cfontana/RADAR//2026-04-19/EUHFR_NRTcurrent_HFR-ARPAS-Total_v3.nc'
[Errno 2] No such file or directory: '/home/cfontana/RADAR//2026-04-19/EUHFR_NRTcurrent_HFR-LaMMA-Total_v3.nc'
[Errno 2] No such file or directory: '/home/cfontana/RADAR//2026-04-19/EUHFR_NRTcurrent_HFR-GoS-Total_v3.nc'
[Errno 2] No such file or directory: '/home/cfontana/RADAR//2026-04-19/EUHFR_NRTcurrent_HFR-WesternItaly-Total_v3.nc'
[Errno 2] No such file or directory: '/home/cfontana/RADAR//2026-04-19/EUHFR_NRTcurrent_HFR-Granitola-Total_v3.nc'
[Errno 2] No such file or directory: '/home/cfontana/RADAR//2026-04-19/EUHFR_NRTcurrent_HFR-NAdr-Total_v3.nc'
[Errno 2] No such file or directory: '/home/cfontana/RADAR//2026-04-19/EUHFR_NRTcurrent_HFR-GoM-Total_v3.nc'
[SAVED FIG] /home/cfontana/DIAGS/TYR_2026-04-19/RADAR/20260423_00.jpg

----------
20260424 0
[Errno 2] No such file or directory: '/home/cfontana/RADAR//2026-04-19/EUHFR_NRTcurrent_HFR-TirLig-Total_v3.nc'
[Errno 2] No such file or directory: '/home/cfontana/RADAR//2026-04-19/EUHFR_NRTcurrent_HFR-ARPAS-Total_v3.nc'
[Errno 2] No such file or directory: '/home/cfontana/RADAR//2026-04-19/EUHFR_NRTcurrent_HFR-LaMMA-Total_v3.nc'
[Errno 2] No such file or directory: '/home/cfontana/RADAR//2026-04-19/EUHFR_NRTcurrent_HFR-GoS-Total_v3.nc'
[Errno 2] No such file or directory: '/home/cfontana/RADAR//2026-04-19/EUHFR_NRTcurrent_HFR-WesternItaly-Total_v3.nc'
[Errno 2] No such file or directory: '/home/cfontana/RADAR//2026-04-19/EUHFR_NRTcurrent_HFR-Granitola-Total_v3.nc'
[Errno 2] No such file or directory: '/home/cfontana/RADAR//2026-04-19/EUHFR_NRTcurrent_HFR-NAdr-Total_v3.nc'
[Errno 2] No such file or directory: '/home/cfontana/RADAR//2026-04-19/EUHFR_NRTcurrent_HFR-GoM-Total_v3.nc'
[SAVED FIG] /home/cfontana/DIAGS/TYR_2026-04-19/RADAR/20260424_00.jpg
+ cd ../..
+ cat config/config_TYR.json
+ sed -e s/DINI/2026-04-19/g
+ sed -e s/FREQ/daily/
+ 1> config/config_TYR_2026-04-19.json
+ sed -e s/DOUT/20260419/
+ sed -e s/DEND/2026-04-24/
+ [ 1 -eq 1 ]
+ cd datasets/CMEMS
+ python get_data_sat.py -c TYR_2026-04-19 -v chl
INFO - 2026-04-20T17:39:09Z - Selected dataset version: "202211"
INFO - 2026-04-20T17:39:09Z - Selected dataset part: "default"
WARNING - 2026-04-20T17:39:09Z - Some of your subset selection [2026-04-19 00:00:00+00:00, 2026-04-24 00:00:00+00:00] for the time dimension exceed the dataset coordinates [2023-04-29 00:00:00+00:00, 2026-04-19 00:00:00+00:00]
----------------------------------
=> Config file TYR_2026-04-19 loaded
----------------------------------

Downloading CMEMS products : cmems_obs-oc_med_bgc-plankton_nrt_l3-multi-1km_P1D
=> Variable ['CHL', 'KD490'] 


[FILE SAVED ] /home/cfontana/DIAGS/TYR_2026-04-19/CMEMS/data/cmems_obs-oc_med_bgc-plankton_nrt_l3-multi-1km_P1D.nc
+ python interp_cmems.py -c TYR_2026-04-19 -v chl
----------------------------------
=> Config file TYR_2026-04-19 loaded
----------------------------------


[FILE SAVED] /home/cfontana/DIAGS/TYR_2026-04-19/CMEMS/chl/ITP_NC/chl_20260419.nc

Traceback (most recent call last):
  File "/home/cfontana/DATA_MED/datasets/CMEMS/interp_cmems.py", line 95, in <module>
    data = np.array(ds[cvar][i,:,:]).squeeze().flatten()
                    ~~~~~~~~^^^^^^^
  File "src/netCDF4/_netCDF4.pyx", line 5107, in netCDF4._netCDF4.Variable.__getitem__
  File "src/netCDF4/_netCDF4.pyx", line 6079, in netCDF4._netCDF4.Variable._get
IndexError: index exceeds dimension bounds
+ [ 1 -eq 2 ]
+ cd ../../plot
+ python plot_CMEMS_pickle_data_vs_sat.py -c TYR_2026-04-19 -v chl -s CMEMS
----------------------------------
=> Config file TYR_2026-04-19 loaded
----------------------------------

Processing
739725 0.11300737176555332 0.078529276 0.116209924 0.9813220155601958
[Errno 2] No such file or directory: '/home/cfontana/DIAGS/TYR_2026-04-19/CMEMS/chl/ITP_NC/chl_20260420.nc' 

=> in get_sat_2D :
Error processing file /home/cfontana/DIAGS/TYR_2026-04-19/CMEMS/chl/ITP_NC/chl_20260420.nc
File not found
739726 0.11997517578898678 nan 0.11734959 1
[Errno 2] No such file or directory: '/home/cfontana/DIAGS/TYR_2026-04-19/CMEMS/chl/ITP_NC/chl_20260421.nc' 

=> in get_sat_2D :
Error processing file /home/cfontana/DIAGS/TYR_2026-04-19/CMEMS/chl/ITP_NC/chl_20260421.nc
File not found
739727 0.12219522270220423 nan 0.11706502 1
[Errno 2] No such file or directory: '/home/cfontana/DIAGS/TYR_2026-04-19/CMEMS/chl/ITP_NC/chl_20260422.nc' 

=> in get_sat_2D :
Error processing file /home/cfontana/DIAGS/TYR_2026-04-19/CMEMS/chl/ITP_NC/chl_20260422.nc
File not found
739728 0.12227409111620839 nan 0.116872065 1
[Errno 2] No such file or directory: '/home/cfontana/DIAGS/TYR_2026-04-19/CMEMS/chl/ITP_NC/chl_20260423.nc' 

=> in get_sat_2D :
Error processing file /home/cfontana/DIAGS/TYR_2026-04-19/CMEMS/chl/ITP_NC/chl_20260423.nc
File not found
739729 0.12389833510108518 nan 0.117066614 1
[Errno 2] No such file or directory: '/home/cfontana/DIAGS/TYR_2026-04-19/CMEMS/chl/ITP_NC/chl_20260424.nc' 

=> in get_sat_2D :
Error processing file /home/cfontana/DIAGS/TYR_2026-04-19/CMEMS/chl/ITP_NC/chl_20260424.nc
File not found
739730 0.12660158903555688 nan 0.11750074 1
[SAVED FIG] /home/cfontana/DIAGS/TYR_2026-04-19/CMEMS/chl/ITP_NC/PLOT/2026041912_chl.jpg
[SAVED FIG] /home/cfontana/DIAGS/TYR_2026-04-19/CMEMS/chl/ITP_NC/PLOT/2026042012_chl.jpg
[SAVED FIG] /home/cfontana/DIAGS/TYR_2026-04-19/CMEMS/chl/ITP_NC/PLOT/2026042112_chl.jpg
[SAVED FIG] /home/cfontana/DIAGS/TYR_2026-04-19/CMEMS/chl/ITP_NC/PLOT/2026042212_chl.jpg
[SAVED FIG] /home/cfontana/DIAGS/TYR_2026-04-19/CMEMS/chl/ITP_NC/PLOT/2026042312_chl.jpg
[SAVED FIG] /home/cfontana/DIAGS/TYR_2026-04-19/CMEMS/chl/ITP_NC/PLOT/2026042412_chl.jpg
+ python plot_sat_CMEMS_timeseries.py -c TYR_2026-04-19 -v chl -s CMEMS
----------------------------------
=> Config file TYR_2026-04-19 loaded
----------------------------------

[SAVED FIG] /home/cfontana/DIAGS/TYR_2026-04-19/CMEMS/chl/ITP_NC/time_series.jpg
+ cd ..
+ [ 1 -eq 0 ]
+ [ 1 -eq 1 ]
+ source /home/cfontana/venv/a/bin/activate
+ 1> /dev/null
+ deactivate nondestructive
+ [ -n /home/cfontana/venv/c/bin:/usr/local/sbin:/usr/local/bin:/usr/sbin:/usr/bin:/sbin:/bin:/usr/games:/usr/local/games:/snap/bin ]
+ PATH=/home/cfontana/venv/c/bin:/usr/local/sbin:/usr/local/bin:/usr/sbin:/usr/bin:/sbin:/bin:/usr/games:/usr/local/games:/snap/bin
+ export PATH
+ unset _OLD_VIRTUAL_PATH
+ [ -n '' ]
+ hash -r
+ 2> /dev/null
+ [ -n '(c) \[\e]0;\u@\h: \w\a\]${debian_chroot:+($debian_chroot)}\[\033[01;32m\]\u@\h\[\033[00m\]:\[\033[01;34m\]\w\[\033[00m\]\$ ' ]
+ PS1='(c) \[\e]0;\u@\h: \w\a\]${debian_chroot:+($debian_chroot)}\[\033[01;32m\]\u@\h\[\033[00m\]:\[\033[01;34m\]\w\[\033[00m\]\$ '
+ export PS1
+ unset _OLD_VIRTUAL_PS1
+ unset VIRTUAL_ENV
+ unset VIRTUAL_ENV_PROMPT
+ [ ! nondestructive '=' nondestructive ]
+ [ '' '=' cygwin ]
+ [ '' '=' msys ]
+ VIRTUAL_ENV=/home/cfontana/venv/a
+ export VIRTUAL_ENV
+ _OLD_VIRTUAL_PATH=/home/cfontana/venv/c/bin:/usr/local/sbin:/usr/local/bin:/usr/sbin:/usr/bin:/sbin:/bin:/usr/games:/usr/local/games:/snap/bin
+ PATH=/home/cfontana/venv/a/bin:/home/cfontana/venv/c/bin:/usr/local/sbin:/usr/local/bin:/usr/sbin:/usr/bin:/sbin:/bin:/usr/games:/usr/local/games:/snap/bin
+ export PATH
+ [ -n '' ]
+ [ -z '' ]
+ _OLD_VIRTUAL_PS1='(c) \[\e]0;\u@\h: \w\a\]${debian_chroot:+($debian_chroot)}\[\033[01;32m\]\u@\h\[\033[00m\]:\[\033[01;34m\]\w\[\033[00m\]\$ '
+ PS1='(a) (c) \[\e]0;\u@\h: \w\a\]${debian_chroot:+($debian_chroot)}\[\033[01;32m\]\u@\h\[\033[00m\]:\[\033[01;34m\]\w\[\033[00m\]\$ '
+ export PS1
+ VIRTUAL_ENV_PROMPT='(a) '
+ export VIRTUAL_ENV_PROMPT
+ hash -r
+ 2> /dev/null
+ sed -i s/daily/hourly/ config/config_TYR_2026-04-19.json
+ cd datasets/ARGO
+ python get_argo.py -c TYR_2026-04-19
Traceback (most recent call last):
  File "/home/cfontana/DATA_MED/datasets/ARGO/get_argo.py", line 9, in <module>
    from fun_gen import *
  File "/home/cfontana/DATA_MED/modules/fun_gen.py", line 5, in <module>
    from fun_io import load_coords
  File "/home/cfontana/DATA_MED/modules/fun_io.py", line 15, in <module>
    import copernicusmarine
ModuleNotFoundError: No module named 'copernicusmarine'
+ [ 1 -eq 0 ]
+ cd ../../
+ sed -i s/phy/bgc/ config/config_TYR_2026-04-19.json
+ cd datasets/ARGO
+ python get_argo.py -c TYR_2026-04-19
Traceback (most recent call last):
  File "/home/cfontana/DATA_MED/datasets/ARGO/get_argo.py", line 9, in <module>
    from fun_gen import *
  File "/home/cfontana/DATA_MED/modules/fun_gen.py", line 5, in <module>
    from fun_io import load_coords
  File "/home/cfontana/DATA_MED/modules/fun_io.py", line 15, in <module>
    import copernicusmarine
ModuleNotFoundError: No module named 'copernicusmarine'
+ [ 1 -eq 0 ]
+ cd ../../
+ [ 1 -eq 1 ]
+ source /home/cfontana/venv/c/bin/activate
+ 1> /dev/null
+ deactivate nondestructive
+ [ -n /home/cfontana/venv/c/bin:/usr/local/sbin:/usr/local/bin:/usr/sbin:/usr/bin:/sbin:/bin:/usr/games:/usr/local/games:/snap/bin ]
+ PATH=/home/cfontana/venv/c/bin:/usr/local/sbin:/usr/local/bin:/usr/sbin:/usr/bin:/sbin:/bin:/usr/games:/usr/local/games:/snap/bin
+ export PATH
+ unset _OLD_VIRTUAL_PATH
+ [ -n '' ]
+ hash -r
+ 2> /dev/null
+ [ -n '(c) \[\e]0;\u@\h: \w\a\]${debian_chroot:+($debian_chroot)}\[\033[01;32m\]\u@\h\[\033[00m\]:\[\033[01;34m\]\w\[\033[00m\]\$ ' ]
+ PS1='(c) \[\e]0;\u@\h: \w\a\]${debian_chroot:+($debian_chroot)}\[\033[01;32m\]\u@\h\[\033[00m\]:\[\033[01;34m\]\w\[\033[00m\]\$ '
+ export PS1
+ unset _OLD_VIRTUAL_PS1
+ unset VIRTUAL_ENV
+ unset VIRTUAL_ENV_PROMPT
+ [ ! nondestructive '=' nondestructive ]
+ [ '' '=' cygwin ]
+ [ '' '=' msys ]
+ VIRTUAL_ENV=/home/cfontana/venv/c
+ export VIRTUAL_ENV
+ _OLD_VIRTUAL_PATH=/home/cfontana/venv/c/bin:/usr/local/sbin:/usr/local/bin:/usr/sbin:/usr/bin:/sbin:/bin:/usr/games:/usr/local/games:/snap/bin
+ PATH=/home/cfontana/venv/c/bin:/home/cfontana/venv/c/bin:/usr/local/sbin:/usr/local/bin:/usr/sbin:/usr/bin:/sbin:/bin:/usr/games:/usr/local/games:/snap/bin
+ export PATH
+ [ -n '' ]
+ [ -z '' ]
+ _OLD_VIRTUAL_PS1='(c) \[\e]0;\u@\h: \w\a\]${debian_chroot:+($debian_chroot)}\[\033[01;32m\]\u@\h\[\033[00m\]:\[\033[01;34m\]\w\[\033[00m\]\$ '
+ PS1='(c) (c) \[\e]0;\u@\h: \w\a\]${debian_chroot:+($debian_chroot)}\[\033[01;32m\]\u@\h\[\033[00m\]:\[\033[01;34m\]\w\[\033[00m\]\$ '
+ export PS1
+ VIRTUAL_ENV_PROMPT='(c) '
+ export VIRTUAL_ENV_PROMPT
+ hash -r
+ 2> /dev/null
+ static=/home/cfontana/DIAGS/TYR_2026-04-19/static_TYR_2026-04-19
+ mkdir /home/cfontana/DIAGS/TYR_2026-04-19/static_TYR_2026-04-19
+ dir=/home/cfontana/DIAGS/TYR_2026-04-19/CMEMS/thetao/ITP_NC
+ i=1
+ ls /home/cfontana/DIAGS/TYR_2026-04-19/CMEMS/thetao/ITP_NC/PLOT/
+ cp /home/cfontana/DIAGS/TYR_2026-04-19/CMEMS/thetao/ITP_NC/PLOT/2026041900_thetao.jpg /home/cfontana/DIAGS/TYR_2026-04-19/static_TYR_2026-04-19/thetao_1.jpg
+ let i=1+1
+ cp /home/cfontana/DIAGS/TYR_2026-04-19/CMEMS/thetao/ITP_NC/PLOT/2026042000_thetao.jpg /home/cfontana/DIAGS/TYR_2026-04-19/static_TYR_2026-04-19/thetao_2.jpg
+ let i=2+1
+ cp /home/cfontana/DIAGS/TYR_2026-04-19/CMEMS/thetao/ITP_NC/PLOT/2026042100_thetao.jpg /home/cfontana/DIAGS/TYR_2026-04-19/static_TYR_2026-04-19/thetao_3.jpg
+ let i=3+1
+ cp /home/cfontana/DIAGS/TYR_2026-04-19/CMEMS/thetao/ITP_NC/PLOT/2026042200_thetao.jpg /home/cfontana/DIAGS/TYR_2026-04-19/static_TYR_2026-04-19/thetao_4.jpg
+ let i=4+1
+ cp /home/cfontana/DIAGS/TYR_2026-04-19/CMEMS/thetao/ITP_NC/PLOT/2026042300_thetao.jpg /home/cfontana/DIAGS/TYR_2026-04-19/static_TYR_2026-04-19/thetao_5.jpg
+ let i=5+1
+ cp /home/cfontana/DIAGS/TYR_2026-04-19/CMEMS/thetao/ITP_NC/PLOT/2026042400_thetao.jpg /home/cfontana/DIAGS/TYR_2026-04-19/static_TYR_2026-04-19/thetao_6.jpg
+ let i=6+1
+ cp /home/cfontana/DIAGS/TYR_2026-04-19/CMEMS/thetao/ITP_NC/time_series.jpg /home/cfontana/DIAGS/TYR_2026-04-19/static_TYR_2026-04-19/time_series_thetao.jpg
+ dir=/home/cfontana/DIAGS/TYR_2026-04-19/CMEMS/chl/ITP_NC
+ i=1
+ ls /home/cfontana/DIAGS/TYR_2026-04-19/CMEMS/chl/ITP_NC/PLOT/
+ cp /home/cfontana/DIAGS/TYR_2026-04-19/CMEMS/chl/ITP_NC/PLOT/2026041912_chl.jpg /home/cfontana/DIAGS/TYR_2026-04-19/static_TYR_2026-04-19/chl_1.jpg
+ let i=1+1
+ cp /home/cfontana/DIAGS/TYR_2026-04-19/CMEMS/chl/ITP_NC/PLOT/2026042012_chl.jpg /home/cfontana/DIAGS/TYR_2026-04-19/static_TYR_2026-04-19/chl_2.jpg
+ let i=2+1
+ cp /home/cfontana/DIAGS/TYR_2026-04-19/CMEMS/chl/ITP_NC/PLOT/2026042112_chl.jpg /home/cfontana/DIAGS/TYR_2026-04-19/static_TYR_2026-04-19/chl_3.jpg
+ let i=3+1
+ cp /home/cfontana/DIAGS/TYR_2026-04-19/CMEMS/chl/ITP_NC/PLOT/2026042212_chl.jpg /home/cfontana/DIAGS/TYR_2026-04-19/static_TYR_2026-04-19/chl_4.jpg
+ let i=4+1
+ cp /home/cfontana/DIAGS/TYR_2026-04-19/CMEMS/chl/ITP_NC/PLOT/2026042312_chl.jpg /home/cfontana/DIAGS/TYR_2026-04-19/static_TYR_2026-04-19/chl_5.jpg
+ let i=5+1
+ cp /home/cfontana/DIAGS/TYR_2026-04-19/CMEMS/chl/ITP_NC/PLOT/2026042412_chl.jpg /home/cfontana/DIAGS/TYR_2026-04-19/static_TYR_2026-04-19/chl_6.jpg
+ let i=6+1
+ cp /home/cfontana/DIAGS/TYR_2026-04-19/CMEMS/chl/ITP_NC/time_series.jpg /home/cfontana/DIAGS/TYR_2026-04-19/static_TYR_2026-04-19/time_series_chl.jpg
+ dir=/home/cfontana/DIAGS/TYR_2026-04-19/RADAR/
+ i=1
+ ls /home/cfontana/DIAGS/TYR_2026-04-19/RADAR//20260419_00.jpg /home/cfontana/DIAGS/TYR_2026-04-19/RADAR//20260420_00.jpg /home/cfontana/DIAGS/TYR_2026-04-19/RADAR//20260421_00.jpg /home/cfontana/DIAGS/TYR_2026-04-19/RADAR//20260422_00.jpg /home/cfontana/DIAGS/TYR_2026-04-19/RADAR//20260423_00.jpg /home/cfontana/DIAGS/TYR_2026-04-19/RADAR//20260424_00.jpg
+ cp /home/cfontana/DIAGS/TYR_2026-04-19/RADAR//20260419_00.jpg /home/cfontana/DIAGS/TYR_2026-04-19/static_TYR_2026-04-19/radar_1.jpg
+ let i=1+1
+ cp /home/cfontana/DIAGS/TYR_2026-04-19/RADAR//20260420_00.jpg /home/cfontana/DIAGS/TYR_2026-04-19/static_TYR_2026-04-19/radar_2.jpg
+ let i=2+1
+ cp /home/cfontana/DIAGS/TYR_2026-04-19/RADAR//20260421_00.jpg /home/cfontana/DIAGS/TYR_2026-04-19/static_TYR_2026-04-19/radar_3.jpg
+ let i=3+1
+ cp /home/cfontana/DIAGS/TYR_2026-04-19/RADAR//20260422_00.jpg /home/cfontana/DIAGS/TYR_2026-04-19/static_TYR_2026-04-19/radar_4.jpg
+ let i=4+1
+ cp /home/cfontana/DIAGS/TYR_2026-04-19/RADAR//20260423_00.jpg /home/cfontana/DIAGS/TYR_2026-04-19/static_TYR_2026-04-19/radar_5.jpg
+ let i=5+1
+ cp /home/cfontana/DIAGS/TYR_2026-04-19/RADAR//20260424_00.jpg /home/cfontana/DIAGS/TYR_2026-04-19/static_TYR_2026-04-19/radar_6.jpg
+ let i=6+1
+ dir=/home/cfontana/DIAGS/TYR_2026-04-19/ARGO/
+ ls -d '/home/cfontana/DIAGS/TYR_2026-04-19/ARGO//bio*/'
ls: cannot access '/home/cfontana/DIAGS/TYR_2026-04-19/ARGO//bio*/': No such file or directory
+ i=1
+ 1> /home/cfontana/DIAGS/TYR_2026-04-19/static_TYR_2026-04-19/list.txt
+ ls -d '/home/cfontana/DIAGS/TYR_2026-04-19/ARGO//*/'
ls: cannot access '/home/cfontana/DIAGS/TYR_2026-04-19/ARGO//*/': No such file or directory
+ cp /home/cfontana/DIAGS/TYR_2026-04-19/ARGO//map.jpg /home/cfontana/DIAGS/TYR_2026-04-19/static_TYR_2026-04-19
cp: cannot stat '/home/cfontana/DIAGS/TYR_2026-04-19/ARGO//map.jpg': No such file or directory
+ scp -r /home/cfontana/DIAGS/TYR_2026-04-19/static_TYR_2026-04-19 yulpa175555@webhost03.yulpa.io:/datas/yulpa175555/sites/merval.eg2.fr/htdocs/DIAGS
+ date
+ echo Mon Apr 20 17:54:16 UTC 2026
+ 1> /home/cfontana/DIAGS/TYR_2026-04-19/active
+ [ 1 -eq 1 ]
+ scp -r /home/cfontana/DIAGS/TYR_2026-04-19/active yulpa175555@webhost03.yulpa.io:/datas/yulpa175555/sites/merval.eg2.fr/htdocs/
+ tail -1
+ dirname /home/cfontana/DIAGS/TYR_2026-04-19
+ sort
+ ls /home/cfontana/DIAGS/no_error
+ last=2026-03-06
+ echo 'Last no error is 2026-03-06'
Last no error is 2026-03-06
+ echo 2026-03-06
+ 1> /home/cfontana/no_error
+ scp /home/cfontana/no_error yulpa175555@webhost03.yulpa.io:/datas/yulpa175555/sites/merval.eg2.fr/htdocs/
