PROCESSING CAG
_______________ 
Sat Jul 11 12:56:29 CEST 2026
+ cat config/config_CAG.json
+ sed -e s/DINI/2026-07-10/g
+ sed -e s/FREQ/hourly/
+ 1> config/config_CAG_2026-07-10.json
+ sed -e s/DOUT/20260710/
+ sed -e s/DEND/2026-07-15/
+ cp config/cmems_DOMAIN.dat config/cmems_CAG_2026-07-10.dat
+ cp config/variables_mit_DOMAIN.dat config/variables_mit_CAG_2026-07-10.dat
+ jq -r .diagdir config/config_CAG_2026-07-10.json
+ diagdir=/scratch/cfontana/DIAGS/CAG_2026-07-10
+ jq -r .radardir config/config_CAG_2026-07-10.json
+ radardir=/scratch/cfontana/RADAR/
+ [ 0 -eq 0 -a 0 -eq 1 ]
+ [ 1 -eq 1 ]
+ cd datasets/CMEMS
+ python get_data_sat.py -c CAG_2026-07-10 -v thetao
INFO - 2026-07-11T10:56:32Z - Selected dataset version: "202311"
INFO - 2026-07-11T10:56:32Z - Selected dataset part: "default"
WARNING - 2026-07-11T10:56:32Z - Some of your subset selection [2026-07-10 00:00:00+00:00, 2026-07-15 00:00:00+00:00] for the time dimension exceed the dataset coordinates [2008-01-01 00:00:00+00:00, 2026-07-10 00:00:00+00:00]
----------------------------------
=> Config file CAG_2026-07-10 loaded
----------------------------------

Downloading CMEMS products : SST_MED_SST_L3S_NRT_OBSERVATIONS_010_012_b
=> Variable [np.str_('adjusted_sea_surface_temperature')] 

------------------------------
DATE =>>> 2026-07-10 2026-07-15
------------------------------

[FILE SAVED ] /scratch/cfontana/DIAGS/CAG_2026-07-10/CMEMS/data/SST_MED_SST_L3S_NRT_OBSERVATIONS_010_012_b.nc
+ python interp_cmems.py -c CAG_2026-07-10 -v thetao
----------------------------------
=> Config file CAG_2026-07-10 loaded
----------------------------------


[FILE SAVED] /scratch/cfontana/DIAGS/CAG_2026-07-10/CMEMS/thetao/ITP_NC/thetao_20260710.nc

+ [ 2 -eq 2 ]
+ error=1
+ cd ../../plot
+ python plot_CMEMS_pickle_data_vs_sat.py -c CAG_2026-07-10 -v thetao -s CMEMS
----------------------------------
=> Config file CAG_2026-07-10 loaded
----------------------------------

Processing
739807 25.860558788668385 26.112192 27.394564416279266 0.8851526641388945
[Errno 2] No such file or directory: '/scratch/cfontana/DIAGS/CAG_2026-07-10/CMEMS/thetao/ITP_NC/thetao_20260711.nc' 

=> in get_sat_2D :
Error processing file /scratch/cfontana/DIAGS/CAG_2026-07-10/CMEMS/thetao/ITP_NC/thetao_20260711.nc
File not found
739808 26.373266905515774 nan 26.896695679777 1
[Errno 2] No such file or directory: '/scratch/cfontana/DIAGS/CAG_2026-07-10/CMEMS/thetao/ITP_NC/thetao_20260712.nc' 

=> in get_sat_2D :
Error processing file /scratch/cfontana/DIAGS/CAG_2026-07-10/CMEMS/thetao/ITP_NC/thetao_20260712.nc
File not found
739809 26.71686446882587 nan 26.89434941482362 1
[Errno 2] No such file or directory: '/scratch/cfontana/DIAGS/CAG_2026-07-10/CMEMS/thetao/ITP_NC/thetao_20260713.nc' 

=> in get_sat_2D :
Error processing file /scratch/cfontana/DIAGS/CAG_2026-07-10/CMEMS/thetao/ITP_NC/thetao_20260713.nc
File not found
739810 27.042351800264356 nan 27.184803244539754 1
[Errno 2] No such file or directory: '/scratch/cfontana/DIAGS/CAG_2026-07-10/CMEMS/thetao/ITP_NC/thetao_20260714.nc' 

=> in get_sat_2D :
Error processing file /scratch/cfontana/DIAGS/CAG_2026-07-10/CMEMS/thetao/ITP_NC/thetao_20260714.nc
File not found
739811 27.27377809611831 nan 27.347108015322267 1
[Errno 2] No such file or directory: '/scratch/cfontana/DIAGS/CAG_2026-07-10/CMEMS/thetao/ITP_NC/thetao_20260715.nc' 

=> in get_sat_2D :
Error processing file /scratch/cfontana/DIAGS/CAG_2026-07-10/CMEMS/thetao/ITP_NC/thetao_20260715.nc
File not found
739812 27.552631226900765 nan 27.46346257495747 1
[SAVED FIG] /scratch/cfontana/DIAGS/CAG_2026-07-10/CMEMS/thetao/ITP_NC/PLOT/2026071000_thetao.jpg
[SAVED FIG] /scratch/cfontana/DIAGS/CAG_2026-07-10/CMEMS/thetao/ITP_NC/PLOT/2026071100_thetao.jpg
[SAVED FIG] /scratch/cfontana/DIAGS/CAG_2026-07-10/CMEMS/thetao/ITP_NC/PLOT/2026071200_thetao.jpg
[SAVED FIG] /scratch/cfontana/DIAGS/CAG_2026-07-10/CMEMS/thetao/ITP_NC/PLOT/2026071300_thetao.jpg
[SAVED FIG] /scratch/cfontana/DIAGS/CAG_2026-07-10/CMEMS/thetao/ITP_NC/PLOT/2026071400_thetao.jpg
[SAVED FIG] /scratch/cfontana/DIAGS/CAG_2026-07-10/CMEMS/thetao/ITP_NC/PLOT/2026071500_thetao.jpg
+ python plot_sat_CMEMS_timeseries.py -c CAG_2026-07-10 -v thetao -s CMEMS
----------------------------------
=> Config file CAG_2026-07-10 loaded
----------------------------------

[SAVED FIG] /scratch/cfontana/DIAGS/CAG_2026-07-10/CMEMS/thetao/ITP_NC/time_series.jpg
+ rm -f '/scratch/cfontana/DIAGS/CAG_2026-07-10/CMEMS/thetao/ITP_NC/PLOT/*.pkl'
+ [ 1 -eq 1 ]
+ rm -f /scratch/cfontana/DIAGS/CAG_2026-07-10/CMEMS/thetao/ITP_NC/thetao_20260710.nc
+ date
Sat Jul 11 13:05:12 CEST 2026
+ cd ..
+ [ 1 -eq 1 ]
+ cd datasets/HFRADAR
+ python read_radar.py -c CAG_2026-07-10
----------------------------------
=> Config file CAG_2026-07-10 loaded
----------------------------------


----------
20260710 0
[Errno 2] No such file or directory: '/scratch/cfontana/RADAR//2026-07-10/EUHFR_NRTcurrent_HFR-TirLig-Total_v3.nc'
[Errno 2] No such file or directory: '/scratch/cfontana/RADAR//2026-07-10/EUHFR_NRTcurrent_HFR-ARPAS-Total_v3.nc'
[Errno 2] No such file or directory: '/scratch/cfontana/RADAR//2026-07-10/EUHFR_NRTcurrent_HFR-LaMMA-Total_v3.nc'
[Errno 2] No such file or directory: '/scratch/cfontana/RADAR//2026-07-10/EUHFR_NRTcurrent_HFR-GoS-Total_v3.nc'
[Errno 2] No such file or directory: '/scratch/cfontana/RADAR//2026-07-10/EUHFR_NRTcurrent_HFR-WesternItaly-Total_v3.nc'
[Errno 2] No such file or directory: '/scratch/cfontana/RADAR//2026-07-10/EUHFR_NRTcurrent_HFR-Granitola-Total_v3.nc'
[Errno 2] No such file or directory: '/scratch/cfontana/RADAR//2026-07-10/EUHFR_NRTcurrent_HFR-NAdr-Total_v3.nc'
[Errno 2] No such file or directory: '/scratch/cfontana/RADAR//2026-07-10/EUHFR_NRTcurrent_HFR-GoM-Total_v3.nc'
[SAVED FIG] /scratch/cfontana/DIAGS/CAG_2026-07-10/RADAR/20260710_00.jpg

----------
20260711 0
[Errno 2] No such file or directory: '/scratch/cfontana/RADAR//2026-07-10/EUHFR_NRTcurrent_HFR-TirLig-Total_v3.nc'
[Errno 2] No such file or directory: '/scratch/cfontana/RADAR//2026-07-10/EUHFR_NRTcurrent_HFR-ARPAS-Total_v3.nc'
[Errno 2] No such file or directory: '/scratch/cfontana/RADAR//2026-07-10/EUHFR_NRTcurrent_HFR-LaMMA-Total_v3.nc'
[Errno 2] No such file or directory: '/scratch/cfontana/RADAR//2026-07-10/EUHFR_NRTcurrent_HFR-GoS-Total_v3.nc'
[Errno 2] No such file or directory: '/scratch/cfontana/RADAR//2026-07-10/EUHFR_NRTcurrent_HFR-WesternItaly-Total_v3.nc'
[Errno 2] No such file or directory: '/scratch/cfontana/RADAR//2026-07-10/EUHFR_NRTcurrent_HFR-Granitola-Total_v3.nc'
[Errno 2] No such file or directory: '/scratch/cfontana/RADAR//2026-07-10/EUHFR_NRTcurrent_HFR-NAdr-Total_v3.nc'
[Errno 2] No such file or directory: '/scratch/cfontana/RADAR//2026-07-10/EUHFR_NRTcurrent_HFR-GoM-Total_v3.nc'
[SAVED FIG] /scratch/cfontana/DIAGS/CAG_2026-07-10/RADAR/20260711_00.jpg

----------
20260712 0
[Errno 2] No such file or directory: '/scratch/cfontana/RADAR//2026-07-10/EUHFR_NRTcurrent_HFR-TirLig-Total_v3.nc'
[Errno 2] No such file or directory: '/scratch/cfontana/RADAR//2026-07-10/EUHFR_NRTcurrent_HFR-ARPAS-Total_v3.nc'
[Errno 2] No such file or directory: '/scratch/cfontana/RADAR//2026-07-10/EUHFR_NRTcurrent_HFR-LaMMA-Total_v3.nc'
[Errno 2] No such file or directory: '/scratch/cfontana/RADAR//2026-07-10/EUHFR_NRTcurrent_HFR-GoS-Total_v3.nc'
[Errno 2] No such file or directory: '/scratch/cfontana/RADAR//2026-07-10/EUHFR_NRTcurrent_HFR-WesternItaly-Total_v3.nc'
[Errno 2] No such file or directory: '/scratch/cfontana/RADAR//2026-07-10/EUHFR_NRTcurrent_HFR-Granitola-Total_v3.nc'
[Errno 2] No such file or directory: '/scratch/cfontana/RADAR//2026-07-10/EUHFR_NRTcurrent_HFR-NAdr-Total_v3.nc'
[Errno 2] No such file or directory: '/scratch/cfontana/RADAR//2026-07-10/EUHFR_NRTcurrent_HFR-GoM-Total_v3.nc'
[SAVED FIG] /scratch/cfontana/DIAGS/CAG_2026-07-10/RADAR/20260712_00.jpg

----------
20260713 0
[Errno 2] No such file or directory: '/scratch/cfontana/RADAR//2026-07-10/EUHFR_NRTcurrent_HFR-TirLig-Total_v3.nc'
[Errno 2] No such file or directory: '/scratch/cfontana/RADAR//2026-07-10/EUHFR_NRTcurrent_HFR-ARPAS-Total_v3.nc'
[Errno 2] No such file or directory: '/scratch/cfontana/RADAR//2026-07-10/EUHFR_NRTcurrent_HFR-LaMMA-Total_v3.nc'
[Errno 2] No such file or directory: '/scratch/cfontana/RADAR//2026-07-10/EUHFR_NRTcurrent_HFR-GoS-Total_v3.nc'
[Errno 2] No such file or directory: '/scratch/cfontana/RADAR//2026-07-10/EUHFR_NRTcurrent_HFR-WesternItaly-Total_v3.nc'
[Errno 2] No such file or directory: '/scratch/cfontana/RADAR//2026-07-10/EUHFR_NRTcurrent_HFR-Granitola-Total_v3.nc'
[Errno 2] No such file or directory: '/scratch/cfontana/RADAR//2026-07-10/EUHFR_NRTcurrent_HFR-NAdr-Total_v3.nc'
[Errno 2] No such file or directory: '/scratch/cfontana/RADAR//2026-07-10/EUHFR_NRTcurrent_HFR-GoM-Total_v3.nc'
[SAVED FIG] /scratch/cfontana/DIAGS/CAG_2026-07-10/RADAR/20260713_00.jpg

----------
20260714 0
[Errno 2] No such file or directory: '/scratch/cfontana/RADAR//2026-07-10/EUHFR_NRTcurrent_HFR-TirLig-Total_v3.nc'
[Errno 2] No such file or directory: '/scratch/cfontana/RADAR//2026-07-10/EUHFR_NRTcurrent_HFR-ARPAS-Total_v3.nc'
[Errno 2] No such file or directory: '/scratch/cfontana/RADAR//2026-07-10/EUHFR_NRTcurrent_HFR-LaMMA-Total_v3.nc'
[Errno 2] No such file or directory: '/scratch/cfontana/RADAR//2026-07-10/EUHFR_NRTcurrent_HFR-GoS-Total_v3.nc'
[Errno 2] No such file or directory: '/scratch/cfontana/RADAR//2026-07-10/EUHFR_NRTcurrent_HFR-WesternItaly-Total_v3.nc'
[Errno 2] No such file or directory: '/scratch/cfontana/RADAR//2026-07-10/EUHFR_NRTcurrent_HFR-Granitola-Total_v3.nc'
[Errno 2] No such file or directory: '/scratch/cfontana/RADAR//2026-07-10/EUHFR_NRTcurrent_HFR-NAdr-Total_v3.nc'
[Errno 2] No such file or directory: '/scratch/cfontana/RADAR//2026-07-10/EUHFR_NRTcurrent_HFR-GoM-Total_v3.nc'
[SAVED FIG] /scratch/cfontana/DIAGS/CAG_2026-07-10/RADAR/20260714_00.jpg

----------
20260715 0
[Errno 2] No such file or directory: '/scratch/cfontana/RADAR//2026-07-10/EUHFR_NRTcurrent_HFR-TirLig-Total_v3.nc'
[Errno 2] No such file or directory: '/scratch/cfontana/RADAR//2026-07-10/EUHFR_NRTcurrent_HFR-ARPAS-Total_v3.nc'
[Errno 2] No such file or directory: '/scratch/cfontana/RADAR//2026-07-10/EUHFR_NRTcurrent_HFR-LaMMA-Total_v3.nc'
[Errno 2] No such file or directory: '/scratch/cfontana/RADAR//2026-07-10/EUHFR_NRTcurrent_HFR-GoS-Total_v3.nc'
[Errno 2] No such file or directory: '/scratch/cfontana/RADAR//2026-07-10/EUHFR_NRTcurrent_HFR-WesternItaly-Total_v3.nc'
[Errno 2] No such file or directory: '/scratch/cfontana/RADAR//2026-07-10/EUHFR_NRTcurrent_HFR-Granitola-Total_v3.nc'
[Errno 2] No such file or directory: '/scratch/cfontana/RADAR//2026-07-10/EUHFR_NRTcurrent_HFR-NAdr-Total_v3.nc'
[Errno 2] No such file or directory: '/scratch/cfontana/RADAR//2026-07-10/EUHFR_NRTcurrent_HFR-GoM-Total_v3.nc'
[SAVED FIG] /scratch/cfontana/DIAGS/CAG_2026-07-10/RADAR/20260715_00.jpg
+ date
Sat Jul 11 13:06:01 CEST 2026
+ cd ../..
+ cat config/config_CAG.json
+ sed -e s/FREQ/daily/
+ 1> config/config_CAG_2026-07-10.json
+ sed -e s/DOUT/20260710/
+ sed -e s/DINI/2026-07-10/g
+ sed -e s/DEND/2026-07-15/
+ [ 1 -eq 1 ]
+ cd datasets/CMEMS
+ python get_data_sat.py -c CAG_2026-07-10 -v chl
INFO - 2026-07-11T11:06:04Z - Selected dataset version: "202211"
INFO - 2026-07-11T11:06:04Z - Selected dataset part: "default"
WARNING - 2026-07-11T11:06:04Z - Some of your subset selection [2026-07-10 00:00:00+00:00, 2026-07-15 00:00:00+00:00] for the time dimension exceed the dataset coordinates [2026-07-03 00:00:00+00:00, 2026-07-10 00:00:00+00:00]
----------------------------------
=> Config file CAG_2026-07-10 loaded
----------------------------------

Downloading CMEMS products : cmems_obs-oc_med_bgc-plankton_nrt_l3-multi-1km_P1D
=> Variable ['CHL', 'KD490'] 

------------------------------
DATE =>>> 2026-07-10 2026-07-15
------------------------------

[FILE SAVED ] /scratch/cfontana/DIAGS/CAG_2026-07-10/CMEMS/data/cmems_obs-oc_med_bgc-plankton_nrt_l3-multi-1km_P1D.nc
+ python interp_cmems.py -c CAG_2026-07-10 -v chl
----------------------------------
=> Config file CAG_2026-07-10 loaded
----------------------------------


[FILE SAVED] /scratch/cfontana/DIAGS/CAG_2026-07-10/CMEMS/chl/ITP_NC/chl_20260710.nc

+ [ 2 -eq 2 ]
+ error=1
+ cd ../../plot
+ python plot_CMEMS_pickle_data_vs_sat.py -c CAG_2026-07-10 -v chl -s CMEMS
----------------------------------
=> Config file CAG_2026-07-10 loaded
----------------------------------

Processing
739807 0.058364401816269944 0.06621255 0.049010455500635326 0.6027738974256636
[Errno 2] No such file or directory: '/scratch/cfontana/DIAGS/CAG_2026-07-10/CMEMS/chl/ITP_NC/chl_20260711.nc' 

=> in get_sat_2D :
Error processing file /scratch/cfontana/DIAGS/CAG_2026-07-10/CMEMS/chl/ITP_NC/chl_20260711.nc
File not found
739808 0.17846657288828774 nan 0.04441225439909645 1
[Errno 2] No such file or directory: '/scratch/cfontana/DIAGS/CAG_2026-07-10/CMEMS/chl/ITP_NC/chl_20260712.nc' 

=> in get_sat_2D :
Error processing file /scratch/cfontana/DIAGS/CAG_2026-07-10/CMEMS/chl/ITP_NC/chl_20260712.nc
File not found
739809 0.32549579799014383 nan 0.042985483907092295 1
[Errno 2] No such file or directory: '/scratch/cfontana/DIAGS/CAG_2026-07-10/CMEMS/chl/ITP_NC/chl_20260713.nc' 

=> in get_sat_2D :
Error processing file /scratch/cfontana/DIAGS/CAG_2026-07-10/CMEMS/chl/ITP_NC/chl_20260713.nc
File not found
739810 0.3745645455294224 nan 0.04285318553534138 1
[Errno 2] No such file or directory: '/scratch/cfontana/DIAGS/CAG_2026-07-10/CMEMS/chl/ITP_NC/chl_20260714.nc' 

=> in get_sat_2D :
Error processing file /scratch/cfontana/DIAGS/CAG_2026-07-10/CMEMS/chl/ITP_NC/chl_20260714.nc
File not found
739811 0.40502432209205247 nan 0.04896022303110118 1
[Errno 2] No such file or directory: '/scratch/cfontana/DIAGS/CAG_2026-07-10/CMEMS/chl/ITP_NC/chl_20260715.nc' 

=> in get_sat_2D :
Error processing file /scratch/cfontana/DIAGS/CAG_2026-07-10/CMEMS/chl/ITP_NC/chl_20260715.nc
File not found
739812 0.5539092971972497 nan 0.06498077499758749 1
[SAVED FIG] /scratch/cfontana/DIAGS/CAG_2026-07-10/CMEMS/chl/ITP_NC/PLOT/2026071012_chl.jpg
[SAVED FIG] /scratch/cfontana/DIAGS/CAG_2026-07-10/CMEMS/chl/ITP_NC/PLOT/2026071112_chl.jpg
[SAVED FIG] /scratch/cfontana/DIAGS/CAG_2026-07-10/CMEMS/chl/ITP_NC/PLOT/2026071212_chl.jpg
[SAVED FIG] /scratch/cfontana/DIAGS/CAG_2026-07-10/CMEMS/chl/ITP_NC/PLOT/2026071312_chl.jpg
[SAVED FIG] /scratch/cfontana/DIAGS/CAG_2026-07-10/CMEMS/chl/ITP_NC/PLOT/2026071412_chl.jpg
[SAVED FIG] /scratch/cfontana/DIAGS/CAG_2026-07-10/CMEMS/chl/ITP_NC/PLOT/2026071512_chl.jpg
+ python plot_sat_CMEMS_timeseries.py -c CAG_2026-07-10 -v chl -s CMEMS
----------------------------------
=> Config file CAG_2026-07-10 loaded
----------------------------------

[SAVED FIG] /scratch/cfontana/DIAGS/CAG_2026-07-10/CMEMS/chl/ITP_NC/time_series.jpg
+ rm -f '/scratch/cfontana/DIAGS/CAG_2026-07-10/CMEMS/chl/ITP_NC/PLOT/*.pkl'
+ [ 1 -eq 1 ]
+ rm -f /scratch/cfontana/DIAGS/CAG_2026-07-10/CMEMS/chl/ITP_NC/chl_20260710.nc
+ date
Sat Jul 11 13:11:49 CEST 2026
+ cd ..
+ [ 1 -eq 0 ]
+ [ 1 -eq 1 ]
+ rm -f /scratch/cfontana/DIAGS/CAG_2026-07-10/CMEMS/data/SST_MED_SST_L3S_NRT_OBSERVATIONS_010_012_b.nc /scratch/cfontana/DIAGS/CAG_2026-07-10/CMEMS/data/cmems_obs-oc_med_bgc-plankton_nrt_l3-multi-1km_P1D.nc
+ [ 1 -eq 1 ]
+ source /home/cfontana/venv/a/bin/activate
+ 1> /dev/null
+ deactivate nondestructive
+ [ -n /home/cfontana/venv/c/bin:/usr/local/sbin:/usr/local/bin:/usr/sbin:/usr/bin:/sbin:/bin:/usr/games:/usr/local/games:/snap/bin ]
+ PATH=/home/cfontana/venv/c/bin:/usr/local/sbin:/usr/local/bin:/usr/sbin:/usr/bin:/sbin:/bin:/usr/games:/usr/local/games:/snap/bin
+ export PATH
+ unset _OLD_VIRTUAL_PATH
+ [ -n '' ]
+ hash -r
+ 2> /dev/null
+ [ -n '(c) \[\e]0;\u@\h: \w\a\]${debian_chroot:+($debian_chroot)}\[\033[01;32m\]\u@\h\[\033[00m\]:\[\033[01;34m\]\w\[\033[00m\]\$ ' ]
+ PS1='(c) \[\e]0;\u@\h: \w\a\]${debian_chroot:+($debian_chroot)}\[\033[01;32m\]\u@\h\[\033[00m\]:\[\033[01;34m\]\w\[\033[00m\]\$ '
+ export PS1
+ unset _OLD_VIRTUAL_PS1
+ unset VIRTUAL_ENV
+ unset VIRTUAL_ENV_PROMPT
+ [ ! nondestructive '=' nondestructive ]
+ [ '' '=' cygwin ]
+ [ '' '=' msys ]
+ VIRTUAL_ENV=/home/cfontana/venv/a
+ export VIRTUAL_ENV
+ _OLD_VIRTUAL_PATH=/home/cfontana/venv/c/bin:/usr/local/sbin:/usr/local/bin:/usr/sbin:/usr/bin:/sbin:/bin:/usr/games:/usr/local/games:/snap/bin
+ PATH=/home/cfontana/venv/a/bin:/home/cfontana/venv/c/bin:/usr/local/sbin:/usr/local/bin:/usr/sbin:/usr/bin:/sbin:/bin:/usr/games:/usr/local/games:/snap/bin
+ export PATH
+ [ -n '' ]
+ [ -z '' ]
+ _OLD_VIRTUAL_PS1='(c) \[\e]0;\u@\h: \w\a\]${debian_chroot:+($debian_chroot)}\[\033[01;32m\]\u@\h\[\033[00m\]:\[\033[01;34m\]\w\[\033[00m\]\$ '
+ PS1='(a) (c) \[\e]0;\u@\h: \w\a\]${debian_chroot:+($debian_chroot)}\[\033[01;32m\]\u@\h\[\033[00m\]:\[\033[01;34m\]\w\[\033[00m\]\$ '
+ export PS1
+ VIRTUAL_ENV_PROMPT='(a) '
+ export VIRTUAL_ENV_PROMPT
+ hash -r
+ 2> /dev/null
+ sed -i s/daily/hourly/ config/config_CAG_2026-07-10.json
+ cd datasets/ARGO
+ python get_argo.py -c CAG_2026-07-10
----------------------------------
=> Config file CAG_2026-07-10 loaded
----------------------------------

[np.float64(9.0057296291345), np.float64(9.2338546292075), np.float64(39.042188434509505), np.float64(39.228646767902504), 0, 500, '2026-07-10', '2026-07-15']
Traceback (most recent call last):
  File "/home/cfontana/DATA_MED/datasets/ARGO/get_argo.py", line 73, in <module>
    f = f.region(box).load()
        ^^^^^^^^^^^^^^^^^^^^
  File "/home/cfontana/venv/a/lib/python3.12/site-packages/argopy/fetchers.py", line 886, in load
    self._data = self._to_xarray(**kwargs)
                 ^^^^^^^^^^^^^^^^^^^^^^^^^
  File "/home/cfontana/venv/a/lib/python3.12/site-packages/argopy/fetchers.py", line 673, in _to_xarray
    xds = self.fetcher.to_xarray(**kwargs)
          ^^^^^^^^^^^^^^^^^^^^^^^^^^^^^^^^
  File "/home/cfontana/venv/a/lib/python3.12/site-packages/argopy/data_fetchers/erddap_data.py", line 583, in to_xarray
    results = self.fs.open_dataset(URI[0])
              ^^^^^^^^^^^^^^^^^^^^^^^^^^^^
  File "/home/cfontana/venv/a/lib/python3.12/site-packages/argopy/stores/implementations/http.py", line 349, in open_dataset
    target, _ = load_in_memory(
                ^^^^^^^^^^^^^^^
  File "/home/cfontana/venv/a/lib/python3.12/site-packages/argopy/stores/implementations/http.py", line 261, in load_in_memory
    data = self.download_url(url, **dwn_opts)
           ^^^^^^^^^^^^^^^^^^^^^^^^^^^^^^^^^^
  File "/home/cfontana/venv/a/lib/python3.12/site-packages/argopy/stores/implementations/http.py", line 169, in download_url
    data, n = make_request(
              ^^^^^^^^^^^^^
  File "/home/cfontana/venv/a/lib/python3.12/site-packages/argopy/stores/implementations/http.py", line 124, in make_request
    raise e
  File "/home/cfontana/venv/a/lib/python3.12/site-packages/argopy/stores/implementations/http.py", line 121, in make_request
    data = ffs.cat_file(url, **cat_opts)
           ^^^^^^^^^^^^^^^^^^^^^^^^^^^^^
  File "/home/cfontana/venv/a/lib/python3.12/site-packages/fsspec/asyn.py", line 118, in wrapper
    return sync(self.loop, func, *args, **kwargs)
           ^^^^^^^^^^^^^^^^^^^^^^^^^^^^^^^^^^^^^^
  File "/home/cfontana/venv/a/lib/python3.12/site-packages/fsspec/asyn.py", line 103, in sync
    raise return_result
  File "/home/cfontana/venv/a/lib/python3.12/site-packages/fsspec/asyn.py", line 56, in _runner
    result[0] = await coro
                ^^^^^^^^^^
  File "/home/cfontana/venv/a/lib/python3.12/site-packages/fsspec/implementations/http.py", line 247, in _cat_file
    self._raise_not_found_for_status(r, url)
  File "/home/cfontana/venv/a/lib/python3.12/site-packages/fsspec/implementations/http.py", line 229, in _raise_not_found_for_status
    raise FileNotFoundError(url)
FileNotFoundError: https://erddap.ifremer.fr/erddap/tabledap/ArgoFloats.nc?config_mission_number,cycle_number,data_mode,direction,latitude,longitude,platform_number,position_qc,pres,pres_adjusted,pres_adjusted_error,pres_adjusted_qc,pres_qc,psal,psal_adjusted,psal_adjusted_error,psal_adjusted_qc,psal_qc,temp,temp_adjusted,temp_adjusted_error,temp_adjusted_qc,temp_qc,time,time_qc,vertical_sampling_scheme&longitude>=9.0057296291345&longitude<=9.2338546292075&latitude>=39.042188434509505&latitude<=39.228646767902504&pres>=0&pres<=500&time>=1783641600.0&time<=1784073600.0&latitude!=NaN&longitude!=NaN&distinct()&orderBy("time,pres")
+ [ 1 -eq 0 ]
+ cd ../../
+ sed -i s/phy/bgc/ config/config_CAG_2026-07-10.json
+ cd datasets/ARGO
+ python get_argo.py -c CAG_2026-07-10
----------------------------------
=> Config file CAG_2026-07-10 loaded
----------------------------------

[np.float64(9.0057296291345), np.float64(9.2338546292075), np.float64(39.042188434509505), np.float64(39.228646767902504), 0, 500, '2026-07-10', '2026-07-15']
Traceback (most recent call last):
  File "/home/cfontana/DATA_MED/datasets/ARGO/get_argo.py", line 73, in <module>
    f = f.region(box).load()
        ^^^^^^^^^^^^^
  File "/home/cfontana/venv/a/lib/python3.12/site-packages/argopy/fetchers.py", line 68, in wrapper
    return AccessPoint(*args)
           ^^^^^^^^^^^^^^^^^^
  File "/home/cfontana/venv/a/lib/python3.12/site-packages/argopy/fetchers.py", line 648, in region
    self.fetcher = self.Fetchers["region"](box=box, **self.fetcher_options)
                   ^^^^^^^^^^^^^^^^^^^^^^^^^^^^^^^^^^^^^^^^^^^^^^^^^^^^^^^^
  File "/home/cfontana/venv/a/lib/python3.12/site-packages/argopy/data_fetchers/erddap_data.py", line 184, in __init__
    params = self._bgc_vlist_avail
             ^^^^^^^^^^^^^^^^^^^^^
  File "/home/cfontana/venv/a/lib/python3.12/site-packages/argopy/data_fetchers/erddap_data.py", line 305, in _bgc_vlist_avail
    params = self.indexfs.read_params()
             ^^^^^^^^^^^^^^^^^^^^^^^^^^
  File "/home/cfontana/venv/a/lib/python3.12/site-packages/argopy/stores/index/implementations/pandas/index.py", line 281, in read_params
    raise DataNotFound(
argopy.errors.DataNotFound: 'No data found in the index corresponding to your search criteria. Search definition: x=9.01/9.23;y=39.04/39.23;t=2026-07-10/2026-07-15'
+ [ 1 -eq 0 ]
+ cd ../../
+ [ 1 -eq 1 ]
+ source /home/cfontana/venv/c/bin/activate
+ 1> /dev/null
+ deactivate nondestructive
+ [ -n /home/cfontana/venv/c/bin:/usr/local/sbin:/usr/local/bin:/usr/sbin:/usr/bin:/sbin:/bin:/usr/games:/usr/local/games:/snap/bin ]
+ PATH=/home/cfontana/venv/c/bin:/usr/local/sbin:/usr/local/bin:/usr/sbin:/usr/bin:/sbin:/bin:/usr/games:/usr/local/games:/snap/bin
+ export PATH
+ unset _OLD_VIRTUAL_PATH
+ [ -n '' ]
+ hash -r
+ 2> /dev/null
+ [ -n '(c) \[\e]0;\u@\h: \w\a\]${debian_chroot:+($debian_chroot)}\[\033[01;32m\]\u@\h\[\033[00m\]:\[\033[01;34m\]\w\[\033[00m\]\$ ' ]
+ PS1='(c) \[\e]0;\u@\h: \w\a\]${debian_chroot:+($debian_chroot)}\[\033[01;32m\]\u@\h\[\033[00m\]:\[\033[01;34m\]\w\[\033[00m\]\$ '
+ export PS1
+ unset _OLD_VIRTUAL_PS1
+ unset VIRTUAL_ENV
+ unset VIRTUAL_ENV_PROMPT
+ [ ! nondestructive '=' nondestructive ]
+ [ '' '=' cygwin ]
+ [ '' '=' msys ]
+ VIRTUAL_ENV=/home/cfontana/venv/c
+ export VIRTUAL_ENV
+ _OLD_VIRTUAL_PATH=/home/cfontana/venv/c/bin:/usr/local/sbin:/usr/local/bin:/usr/sbin:/usr/bin:/sbin:/bin:/usr/games:/usr/local/games:/snap/bin
+ PATH=/home/cfontana/venv/c/bin:/home/cfontana/venv/c/bin:/usr/local/sbin:/usr/local/bin:/usr/sbin:/usr/bin:/sbin:/bin:/usr/games:/usr/local/games:/snap/bin
+ export PATH
+ [ -n '' ]
+ [ -z '' ]
+ _OLD_VIRTUAL_PS1='(c) \[\e]0;\u@\h: \w\a\]${debian_chroot:+($debian_chroot)}\[\033[01;32m\]\u@\h\[\033[00m\]:\[\033[01;34m\]\w\[\033[00m\]\$ '
+ PS1='(c) (c) \[\e]0;\u@\h: \w\a\]${debian_chroot:+($debian_chroot)}\[\033[01;32m\]\u@\h\[\033[00m\]:\[\033[01;34m\]\w\[\033[00m\]\$ '
+ export PS1
+ VIRTUAL_ENV_PROMPT='(c) '
+ export VIRTUAL_ENV_PROMPT
+ hash -r
+ 2> /dev/null
+ static=/scratch/cfontana/DIAGS/CAG_2026-07-10/static_CAG_2026-07-10
+ mkdir /scratch/cfontana/DIAGS/CAG_2026-07-10/static_CAG_2026-07-10
+ dir=/scratch/cfontana/DIAGS/CAG_2026-07-10/CMEMS/thetao/ITP_NC
+ i=1
+ ls /scratch/cfontana/DIAGS/CAG_2026-07-10/CMEMS/thetao/ITP_NC/PLOT/
+ cp /scratch/cfontana/DIAGS/CAG_2026-07-10/CMEMS/thetao/ITP_NC/PLOT/2026071000_thetao.jpg /scratch/cfontana/DIAGS/CAG_2026-07-10/static_CAG_2026-07-10/thetao_1.jpg
+ let i=1+1
+ cp /scratch/cfontana/DIAGS/CAG_2026-07-10/CMEMS/thetao/ITP_NC/PLOT/2026071100_thetao.jpg /scratch/cfontana/DIAGS/CAG_2026-07-10/static_CAG_2026-07-10/thetao_2.jpg
+ let i=2+1
+ cp /scratch/cfontana/DIAGS/CAG_2026-07-10/CMEMS/thetao/ITP_NC/PLOT/2026071200_thetao.jpg /scratch/cfontana/DIAGS/CAG_2026-07-10/static_CAG_2026-07-10/thetao_3.jpg
+ let i=3+1
+ cp /scratch/cfontana/DIAGS/CAG_2026-07-10/CMEMS/thetao/ITP_NC/PLOT/2026071300_thetao.jpg /scratch/cfontana/DIAGS/CAG_2026-07-10/static_CAG_2026-07-10/thetao_4.jpg
+ let i=4+1
+ cp /scratch/cfontana/DIAGS/CAG_2026-07-10/CMEMS/thetao/ITP_NC/PLOT/2026071400_thetao.jpg /scratch/cfontana/DIAGS/CAG_2026-07-10/static_CAG_2026-07-10/thetao_5.jpg
+ let i=5+1
+ cp /scratch/cfontana/DIAGS/CAG_2026-07-10/CMEMS/thetao/ITP_NC/PLOT/2026071500_thetao.jpg /scratch/cfontana/DIAGS/CAG_2026-07-10/static_CAG_2026-07-10/thetao_6.jpg
+ let i=6+1
+ cp /scratch/cfontana/DIAGS/CAG_2026-07-10/CMEMS/thetao/ITP_NC/time_series.jpg /scratch/cfontana/DIAGS/CAG_2026-07-10/static_CAG_2026-07-10/time_series_thetao.jpg
+ dir=/scratch/cfontana/DIAGS/CAG_2026-07-10/CMEMS/chl/ITP_NC
+ i=1
+ ls /scratch/cfontana/DIAGS/CAG_2026-07-10/CMEMS/chl/ITP_NC/PLOT/
+ cp /scratch/cfontana/DIAGS/CAG_2026-07-10/CMEMS/chl/ITP_NC/PLOT/2026071012_chl.jpg /scratch/cfontana/DIAGS/CAG_2026-07-10/static_CAG_2026-07-10/chl_1.jpg
+ let i=1+1
+ cp /scratch/cfontana/DIAGS/CAG_2026-07-10/CMEMS/chl/ITP_NC/PLOT/2026071112_chl.jpg /scratch/cfontana/DIAGS/CAG_2026-07-10/static_CAG_2026-07-10/chl_2.jpg
+ let i=2+1
+ cp /scratch/cfontana/DIAGS/CAG_2026-07-10/CMEMS/chl/ITP_NC/PLOT/2026071212_chl.jpg /scratch/cfontana/DIAGS/CAG_2026-07-10/static_CAG_2026-07-10/chl_3.jpg
+ let i=3+1
+ cp /scratch/cfontana/DIAGS/CAG_2026-07-10/CMEMS/chl/ITP_NC/PLOT/2026071312_chl.jpg /scratch/cfontana/DIAGS/CAG_2026-07-10/static_CAG_2026-07-10/chl_4.jpg
+ let i=4+1
+ cp /scratch/cfontana/DIAGS/CAG_2026-07-10/CMEMS/chl/ITP_NC/PLOT/2026071412_chl.jpg /scratch/cfontana/DIAGS/CAG_2026-07-10/static_CAG_2026-07-10/chl_5.jpg
+ let i=5+1
+ cp /scratch/cfontana/DIAGS/CAG_2026-07-10/CMEMS/chl/ITP_NC/PLOT/2026071512_chl.jpg /scratch/cfontana/DIAGS/CAG_2026-07-10/static_CAG_2026-07-10/chl_6.jpg
+ let i=6+1
+ cp /scratch/cfontana/DIAGS/CAG_2026-07-10/CMEMS/chl/ITP_NC/time_series.jpg /scratch/cfontana/DIAGS/CAG_2026-07-10/static_CAG_2026-07-10/time_series_chl.jpg
+ dir=/scratch/cfontana/DIAGS/CAG_2026-07-10/RADAR/
+ i=1
+ ls /scratch/cfontana/DIAGS/CAG_2026-07-10/RADAR//20260710_00.jpg /scratch/cfontana/DIAGS/CAG_2026-07-10/RADAR//20260711_00.jpg /scratch/cfontana/DIAGS/CAG_2026-07-10/RADAR//20260712_00.jpg /scratch/cfontana/DIAGS/CAG_2026-07-10/RADAR//20260713_00.jpg /scratch/cfontana/DIAGS/CAG_2026-07-10/RADAR//20260714_00.jpg /scratch/cfontana/DIAGS/CAG_2026-07-10/RADAR//20260715_00.jpg
+ cp /scratch/cfontana/DIAGS/CAG_2026-07-10/RADAR//20260710_00.jpg /scratch/cfontana/DIAGS/CAG_2026-07-10/static_CAG_2026-07-10/radar_1.jpg
+ let i=1+1
+ cp /scratch/cfontana/DIAGS/CAG_2026-07-10/RADAR//20260711_00.jpg /scratch/cfontana/DIAGS/CAG_2026-07-10/static_CAG_2026-07-10/radar_2.jpg
+ let i=2+1
+ cp /scratch/cfontana/DIAGS/CAG_2026-07-10/RADAR//20260712_00.jpg /scratch/cfontana/DIAGS/CAG_2026-07-10/static_CAG_2026-07-10/radar_3.jpg
+ let i=3+1
+ cp /scratch/cfontana/DIAGS/CAG_2026-07-10/RADAR//20260713_00.jpg /scratch/cfontana/DIAGS/CAG_2026-07-10/static_CAG_2026-07-10/radar_4.jpg
+ let i=4+1
+ cp /scratch/cfontana/DIAGS/CAG_2026-07-10/RADAR//20260714_00.jpg /scratch/cfontana/DIAGS/CAG_2026-07-10/static_CAG_2026-07-10/radar_5.jpg
+ let i=5+1
+ cp /scratch/cfontana/DIAGS/CAG_2026-07-10/RADAR//20260715_00.jpg /scratch/cfontana/DIAGS/CAG_2026-07-10/static_CAG_2026-07-10/radar_6.jpg
+ let i=6+1
+ dir=/scratch/cfontana/DIAGS/CAG_2026-07-10/ARGO/
+ ls -d '/scratch/cfontana/DIAGS/CAG_2026-07-10/ARGO//bio*/'
ls: cannot access '/scratch/cfontana/DIAGS/CAG_2026-07-10/ARGO//bio*/': No such file or directory
+ i=1
+ 1> /scratch/cfontana/DIAGS/CAG_2026-07-10/static_CAG_2026-07-10/list.txt
+ ls -d '/scratch/cfontana/DIAGS/CAG_2026-07-10/ARGO//*/'
ls: cannot access '/scratch/cfontana/DIAGS/CAG_2026-07-10/ARGO//*/': No such file or directory
+ cp /scratch/cfontana/DIAGS/CAG_2026-07-10/ARGO//map.jpg /scratch/cfontana/DIAGS/CAG_2026-07-10/static_CAG_2026-07-10
cp: cannot stat '/scratch/cfontana/DIAGS/CAG_2026-07-10/ARGO//map.jpg': No such file or directory
+ scp -r /scratch/cfontana/DIAGS/CAG_2026-07-10/static_CAG_2026-07-10 yulpa175555@webhost03.yulpa.io:/datas/yulpa175555/sites/merval.eg2.fr/htdocs/DIAGS
+ echo 'PROCESSING SAR'
PROCESSING SAR
+ echo '_______________ '
_______________ 
+ date
Sat Jul 11 13:12:05 CEST 2026
+ config=SAR_2026-07-10
+ awk '{print tolower($0)}'
+ echo SAR
+ lower=sar
+ set -x
+ cat config/config_SAR.json
+ sed -e s/FREQ/hourly/
+ sed -e s/DINI/2026-07-10/g
+ 1> config/config_SAR_2026-07-10.json
+ sed -e s/DOUT/20260710/
+ sed -e s/DEND/2026-07-15/
+ cp config/cmems_DOMAIN.dat config/cmems_SAR_2026-07-10.dat
+ cp config/variables_mit_DOMAIN.dat config/variables_mit_SAR_2026-07-10.dat
+ jq -r .diagdir config/config_SAR_2026-07-10.json
+ diagdir=/scratch/cfontana/DIAGS/SAR_2026-07-10
+ jq -r .radardir config/config_SAR_2026-07-10.json
+ radardir=/scratch/cfontana/RADAR/
+ [ 0 -eq 0 -a 0 -eq 1 ]
+ [ 1 -eq 1 ]
+ cd datasets/CMEMS
+ python get_data_sat.py -c SAR_2026-07-10 -v thetao
INFO - 2026-07-11T11:12:08Z - Selected dataset version: "202311"
INFO - 2026-07-11T11:12:08Z - Selected dataset part: "default"
WARNING - 2026-07-11T11:12:08Z - Some of your subset selection [2026-07-10 00:00:00+00:00, 2026-07-15 00:00:00+00:00] for the time dimension exceed the dataset coordinates [2008-01-01 00:00:00+00:00, 2026-07-10 00:00:00+00:00]
----------------------------------
=> Config file SAR_2026-07-10 loaded
----------------------------------

Downloading CMEMS products : SST_MED_SST_L3S_NRT_OBSERVATIONS_010_012_b
=> Variable [np.str_('adjusted_sea_surface_temperature')] 

------------------------------
DATE =>>> 2026-07-10 2026-07-15
------------------------------
  0%|                                                                                          | 0/102 [00:00<?, ?it/s]  1%|▊                                                                                 | 1/102 [00:00<00:27,  3.71it/s]  7%|█████▋                                                                            | 7/102 [00:00<00:04, 22.18it/s] 21%|████████████████▋                                                                | 21/102 [00:00<00:01, 50.88it/s] 26%|█████████████████████▍                                                           | 27/102 [00:00<00:01, 53.37it/s] 32%|██████████████████████████▏                                                      | 33/102 [00:00<00:01, 54.60it/s] 38%|██████████████████████████████▉                                                  | 39/102 [00:00<00:01, 53.12it/s] 54%|███████████████████████████████████████████▋                                     | 55/102 [00:01<00:00, 74.89it/s] 68%|██████████████████████████████████████████████████████▊                          | 69/102 [00:01<00:00, 90.47it/s] 77%|██████████████████████████████████████████████████████████████▋                  | 79/102 [00:01<00:00, 70.92it/s] 91%|█████████████████████████████████████████████████████████████████████████▊       | 93/102 [00:01<00:00, 75.60it/s]100%|████████████████████████████████████████████████████████████████████████████████| 102/102 [00:01<00:00, 67.37it/s]

[FILE SAVED ] /scratch/cfontana/DIAGS/SAR_2026-07-10/CMEMS/data/SST_MED_SST_L3S_NRT_OBSERVATIONS_010_012_b.nc
+ python interp_cmems.py -c SAR_2026-07-10 -v thetao
----------------------------------
=> Config file SAR_2026-07-10 loaded
----------------------------------


[FILE SAVED] /scratch/cfontana/DIAGS/SAR_2026-07-10/CMEMS/thetao/ITP_NC/thetao_20260710.nc

+ [ 2 -eq 2 ]
+ error=1
+ cd ../../plot
+ python plot_CMEMS_pickle_data_vs_sat.py -c SAR_2026-07-10 -v thetao -s CMEMS
----------------------------------
=> Config file SAR_2026-07-10 loaded
----------------------------------

Processing
739807 26.592311477623742 26.731577 26.807396 0.9671947303805837
[Errno 2] No such file or directory: '/scratch/cfontana/DIAGS/SAR_2026-07-10/CMEMS/thetao/ITP_NC/thetao_20260711.nc' 

=> in get_sat_2D :
Error processing file /scratch/cfontana/DIAGS/SAR_2026-07-10/CMEMS/thetao/ITP_NC/thetao_20260711.nc
File not found
739808 26.70201897516028 nan 27.017052 1
[Errno 2] No such file or directory: '/scratch/cfontana/DIAGS/SAR_2026-07-10/CMEMS/thetao/ITP_NC/thetao_20260712.nc' 

=> in get_sat_2D :
Error processing file /scratch/cfontana/DIAGS/SAR_2026-07-10/CMEMS/thetao/ITP_NC/thetao_20260712.nc
File not found
739809 26.677158854343013 nan 26.908497 1
[Errno 2] No such file or directory: '/scratch/cfontana/DIAGS/SAR_2026-07-10/CMEMS/thetao/ITP_NC/thetao_20260713.nc' 

=> in get_sat_2D :
Error processing file /scratch/cfontana/DIAGS/SAR_2026-07-10/CMEMS/thetao/ITP_NC/thetao_20260713.nc
File not found
739810 26.898890374713115 nan 27.143253 1
[Errno 2] No such file or directory: '/scratch/cfontana/DIAGS/SAR_2026-07-10/CMEMS/thetao/ITP_NC/thetao_20260714.nc' 

=> in get_sat_2D :
Error processing file /scratch/cfontana/DIAGS/SAR_2026-07-10/CMEMS/thetao/ITP_NC/thetao_20260714.nc
File not found
739811 27.092390289698834 nan 27.253096 1
[Errno 2] No such file or directory: '/scratch/cfontana/DIAGS/SAR_2026-07-10/CMEMS/thetao/ITP_NC/thetao_20260715.nc' 

=> in get_sat_2D :
Error processing file /scratch/cfontana/DIAGS/SAR_2026-07-10/CMEMS/thetao/ITP_NC/thetao_20260715.nc
File not found
739812 27.24153105853128 nan 27.429285 1
[SAVED FIG] /scratch/cfontana/DIAGS/SAR_2026-07-10/CMEMS/thetao/ITP_NC/PLOT/2026071000_thetao.jpg
[SAVED FIG] /scratch/cfontana/DIAGS/SAR_2026-07-10/CMEMS/thetao/ITP_NC/PLOT/2026071100_thetao.jpg
[SAVED FIG] /scratch/cfontana/DIAGS/SAR_2026-07-10/CMEMS/thetao/ITP_NC/PLOT/2026071200_thetao.jpg
[SAVED FIG] /scratch/cfontana/DIAGS/SAR_2026-07-10/CMEMS/thetao/ITP_NC/PLOT/2026071300_thetao.jpg
[SAVED FIG] /scratch/cfontana/DIAGS/SAR_2026-07-10/CMEMS/thetao/ITP_NC/PLOT/2026071400_thetao.jpg
[SAVED FIG] /scratch/cfontana/DIAGS/SAR_2026-07-10/CMEMS/thetao/ITP_NC/PLOT/2026071500_thetao.jpg
+ python plot_sat_CMEMS_timeseries.py -c SAR_2026-07-10 -v thetao -s CMEMS
----------------------------------
=> Config file SAR_2026-07-10 loaded
----------------------------------

[SAVED FIG] /scratch/cfontana/DIAGS/SAR_2026-07-10/CMEMS/thetao/ITP_NC/time_series.jpg
+ rm -f '/scratch/cfontana/DIAGS/SAR_2026-07-10/CMEMS/thetao/ITP_NC/PLOT/*.pkl'
+ [ 1 -eq 1 ]
+ rm -f /scratch/cfontana/DIAGS/SAR_2026-07-10/CMEMS/thetao/ITP_NC/thetao_20260710.nc
+ date
Sat Jul 11 13:31:24 CEST 2026
+ cd ..
+ [ 1 -eq 1 ]
+ cd datasets/HFRADAR
+ python read_radar.py -c SAR_2026-07-10
----------------------------------
=> Config file SAR_2026-07-10 loaded
----------------------------------


----------
20260710 0
[Errno 2] No such file or directory: '/scratch/cfontana/RADAR//2026-07-10/EUHFR_NRTcurrent_HFR-TirLig-Total_v3.nc'
[Errno 2] No such file or directory: '/scratch/cfontana/RADAR//2026-07-10/EUHFR_NRTcurrent_HFR-ARPAS-Total_v3.nc'
[Errno 2] No such file or directory: '/scratch/cfontana/RADAR//2026-07-10/EUHFR_NRTcurrent_HFR-LaMMA-Total_v3.nc'
[Errno 2] No such file or directory: '/scratch/cfontana/RADAR//2026-07-10/EUHFR_NRTcurrent_HFR-GoS-Total_v3.nc'
[Errno 2] No such file or directory: '/scratch/cfontana/RADAR//2026-07-10/EUHFR_NRTcurrent_HFR-WesternItaly-Total_v3.nc'
[Errno 2] No such file or directory: '/scratch/cfontana/RADAR//2026-07-10/EUHFR_NRTcurrent_HFR-Granitola-Total_v3.nc'
[Errno 2] No such file or directory: '/scratch/cfontana/RADAR//2026-07-10/EUHFR_NRTcurrent_HFR-NAdr-Total_v3.nc'
[Errno 2] No such file or directory: '/scratch/cfontana/RADAR//2026-07-10/EUHFR_NRTcurrent_HFR-GoM-Total_v3.nc'
[SAVED FIG] /scratch/cfontana/DIAGS/SAR_2026-07-10/RADAR/20260710_00.jpg

----------
20260711 0
[Errno 2] No such file or directory: '/scratch/cfontana/RADAR//2026-07-10/EUHFR_NRTcurrent_HFR-TirLig-Total_v3.nc'
[Errno 2] No such file or directory: '/scratch/cfontana/RADAR//2026-07-10/EUHFR_NRTcurrent_HFR-ARPAS-Total_v3.nc'
[Errno 2] No such file or directory: '/scratch/cfontana/RADAR//2026-07-10/EUHFR_NRTcurrent_HFR-LaMMA-Total_v3.nc'
[Errno 2] No such file or directory: '/scratch/cfontana/RADAR//2026-07-10/EUHFR_NRTcurrent_HFR-GoS-Total_v3.nc'
[Errno 2] No such file or directory: '/scratch/cfontana/RADAR//2026-07-10/EUHFR_NRTcurrent_HFR-WesternItaly-Total_v3.nc'
[Errno 2] No such file or directory: '/scratch/cfontana/RADAR//2026-07-10/EUHFR_NRTcurrent_HFR-Granitola-Total_v3.nc'
[Errno 2] No such file or directory: '/scratch/cfontana/RADAR//2026-07-10/EUHFR_NRTcurrent_HFR-NAdr-Total_v3.nc'
[Errno 2] No such file or directory: '/scratch/cfontana/RADAR//2026-07-10/EUHFR_NRTcurrent_HFR-GoM-Total_v3.nc'
[SAVED FIG] /scratch/cfontana/DIAGS/SAR_2026-07-10/RADAR/20260711_00.jpg

----------
20260712 0
[Errno 2] No such file or directory: '/scratch/cfontana/RADAR//2026-07-10/EUHFR_NRTcurrent_HFR-TirLig-Total_v3.nc'
[Errno 2] No such file or directory: '/scratch/cfontana/RADAR//2026-07-10/EUHFR_NRTcurrent_HFR-ARPAS-Total_v3.nc'
[Errno 2] No such file or directory: '/scratch/cfontana/RADAR//2026-07-10/EUHFR_NRTcurrent_HFR-LaMMA-Total_v3.nc'
[Errno 2] No such file or directory: '/scratch/cfontana/RADAR//2026-07-10/EUHFR_NRTcurrent_HFR-GoS-Total_v3.nc'
[Errno 2] No such file or directory: '/scratch/cfontana/RADAR//2026-07-10/EUHFR_NRTcurrent_HFR-WesternItaly-Total_v3.nc'
[Errno 2] No such file or directory: '/scratch/cfontana/RADAR//2026-07-10/EUHFR_NRTcurrent_HFR-Granitola-Total_v3.nc'
[Errno 2] No such file or directory: '/scratch/cfontana/RADAR//2026-07-10/EUHFR_NRTcurrent_HFR-NAdr-Total_v3.nc'
[Errno 2] No such file or directory: '/scratch/cfontana/RADAR//2026-07-10/EUHFR_NRTcurrent_HFR-GoM-Total_v3.nc'
[SAVED FIG] /scratch/cfontana/DIAGS/SAR_2026-07-10/RADAR/20260712_00.jpg

----------
20260713 0
[Errno 2] No such file or directory: '/scratch/cfontana/RADAR//2026-07-10/EUHFR_NRTcurrent_HFR-TirLig-Total_v3.nc'
[Errno 2] No such file or directory: '/scratch/cfontana/RADAR//2026-07-10/EUHFR_NRTcurrent_HFR-ARPAS-Total_v3.nc'
[Errno 2] No such file or directory: '/scratch/cfontana/RADAR//2026-07-10/EUHFR_NRTcurrent_HFR-LaMMA-Total_v3.nc'
[Errno 2] No such file or directory: '/scratch/cfontana/RADAR//2026-07-10/EUHFR_NRTcurrent_HFR-GoS-Total_v3.nc'
[Errno 2] No such file or directory: '/scratch/cfontana/RADAR//2026-07-10/EUHFR_NRTcurrent_HFR-WesternItaly-Total_v3.nc'
[Errno 2] No such file or directory: '/scratch/cfontana/RADAR//2026-07-10/EUHFR_NRTcurrent_HFR-Granitola-Total_v3.nc'
[Errno 2] No such file or directory: '/scratch/cfontana/RADAR//2026-07-10/EUHFR_NRTcurrent_HFR-NAdr-Total_v3.nc'
[Errno 2] No such file or directory: '/scratch/cfontana/RADAR//2026-07-10/EUHFR_NRTcurrent_HFR-GoM-Total_v3.nc'
[SAVED FIG] /scratch/cfontana/DIAGS/SAR_2026-07-10/RADAR/20260713_00.jpg

----------
20260714 0
[Errno 2] No such file or directory: '/scratch/cfontana/RADAR//2026-07-10/EUHFR_NRTcurrent_HFR-TirLig-Total_v3.nc'
[Errno 2] No such file or directory: '/scratch/cfontana/RADAR//2026-07-10/EUHFR_NRTcurrent_HFR-ARPAS-Total_v3.nc'
[Errno 2] No such file or directory: '/scratch/cfontana/RADAR//2026-07-10/EUHFR_NRTcurrent_HFR-LaMMA-Total_v3.nc'
[Errno 2] No such file or directory: '/scratch/cfontana/RADAR//2026-07-10/EUHFR_NRTcurrent_HFR-GoS-Total_v3.nc'
[Errno 2] No such file or directory: '/scratch/cfontana/RADAR//2026-07-10/EUHFR_NRTcurrent_HFR-WesternItaly-Total_v3.nc'
[Errno 2] No such file or directory: '/scratch/cfontana/RADAR//2026-07-10/EUHFR_NRTcurrent_HFR-Granitola-Total_v3.nc'
[Errno 2] No such file or directory: '/scratch/cfontana/RADAR//2026-07-10/EUHFR_NRTcurrent_HFR-NAdr-Total_v3.nc'
[Errno 2] No such file or directory: '/scratch/cfontana/RADAR//2026-07-10/EUHFR_NRTcurrent_HFR-GoM-Total_v3.nc'
[SAVED FIG] /scratch/cfontana/DIAGS/SAR_2026-07-10/RADAR/20260714_00.jpg

----------
20260715 0
[Errno 2] No such file or directory: '/scratch/cfontana/RADAR//2026-07-10/EUHFR_NRTcurrent_HFR-TirLig-Total_v3.nc'
[Errno 2] No such file or directory: '/scratch/cfontana/RADAR//2026-07-10/EUHFR_NRTcurrent_HFR-ARPAS-Total_v3.nc'
[Errno 2] No such file or directory: '/scratch/cfontana/RADAR//2026-07-10/EUHFR_NRTcurrent_HFR-LaMMA-Total_v3.nc'
[Errno 2] No such file or directory: '/scratch/cfontana/RADAR//2026-07-10/EUHFR_NRTcurrent_HFR-GoS-Total_v3.nc'
[Errno 2] No such file or directory: '/scratch/cfontana/RADAR//2026-07-10/EUHFR_NRTcurrent_HFR-WesternItaly-Total_v3.nc'
[Errno 2] No such file or directory: '/scratch/cfontana/RADAR//2026-07-10/EUHFR_NRTcurrent_HFR-Granitola-Total_v3.nc'
[Errno 2] No such file or directory: '/scratch/cfontana/RADAR//2026-07-10/EUHFR_NRTcurrent_HFR-NAdr-Total_v3.nc'
[Errno 2] No such file or directory: '/scratch/cfontana/RADAR//2026-07-10/EUHFR_NRTcurrent_HFR-GoM-Total_v3.nc'
[SAVED FIG] /scratch/cfontana/DIAGS/SAR_2026-07-10/RADAR/20260715_00.jpg
+ date
Sat Jul 11 14:01:35 CEST 2026
+ cd ../..
+ cat config/config_SAR.json
+ sed -e s/FREQ/daily/
+ sed -e s/DINI/2026-07-10/g
+ sed -e s/DOUT/20260710/
+ 1> config/config_SAR_2026-07-10.json
+ sed -e s/DEND/2026-07-15/
+ [ 1 -eq 1 ]
+ cd datasets/CMEMS
+ python get_data_sat.py -c SAR_2026-07-10 -v chl
INFO - 2026-07-11T12:01:38Z - Selected dataset version: "202211"
INFO - 2026-07-11T12:01:38Z - Selected dataset part: "default"
WARNING - 2026-07-11T12:01:38Z - Some of your subset selection [2026-07-10 00:00:00+00:00, 2026-07-15 00:00:00+00:00] for the time dimension exceed the dataset coordinates [2026-07-03 00:00:00+00:00, 2026-07-10 00:00:00+00:00]
----------------------------------
=> Config file SAR_2026-07-10 loaded
----------------------------------

Downloading CMEMS products : cmems_obs-oc_med_bgc-plankton_nrt_l3-multi-1km_P1D
=> Variable ['CHL', 'KD490'] 

------------------------------
DATE =>>> 2026-07-10 2026-07-15
------------------------------
  0%|                                                                                           | 0/78 [00:00<?, ?it/s]  1%|█                                                                                  | 1/78 [00:00<00:19,  3.91it/s] 12%|█████████▌                                                                         | 9/78 [00:00<00:02, 28.19it/s] 17%|█████████████▋                                                                    | 13/78 [00:00<00:02, 31.87it/s] 35%|████████████████████████████▍                                                     | 27/78 [00:00<00:00, 58.48it/s] 50%|█████████████████████████████████████████                                         | 39/78 [00:00<00:00, 70.19it/s] 65%|█████████████████████████████████████████████████████▌                            | 51/78 [00:00<00:00, 77.83it/s] 81%|██████████████████████████████████████████████████████████████████▏               | 63/78 [00:00<00:00, 87.24it/s] 96%|██████████████████████████████████████████████████████████████████████████████▊   | 75/78 [00:01<00:00, 85.88it/s]100%|██████████████████████████████████████████████████████████████████████████████████| 78/78 [00:01<00:00, 68.30it/s]

[FILE SAVED ] /scratch/cfontana/DIAGS/SAR_2026-07-10/CMEMS/data/cmems_obs-oc_med_bgc-plankton_nrt_l3-multi-1km_P1D.nc
+ python interp_cmems.py -c SAR_2026-07-10 -v chl
----------------------------------
=> Config file SAR_2026-07-10 loaded
----------------------------------


[FILE SAVED] /scratch/cfontana/DIAGS/SAR_2026-07-10/CMEMS/chl/ITP_NC/chl_20260710.nc

+ [ 2 -eq 2 ]
+ error=1
+ cd ../../plot
+ python plot_CMEMS_pickle_data_vs_sat.py -c SAR_2026-07-10 -v chl -s CMEMS
----------------------------------
=> Config file SAR_2026-07-10 loaded
----------------------------------

Processing
739807 0.042859364978238 0.042176466 0.033590894 0.8330500204614852
[Errno 2] No such file or directory: '/scratch/cfontana/DIAGS/SAR_2026-07-10/CMEMS/chl/ITP_NC/chl_20260711.nc' 

=> in get_sat_2D :
Error processing file /scratch/cfontana/DIAGS/SAR_2026-07-10/CMEMS/chl/ITP_NC/chl_20260711.nc
File not found
739808 0.04334365164974655 nan 0.033048816 1
[Errno 2] No such file or directory: '/scratch/cfontana/DIAGS/SAR_2026-07-10/CMEMS/chl/ITP_NC/chl_20260712.nc' 

=> in get_sat_2D :
Error processing file /scratch/cfontana/DIAGS/SAR_2026-07-10/CMEMS/chl/ITP_NC/chl_20260712.nc
File not found
739809 0.04246669068500522 nan 0.03255143 1
[Errno 2] No such file or directory: '/scratch/cfontana/DIAGS/SAR_2026-07-10/CMEMS/chl/ITP_NC/chl_20260713.nc' 

=> in get_sat_2D :
Error processing file /scratch/cfontana/DIAGS/SAR_2026-07-10/CMEMS/chl/ITP_NC/chl_20260713.nc
File not found
739810 0.04171147013760962 nan 0.03206499 1
[Errno 2] No such file or directory: '/scratch/cfontana/DIAGS/SAR_2026-07-10/CMEMS/chl/ITP_NC/chl_20260714.nc' 

=> in get_sat_2D :
Error processing file /scratch/cfontana/DIAGS/SAR_2026-07-10/CMEMS/chl/ITP_NC/chl_20260714.nc
File not found
739811 0.041844842866299276 nan 0.0315658 1
[Errno 2] No such file or directory: '/scratch/cfontana/DIAGS/SAR_2026-07-10/CMEMS/chl/ITP_NC/chl_20260715.nc' 

=> in get_sat_2D :
Error processing file /scratch/cfontana/DIAGS/SAR_2026-07-10/CMEMS/chl/ITP_NC/chl_20260715.nc
File not found
739812 0.04376463118979453 nan 0.031106824 1
[SAVED FIG] /scratch/cfontana/DIAGS/SAR_2026-07-10/CMEMS/chl/ITP_NC/PLOT/2026071012_chl.jpg
[SAVED FIG] /scratch/cfontana/DIAGS/SAR_2026-07-10/CMEMS/chl/ITP_NC/PLOT/2026071112_chl.jpg
[SAVED FIG] /scratch/cfontana/DIAGS/SAR_2026-07-10/CMEMS/chl/ITP_NC/PLOT/2026071212_chl.jpg
[SAVED FIG] /scratch/cfontana/DIAGS/SAR_2026-07-10/CMEMS/chl/ITP_NC/PLOT/2026071312_chl.jpg
[SAVED FIG] /scratch/cfontana/DIAGS/SAR_2026-07-10/CMEMS/chl/ITP_NC/PLOT/2026071412_chl.jpg
[SAVED FIG] /scratch/cfontana/DIAGS/SAR_2026-07-10/CMEMS/chl/ITP_NC/PLOT/2026071512_chl.jpg
+ python plot_sat_CMEMS_timeseries.py -c SAR_2026-07-10 -v chl -s CMEMS
----------------------------------
=> Config file SAR_2026-07-10 loaded
----------------------------------

[SAVED FIG] /scratch/cfontana/DIAGS/SAR_2026-07-10/CMEMS/chl/ITP_NC/time_series.jpg
+ rm -f '/scratch/cfontana/DIAGS/SAR_2026-07-10/CMEMS/chl/ITP_NC/PLOT/*.pkl'
+ [ 1 -eq 1 ]
+ rm -f /scratch/cfontana/DIAGS/SAR_2026-07-10/CMEMS/chl/ITP_NC/chl_20260710.nc
+ date
Sat Jul 11 14:13:09 CEST 2026
+ cd ..
+ [ 1 -eq 0 ]
+ [ 1 -eq 1 ]
+ rm -f /scratch/cfontana/DIAGS/SAR_2026-07-10/CMEMS/data/SST_MED_SST_L3S_NRT_OBSERVATIONS_010_012_b.nc /scratch/cfontana/DIAGS/SAR_2026-07-10/CMEMS/data/cmems_obs-oc_med_bgc-plankton_nrt_l3-multi-1km_P1D.nc
+ [ 1 -eq 1 ]
+ source /home/cfontana/venv/a/bin/activate
+ 1> /dev/null
+ deactivate nondestructive
+ [ -n /home/cfontana/venv/c/bin:/usr/local/sbin:/usr/local/bin:/usr/sbin:/usr/bin:/sbin:/bin:/usr/games:/usr/local/games:/snap/bin ]
+ PATH=/home/cfontana/venv/c/bin:/usr/local/sbin:/usr/local/bin:/usr/sbin:/usr/bin:/sbin:/bin:/usr/games:/usr/local/games:/snap/bin
+ export PATH
+ unset _OLD_VIRTUAL_PATH
+ [ -n '' ]
+ hash -r
+ 2> /dev/null
+ [ -n '(c) \[\e]0;\u@\h: \w\a\]${debian_chroot:+($debian_chroot)}\[\033[01;32m\]\u@\h\[\033[00m\]:\[\033[01;34m\]\w\[\033[00m\]\$ ' ]
+ PS1='(c) \[\e]0;\u@\h: \w\a\]${debian_chroot:+($debian_chroot)}\[\033[01;32m\]\u@\h\[\033[00m\]:\[\033[01;34m\]\w\[\033[00m\]\$ '
+ export PS1
+ unset _OLD_VIRTUAL_PS1
+ unset VIRTUAL_ENV
+ unset VIRTUAL_ENV_PROMPT
+ [ ! nondestructive '=' nondestructive ]
+ [ '' '=' cygwin ]
+ [ '' '=' msys ]
+ VIRTUAL_ENV=/home/cfontana/venv/a
+ export VIRTUAL_ENV
+ _OLD_VIRTUAL_PATH=/home/cfontana/venv/c/bin:/usr/local/sbin:/usr/local/bin:/usr/sbin:/usr/bin:/sbin:/bin:/usr/games:/usr/local/games:/snap/bin
+ PATH=/home/cfontana/venv/a/bin:/home/cfontana/venv/c/bin:/usr/local/sbin:/usr/local/bin:/usr/sbin:/usr/bin:/sbin:/bin:/usr/games:/usr/local/games:/snap/bin
+ export PATH
+ [ -n '' ]
+ [ -z '' ]
+ _OLD_VIRTUAL_PS1='(c) \[\e]0;\u@\h: \w\a\]${debian_chroot:+($debian_chroot)}\[\033[01;32m\]\u@\h\[\033[00m\]:\[\033[01;34m\]\w\[\033[00m\]\$ '
+ PS1='(a) (c) \[\e]0;\u@\h: \w\a\]${debian_chroot:+($debian_chroot)}\[\033[01;32m\]\u@\h\[\033[00m\]:\[\033[01;34m\]\w\[\033[00m\]\$ '
+ export PS1
+ VIRTUAL_ENV_PROMPT='(a) '
+ export VIRTUAL_ENV_PROMPT
+ hash -r
+ 2> /dev/null
+ sed -i s/daily/hourly/ config/config_SAR_2026-07-10.json
+ cd datasets/ARGO
+ python get_argo.py -c SAR_2026-07-10
----------------------------------
=> Config file SAR_2026-07-10 loaded
----------------------------------

[np.float64(5.898437963143127), np.float64(11.518229629809793), np.float64(37.627604765543865), np.float64(41.7890630988772), 0, 500, '2026-07-10', '2026-07-15']
[SAVED] /scratch/cfontana/DIAGS/SAR_2026-07-10/ARGO/argo.nc
+ [ 0 -eq 0 ]
+ echo 'ARGO FOUND'
ARGO FOUND
+ python compare_argo.py -c SAR_2026-07-10
/home/cfontana/DATA_MED/datasets/ARGO/compare_argo.py:186: SyntaxWarning: invalid escape sequence '\ '
  print('/!\ NaN detected in depth data\n')
----------------------------------
=> Config file SAR_2026-07-10 loaded
----------------------------------

1 profiles found

Processing

Float 7902326 cycle 37
-----
Interpolation done for [ 87 ] data in 3.27 secInterpolation done for [ 87 ] data in 2.21 sec[SAVED FIG] /scratch/cfontana/DIAGS/SAR_2026-07-10/ARGO/7902326/profile_37.jpg

-------------
Total of 174 found
-------------

Plot trajectories ...
[SAVED FIG] /scratch/cfontana/DIAGS/SAR_2026-07-10/ARGO/7902326/map.jpg
[SAVED FIG] /scratch/cfontana/DIAGS/SAR_2026-07-10/ARGO/map.jpg
N =  86
[SAVED FIG] /scratch/cfontana/DIAGS/SAR_2026-07-10/ARGO/error_Salinity.jpg
Data for Salinity
[np.float64(0.046213907560661266), np.float64(0.11946690674690201), np.float64(0.4637924297610816)]

N =  86
[SAVED FIG] /scratch/cfontana/DIAGS/SAR_2026-07-10/ARGO/error_Temperature.jpg
Data for Temperature
[np.float64(0.14940650612013137), np.float64(0.6533773808174043), np.float64(0.3159022029830503)]

+ cd ../../
+ sed -i s/phy/bgc/ config/config_SAR_2026-07-10.json
+ cd datasets/ARGO
+ python get_argo.py -c SAR_2026-07-10
----------------------------------
=> Config file SAR_2026-07-10 loaded
----------------------------------

[np.float64(5.898437963143127), np.float64(11.518229629809793), np.float64(37.627604765543865), np.float64(41.7890630988772), 0, 500, '2026-07-10', '2026-07-15']
Traceback (most recent call last):
  File "/home/cfontana/DATA_MED/datasets/ARGO/get_argo.py", line 73, in <module>
    f = f.region(box).load()
        ^^^^^^^^^^^^^^^^^^^^
  File "/home/cfontana/venv/a/lib/python3.12/site-packages/argopy/fetchers.py", line 886, in load
    self._data = self._to_xarray(**kwargs)
                 ^^^^^^^^^^^^^^^^^^^^^^^^^
  File "/home/cfontana/venv/a/lib/python3.12/site-packages/argopy/fetchers.py", line 673, in _to_xarray
    xds = self.fetcher.to_xarray(**kwargs)
          ^^^^^^^^^^^^^^^^^^^^^^^^^^^^^^^^
  File "/home/cfontana/venv/a/lib/python3.12/site-packages/argopy/data_fetchers/erddap_data.py", line 583, in to_xarray
    results = self.fs.open_dataset(URI[0])
              ^^^^^^^^^^^^^^^^^^^^^^^^^^^^
  File "/home/cfontana/venv/a/lib/python3.12/site-packages/argopy/stores/implementations/http.py", line 349, in open_dataset
    target, _ = load_in_memory(
                ^^^^^^^^^^^^^^^
  File "/home/cfontana/venv/a/lib/python3.12/site-packages/argopy/stores/implementations/http.py", line 261, in load_in_memory
    data = self.download_url(url, **dwn_opts)
           ^^^^^^^^^^^^^^^^^^^^^^^^^^^^^^^^^^
  File "/home/cfontana/venv/a/lib/python3.12/site-packages/argopy/stores/implementations/http.py", line 169, in download_url
    data, n = make_request(
              ^^^^^^^^^^^^^
  File "/home/cfontana/venv/a/lib/python3.12/site-packages/argopy/stores/implementations/http.py", line 124, in make_request
    raise e
  File "/home/cfontana/venv/a/lib/python3.12/site-packages/argopy/stores/implementations/http.py", line 121, in make_request
    data = ffs.cat_file(url, **cat_opts)
           ^^^^^^^^^^^^^^^^^^^^^^^^^^^^^
  File "/home/cfontana/venv/a/lib/python3.12/site-packages/fsspec/asyn.py", line 118, in wrapper
    return sync(self.loop, func, *args, **kwargs)
           ^^^^^^^^^^^^^^^^^^^^^^^^^^^^^^^^^^^^^^
  File "/home/cfontana/venv/a/lib/python3.12/site-packages/fsspec/asyn.py", line 103, in sync
    raise return_result
  File "/home/cfontana/venv/a/lib/python3.12/site-packages/fsspec/asyn.py", line 56, in _runner
    result[0] = await coro
                ^^^^^^^^^^
  File "/home/cfontana/venv/a/lib/python3.12/site-packages/fsspec/implementations/http.py", line 247, in _cat_file
    self._raise_not_found_for_status(r, url)
  File "/home/cfontana/venv/a/lib/python3.12/site-packages/fsspec/implementations/http.py", line 229, in _raise_not_found_for_status
    raise FileNotFoundError(url)
FileNotFoundError: https://erddap.ifremer.fr/erddap/tabledap/ArgoFloats-synthetic-BGC.nc?config_mission_number,cycle_number,direction,doxy,doxy_adjusted,doxy_adjusted_error,doxy_adjusted_qc,doxy_qc,latitude,longitude,platform_number,position_qc,pres,pres_adjusted,pres_adjusted_error,pres_adjusted_qc,pres_qc,psal,psal_adjusted,psal_adjusted_error,psal_adjusted_qc,psal_qc,temp,temp_adjusted,temp_adjusted_error,temp_adjusted_qc,temp_qc,time,time_qc&longitude>=5.898437963143127&longitude<=11.518229629809793&latitude>=37.627604765543865&latitude<=41.7890630988772&pres>=0&pres<=500&time>=1783641600.0&time<=1784073600.0&latitude!=NaN&longitude!=NaN&distinct()&orderBy("time,pres")
+ [ 1 -eq 0 ]
+ cd ../../
+ [ 1 -eq 1 ]
+ source /home/cfontana/venv/c/bin/activate
+ 1> /dev/null
+ deactivate nondestructive
+ [ -n /home/cfontana/venv/c/bin:/usr/local/sbin:/usr/local/bin:/usr/sbin:/usr/bin:/sbin:/bin:/usr/games:/usr/local/games:/snap/bin ]
+ PATH=/home/cfontana/venv/c/bin:/usr/local/sbin:/usr/local/bin:/usr/sbin:/usr/bin:/sbin:/bin:/usr/games:/usr/local/games:/snap/bin
+ export PATH
+ unset _OLD_VIRTUAL_PATH
+ [ -n '' ]
+ hash -r
+ 2> /dev/null
+ [ -n '(c) \[\e]0;\u@\h: \w\a\]${debian_chroot:+($debian_chroot)}\[\033[01;32m\]\u@\h\[\033[00m\]:\[\033[01;34m\]\w\[\033[00m\]\$ ' ]
+ PS1='(c) \[\e]0;\u@\h: \w\a\]${debian_chroot:+($debian_chroot)}\[\033[01;32m\]\u@\h\[\033[00m\]:\[\033[01;34m\]\w\[\033[00m\]\$ '
+ export PS1
+ unset _OLD_VIRTUAL_PS1
+ unset VIRTUAL_ENV
+ unset VIRTUAL_ENV_PROMPT
+ [ ! nondestructive '=' nondestructive ]
+ [ '' '=' cygwin ]
+ [ '' '=' msys ]
+ VIRTUAL_ENV=/home/cfontana/venv/c
+ export VIRTUAL_ENV
+ _OLD_VIRTUAL_PATH=/home/cfontana/venv/c/bin:/usr/local/sbin:/usr/local/bin:/usr/sbin:/usr/bin:/sbin:/bin:/usr/games:/usr/local/games:/snap/bin
+ PATH=/home/cfontana/venv/c/bin:/home/cfontana/venv/c/bin:/usr/local/sbin:/usr/local/bin:/usr/sbin:/usr/bin:/sbin:/bin:/usr/games:/usr/local/games:/snap/bin
+ export PATH
+ [ -n '' ]
+ [ -z '' ]
+ _OLD_VIRTUAL_PS1='(c) \[\e]0;\u@\h: \w\a\]${debian_chroot:+($debian_chroot)}\[\033[01;32m\]\u@\h\[\033[00m\]:\[\033[01;34m\]\w\[\033[00m\]\$ '
+ PS1='(c) (c) \[\e]0;\u@\h: \w\a\]${debian_chroot:+($debian_chroot)}\[\033[01;32m\]\u@\h\[\033[00m\]:\[\033[01;34m\]\w\[\033[00m\]\$ '
+ export PS1
+ VIRTUAL_ENV_PROMPT='(c) '
+ export VIRTUAL_ENV_PROMPT
+ hash -r
+ 2> /dev/null
+ static=/scratch/cfontana/DIAGS/SAR_2026-07-10/static_SAR_2026-07-10
+ mkdir /scratch/cfontana/DIAGS/SAR_2026-07-10/static_SAR_2026-07-10
+ dir=/scratch/cfontana/DIAGS/SAR_2026-07-10/CMEMS/thetao/ITP_NC
+ i=1
+ ls /scratch/cfontana/DIAGS/SAR_2026-07-10/CMEMS/thetao/ITP_NC/PLOT/
+ cp /scratch/cfontana/DIAGS/SAR_2026-07-10/CMEMS/thetao/ITP_NC/PLOT/2026071000_thetao.jpg /scratch/cfontana/DIAGS/SAR_2026-07-10/static_SAR_2026-07-10/thetao_1.jpg
+ let i=1+1
+ cp /scratch/cfontana/DIAGS/SAR_2026-07-10/CMEMS/thetao/ITP_NC/PLOT/2026071100_thetao.jpg /scratch/cfontana/DIAGS/SAR_2026-07-10/static_SAR_2026-07-10/thetao_2.jpg
+ let i=2+1
+ cp /scratch/cfontana/DIAGS/SAR_2026-07-10/CMEMS/thetao/ITP_NC/PLOT/2026071200_thetao.jpg /scratch/cfontana/DIAGS/SAR_2026-07-10/static_SAR_2026-07-10/thetao_3.jpg
+ let i=3+1
+ cp /scratch/cfontana/DIAGS/SAR_2026-07-10/CMEMS/thetao/ITP_NC/PLOT/2026071300_thetao.jpg /scratch/cfontana/DIAGS/SAR_2026-07-10/static_SAR_2026-07-10/thetao_4.jpg
+ let i=4+1
+ cp /scratch/cfontana/DIAGS/SAR_2026-07-10/CMEMS/thetao/ITP_NC/PLOT/2026071400_thetao.jpg /scratch/cfontana/DIAGS/SAR_2026-07-10/static_SAR_2026-07-10/thetao_5.jpg
+ let i=5+1
+ cp /scratch/cfontana/DIAGS/SAR_2026-07-10/CMEMS/thetao/ITP_NC/PLOT/2026071500_thetao.jpg /scratch/cfontana/DIAGS/SAR_2026-07-10/static_SAR_2026-07-10/thetao_6.jpg
+ let i=6+1
+ cp /scratch/cfontana/DIAGS/SAR_2026-07-10/CMEMS/thetao/ITP_NC/time_series.jpg /scratch/cfontana/DIAGS/SAR_2026-07-10/static_SAR_2026-07-10/time_series_thetao.jpg
+ dir=/scratch/cfontana/DIAGS/SAR_2026-07-10/CMEMS/chl/ITP_NC
+ i=1
+ ls /scratch/cfontana/DIAGS/SAR_2026-07-10/CMEMS/chl/ITP_NC/PLOT/
+ cp /scratch/cfontana/DIAGS/SAR_2026-07-10/CMEMS/chl/ITP_NC/PLOT/2026071012_chl.jpg /scratch/cfontana/DIAGS/SAR_2026-07-10/static_SAR_2026-07-10/chl_1.jpg
+ let i=1+1
+ cp /scratch/cfontana/DIAGS/SAR_2026-07-10/CMEMS/chl/ITP_NC/PLOT/2026071112_chl.jpg /scratch/cfontana/DIAGS/SAR_2026-07-10/static_SAR_2026-07-10/chl_2.jpg
+ let i=2+1
+ cp /scratch/cfontana/DIAGS/SAR_2026-07-10/CMEMS/chl/ITP_NC/PLOT/2026071212_chl.jpg /scratch/cfontana/DIAGS/SAR_2026-07-10/static_SAR_2026-07-10/chl_3.jpg
+ let i=3+1
+ cp /scratch/cfontana/DIAGS/SAR_2026-07-10/CMEMS/chl/ITP_NC/PLOT/2026071312_chl.jpg /scratch/cfontana/DIAGS/SAR_2026-07-10/static_SAR_2026-07-10/chl_4.jpg
+ let i=4+1
+ cp /scratch/cfontana/DIAGS/SAR_2026-07-10/CMEMS/chl/ITP_NC/PLOT/2026071412_chl.jpg /scratch/cfontana/DIAGS/SAR_2026-07-10/static_SAR_2026-07-10/chl_5.jpg
+ let i=5+1
+ cp /scratch/cfontana/DIAGS/SAR_2026-07-10/CMEMS/chl/ITP_NC/PLOT/2026071512_chl.jpg /scratch/cfontana/DIAGS/SAR_2026-07-10/static_SAR_2026-07-10/chl_6.jpg
+ let i=6+1
+ cp /scratch/cfontana/DIAGS/SAR_2026-07-10/CMEMS/chl/ITP_NC/time_series.jpg /scratch/cfontana/DIAGS/SAR_2026-07-10/static_SAR_2026-07-10/time_series_chl.jpg
+ dir=/scratch/cfontana/DIAGS/SAR_2026-07-10/RADAR/
+ i=1
+ ls /scratch/cfontana/DIAGS/SAR_2026-07-10/RADAR//20260710_00.jpg /scratch/cfontana/DIAGS/SAR_2026-07-10/RADAR//20260711_00.jpg /scratch/cfontana/DIAGS/SAR_2026-07-10/RADAR//20260712_00.jpg /scratch/cfontana/DIAGS/SAR_2026-07-10/RADAR//20260713_00.jpg /scratch/cfontana/DIAGS/SAR_2026-07-10/RADAR//20260714_00.jpg /scratch/cfontana/DIAGS/SAR_2026-07-10/RADAR//20260715_00.jpg
+ cp /scratch/cfontana/DIAGS/SAR_2026-07-10/RADAR//20260710_00.jpg /scratch/cfontana/DIAGS/SAR_2026-07-10/static_SAR_2026-07-10/radar_1.jpg
+ let i=1+1
+ cp /scratch/cfontana/DIAGS/SAR_2026-07-10/RADAR//20260711_00.jpg /scratch/cfontana/DIAGS/SAR_2026-07-10/static_SAR_2026-07-10/radar_2.jpg
+ let i=2+1
+ cp /scratch/cfontana/DIAGS/SAR_2026-07-10/RADAR//20260712_00.jpg /scratch/cfontana/DIAGS/SAR_2026-07-10/static_SAR_2026-07-10/radar_3.jpg
+ let i=3+1
+ cp /scratch/cfontana/DIAGS/SAR_2026-07-10/RADAR//20260713_00.jpg /scratch/cfontana/DIAGS/SAR_2026-07-10/static_SAR_2026-07-10/radar_4.jpg
+ let i=4+1
+ cp /scratch/cfontana/DIAGS/SAR_2026-07-10/RADAR//20260714_00.jpg /scratch/cfontana/DIAGS/SAR_2026-07-10/static_SAR_2026-07-10/radar_5.jpg
+ let i=5+1
+ cp /scratch/cfontana/DIAGS/SAR_2026-07-10/RADAR//20260715_00.jpg /scratch/cfontana/DIAGS/SAR_2026-07-10/static_SAR_2026-07-10/radar_6.jpg
+ let i=6+1
+ dir=/scratch/cfontana/DIAGS/SAR_2026-07-10/ARGO/
+ ls -d '/scratch/cfontana/DIAGS/SAR_2026-07-10/ARGO//bio*/'
ls: cannot access '/scratch/cfontana/DIAGS/SAR_2026-07-10/ARGO//bio*/': No such file or directory
+ i=1
+ 1> /scratch/cfontana/DIAGS/SAR_2026-07-10/static_SAR_2026-07-10/list.txt
+ ls -d /scratch/cfontana/DIAGS/SAR_2026-07-10/ARGO//7902326/
+ ls /scratch/cfontana/DIAGS/SAR_2026-07-10/ARGO//7902326//profile_37.jpg
+ cp /scratch/cfontana/DIAGS/SAR_2026-07-10/ARGO//7902326//profile_37.jpg /scratch/cfontana/DIAGS/SAR_2026-07-10/static_SAR_2026-07-10/argo_1.jpg
+ echo argo_1.jpg
+ let i=1+1
+ cp /scratch/cfontana/DIAGS/SAR_2026-07-10/ARGO//map.jpg /scratch/cfontana/DIAGS/SAR_2026-07-10/static_SAR_2026-07-10
+ scp -r /scratch/cfontana/DIAGS/SAR_2026-07-10/static_SAR_2026-07-10 yulpa175555@webhost03.yulpa.io:/datas/yulpa175555/sites/merval.eg2.fr/htdocs/DIAGS
+ echo 'PROCESSING CON'
PROCESSING CON
+ echo '_______________ '
_______________ 
+ date
Sat Jul 11 14:13:38 CEST 2026
+ config=CON_2026-07-10
+ awk '{print tolower($0)}'
+ echo CON
+ lower=con
+ set -x
+ cat config/config_CON.json
+ sed -e s/DINI/2026-07-10/g
+ sed -e s/FREQ/hourly/
+ sed -e s/DOUT/20260710/
+ 1> config/config_CON_2026-07-10.json
+ sed -e s/DEND/2026-07-15/
+ cp config/cmems_DOMAIN.dat config/cmems_CON_2026-07-10.dat
+ cp config/variables_mit_DOMAIN.dat config/variables_mit_CON_2026-07-10.dat
+ jq -r .diagdir config/config_CON_2026-07-10.json
+ diagdir=/scratch/cfontana/DIAGS/CON_2026-07-10
+ jq -r .radardir config/config_CON_2026-07-10.json
+ radardir=/scratch/cfontana/RADAR/
+ [ 0 -eq 0 -a 0 -eq 1 ]
+ [ 1 -eq 1 ]
+ cd datasets/CMEMS
+ python get_data_sat.py -c CON_2026-07-10 -v thetao
INFO - 2026-07-11T12:13:41Z - Selected dataset version: "202311"
INFO - 2026-07-11T12:13:41Z - Selected dataset part: "default"
WARNING - 2026-07-11T12:13:41Z - The dataset SST_MED_SST_L3S_NRT_OBSERVATIONS_010_012_b, version '202311', part 'default' is currently being updated. Data after 2026-07-11T00:00:00.000Z may not be up to date.
WARNING - 2026-07-11T12:13:41Z - Some of your subset selection [2026-07-10 00:00:00+00:00, 2026-07-15 00:00:00+00:00] for the time dimension exceed the dataset coordinates [2008-01-01 00:00:00+00:00, 2026-07-11 00:00:00+00:00]
----------------------------------
=> Config file CON_2026-07-10 loaded
----------------------------------

Downloading CMEMS products : SST_MED_SST_L3S_NRT_OBSERVATIONS_010_012_b
=> Variable [np.str_('adjusted_sea_surface_temperature')] 

------------------------------
DATE =>>> 2026-07-10 2026-07-15
------------------------------
  0%|                                                                                          | 0/102 [00:00<?, ?it/s]  1%|▊                                                                                 | 1/102 [00:00<00:43,  2.33it/s]  7%|█████▋                                                                            | 7/102 [00:00<00:06, 15.44it/s] 17%|█████████████▌                                                                   | 17/102 [00:00<00:02, 34.20it/s] 30%|████████████████████████▌                                                        | 31/102 [00:00<00:01, 56.39it/s] 44%|███████████████████████████████████▋                                             | 45/102 [00:00<00:00, 77.13it/s] 54%|███████████████████████████████████████████▋                                     | 55/102 [00:01<00:00, 78.74it/s] 64%|███████████████████████████████████████████████████▌                             | 65/102 [00:01<00:00, 76.89it/s] 73%|██████████████████████████████████████████████████████████▊                      | 74/102 [00:01<00:00, 79.82it/s] 81%|█████████████████████████████████████████████████████████████████▉               | 83/102 [00:01<00:00, 82.23it/s] 93%|███████████████████████████████████████████████████████████████████████████▍     | 95/102 [00:01<00:00, 82.53it/s]100%|████████████████████████████████████████████████████████████████████████████████| 102/102 [00:01<00:00, 64.65it/s]

[FILE SAVED ] /scratch/cfontana/DIAGS/CON_2026-07-10/CMEMS/data/SST_MED_SST_L3S_NRT_OBSERVATIONS_010_012_b.nc
+ python interp_cmems.py -c CON_2026-07-10 -v thetao
----------------------------------
=> Config file CON_2026-07-10 loaded
----------------------------------


[FILE SAVED] /scratch/cfontana/DIAGS/CON_2026-07-10/CMEMS/thetao/ITP_NC/thetao_20260710.nc


[FILE SAVED] /scratch/cfontana/DIAGS/CON_2026-07-10/CMEMS/thetao/ITP_NC/thetao_20260711.nc

+ [ 2 -eq 2 ]
+ error=1
+ cd ../../plot
+ python plot_CMEMS_pickle_data_vs_sat.py -c CON_2026-07-10 -v thetao -s CMEMS
----------------------------------
=> Config file CON_2026-07-10 loaded
----------------------------------

Processing
739807 27.39439691523286 27.490005 27.202173721517394 0.8439870999011987
739808 27.360458022026506 27.12855 27.129946993755514 0.5262382789925992
[Errno 2] No such file or directory: '/scratch/cfontana/DIAGS/CON_2026-07-10/CMEMS/thetao/ITP_NC/thetao_20260712.nc' 

=> in get_sat_2D :
Error processing file /scratch/cfontana/DIAGS/CON_2026-07-10/CMEMS/thetao/ITP_NC/thetao_20260712.nc
File not found
739809 26.12378719148149 nan 26.40971556176393 1
[Errno 2] No such file or directory: '/scratch/cfontana/DIAGS/CON_2026-07-10/CMEMS/thetao/ITP_NC/thetao_20260713.nc' 

=> in get_sat_2D :
Error processing file /scratch/cfontana/DIAGS/CON_2026-07-10/CMEMS/thetao/ITP_NC/thetao_20260713.nc
File not found
739810 26.683174138510697 nan 26.58067624967957 1
[Errno 2] No such file or directory: '/scratch/cfontana/DIAGS/CON_2026-07-10/CMEMS/thetao/ITP_NC/thetao_20260714.nc' 

=> in get_sat_2D :
Error processing file /scratch/cfontana/DIAGS/CON_2026-07-10/CMEMS/thetao/ITP_NC/thetao_20260714.nc
File not found
739811 26.559365599822065 nan 26.775432839068362 1
[Errno 2] No such file or directory: '/scratch/cfontana/DIAGS/CON_2026-07-10/CMEMS/thetao/ITP_NC/thetao_20260715.nc' 

=> in get_sat_2D :
Error processing file /scratch/cfontana/DIAGS/CON_2026-07-10/CMEMS/thetao/ITP_NC/thetao_20260715.nc
File not found
739812 26.253257845084978 nan 27.165475835151653 1
[SAVED FIG] /scratch/cfontana/DIAGS/CON_2026-07-10/CMEMS/thetao/ITP_NC/PLOT/2026071000_thetao.jpg
[SAVED FIG] /scratch/cfontana/DIAGS/CON_2026-07-10/CMEMS/thetao/ITP_NC/PLOT/2026071100_thetao.jpg
[SAVED FIG] /scratch/cfontana/DIAGS/CON_2026-07-10/CMEMS/thetao/ITP_NC/PLOT/2026071200_thetao.jpg
[SAVED FIG] /scratch/cfontana/DIAGS/CON_2026-07-10/CMEMS/thetao/ITP_NC/PLOT/2026071300_thetao.jpg
[SAVED FIG] /scratch/cfontana/DIAGS/CON_2026-07-10/CMEMS/thetao/ITP_NC/PLOT/2026071400_thetao.jpg
[SAVED FIG] /scratch/cfontana/DIAGS/CON_2026-07-10/CMEMS/thetao/ITP_NC/PLOT/2026071500_thetao.jpg
+ python plot_sat_CMEMS_timeseries.py -c CON_2026-07-10 -v thetao -s CMEMS
----------------------------------
=> Config file CON_2026-07-10 loaded
----------------------------------

[SAVED FIG] /scratch/cfontana/DIAGS/CON_2026-07-10/CMEMS/thetao/ITP_NC/time_series.jpg
+ rm -f '/scratch/cfontana/DIAGS/CON_2026-07-10/CMEMS/thetao/ITP_NC/PLOT/*.pkl'
+ [ 1 -eq 1 ]
+ rm -f /scratch/cfontana/DIAGS/CON_2026-07-10/CMEMS/thetao/ITP_NC/thetao_20260710.nc /scratch/cfontana/DIAGS/CON_2026-07-10/CMEMS/thetao/ITP_NC/thetao_20260711.nc
+ date
Sat Jul 11 14:17:16 CEST 2026
+ cd ..
+ [ 1 -eq 1 ]
+ cd datasets/HFRADAR
+ python read_radar.py -c CON_2026-07-10
----------------------------------
=> Config file CON_2026-07-10 loaded
----------------------------------


----------
20260710 0
[Errno 2] No such file or directory: '/scratch/cfontana/RADAR//2026-07-10/EUHFR_NRTcurrent_HFR-TirLig-Total_v3.nc'
[Errno 2] No such file or directory: '/scratch/cfontana/RADAR//2026-07-10/EUHFR_NRTcurrent_HFR-ARPAS-Total_v3.nc'
[Errno 2] No such file or directory: '/scratch/cfontana/RADAR//2026-07-10/EUHFR_NRTcurrent_HFR-LaMMA-Total_v3.nc'
[Errno 2] No such file or directory: '/scratch/cfontana/RADAR//2026-07-10/EUHFR_NRTcurrent_HFR-GoS-Total_v3.nc'
[Errno 2] No such file or directory: '/scratch/cfontana/RADAR//2026-07-10/EUHFR_NRTcurrent_HFR-WesternItaly-Total_v3.nc'
[Errno 2] No such file or directory: '/scratch/cfontana/RADAR//2026-07-10/EUHFR_NRTcurrent_HFR-Granitola-Total_v3.nc'
[Errno 2] No such file or directory: '/scratch/cfontana/RADAR//2026-07-10/EUHFR_NRTcurrent_HFR-NAdr-Total_v3.nc'
[Errno 2] No such file or directory: '/scratch/cfontana/RADAR//2026-07-10/EUHFR_NRTcurrent_HFR-GoM-Total_v3.nc'
[SAVED FIG] /scratch/cfontana/DIAGS/CON_2026-07-10/RADAR/20260710_00.jpg

----------
20260711 0
[Errno 2] No such file or directory: '/scratch/cfontana/RADAR//2026-07-10/EUHFR_NRTcurrent_HFR-TirLig-Total_v3.nc'
[Errno 2] No such file or directory: '/scratch/cfontana/RADAR//2026-07-10/EUHFR_NRTcurrent_HFR-ARPAS-Total_v3.nc'
[Errno 2] No such file or directory: '/scratch/cfontana/RADAR//2026-07-10/EUHFR_NRTcurrent_HFR-LaMMA-Total_v3.nc'
[Errno 2] No such file or directory: '/scratch/cfontana/RADAR//2026-07-10/EUHFR_NRTcurrent_HFR-GoS-Total_v3.nc'
[Errno 2] No such file or directory: '/scratch/cfontana/RADAR//2026-07-10/EUHFR_NRTcurrent_HFR-WesternItaly-Total_v3.nc'
[Errno 2] No such file or directory: '/scratch/cfontana/RADAR//2026-07-10/EUHFR_NRTcurrent_HFR-Granitola-Total_v3.nc'
[Errno 2] No such file or directory: '/scratch/cfontana/RADAR//2026-07-10/EUHFR_NRTcurrent_HFR-NAdr-Total_v3.nc'
[Errno 2] No such file or directory: '/scratch/cfontana/RADAR//2026-07-10/EUHFR_NRTcurrent_HFR-GoM-Total_v3.nc'
[SAVED FIG] /scratch/cfontana/DIAGS/CON_2026-07-10/RADAR/20260711_00.jpg

----------
20260712 0
[Errno 2] No such file or directory: '/scratch/cfontana/RADAR//2026-07-10/EUHFR_NRTcurrent_HFR-TirLig-Total_v3.nc'
[Errno 2] No such file or directory: '/scratch/cfontana/RADAR//2026-07-10/EUHFR_NRTcurrent_HFR-ARPAS-Total_v3.nc'
[Errno 2] No such file or directory: '/scratch/cfontana/RADAR//2026-07-10/EUHFR_NRTcurrent_HFR-LaMMA-Total_v3.nc'
[Errno 2] No such file or directory: '/scratch/cfontana/RADAR//2026-07-10/EUHFR_NRTcurrent_HFR-GoS-Total_v3.nc'
[Errno 2] No such file or directory: '/scratch/cfontana/RADAR//2026-07-10/EUHFR_NRTcurrent_HFR-WesternItaly-Total_v3.nc'
[Errno 2] No such file or directory: '/scratch/cfontana/RADAR//2026-07-10/EUHFR_NRTcurrent_HFR-Granitola-Total_v3.nc'
[Errno 2] No such file or directory: '/scratch/cfontana/RADAR//2026-07-10/EUHFR_NRTcurrent_HFR-NAdr-Total_v3.nc'
[Errno 2] No such file or directory: '/scratch/cfontana/RADAR//2026-07-10/EUHFR_NRTcurrent_HFR-GoM-Total_v3.nc'
[SAVED FIG] /scratch/cfontana/DIAGS/CON_2026-07-10/RADAR/20260712_00.jpg

----------
20260713 0
[Errno 2] No such file or directory: '/scratch/cfontana/RADAR//2026-07-10/EUHFR_NRTcurrent_HFR-TirLig-Total_v3.nc'
[Errno 2] No such file or directory: '/scratch/cfontana/RADAR//2026-07-10/EUHFR_NRTcurrent_HFR-ARPAS-Total_v3.nc'
[Errno 2] No such file or directory: '/scratch/cfontana/RADAR//2026-07-10/EUHFR_NRTcurrent_HFR-LaMMA-Total_v3.nc'
[Errno 2] No such file or directory: '/scratch/cfontana/RADAR//2026-07-10/EUHFR_NRTcurrent_HFR-GoS-Total_v3.nc'
[Errno 2] No such file or directory: '/scratch/cfontana/RADAR//2026-07-10/EUHFR_NRTcurrent_HFR-WesternItaly-Total_v3.nc'
[Errno 2] No such file or directory: '/scratch/cfontana/RADAR//2026-07-10/EUHFR_NRTcurrent_HFR-Granitola-Total_v3.nc'
[Errno 2] No such file or directory: '/scratch/cfontana/RADAR//2026-07-10/EUHFR_NRTcurrent_HFR-NAdr-Total_v3.nc'
[Errno 2] No such file or directory: '/scratch/cfontana/RADAR//2026-07-10/EUHFR_NRTcurrent_HFR-GoM-Total_v3.nc'
[SAVED FIG] /scratch/cfontana/DIAGS/CON_2026-07-10/RADAR/20260713_00.jpg

----------
20260714 0
[Errno 2] No such file or directory: '/scratch/cfontana/RADAR//2026-07-10/EUHFR_NRTcurrent_HFR-TirLig-Total_v3.nc'
[Errno 2] No such file or directory: '/scratch/cfontana/RADAR//2026-07-10/EUHFR_NRTcurrent_HFR-ARPAS-Total_v3.nc'
[Errno 2] No such file or directory: '/scratch/cfontana/RADAR//2026-07-10/EUHFR_NRTcurrent_HFR-LaMMA-Total_v3.nc'
[Errno 2] No such file or directory: '/scratch/cfontana/RADAR//2026-07-10/EUHFR_NRTcurrent_HFR-GoS-Total_v3.nc'
[Errno 2] No such file or directory: '/scratch/cfontana/RADAR//2026-07-10/EUHFR_NRTcurrent_HFR-WesternItaly-Total_v3.nc'
[Errno 2] No such file or directory: '/scratch/cfontana/RADAR//2026-07-10/EUHFR_NRTcurrent_HFR-Granitola-Total_v3.nc'
[Errno 2] No such file or directory: '/scratch/cfontana/RADAR//2026-07-10/EUHFR_NRTcurrent_HFR-NAdr-Total_v3.nc'
[Errno 2] No such file or directory: '/scratch/cfontana/RADAR//2026-07-10/EUHFR_NRTcurrent_HFR-GoM-Total_v3.nc'
[SAVED FIG] /scratch/cfontana/DIAGS/CON_2026-07-10/RADAR/20260714_00.jpg

----------
20260715 0
[Errno 2] No such file or directory: '/scratch/cfontana/RADAR//2026-07-10/EUHFR_NRTcurrent_HFR-TirLig-Total_v3.nc'
[Errno 2] No such file or directory: '/scratch/cfontana/RADAR//2026-07-10/EUHFR_NRTcurrent_HFR-ARPAS-Total_v3.nc'
[Errno 2] No such file or directory: '/scratch/cfontana/RADAR//2026-07-10/EUHFR_NRTcurrent_HFR-LaMMA-Total_v3.nc'
[Errno 2] No such file or directory: '/scratch/cfontana/RADAR//2026-07-10/EUHFR_NRTcurrent_HFR-GoS-Total_v3.nc'
[Errno 2] No such file or directory: '/scratch/cfontana/RADAR//2026-07-10/EUHFR_NRTcurrent_HFR-WesternItaly-Total_v3.nc'
[Errno 2] No such file or directory: '/scratch/cfontana/RADAR//2026-07-10/EUHFR_NRTcurrent_HFR-Granitola-Total_v3.nc'
[Errno 2] No such file or directory: '/scratch/cfontana/RADAR//2026-07-10/EUHFR_NRTcurrent_HFR-NAdr-Total_v3.nc'
[Errno 2] No such file or directory: '/scratch/cfontana/RADAR//2026-07-10/EUHFR_NRTcurrent_HFR-GoM-Total_v3.nc'
[SAVED FIG] /scratch/cfontana/DIAGS/CON_2026-07-10/RADAR/20260715_00.jpg
+ date
Sat Jul 11 14:18:24 CEST 2026
+ cd ../..
+ sed -e s/DINI/2026-07-10/g
+ cat config/config_CON.json
+ sed -e s/DOUT/20260710/
+ sed -e s/FREQ/daily/
+ sed -e s/DEND/2026-07-15/
+ 1> config/config_CON_2026-07-10.json
+ [ 1 -eq 1 ]
+ cd datasets/CMEMS
+ python get_data_sat.py -c CON_2026-07-10 -v chl
INFO - 2026-07-11T12:18:27Z - Selected dataset version: "202211"
INFO - 2026-07-11T12:18:27Z - Selected dataset part: "default"
WARNING - 2026-07-11T12:18:27Z - Some of your subset selection [2026-07-10 00:00:00+00:00, 2026-07-15 00:00:00+00:00] for the time dimension exceed the dataset coordinates [2026-07-03 00:00:00+00:00, 2026-07-10 00:00:00+00:00]
----------------------------------
=> Config file CON_2026-07-10 loaded
----------------------------------

Downloading CMEMS products : cmems_obs-oc_med_bgc-plankton_nrt_l3-multi-1km_P1D
=> Variable ['CHL', 'KD490'] 

------------------------------
DATE =>>> 2026-07-10 2026-07-15
------------------------------

[FILE SAVED ] /scratch/cfontana/DIAGS/CON_2026-07-10/CMEMS/data/cmems_obs-oc_med_bgc-plankton_nrt_l3-multi-1km_P1D.nc
+ python interp_cmems.py -c CON_2026-07-10 -v chl
----------------------------------
=> Config file CON_2026-07-10 loaded
----------------------------------


[FILE SAVED] /scratch/cfontana/DIAGS/CON_2026-07-10/CMEMS/chl/ITP_NC/chl_20260710.nc

+ [ 2 -eq 2 ]
+ error=1
+ cd ../../plot
+ python plot_CMEMS_pickle_data_vs_sat.py -c CON_2026-07-10 -v chl -s CMEMS
----------------------------------
=> Config file CON_2026-07-10 loaded
----------------------------------

Processing
739807 0.6304940388548412 0.49446544 0.50561299923098 0.8623678765169733
[Errno 2] No such file or directory: '/scratch/cfontana/DIAGS/CON_2026-07-10/CMEMS/chl/ITP_NC/chl_20260711.nc' 

=> in get_sat_2D :
Error processing file /scratch/cfontana/DIAGS/CON_2026-07-10/CMEMS/chl/ITP_NC/chl_20260711.nc
File not found
739808 0.5983962510205263 nan 0.2548856430565839 1
[Errno 2] No such file or directory: '/scratch/cfontana/DIAGS/CON_2026-07-10/CMEMS/chl/ITP_NC/chl_20260712.nc' 

=> in get_sat_2D :
Error processing file /scratch/cfontana/DIAGS/CON_2026-07-10/CMEMS/chl/ITP_NC/chl_20260712.nc
File not found
739809 0.5436402114980863 nan 0.23811591817768046 1
[Errno 2] No such file or directory: '/scratch/cfontana/DIAGS/CON_2026-07-10/CMEMS/chl/ITP_NC/chl_20260713.nc' 

=> in get_sat_2D :
Error processing file /scratch/cfontana/DIAGS/CON_2026-07-10/CMEMS/chl/ITP_NC/chl_20260713.nc
File not found
739810 0.4628658151578926 nan 0.22346642277183662 1
[Errno 2] No such file or directory: '/scratch/cfontana/DIAGS/CON_2026-07-10/CMEMS/chl/ITP_NC/chl_20260714.nc' 

=> in get_sat_2D :
Error processing file /scratch/cfontana/DIAGS/CON_2026-07-10/CMEMS/chl/ITP_NC/chl_20260714.nc
File not found
739811 0.37757476818815583 nan 0.20373371812865815 1
[Errno 2] No such file or directory: '/scratch/cfontana/DIAGS/CON_2026-07-10/CMEMS/chl/ITP_NC/chl_20260715.nc' 

=> in get_sat_2D :
Error processing file /scratch/cfontana/DIAGS/CON_2026-07-10/CMEMS/chl/ITP_NC/chl_20260715.nc
File not found
739812 0.3327520549090696 nan 0.1900874324278734 1
[SAVED FIG] /scratch/cfontana/DIAGS/CON_2026-07-10/CMEMS/chl/ITP_NC/PLOT/2026071012_chl.jpg
[SAVED FIG] /scratch/cfontana/DIAGS/CON_2026-07-10/CMEMS/chl/ITP_NC/PLOT/2026071112_chl.jpg
[SAVED FIG] /scratch/cfontana/DIAGS/CON_2026-07-10/CMEMS/chl/ITP_NC/PLOT/2026071212_chl.jpg
[SAVED FIG] /scratch/cfontana/DIAGS/CON_2026-07-10/CMEMS/chl/ITP_NC/PLOT/2026071312_chl.jpg
[SAVED FIG] /scratch/cfontana/DIAGS/CON_2026-07-10/CMEMS/chl/ITP_NC/PLOT/2026071412_chl.jpg
[SAVED FIG] /scratch/cfontana/DIAGS/CON_2026-07-10/CMEMS/chl/ITP_NC/PLOT/2026071512_chl.jpg
+ python plot_sat_CMEMS_timeseries.py -c CON_2026-07-10 -v chl -s CMEMS
----------------------------------
=> Config file CON_2026-07-10 loaded
----------------------------------

[SAVED FIG] /scratch/cfontana/DIAGS/CON_2026-07-10/CMEMS/chl/ITP_NC/time_series.jpg
+ rm -f '/scratch/cfontana/DIAGS/CON_2026-07-10/CMEMS/chl/ITP_NC/PLOT/*.pkl'
+ [ 1 -eq 1 ]
+ rm -f /scratch/cfontana/DIAGS/CON_2026-07-10/CMEMS/chl/ITP_NC/chl_20260710.nc
+ date
Sat Jul 11 14:21:04 CEST 2026
+ cd ..
+ [ 1 -eq 0 ]
+ [ 1 -eq 1 ]
+ rm -f /scratch/cfontana/DIAGS/CON_2026-07-10/CMEMS/data/SST_MED_SST_L3S_NRT_OBSERVATIONS_010_012_b.nc /scratch/cfontana/DIAGS/CON_2026-07-10/CMEMS/data/cmems_obs-oc_med_bgc-plankton_nrt_l3-multi-1km_P1D.nc
+ [ 1 -eq 1 ]
+ source /home/cfontana/venv/a/bin/activate
+ 1> /dev/null
+ deactivate nondestructive
+ [ -n /home/cfontana/venv/c/bin:/usr/local/sbin:/usr/local/bin:/usr/sbin:/usr/bin:/sbin:/bin:/usr/games:/usr/local/games:/snap/bin ]
+ PATH=/home/cfontana/venv/c/bin:/usr/local/sbin:/usr/local/bin:/usr/sbin:/usr/bin:/sbin:/bin:/usr/games:/usr/local/games:/snap/bin
+ export PATH
+ unset _OLD_VIRTUAL_PATH
+ [ -n '' ]
+ hash -r
+ 2> /dev/null
+ [ -n '(c) \[\e]0;\u@\h: \w\a\]${debian_chroot:+($debian_chroot)}\[\033[01;32m\]\u@\h\[\033[00m\]:\[\033[01;34m\]\w\[\033[00m\]\$ ' ]
+ PS1='(c) \[\e]0;\u@\h: \w\a\]${debian_chroot:+($debian_chroot)}\[\033[01;32m\]\u@\h\[\033[00m\]:\[\033[01;34m\]\w\[\033[00m\]\$ '
+ export PS1
+ unset _OLD_VIRTUAL_PS1
+ unset VIRTUAL_ENV
+ unset VIRTUAL_ENV_PROMPT
+ [ ! nondestructive '=' nondestructive ]
+ [ '' '=' cygwin ]
+ [ '' '=' msys ]
+ VIRTUAL_ENV=/home/cfontana/venv/a
+ export VIRTUAL_ENV
+ _OLD_VIRTUAL_PATH=/home/cfontana/venv/c/bin:/usr/local/sbin:/usr/local/bin:/usr/sbin:/usr/bin:/sbin:/bin:/usr/games:/usr/local/games:/snap/bin
+ PATH=/home/cfontana/venv/a/bin:/home/cfontana/venv/c/bin:/usr/local/sbin:/usr/local/bin:/usr/sbin:/usr/bin:/sbin:/bin:/usr/games:/usr/local/games:/snap/bin
+ export PATH
+ [ -n '' ]
+ [ -z '' ]
+ _OLD_VIRTUAL_PS1='(c) \[\e]0;\u@\h: \w\a\]${debian_chroot:+($debian_chroot)}\[\033[01;32m\]\u@\h\[\033[00m\]:\[\033[01;34m\]\w\[\033[00m\]\$ '
+ PS1='(a) (c) \[\e]0;\u@\h: \w\a\]${debian_chroot:+($debian_chroot)}\[\033[01;32m\]\u@\h\[\033[00m\]:\[\033[01;34m\]\w\[\033[00m\]\$ '
+ export PS1
+ VIRTUAL_ENV_PROMPT='(a) '
+ export VIRTUAL_ENV_PROMPT
+ hash -r
+ 2> /dev/null
+ sed -i s/daily/hourly/ config/config_CON_2026-07-10.json
+ cd datasets/ARGO
+ python get_argo.py -c CON_2026-07-10
----------------------------------
=> Config file CON_2026-07-10 loaded
----------------------------------

[np.float64(13.4484381282475), np.float64(13.780729795020498), np.float64(43.4119804298245), np.float64(43.6921887632475), 0, 500, '2026-07-10', '2026-07-15']
Traceback (most recent call last):
  File "/home/cfontana/DATA_MED/datasets/ARGO/get_argo.py", line 73, in <module>
    f = f.region(box).load()
        ^^^^^^^^^^^^^^^^^^^^
  File "/home/cfontana/venv/a/lib/python3.12/site-packages/argopy/fetchers.py", line 886, in load
    self._data = self._to_xarray(**kwargs)
                 ^^^^^^^^^^^^^^^^^^^^^^^^^
  File "/home/cfontana/venv/a/lib/python3.12/site-packages/argopy/fetchers.py", line 673, in _to_xarray
    xds = self.fetcher.to_xarray(**kwargs)
          ^^^^^^^^^^^^^^^^^^^^^^^^^^^^^^^^
  File "/home/cfontana/venv/a/lib/python3.12/site-packages/argopy/data_fetchers/erddap_data.py", line 583, in to_xarray
    results = self.fs.open_dataset(URI[0])
              ^^^^^^^^^^^^^^^^^^^^^^^^^^^^
  File "/home/cfontana/venv/a/lib/python3.12/site-packages/argopy/stores/implementations/http.py", line 349, in open_dataset
    target, _ = load_in_memory(
                ^^^^^^^^^^^^^^^
  File "/home/cfontana/venv/a/lib/python3.12/site-packages/argopy/stores/implementations/http.py", line 261, in load_in_memory
    data = self.download_url(url, **dwn_opts)
           ^^^^^^^^^^^^^^^^^^^^^^^^^^^^^^^^^^
  File "/home/cfontana/venv/a/lib/python3.12/site-packages/argopy/stores/implementations/http.py", line 169, in download_url
    data, n = make_request(
              ^^^^^^^^^^^^^
  File "/home/cfontana/venv/a/lib/python3.12/site-packages/argopy/stores/implementations/http.py", line 124, in make_request
    raise e
  File "/home/cfontana/venv/a/lib/python3.12/site-packages/argopy/stores/implementations/http.py", line 121, in make_request
    data = ffs.cat_file(url, **cat_opts)
           ^^^^^^^^^^^^^^^^^^^^^^^^^^^^^
  File "/home/cfontana/venv/a/lib/python3.12/site-packages/fsspec/asyn.py", line 118, in wrapper
    return sync(self.loop, func, *args, **kwargs)
           ^^^^^^^^^^^^^^^^^^^^^^^^^^^^^^^^^^^^^^
  File "/home/cfontana/venv/a/lib/python3.12/site-packages/fsspec/asyn.py", line 103, in sync
    raise return_result
  File "/home/cfontana/venv/a/lib/python3.12/site-packages/fsspec/asyn.py", line 56, in _runner
    result[0] = await coro
                ^^^^^^^^^^
  File "/home/cfontana/venv/a/lib/python3.12/site-packages/fsspec/implementations/http.py", line 247, in _cat_file
    self._raise_not_found_for_status(r, url)
  File "/home/cfontana/venv/a/lib/python3.12/site-packages/fsspec/implementations/http.py", line 229, in _raise_not_found_for_status
    raise FileNotFoundError(url)
FileNotFoundError: https://erddap.ifremer.fr/erddap/tabledap/ArgoFloats.nc?config_mission_number,cycle_number,data_mode,direction,latitude,longitude,platform_number,position_qc,pres,pres_adjusted,pres_adjusted_error,pres_adjusted_qc,pres_qc,psal,psal_adjusted,psal_adjusted_error,psal_adjusted_qc,psal_qc,temp,temp_adjusted,temp_adjusted_error,temp_adjusted_qc,temp_qc,time,time_qc,vertical_sampling_scheme&longitude>=13.4484381282475&longitude<=13.780729795020498&latitude>=43.4119804298245&latitude<=43.6921887632475&pres>=0&pres<=500&time>=1783641600.0&time<=1784073600.0&latitude!=NaN&longitude!=NaN&distinct()&orderBy("time,pres")
+ [ 1 -eq 0 ]
+ cd ../../
+ sed -i s/phy/bgc/ config/config_CON_2026-07-10.json
+ cd datasets/ARGO
+ python get_argo.py -c CON_2026-07-10
----------------------------------
=> Config file CON_2026-07-10 loaded
----------------------------------

[np.float64(13.4484381282475), np.float64(13.780729795020498), np.float64(43.4119804298245), np.float64(43.6921887632475), 0, 500, '2026-07-10', '2026-07-15']
Traceback (most recent call last):
  File "/home/cfontana/DATA_MED/datasets/ARGO/get_argo.py", line 73, in <module>
    f = f.region(box).load()
        ^^^^^^^^^^^^^
  File "/home/cfontana/venv/a/lib/python3.12/site-packages/argopy/fetchers.py", line 68, in wrapper
    return AccessPoint(*args)
           ^^^^^^^^^^^^^^^^^^
  File "/home/cfontana/venv/a/lib/python3.12/site-packages/argopy/fetchers.py", line 648, in region
    self.fetcher = self.Fetchers["region"](box=box, **self.fetcher_options)
                   ^^^^^^^^^^^^^^^^^^^^^^^^^^^^^^^^^^^^^^^^^^^^^^^^^^^^^^^^
  File "/home/cfontana/venv/a/lib/python3.12/site-packages/argopy/data_fetchers/erddap_data.py", line 184, in __init__
    params = self._bgc_vlist_avail
             ^^^^^^^^^^^^^^^^^^^^^
  File "/home/cfontana/venv/a/lib/python3.12/site-packages/argopy/data_fetchers/erddap_data.py", line 305, in _bgc_vlist_avail
    params = self.indexfs.read_params()
             ^^^^^^^^^^^^^^^^^^^^^^^^^^
  File "/home/cfontana/venv/a/lib/python3.12/site-packages/argopy/stores/index/implementations/pandas/index.py", line 281, in read_params
    raise DataNotFound(
argopy.errors.DataNotFound: 'No data found in the index corresponding to your search criteria. Search definition: x=13.45/13.78;y=43.41/43.69;t=2026-07-10/2026-07-15'
+ [ 1 -eq 0 ]
+ cd ../../
+ [ 1 -eq 1 ]
+ source /home/cfontana/venv/c/bin/activate
+ 1> /dev/null
+ deactivate nondestructive
+ [ -n /home/cfontana/venv/c/bin:/usr/local/sbin:/usr/local/bin:/usr/sbin:/usr/bin:/sbin:/bin:/usr/games:/usr/local/games:/snap/bin ]
+ PATH=/home/cfontana/venv/c/bin:/usr/local/sbin:/usr/local/bin:/usr/sbin:/usr/bin:/sbin:/bin:/usr/games:/usr/local/games:/snap/bin
+ export PATH
+ unset _OLD_VIRTUAL_PATH
+ [ -n '' ]
+ hash -r
+ 2> /dev/null
+ [ -n '(c) \[\e]0;\u@\h: \w\a\]${debian_chroot:+($debian_chroot)}\[\033[01;32m\]\u@\h\[\033[00m\]:\[\033[01;34m\]\w\[\033[00m\]\$ ' ]
+ PS1='(c) \[\e]0;\u@\h: \w\a\]${debian_chroot:+($debian_chroot)}\[\033[01;32m\]\u@\h\[\033[00m\]:\[\033[01;34m\]\w\[\033[00m\]\$ '
+ export PS1
+ unset _OLD_VIRTUAL_PS1
+ unset VIRTUAL_ENV
+ unset VIRTUAL_ENV_PROMPT
+ [ ! nondestructive '=' nondestructive ]
+ [ '' '=' cygwin ]
+ [ '' '=' msys ]
+ VIRTUAL_ENV=/home/cfontana/venv/c
+ export VIRTUAL_ENV
+ _OLD_VIRTUAL_PATH=/home/cfontana/venv/c/bin:/usr/local/sbin:/usr/local/bin:/usr/sbin:/usr/bin:/sbin:/bin:/usr/games:/usr/local/games:/snap/bin
+ PATH=/home/cfontana/venv/c/bin:/home/cfontana/venv/c/bin:/usr/local/sbin:/usr/local/bin:/usr/sbin:/usr/bin:/sbin:/bin:/usr/games:/usr/local/games:/snap/bin
+ export PATH
+ [ -n '' ]
+ [ -z '' ]
+ _OLD_VIRTUAL_PS1='(c) \[\e]0;\u@\h: \w\a\]${debian_chroot:+($debian_chroot)}\[\033[01;32m\]\u@\h\[\033[00m\]:\[\033[01;34m\]\w\[\033[00m\]\$ '
+ PS1='(c) (c) \[\e]0;\u@\h: \w\a\]${debian_chroot:+($debian_chroot)}\[\033[01;32m\]\u@\h\[\033[00m\]:\[\033[01;34m\]\w\[\033[00m\]\$ '
+ export PS1
+ VIRTUAL_ENV_PROMPT='(c) '
+ export VIRTUAL_ENV_PROMPT
+ hash -r
+ 2> /dev/null
+ static=/scratch/cfontana/DIAGS/CON_2026-07-10/static_CON_2026-07-10
+ mkdir /scratch/cfontana/DIAGS/CON_2026-07-10/static_CON_2026-07-10
+ dir=/scratch/cfontana/DIAGS/CON_2026-07-10/CMEMS/thetao/ITP_NC
+ i=1
+ ls /scratch/cfontana/DIAGS/CON_2026-07-10/CMEMS/thetao/ITP_NC/PLOT/
+ cp /scratch/cfontana/DIAGS/CON_2026-07-10/CMEMS/thetao/ITP_NC/PLOT/2026071000_thetao.jpg /scratch/cfontana/DIAGS/CON_2026-07-10/static_CON_2026-07-10/thetao_1.jpg
+ let i=1+1
+ cp /scratch/cfontana/DIAGS/CON_2026-07-10/CMEMS/thetao/ITP_NC/PLOT/2026071100_thetao.jpg /scratch/cfontana/DIAGS/CON_2026-07-10/static_CON_2026-07-10/thetao_2.jpg
+ let i=2+1
+ cp /scratch/cfontana/DIAGS/CON_2026-07-10/CMEMS/thetao/ITP_NC/PLOT/2026071200_thetao.jpg /scratch/cfontana/DIAGS/CON_2026-07-10/static_CON_2026-07-10/thetao_3.jpg
+ let i=3+1
+ cp /scratch/cfontana/DIAGS/CON_2026-07-10/CMEMS/thetao/ITP_NC/PLOT/2026071300_thetao.jpg /scratch/cfontana/DIAGS/CON_2026-07-10/static_CON_2026-07-10/thetao_4.jpg
+ let i=4+1
+ cp /scratch/cfontana/DIAGS/CON_2026-07-10/CMEMS/thetao/ITP_NC/PLOT/2026071400_thetao.jpg /scratch/cfontana/DIAGS/CON_2026-07-10/static_CON_2026-07-10/thetao_5.jpg
+ let i=5+1
+ cp /scratch/cfontana/DIAGS/CON_2026-07-10/CMEMS/thetao/ITP_NC/PLOT/2026071500_thetao.jpg /scratch/cfontana/DIAGS/CON_2026-07-10/static_CON_2026-07-10/thetao_6.jpg
+ let i=6+1
+ cp /scratch/cfontana/DIAGS/CON_2026-07-10/CMEMS/thetao/ITP_NC/time_series.jpg /scratch/cfontana/DIAGS/CON_2026-07-10/static_CON_2026-07-10/time_series_thetao.jpg
+ dir=/scratch/cfontana/DIAGS/CON_2026-07-10/CMEMS/chl/ITP_NC
+ i=1
+ ls /scratch/cfontana/DIAGS/CON_2026-07-10/CMEMS/chl/ITP_NC/PLOT/
+ cp /scratch/cfontana/DIAGS/CON_2026-07-10/CMEMS/chl/ITP_NC/PLOT/2026071012_chl.jpg /scratch/cfontana/DIAGS/CON_2026-07-10/static_CON_2026-07-10/chl_1.jpg
+ let i=1+1
+ cp /scratch/cfontana/DIAGS/CON_2026-07-10/CMEMS/chl/ITP_NC/PLOT/2026071112_chl.jpg /scratch/cfontana/DIAGS/CON_2026-07-10/static_CON_2026-07-10/chl_2.jpg
+ let i=2+1
+ cp /scratch/cfontana/DIAGS/CON_2026-07-10/CMEMS/chl/ITP_NC/PLOT/2026071212_chl.jpg /scratch/cfontana/DIAGS/CON_2026-07-10/static_CON_2026-07-10/chl_3.jpg
+ let i=3+1
+ cp /scratch/cfontana/DIAGS/CON_2026-07-10/CMEMS/chl/ITP_NC/PLOT/2026071312_chl.jpg /scratch/cfontana/DIAGS/CON_2026-07-10/static_CON_2026-07-10/chl_4.jpg
+ let i=4+1
+ cp /scratch/cfontana/DIAGS/CON_2026-07-10/CMEMS/chl/ITP_NC/PLOT/2026071412_chl.jpg /scratch/cfontana/DIAGS/CON_2026-07-10/static_CON_2026-07-10/chl_5.jpg
+ let i=5+1
+ cp /scratch/cfontana/DIAGS/CON_2026-07-10/CMEMS/chl/ITP_NC/PLOT/2026071512_chl.jpg /scratch/cfontana/DIAGS/CON_2026-07-10/static_CON_2026-07-10/chl_6.jpg
+ let i=6+1
+ cp /scratch/cfontana/DIAGS/CON_2026-07-10/CMEMS/chl/ITP_NC/time_series.jpg /scratch/cfontana/DIAGS/CON_2026-07-10/static_CON_2026-07-10/time_series_chl.jpg
+ dir=/scratch/cfontana/DIAGS/CON_2026-07-10/RADAR/
+ i=1
+ ls /scratch/cfontana/DIAGS/CON_2026-07-10/RADAR//20260710_00.jpg /scratch/cfontana/DIAGS/CON_2026-07-10/RADAR//20260711_00.jpg /scratch/cfontana/DIAGS/CON_2026-07-10/RADAR//20260712_00.jpg /scratch/cfontana/DIAGS/CON_2026-07-10/RADAR//20260713_00.jpg /scratch/cfontana/DIAGS/CON_2026-07-10/RADAR//20260714_00.jpg /scratch/cfontana/DIAGS/CON_2026-07-10/RADAR//20260715_00.jpg
+ cp /scratch/cfontana/DIAGS/CON_2026-07-10/RADAR//20260710_00.jpg /scratch/cfontana/DIAGS/CON_2026-07-10/static_CON_2026-07-10/radar_1.jpg
+ let i=1+1
+ cp /scratch/cfontana/DIAGS/CON_2026-07-10/RADAR//20260711_00.jpg /scratch/cfontana/DIAGS/CON_2026-07-10/static_CON_2026-07-10/radar_2.jpg
+ let i=2+1
+ cp /scratch/cfontana/DIAGS/CON_2026-07-10/RADAR//20260712_00.jpg /scratch/cfontana/DIAGS/CON_2026-07-10/static_CON_2026-07-10/radar_3.jpg
+ let i=3+1
+ cp /scratch/cfontana/DIAGS/CON_2026-07-10/RADAR//20260713_00.jpg /scratch/cfontana/DIAGS/CON_2026-07-10/static_CON_2026-07-10/radar_4.jpg
+ let i=4+1
+ cp /scratch/cfontana/DIAGS/CON_2026-07-10/RADAR//20260714_00.jpg /scratch/cfontana/DIAGS/CON_2026-07-10/static_CON_2026-07-10/radar_5.jpg
+ let i=5+1
+ cp /scratch/cfontana/DIAGS/CON_2026-07-10/RADAR//20260715_00.jpg /scratch/cfontana/DIAGS/CON_2026-07-10/static_CON_2026-07-10/radar_6.jpg
+ let i=6+1
+ dir=/scratch/cfontana/DIAGS/CON_2026-07-10/ARGO/
+ ls -d '/scratch/cfontana/DIAGS/CON_2026-07-10/ARGO//bio*/'
ls: cannot access '/scratch/cfontana/DIAGS/CON_2026-07-10/ARGO//bio*/': No such file or directory
+ i=1
+ 1> /scratch/cfontana/DIAGS/CON_2026-07-10/static_CON_2026-07-10/list.txt
+ ls -d '/scratch/cfontana/DIAGS/CON_2026-07-10/ARGO//*/'
ls: cannot access '/scratch/cfontana/DIAGS/CON_2026-07-10/ARGO//*/': No such file or directory
+ cp /scratch/cfontana/DIAGS/CON_2026-07-10/ARGO//map.jpg /scratch/cfontana/DIAGS/CON_2026-07-10/static_CON_2026-07-10
cp: cannot stat '/scratch/cfontana/DIAGS/CON_2026-07-10/ARGO//map.jpg': No such file or directory
+ scp -r /scratch/cfontana/DIAGS/CON_2026-07-10/static_CON_2026-07-10 yulpa175555@webhost03.yulpa.io:/datas/yulpa175555/sites/merval.eg2.fr/htdocs/DIAGS
+ echo 'PROCESSING FOL'
PROCESSING FOL
+ echo '_______________ '
_______________ 
+ date
Sat Jul 11 14:21:20 CEST 2026
+ config=FOL_2026-07-10
+ awk '{print tolower($0)}'
+ echo FOL
+ lower=fol
+ set -x
+ cat config/config_FOL.json
+ sed -e s/DINI/2026-07-10/g
+ sed -e s/DOUT/20260710/
+ sed -e s/FREQ/hourly/
+ 1> config/config_FOL_2026-07-10.json
+ sed -e s/DEND/2026-07-15/
+ cp config/cmems_DOMAIN.dat config/cmems_FOL_2026-07-10.dat
+ cp config/variables_mit_DOMAIN.dat config/variables_mit_FOL_2026-07-10.dat
+ jq -r .diagdir config/config_FOL_2026-07-10.json
+ diagdir=/scratch/cfontana/DIAGS/FOL_2026-07-10
+ jq -r .radardir config/config_FOL_2026-07-10.json
+ radardir=/scratch/cfontana/RADAR/
+ [ 0 -eq 0 -a 0 -eq 1 ]
+ [ 1 -eq 1 ]
+ cd datasets/CMEMS
+ python get_data_sat.py -c FOL_2026-07-10 -v thetao
INFO - 2026-07-11T12:21:23Z - Selected dataset version: "202311"
INFO - 2026-07-11T12:21:23Z - Selected dataset part: "default"
WARNING - 2026-07-11T12:21:23Z - Some of your subset selection [2026-07-10 00:00:00+00:00, 2026-07-15 00:00:00+00:00] for the time dimension exceed the dataset coordinates [2008-01-01 00:00:00+00:00, 2026-07-11 00:00:00+00:00]
----------------------------------
=> Config file FOL_2026-07-10 loaded
----------------------------------

Downloading CMEMS products : SST_MED_SST_L3S_NRT_OBSERVATIONS_010_012_b
=> Variable [np.str_('adjusted_sea_surface_temperature')] 

------------------------------
DATE =>>> 2026-07-10 2026-07-15
------------------------------
  0%|                                                                                          | 0/102 [00:00<?, ?it/s]  1%|▊                                                                                 | 1/102 [00:00<00:44,  2.26it/s]  9%|███████▏                                                                          | 9/102 [00:00<00:04, 21.20it/s] 17%|█████████████▌                                                                   | 17/102 [00:00<00:02, 32.07it/s] 30%|████████████████████████▌                                                        | 31/102 [00:00<00:01, 57.47it/s] 39%|███████████████████████████████▊                                                 | 40/102 [00:00<00:00, 65.11it/s] 48%|██████████████████████████████████████▉                                          | 49/102 [00:01<00:00, 57.05it/s] 56%|█████████████████████████████████████████████▎                                   | 57/102 [00:01<00:00, 62.08it/s] 72%|█████████████████████████████████████████████████████████▉                       | 73/102 [00:01<00:00, 86.03it/s] 83%|███████████████████████████████████████████████████████████████████▌             | 85/102 [00:01<00:00, 94.15it/s] 97%|█████████████████████████████████████████████████████████████████████████████▋  | 99/102 [00:01<00:00, 103.19it/s]100%|████████████████████████████████████████████████████████████████████████████████| 102/102 [00:01<00:00, 66.83it/s]

[FILE SAVED ] /scratch/cfontana/DIAGS/FOL_2026-07-10/CMEMS/data/SST_MED_SST_L3S_NRT_OBSERVATIONS_010_012_b.nc
+ python interp_cmems.py -c FOL_2026-07-10 -v thetao
----------------------------------
=> Config file FOL_2026-07-10 loaded
----------------------------------


[FILE SAVED] /scratch/cfontana/DIAGS/FOL_2026-07-10/CMEMS/thetao/ITP_NC/thetao_20260710.nc


[FILE SAVED] /scratch/cfontana/DIAGS/FOL_2026-07-10/CMEMS/thetao/ITP_NC/thetao_20260711.nc

+ [ 2 -eq 2 ]
+ error=1
+ cd ../../plot
+ python plot_CMEMS_pickle_data_vs_sat.py -c FOL_2026-07-10 -v thetao -s CMEMS
----------------------------------
=> Config file FOL_2026-07-10 loaded
----------------------------------

Processing
739807 26.57258617320638 27.208344 26.526246225360207 0.8616700201207244
739808 27.101580067128353 27.149797 26.777981502101223 0.8675233217486739
[Errno 2] No such file or directory: '/scratch/cfontana/DIAGS/FOL_2026-07-10/CMEMS/thetao/ITP_NC/thetao_20260712.nc' 

=> in get_sat_2D :
Error processing file /scratch/cfontana/DIAGS/FOL_2026-07-10/CMEMS/thetao/ITP_NC/thetao_20260712.nc
File not found
739809 27.350225046473486 nan 27.43450765366592 1
[Errno 2] No such file or directory: '/scratch/cfontana/DIAGS/FOL_2026-07-10/CMEMS/thetao/ITP_NC/thetao_20260713.nc' 

=> in get_sat_2D :
Error processing file /scratch/cfontana/DIAGS/FOL_2026-07-10/CMEMS/thetao/ITP_NC/thetao_20260713.nc
File not found
739810 27.570020474303146 nan 27.693225400400973 1
[Errno 2] No such file or directory: '/scratch/cfontana/DIAGS/FOL_2026-07-10/CMEMS/thetao/ITP_NC/thetao_20260714.nc' 

=> in get_sat_2D :
Error processing file /scratch/cfontana/DIAGS/FOL_2026-07-10/CMEMS/thetao/ITP_NC/thetao_20260714.nc
File not found
739811 27.76820058661985 nan 27.997638328911464 1
[Errno 2] No such file or directory: '/scratch/cfontana/DIAGS/FOL_2026-07-10/CMEMS/thetao/ITP_NC/thetao_20260715.nc' 

=> in get_sat_2D :
Error processing file /scratch/cfontana/DIAGS/FOL_2026-07-10/CMEMS/thetao/ITP_NC/thetao_20260715.nc
File not found
739812 28.044144048644046 nan 28.26085947402824 1
[SAVED FIG] /scratch/cfontana/DIAGS/FOL_2026-07-10/CMEMS/thetao/ITP_NC/PLOT/2026071000_thetao.jpg
[SAVED FIG] /scratch/cfontana/DIAGS/FOL_2026-07-10/CMEMS/thetao/ITP_NC/PLOT/2026071100_thetao.jpg
[SAVED FIG] /scratch/cfontana/DIAGS/FOL_2026-07-10/CMEMS/thetao/ITP_NC/PLOT/2026071200_thetao.jpg
[SAVED FIG] /scratch/cfontana/DIAGS/FOL_2026-07-10/CMEMS/thetao/ITP_NC/PLOT/2026071300_thetao.jpg
[SAVED FIG] /scratch/cfontana/DIAGS/FOL_2026-07-10/CMEMS/thetao/ITP_NC/PLOT/2026071400_thetao.jpg
[SAVED FIG] /scratch/cfontana/DIAGS/FOL_2026-07-10/CMEMS/thetao/ITP_NC/PLOT/2026071500_thetao.jpg
+ python plot_sat_CMEMS_timeseries.py -c FOL_2026-07-10 -v thetao -s CMEMS
----------------------------------
=> Config file FOL_2026-07-10 loaded
----------------------------------

[SAVED FIG] /scratch/cfontana/DIAGS/FOL_2026-07-10/CMEMS/thetao/ITP_NC/time_series.jpg
+ rm -f '/scratch/cfontana/DIAGS/FOL_2026-07-10/CMEMS/thetao/ITP_NC/PLOT/*.pkl'
+ [ 1 -eq 1 ]
+ rm -f /scratch/cfontana/DIAGS/FOL_2026-07-10/CMEMS/thetao/ITP_NC/thetao_20260710.nc /scratch/cfontana/DIAGS/FOL_2026-07-10/CMEMS/thetao/ITP_NC/thetao_20260711.nc
+ date
Sat Jul 11 14:26:33 CEST 2026
+ cd ..
+ [ 1 -eq 1 ]
+ cd datasets/HFRADAR
+ python read_radar.py -c FOL_2026-07-10
----------------------------------
=> Config file FOL_2026-07-10 loaded
----------------------------------


----------
20260710 0
[Errno 2] No such file or directory: '/scratch/cfontana/RADAR//2026-07-10/EUHFR_NRTcurrent_HFR-TirLig-Total_v3.nc'
[Errno 2] No such file or directory: '/scratch/cfontana/RADAR//2026-07-10/EUHFR_NRTcurrent_HFR-ARPAS-Total_v3.nc'
[Errno 2] No such file or directory: '/scratch/cfontana/RADAR//2026-07-10/EUHFR_NRTcurrent_HFR-LaMMA-Total_v3.nc'
[Errno 2] No such file or directory: '/scratch/cfontana/RADAR//2026-07-10/EUHFR_NRTcurrent_HFR-GoS-Total_v3.nc'
[Errno 2] No such file or directory: '/scratch/cfontana/RADAR//2026-07-10/EUHFR_NRTcurrent_HFR-WesternItaly-Total_v3.nc'
[Errno 2] No such file or directory: '/scratch/cfontana/RADAR//2026-07-10/EUHFR_NRTcurrent_HFR-Granitola-Total_v3.nc'
[Errno 2] No such file or directory: '/scratch/cfontana/RADAR//2026-07-10/EUHFR_NRTcurrent_HFR-NAdr-Total_v3.nc'
[Errno 2] No such file or directory: '/scratch/cfontana/RADAR//2026-07-10/EUHFR_NRTcurrent_HFR-GoM-Total_v3.nc'
[SAVED FIG] /scratch/cfontana/DIAGS/FOL_2026-07-10/RADAR/20260710_00.jpg

----------
20260711 0
[Errno 2] No such file or directory: '/scratch/cfontana/RADAR//2026-07-10/EUHFR_NRTcurrent_HFR-TirLig-Total_v3.nc'
[Errno 2] No such file or directory: '/scratch/cfontana/RADAR//2026-07-10/EUHFR_NRTcurrent_HFR-ARPAS-Total_v3.nc'
[Errno 2] No such file or directory: '/scratch/cfontana/RADAR//2026-07-10/EUHFR_NRTcurrent_HFR-LaMMA-Total_v3.nc'
[Errno 2] No such file or directory: '/scratch/cfontana/RADAR//2026-07-10/EUHFR_NRTcurrent_HFR-GoS-Total_v3.nc'
[Errno 2] No such file or directory: '/scratch/cfontana/RADAR//2026-07-10/EUHFR_NRTcurrent_HFR-WesternItaly-Total_v3.nc'
[Errno 2] No such file or directory: '/scratch/cfontana/RADAR//2026-07-10/EUHFR_NRTcurrent_HFR-Granitola-Total_v3.nc'
[Errno 2] No such file or directory: '/scratch/cfontana/RADAR//2026-07-10/EUHFR_NRTcurrent_HFR-NAdr-Total_v3.nc'
[Errno 2] No such file or directory: '/scratch/cfontana/RADAR//2026-07-10/EUHFR_NRTcurrent_HFR-GoM-Total_v3.nc'
[SAVED FIG] /scratch/cfontana/DIAGS/FOL_2026-07-10/RADAR/20260711_00.jpg

----------
20260712 0
[Errno 2] No such file or directory: '/scratch/cfontana/RADAR//2026-07-10/EUHFR_NRTcurrent_HFR-TirLig-Total_v3.nc'
[Errno 2] No such file or directory: '/scratch/cfontana/RADAR//2026-07-10/EUHFR_NRTcurrent_HFR-ARPAS-Total_v3.nc'
[Errno 2] No such file or directory: '/scratch/cfontana/RADAR//2026-07-10/EUHFR_NRTcurrent_HFR-LaMMA-Total_v3.nc'
[Errno 2] No such file or directory: '/scratch/cfontana/RADAR//2026-07-10/EUHFR_NRTcurrent_HFR-GoS-Total_v3.nc'
[Errno 2] No such file or directory: '/scratch/cfontana/RADAR//2026-07-10/EUHFR_NRTcurrent_HFR-WesternItaly-Total_v3.nc'
[Errno 2] No such file or directory: '/scratch/cfontana/RADAR//2026-07-10/EUHFR_NRTcurrent_HFR-Granitola-Total_v3.nc'
[Errno 2] No such file or directory: '/scratch/cfontana/RADAR//2026-07-10/EUHFR_NRTcurrent_HFR-NAdr-Total_v3.nc'
[Errno 2] No such file or directory: '/scratch/cfontana/RADAR//2026-07-10/EUHFR_NRTcurrent_HFR-GoM-Total_v3.nc'
[SAVED FIG] /scratch/cfontana/DIAGS/FOL_2026-07-10/RADAR/20260712_00.jpg

----------
20260713 0
[Errno 2] No such file or directory: '/scratch/cfontana/RADAR//2026-07-10/EUHFR_NRTcurrent_HFR-TirLig-Total_v3.nc'
[Errno 2] No such file or directory: '/scratch/cfontana/RADAR//2026-07-10/EUHFR_NRTcurrent_HFR-ARPAS-Total_v3.nc'
[Errno 2] No such file or directory: '/scratch/cfontana/RADAR//2026-07-10/EUHFR_NRTcurrent_HFR-LaMMA-Total_v3.nc'
[Errno 2] No such file or directory: '/scratch/cfontana/RADAR//2026-07-10/EUHFR_NRTcurrent_HFR-GoS-Total_v3.nc'
[Errno 2] No such file or directory: '/scratch/cfontana/RADAR//2026-07-10/EUHFR_NRTcurrent_HFR-WesternItaly-Total_v3.nc'
[Errno 2] No such file or directory: '/scratch/cfontana/RADAR//2026-07-10/EUHFR_NRTcurrent_HFR-Granitola-Total_v3.nc'
[Errno 2] No such file or directory: '/scratch/cfontana/RADAR//2026-07-10/EUHFR_NRTcurrent_HFR-NAdr-Total_v3.nc'
[Errno 2] No such file or directory: '/scratch/cfontana/RADAR//2026-07-10/EUHFR_NRTcurrent_HFR-GoM-Total_v3.nc'
[SAVED FIG] /scratch/cfontana/DIAGS/FOL_2026-07-10/RADAR/20260713_00.jpg

----------
20260714 0
[Errno 2] No such file or directory: '/scratch/cfontana/RADAR//2026-07-10/EUHFR_NRTcurrent_HFR-TirLig-Total_v3.nc'
[Errno 2] No such file or directory: '/scratch/cfontana/RADAR//2026-07-10/EUHFR_NRTcurrent_HFR-ARPAS-Total_v3.nc'
[Errno 2] No such file or directory: '/scratch/cfontana/RADAR//2026-07-10/EUHFR_NRTcurrent_HFR-LaMMA-Total_v3.nc'
[Errno 2] No such file or directory: '/scratch/cfontana/RADAR//2026-07-10/EUHFR_NRTcurrent_HFR-GoS-Total_v3.nc'
[Errno 2] No such file or directory: '/scratch/cfontana/RADAR//2026-07-10/EUHFR_NRTcurrent_HFR-WesternItaly-Total_v3.nc'
[Errno 2] No such file or directory: '/scratch/cfontana/RADAR//2026-07-10/EUHFR_NRTcurrent_HFR-Granitola-Total_v3.nc'
[Errno 2] No such file or directory: '/scratch/cfontana/RADAR//2026-07-10/EUHFR_NRTcurrent_HFR-NAdr-Total_v3.nc'
[Errno 2] No such file or directory: '/scratch/cfontana/RADAR//2026-07-10/EUHFR_NRTcurrent_HFR-GoM-Total_v3.nc'
[SAVED FIG] /scratch/cfontana/DIAGS/FOL_2026-07-10/RADAR/20260714_00.jpg

----------
20260715 0
[Errno 2] No such file or directory: '/scratch/cfontana/RADAR//2026-07-10/EUHFR_NRTcurrent_HFR-TirLig-Total_v3.nc'
[Errno 2] No such file or directory: '/scratch/cfontana/RADAR//2026-07-10/EUHFR_NRTcurrent_HFR-ARPAS-Total_v3.nc'
[Errno 2] No such file or directory: '/scratch/cfontana/RADAR//2026-07-10/EUHFR_NRTcurrent_HFR-LaMMA-Total_v3.nc'
[Errno 2] No such file or directory: '/scratch/cfontana/RADAR//2026-07-10/EUHFR_NRTcurrent_HFR-GoS-Total_v3.nc'
[Errno 2] No such file or directory: '/scratch/cfontana/RADAR//2026-07-10/EUHFR_NRTcurrent_HFR-WesternItaly-Total_v3.nc'
[Errno 2] No such file or directory: '/scratch/cfontana/RADAR//2026-07-10/EUHFR_NRTcurrent_HFR-Granitola-Total_v3.nc'
[Errno 2] No such file or directory: '/scratch/cfontana/RADAR//2026-07-10/EUHFR_NRTcurrent_HFR-NAdr-Total_v3.nc'
[Errno 2] No such file or directory: '/scratch/cfontana/RADAR//2026-07-10/EUHFR_NRTcurrent_HFR-GoM-Total_v3.nc'
[SAVED FIG] /scratch/cfontana/DIAGS/FOL_2026-07-10/RADAR/20260715_00.jpg
+ date
Sat Jul 11 14:27:40 CEST 2026
+ cd ../..
+ cat config/config_FOL.json
+ sed -e s/DINI/2026-07-10/g
+ sed -e s/FREQ/daily/
+ sed -e s/DOUT/20260710/
+ 1> config/config_FOL_2026-07-10.json
+ sed -e s/DEND/2026-07-15/
+ [ 1 -eq 1 ]
+ cd datasets/CMEMS
+ python get_data_sat.py -c FOL_2026-07-10 -v chl
INFO - 2026-07-11T12:27:42Z - Selected dataset version: "202211"
INFO - 2026-07-11T12:27:42Z - Selected dataset part: "default"
WARNING - 2026-07-11T12:27:42Z - Some of your subset selection [2026-07-10 00:00:00+00:00, 2026-07-15 00:00:00+00:00] for the time dimension exceed the dataset coordinates [2026-07-03 00:00:00+00:00, 2026-07-10 00:00:00+00:00]
----------------------------------
=> Config file FOL_2026-07-10 loaded
----------------------------------

Downloading CMEMS products : cmems_obs-oc_med_bgc-plankton_nrt_l3-multi-1km_P1D
=> Variable ['CHL', 'KD490'] 

------------------------------
DATE =>>> 2026-07-10 2026-07-15
------------------------------

[FILE SAVED ] /scratch/cfontana/DIAGS/FOL_2026-07-10/CMEMS/data/cmems_obs-oc_med_bgc-plankton_nrt_l3-multi-1km_P1D.nc
+ python interp_cmems.py -c FOL_2026-07-10 -v chl
----------------------------------
=> Config file FOL_2026-07-10 loaded
----------------------------------


[FILE SAVED] /scratch/cfontana/DIAGS/FOL_2026-07-10/CMEMS/chl/ITP_NC/chl_20260710.nc

+ [ 2 -eq 2 ]
+ error=1
+ cd ../../plot
+ python plot_CMEMS_pickle_data_vs_sat.py -c FOL_2026-07-10 -v chl -s CMEMS
----------------------------------
=> Config file FOL_2026-07-10 loaded
----------------------------------

Processing
739807 0.08342821119413461 0.05683438 0.06600419538213942 0.7194988110481069
[Errno 2] No such file or directory: '/scratch/cfontana/DIAGS/FOL_2026-07-10/CMEMS/chl/ITP_NC/chl_20260711.nc' 

=> in get_sat_2D :
Error processing file /scratch/cfontana/DIAGS/FOL_2026-07-10/CMEMS/chl/ITP_NC/chl_20260711.nc
File not found
739808 0.08903838678822355 nan 0.11812393605999262 1
[Errno 2] No such file or directory: '/scratch/cfontana/DIAGS/FOL_2026-07-10/CMEMS/chl/ITP_NC/chl_20260712.nc' 

=> in get_sat_2D :
Error processing file /scratch/cfontana/DIAGS/FOL_2026-07-10/CMEMS/chl/ITP_NC/chl_20260712.nc
File not found
739809 0.09144523929729363 nan 0.12258584945298212 1
[Errno 2] No such file or directory: '/scratch/cfontana/DIAGS/FOL_2026-07-10/CMEMS/chl/ITP_NC/chl_20260713.nc' 

=> in get_sat_2D :
Error processing file /scratch/cfontana/DIAGS/FOL_2026-07-10/CMEMS/chl/ITP_NC/chl_20260713.nc
File not found
739810 0.09155312464701346 nan 0.12308641748663489 1
[Errno 2] No such file or directory: '/scratch/cfontana/DIAGS/FOL_2026-07-10/CMEMS/chl/ITP_NC/chl_20260714.nc' 

=> in get_sat_2D :
Error processing file /scratch/cfontana/DIAGS/FOL_2026-07-10/CMEMS/chl/ITP_NC/chl_20260714.nc
File not found
739811 0.09350763388885827 nan 0.12397706735898072 1
[Errno 2] No such file or directory: '/scratch/cfontana/DIAGS/FOL_2026-07-10/CMEMS/chl/ITP_NC/chl_20260715.nc' 

=> in get_sat_2D :
Error processing file /scratch/cfontana/DIAGS/FOL_2026-07-10/CMEMS/chl/ITP_NC/chl_20260715.nc
File not found
739812 0.09561702382303988 nan 0.14036018459870764 1
[SAVED FIG] /scratch/cfontana/DIAGS/FOL_2026-07-10/CMEMS/chl/ITP_NC/PLOT/2026071012_chl.jpg
[SAVED FIG] /scratch/cfontana/DIAGS/FOL_2026-07-10/CMEMS/chl/ITP_NC/PLOT/2026071112_chl.jpg
[SAVED FIG] /scratch/cfontana/DIAGS/FOL_2026-07-10/CMEMS/chl/ITP_NC/PLOT/2026071212_chl.jpg
[SAVED FIG] /scratch/cfontana/DIAGS/FOL_2026-07-10/CMEMS/chl/ITP_NC/PLOT/2026071312_chl.jpg
[SAVED FIG] /scratch/cfontana/DIAGS/FOL_2026-07-10/CMEMS/chl/ITP_NC/PLOT/2026071412_chl.jpg
[SAVED FIG] /scratch/cfontana/DIAGS/FOL_2026-07-10/CMEMS/chl/ITP_NC/PLOT/2026071512_chl.jpg
+ python plot_sat_CMEMS_timeseries.py -c FOL_2026-07-10 -v chl -s CMEMS
----------------------------------
=> Config file FOL_2026-07-10 loaded
----------------------------------

[SAVED FIG] /scratch/cfontana/DIAGS/FOL_2026-07-10/CMEMS/chl/ITP_NC/time_series.jpg
+ rm -f '/scratch/cfontana/DIAGS/FOL_2026-07-10/CMEMS/chl/ITP_NC/PLOT/*.pkl'
+ [ 1 -eq 1 ]
+ rm -f /scratch/cfontana/DIAGS/FOL_2026-07-10/CMEMS/chl/ITP_NC/chl_20260710.nc
+ date
Sat Jul 11 14:30:49 CEST 2026
+ cd ..
+ [ 1 -eq 0 ]
+ [ 1 -eq 1 ]
+ rm -f /scratch/cfontana/DIAGS/FOL_2026-07-10/CMEMS/data/SST_MED_SST_L3S_NRT_OBSERVATIONS_010_012_b.nc /scratch/cfontana/DIAGS/FOL_2026-07-10/CMEMS/data/cmems_obs-oc_med_bgc-plankton_nrt_l3-multi-1km_P1D.nc
+ [ 1 -eq 1 ]
+ source /home/cfontana/venv/a/bin/activate
+ 1> /dev/null
+ deactivate nondestructive
+ [ -n /home/cfontana/venv/c/bin:/usr/local/sbin:/usr/local/bin:/usr/sbin:/usr/bin:/sbin:/bin:/usr/games:/usr/local/games:/snap/bin ]
+ PATH=/home/cfontana/venv/c/bin:/usr/local/sbin:/usr/local/bin:/usr/sbin:/usr/bin:/sbin:/bin:/usr/games:/usr/local/games:/snap/bin
+ export PATH
+ unset _OLD_VIRTUAL_PATH
+ [ -n '' ]
+ hash -r
+ 2> /dev/null
+ [ -n '(c) \[\e]0;\u@\h: \w\a\]${debian_chroot:+($debian_chroot)}\[\033[01;32m\]\u@\h\[\033[00m\]:\[\033[01;34m\]\w\[\033[00m\]\$ ' ]
+ PS1='(c) \[\e]0;\u@\h: \w\a\]${debian_chroot:+($debian_chroot)}\[\033[01;32m\]\u@\h\[\033[00m\]:\[\033[01;34m\]\w\[\033[00m\]\$ '
+ export PS1
+ unset _OLD_VIRTUAL_PS1
+ unset VIRTUAL_ENV
+ unset VIRTUAL_ENV_PROMPT
+ [ ! nondestructive '=' nondestructive ]
+ [ '' '=' cygwin ]
+ [ '' '=' msys ]
+ VIRTUAL_ENV=/home/cfontana/venv/a
+ export VIRTUAL_ENV
+ _OLD_VIRTUAL_PATH=/home/cfontana/venv/c/bin:/usr/local/sbin:/usr/local/bin:/usr/sbin:/usr/bin:/sbin:/bin:/usr/games:/usr/local/games:/snap/bin
+ PATH=/home/cfontana/venv/a/bin:/home/cfontana/venv/c/bin:/usr/local/sbin:/usr/local/bin:/usr/sbin:/usr/bin:/sbin:/bin:/usr/games:/usr/local/games:/snap/bin
+ export PATH
+ [ -n '' ]
+ [ -z '' ]
+ _OLD_VIRTUAL_PS1='(c) \[\e]0;\u@\h: \w\a\]${debian_chroot:+($debian_chroot)}\[\033[01;32m\]\u@\h\[\033[00m\]:\[\033[01;34m\]\w\[\033[00m\]\$ '
+ PS1='(a) (c) \[\e]0;\u@\h: \w\a\]${debian_chroot:+($debian_chroot)}\[\033[01;32m\]\u@\h\[\033[00m\]:\[\033[01;34m\]\w\[\033[00m\]\$ '
+ export PS1
+ VIRTUAL_ENV_PROMPT='(a) '
+ export VIRTUAL_ENV_PROMPT
+ hash -r
+ 2> /dev/null
+ sed -i s/daily/hourly/ config/config_FOL_2026-07-10.json
+ cd datasets/ARGO
+ python get_argo.py -c FOL_2026-07-10
----------------------------------
=> Config file FOL_2026-07-10 loaded
----------------------------------

[np.float64(10.4276046674675), np.float64(10.7911463342505), np.float64(42.802605318775505), np.float64(42.95781365215851), 0, 500, '2026-07-10', '2026-07-15']
Traceback (most recent call last):
  File "/home/cfontana/DATA_MED/datasets/ARGO/get_argo.py", line 73, in <module>
    f = f.region(box).load()
        ^^^^^^^^^^^^^^^^^^^^
  File "/home/cfontana/venv/a/lib/python3.12/site-packages/argopy/fetchers.py", line 886, in load
    self._data = self._to_xarray(**kwargs)
                 ^^^^^^^^^^^^^^^^^^^^^^^^^
  File "/home/cfontana/venv/a/lib/python3.12/site-packages/argopy/fetchers.py", line 673, in _to_xarray
    xds = self.fetcher.to_xarray(**kwargs)
          ^^^^^^^^^^^^^^^^^^^^^^^^^^^^^^^^
  File "/home/cfontana/venv/a/lib/python3.12/site-packages/argopy/data_fetchers/erddap_data.py", line 583, in to_xarray
    results = self.fs.open_dataset(URI[0])
              ^^^^^^^^^^^^^^^^^^^^^^^^^^^^
  File "/home/cfontana/venv/a/lib/python3.12/site-packages/argopy/stores/implementations/http.py", line 349, in open_dataset
    target, _ = load_in_memory(
                ^^^^^^^^^^^^^^^
  File "/home/cfontana/venv/a/lib/python3.12/site-packages/argopy/stores/implementations/http.py", line 261, in load_in_memory
    data = self.download_url(url, **dwn_opts)
           ^^^^^^^^^^^^^^^^^^^^^^^^^^^^^^^^^^
  File "/home/cfontana/venv/a/lib/python3.12/site-packages/argopy/stores/implementations/http.py", line 169, in download_url
    data, n = make_request(
              ^^^^^^^^^^^^^
  File "/home/cfontana/venv/a/lib/python3.12/site-packages/argopy/stores/implementations/http.py", line 124, in make_request
    raise e
  File "/home/cfontana/venv/a/lib/python3.12/site-packages/argopy/stores/implementations/http.py", line 121, in make_request
    data = ffs.cat_file(url, **cat_opts)
           ^^^^^^^^^^^^^^^^^^^^^^^^^^^^^
  File "/home/cfontana/venv/a/lib/python3.12/site-packages/fsspec/asyn.py", line 118, in wrapper
    return sync(self.loop, func, *args, **kwargs)
           ^^^^^^^^^^^^^^^^^^^^^^^^^^^^^^^^^^^^^^
  File "/home/cfontana/venv/a/lib/python3.12/site-packages/fsspec/asyn.py", line 103, in sync
    raise return_result
  File "/home/cfontana/venv/a/lib/python3.12/site-packages/fsspec/asyn.py", line 56, in _runner
    result[0] = await coro
                ^^^^^^^^^^
  File "/home/cfontana/venv/a/lib/python3.12/site-packages/fsspec/implementations/http.py", line 247, in _cat_file
    self._raise_not_found_for_status(r, url)
  File "/home/cfontana/venv/a/lib/python3.12/site-packages/fsspec/implementations/http.py", line 229, in _raise_not_found_for_status
    raise FileNotFoundError(url)
FileNotFoundError: https://erddap.ifremer.fr/erddap/tabledap/ArgoFloats.nc?config_mission_number,cycle_number,data_mode,direction,latitude,longitude,platform_number,position_qc,pres,pres_adjusted,pres_adjusted_error,pres_adjusted_qc,pres_qc,psal,psal_adjusted,psal_adjusted_error,psal_adjusted_qc,psal_qc,temp,temp_adjusted,temp_adjusted_error,temp_adjusted_qc,temp_qc,time,time_qc,vertical_sampling_scheme&longitude>=10.4276046674675&longitude<=10.7911463342505&latitude>=42.802605318775505&latitude<=42.95781365215851&pres>=0&pres<=500&time>=1783641600.0&time<=1784073600.0&latitude!=NaN&longitude!=NaN&distinct()&orderBy("time,pres")
+ [ 1 -eq 0 ]
+ cd ../../
+ sed -i s/phy/bgc/ config/config_FOL_2026-07-10.json
+ cd datasets/ARGO
+ python get_argo.py -c FOL_2026-07-10
----------------------------------
=> Config file FOL_2026-07-10 loaded
----------------------------------

[np.float64(10.4276046674675), np.float64(10.7911463342505), np.float64(42.802605318775505), np.float64(42.95781365215851), 0, 500, '2026-07-10', '2026-07-15']
Traceback (most recent call last):
  File "/home/cfontana/DATA_MED/datasets/ARGO/get_argo.py", line 73, in <module>
    f = f.region(box).load()
        ^^^^^^^^^^^^^
  File "/home/cfontana/venv/a/lib/python3.12/site-packages/argopy/fetchers.py", line 68, in wrapper
    return AccessPoint(*args)
           ^^^^^^^^^^^^^^^^^^
  File "/home/cfontana/venv/a/lib/python3.12/site-packages/argopy/fetchers.py", line 648, in region
    self.fetcher = self.Fetchers["region"](box=box, **self.fetcher_options)
                   ^^^^^^^^^^^^^^^^^^^^^^^^^^^^^^^^^^^^^^^^^^^^^^^^^^^^^^^^
  File "/home/cfontana/venv/a/lib/python3.12/site-packages/argopy/data_fetchers/erddap_data.py", line 184, in __init__
    params = self._bgc_vlist_avail
             ^^^^^^^^^^^^^^^^^^^^^
  File "/home/cfontana/venv/a/lib/python3.12/site-packages/argopy/data_fetchers/erddap_data.py", line 305, in _bgc_vlist_avail
    params = self.indexfs.read_params()
             ^^^^^^^^^^^^^^^^^^^^^^^^^^
  File "/home/cfontana/venv/a/lib/python3.12/site-packages/argopy/stores/index/implementations/pandas/index.py", line 281, in read_params
    raise DataNotFound(
argopy.errors.DataNotFound: 'No data found in the index corresponding to your search criteria. Search definition: x=10.43/10.79;y=42.80/42.96;t=2026-07-10/2026-07-15'
+ [ 1 -eq 0 ]
+ cd ../../
+ [ 1 -eq 1 ]
+ source /home/cfontana/venv/c/bin/activate
+ 1> /dev/null
+ deactivate nondestructive
+ [ -n /home/cfontana/venv/c/bin:/usr/local/sbin:/usr/local/bin:/usr/sbin:/usr/bin:/sbin:/bin:/usr/games:/usr/local/games:/snap/bin ]
+ PATH=/home/cfontana/venv/c/bin:/usr/local/sbin:/usr/local/bin:/usr/sbin:/usr/bin:/sbin:/bin:/usr/games:/usr/local/games:/snap/bin
+ export PATH
+ unset _OLD_VIRTUAL_PATH
+ [ -n '' ]
+ hash -r
+ 2> /dev/null
+ [ -n '(c) \[\e]0;\u@\h: \w\a\]${debian_chroot:+($debian_chroot)}\[\033[01;32m\]\u@\h\[\033[00m\]:\[\033[01;34m\]\w\[\033[00m\]\$ ' ]
+ PS1='(c) \[\e]0;\u@\h: \w\a\]${debian_chroot:+($debian_chroot)}\[\033[01;32m\]\u@\h\[\033[00m\]:\[\033[01;34m\]\w\[\033[00m\]\$ '
+ export PS1
+ unset _OLD_VIRTUAL_PS1
+ unset VIRTUAL_ENV
+ unset VIRTUAL_ENV_PROMPT
+ [ ! nondestructive '=' nondestructive ]
+ [ '' '=' cygwin ]
+ [ '' '=' msys ]
+ VIRTUAL_ENV=/home/cfontana/venv/c
+ export VIRTUAL_ENV
+ _OLD_VIRTUAL_PATH=/home/cfontana/venv/c/bin:/usr/local/sbin:/usr/local/bin:/usr/sbin:/usr/bin:/sbin:/bin:/usr/games:/usr/local/games:/snap/bin
+ PATH=/home/cfontana/venv/c/bin:/home/cfontana/venv/c/bin:/usr/local/sbin:/usr/local/bin:/usr/sbin:/usr/bin:/sbin:/bin:/usr/games:/usr/local/games:/snap/bin
+ export PATH
+ [ -n '' ]
+ [ -z '' ]
+ _OLD_VIRTUAL_PS1='(c) \[\e]0;\u@\h: \w\a\]${debian_chroot:+($debian_chroot)}\[\033[01;32m\]\u@\h\[\033[00m\]:\[\033[01;34m\]\w\[\033[00m\]\$ '
+ PS1='(c) (c) \[\e]0;\u@\h: \w\a\]${debian_chroot:+($debian_chroot)}\[\033[01;32m\]\u@\h\[\033[00m\]:\[\033[01;34m\]\w\[\033[00m\]\$ '
+ export PS1
+ VIRTUAL_ENV_PROMPT='(c) '
+ export VIRTUAL_ENV_PROMPT
+ hash -r
+ 2> /dev/null
+ static=/scratch/cfontana/DIAGS/FOL_2026-07-10/static_FOL_2026-07-10
+ mkdir /scratch/cfontana/DIAGS/FOL_2026-07-10/static_FOL_2026-07-10
+ dir=/scratch/cfontana/DIAGS/FOL_2026-07-10/CMEMS/thetao/ITP_NC
+ i=1
+ ls /scratch/cfontana/DIAGS/FOL_2026-07-10/CMEMS/thetao/ITP_NC/PLOT/
+ cp /scratch/cfontana/DIAGS/FOL_2026-07-10/CMEMS/thetao/ITP_NC/PLOT/2026071000_thetao.jpg /scratch/cfontana/DIAGS/FOL_2026-07-10/static_FOL_2026-07-10/thetao_1.jpg
+ let i=1+1
+ cp /scratch/cfontana/DIAGS/FOL_2026-07-10/CMEMS/thetao/ITP_NC/PLOT/2026071100_thetao.jpg /scratch/cfontana/DIAGS/FOL_2026-07-10/static_FOL_2026-07-10/thetao_2.jpg
+ let i=2+1
+ cp /scratch/cfontana/DIAGS/FOL_2026-07-10/CMEMS/thetao/ITP_NC/PLOT/2026071200_thetao.jpg /scratch/cfontana/DIAGS/FOL_2026-07-10/static_FOL_2026-07-10/thetao_3.jpg
+ let i=3+1
+ cp /scratch/cfontana/DIAGS/FOL_2026-07-10/CMEMS/thetao/ITP_NC/PLOT/2026071300_thetao.jpg /scratch/cfontana/DIAGS/FOL_2026-07-10/static_FOL_2026-07-10/thetao_4.jpg
+ let i=4+1
+ cp /scratch/cfontana/DIAGS/FOL_2026-07-10/CMEMS/thetao/ITP_NC/PLOT/2026071400_thetao.jpg /scratch/cfontana/DIAGS/FOL_2026-07-10/static_FOL_2026-07-10/thetao_5.jpg
+ let i=5+1
+ cp /scratch/cfontana/DIAGS/FOL_2026-07-10/CMEMS/thetao/ITP_NC/PLOT/2026071500_thetao.jpg /scratch/cfontana/DIAGS/FOL_2026-07-10/static_FOL_2026-07-10/thetao_6.jpg
+ let i=6+1
+ cp /scratch/cfontana/DIAGS/FOL_2026-07-10/CMEMS/thetao/ITP_NC/time_series.jpg /scratch/cfontana/DIAGS/FOL_2026-07-10/static_FOL_2026-07-10/time_series_thetao.jpg
+ dir=/scratch/cfontana/DIAGS/FOL_2026-07-10/CMEMS/chl/ITP_NC
+ i=1
+ ls /scratch/cfontana/DIAGS/FOL_2026-07-10/CMEMS/chl/ITP_NC/PLOT/
+ cp /scratch/cfontana/DIAGS/FOL_2026-07-10/CMEMS/chl/ITP_NC/PLOT/2026071012_chl.jpg /scratch/cfontana/DIAGS/FOL_2026-07-10/static_FOL_2026-07-10/chl_1.jpg
+ let i=1+1
+ cp /scratch/cfontana/DIAGS/FOL_2026-07-10/CMEMS/chl/ITP_NC/PLOT/2026071112_chl.jpg /scratch/cfontana/DIAGS/FOL_2026-07-10/static_FOL_2026-07-10/chl_2.jpg
+ let i=2+1
+ cp /scratch/cfontana/DIAGS/FOL_2026-07-10/CMEMS/chl/ITP_NC/PLOT/2026071212_chl.jpg /scratch/cfontana/DIAGS/FOL_2026-07-10/static_FOL_2026-07-10/chl_3.jpg
+ let i=3+1
+ cp /scratch/cfontana/DIAGS/FOL_2026-07-10/CMEMS/chl/ITP_NC/PLOT/2026071312_chl.jpg /scratch/cfontana/DIAGS/FOL_2026-07-10/static_FOL_2026-07-10/chl_4.jpg
+ let i=4+1
+ cp /scratch/cfontana/DIAGS/FOL_2026-07-10/CMEMS/chl/ITP_NC/PLOT/2026071412_chl.jpg /scratch/cfontana/DIAGS/FOL_2026-07-10/static_FOL_2026-07-10/chl_5.jpg
+ let i=5+1
+ cp /scratch/cfontana/DIAGS/FOL_2026-07-10/CMEMS/chl/ITP_NC/PLOT/2026071512_chl.jpg /scratch/cfontana/DIAGS/FOL_2026-07-10/static_FOL_2026-07-10/chl_6.jpg
+ let i=6+1
+ cp /scratch/cfontana/DIAGS/FOL_2026-07-10/CMEMS/chl/ITP_NC/time_series.jpg /scratch/cfontana/DIAGS/FOL_2026-07-10/static_FOL_2026-07-10/time_series_chl.jpg
+ dir=/scratch/cfontana/DIAGS/FOL_2026-07-10/RADAR/
+ i=1
+ ls /scratch/cfontana/DIAGS/FOL_2026-07-10/RADAR//20260710_00.jpg /scratch/cfontana/DIAGS/FOL_2026-07-10/RADAR//20260711_00.jpg /scratch/cfontana/DIAGS/FOL_2026-07-10/RADAR//20260712_00.jpg /scratch/cfontana/DIAGS/FOL_2026-07-10/RADAR//20260713_00.jpg /scratch/cfontana/DIAGS/FOL_2026-07-10/RADAR//20260714_00.jpg /scratch/cfontana/DIAGS/FOL_2026-07-10/RADAR//20260715_00.jpg
+ cp /scratch/cfontana/DIAGS/FOL_2026-07-10/RADAR//20260710_00.jpg /scratch/cfontana/DIAGS/FOL_2026-07-10/static_FOL_2026-07-10/radar_1.jpg
+ let i=1+1
+ cp /scratch/cfontana/DIAGS/FOL_2026-07-10/RADAR//20260711_00.jpg /scratch/cfontana/DIAGS/FOL_2026-07-10/static_FOL_2026-07-10/radar_2.jpg
+ let i=2+1
+ cp /scratch/cfontana/DIAGS/FOL_2026-07-10/RADAR//20260712_00.jpg /scratch/cfontana/DIAGS/FOL_2026-07-10/static_FOL_2026-07-10/radar_3.jpg
+ let i=3+1
+ cp /scratch/cfontana/DIAGS/FOL_2026-07-10/RADAR//20260713_00.jpg /scratch/cfontana/DIAGS/FOL_2026-07-10/static_FOL_2026-07-10/radar_4.jpg
+ let i=4+1
+ cp /scratch/cfontana/DIAGS/FOL_2026-07-10/RADAR//20260714_00.jpg /scratch/cfontana/DIAGS/FOL_2026-07-10/static_FOL_2026-07-10/radar_5.jpg
+ let i=5+1
+ cp /scratch/cfontana/DIAGS/FOL_2026-07-10/RADAR//20260715_00.jpg /scratch/cfontana/DIAGS/FOL_2026-07-10/static_FOL_2026-07-10/radar_6.jpg
+ let i=6+1
+ dir=/scratch/cfontana/DIAGS/FOL_2026-07-10/ARGO/
+ ls -d '/scratch/cfontana/DIAGS/FOL_2026-07-10/ARGO//bio*/'
ls: cannot access '/scratch/cfontana/DIAGS/FOL_2026-07-10/ARGO//bio*/': No such file or directory
+ i=1
+ 1> /scratch/cfontana/DIAGS/FOL_2026-07-10/static_FOL_2026-07-10/list.txt
+ ls -d '/scratch/cfontana/DIAGS/FOL_2026-07-10/ARGO//*/'
ls: cannot access '/scratch/cfontana/DIAGS/FOL_2026-07-10/ARGO//*/': No such file or directory
+ cp /scratch/cfontana/DIAGS/FOL_2026-07-10/ARGO//map.jpg /scratch/cfontana/DIAGS/FOL_2026-07-10/static_FOL_2026-07-10
cp: cannot stat '/scratch/cfontana/DIAGS/FOL_2026-07-10/ARGO//map.jpg': No such file or directory
+ scp -r /scratch/cfontana/DIAGS/FOL_2026-07-10/static_FOL_2026-07-10 yulpa175555@webhost03.yulpa.io:/datas/yulpa175555/sites/merval.eg2.fr/htdocs/DIAGS
+ echo 'PROCESSING SIC'
PROCESSING SIC
+ echo '_______________ '
_______________ 
+ date
Sat Jul 11 14:31:06 CEST 2026
+ config=SIC_2026-07-10
+ awk '{print tolower($0)}'
+ echo SIC
+ lower=sic
+ set -x
+ cat config/config_SIC.json
+ sed -e s/DOUT/20260710/
+ sed -e s/FREQ/hourly/
+ sed -e s/DINI/2026-07-10/g
+ 1> config/config_SIC_2026-07-10.json
+ sed -e s/DEND/2026-07-15/
+ cp config/cmems_DOMAIN.dat config/cmems_SIC_2026-07-10.dat
+ cp config/variables_mit_DOMAIN.dat config/variables_mit_SIC_2026-07-10.dat
+ jq -r .diagdir config/config_SIC_2026-07-10.json
+ diagdir=/scratch/cfontana/DIAGS/SIC_2026-07-10
+ jq -r .radardir config/config_SIC_2026-07-10.json
+ radardir=/scratch/cfontana/RADAR/
+ [ 0 -eq 0 -a 0 -eq 1 ]
+ [ 1 -eq 1 ]
+ cd datasets/CMEMS
+ python get_data_sat.py -c SIC_2026-07-10 -v thetao
INFO - 2026-07-11T12:31:08Z - Selected dataset version: "202311"
INFO - 2026-07-11T12:31:08Z - Selected dataset part: "default"
WARNING - 2026-07-11T12:31:08Z - Some of your subset selection [2026-07-10 00:00:00+00:00, 2026-07-15 00:00:00+00:00] for the time dimension exceed the dataset coordinates [2008-01-01 00:00:00+00:00, 2026-07-11 00:00:00+00:00]
----------------------------------
=> Config file SIC_2026-07-10 loaded
----------------------------------

Downloading CMEMS products : SST_MED_SST_L3S_NRT_OBSERVATIONS_010_012_b
=> Variable [np.str_('adjusted_sea_surface_temperature')] 

------------------------------
DATE =>>> 2026-07-10 2026-07-15
------------------------------
  0%|                                                                                          | 0/170 [00:00<?, ?it/s]  1%|▍                                                                                 | 1/170 [00:00<02:04,  1.36it/s]  3%|██▍                                                                               | 5/170 [00:00<00:23,  7.08it/s]  8%|██████▏                                                                          | 13/170 [00:01<00:08, 18.84it/s] 10%|████████                                                                         | 17/170 [00:01<00:07, 21.19it/s] 12%|██████████                                                                       | 21/170 [00:01<00:06, 22.53it/s] 15%|███████████▉                                                                     | 25/170 [00:01<00:06, 23.88it/s] 18%|██████████████▊                                                                  | 31/170 [00:01<00:06, 20.60it/s] 21%|████████████████▋                                                                | 35/170 [00:01<00:06, 21.48it/s] 23%|██████████████████▌                                                              | 39/170 [00:02<00:05, 24.66it/s] 25%|████████████████████                                                             | 42/170 [00:02<00:06, 21.06it/s] 29%|███████████████████████▎                                                         | 49/170 [00:02<00:04, 29.23it/s] 31%|█████████████████████████▎                                                       | 53/170 [00:02<00:05, 21.67it/s] 36%|█████████████████████████████                                                    | 61/170 [00:03<00:04, 23.11it/s] 38%|██████████████████████████████▉                                                  | 65/170 [00:03<00:04, 25.38it/s] 42%|█████████████████████████████████▊                                               | 71/170 [00:03<00:03, 24.76it/s] 44%|███████████████████████████████████▋                                             | 75/170 [00:03<00:04, 23.66it/s] 46%|█████████████████████████████████████▏                                           | 78/170 [00:03<00:03, 24.51it/s] 50%|████████████████████████████████████████▌                                        | 85/170 [00:03<00:02, 32.19it/s] 52%|██████████████████████████████████████████▍                                      | 89/170 [00:04<00:03, 24.60it/s] 55%|████████████████████████████████████████████▎                                    | 93/170 [00:04<00:03, 21.21it/s] 56%|█████████████████████████████████████████████▋                                   | 96/170 [00:04<00:03, 21.32it/s] 61%|████████████████████████████████████████████████▍                               | 103/170 [00:04<00:02, 22.93it/s] 64%|███████████████████████████████████████████████████▎                            | 109/170 [00:05<00:02, 23.84it/s] 71%|████████████████████████████████████████████████████████▉                       | 121/170 [00:05<00:01, 29.74it/s] 74%|██████████████████████████████████████████████████████████▊                     | 125/170 [00:05<00:01, 28.87it/s] 76%|████████████████████████████████████████████████████████████▋                   | 129/170 [00:05<00:01, 26.02it/s] 79%|███████████████████████████████████████████████████████████████▌                | 135/170 [00:05<00:01, 28.38it/s] 83%|██████████████████████████████████████████████████████████████████▎             | 141/170 [00:06<00:00, 29.58it/s] 85%|███████████████████████████████████████████████████████████████████▊            | 144/170 [00:06<00:01, 22.39it/s] 86%|█████████████████████████████████████████████████████████████████████▏          | 147/170 [00:06<00:01, 19.95it/s] 89%|███████████████████████████████████████████████████████████████████████         | 151/170 [00:06<00:01, 16.58it/s] 92%|█████████████████████████████████████████████████████████████████████████▉      | 157/170 [00:06<00:00, 22.62it/s] 97%|█████████████████████████████████████████████████████████████████████████████▋  | 165/170 [00:07<00:00, 26.66it/s]100%|████████████████████████████████████████████████████████████████████████████████| 170/170 [00:07<00:00, 23.48it/s]

[FILE SAVED ] /scratch/cfontana/DIAGS/SIC_2026-07-10/CMEMS/data/SST_MED_SST_L3S_NRT_OBSERVATIONS_010_012_b.nc
+ python interp_cmems.py -c SIC_2026-07-10 -v thetao
----------------------------------
=> Config file SIC_2026-07-10 loaded
----------------------------------


[FILE SAVED] /scratch/cfontana/DIAGS/SIC_2026-07-10/CMEMS/thetao/ITP_NC/thetao_20260710.nc


[FILE SAVED] /scratch/cfontana/DIAGS/SIC_2026-07-10/CMEMS/thetao/ITP_NC/thetao_20260711.nc

+ [ 2 -eq 2 ]
+ error=1
+ cd ../../plot
+ python plot_CMEMS_pickle_data_vs_sat.py -c SIC_2026-07-10 -v thetao -s CMEMS
----------------------------------
=> Config file SIC_2026-07-10 loaded
----------------------------------

Processing
739807 26.56785891943131 26.619684 26.708406 0.9775649576325786
739808 26.74202714468954 27.041487 26.955408 0.9809133359829986
[Errno 2] No such file or directory: '/scratch/cfontana/DIAGS/SIC_2026-07-10/CMEMS/thetao/ITP_NC/thetao_20260712.nc' 

=> in get_sat_2D :
Error processing file /scratch/cfontana/DIAGS/SIC_2026-07-10/CMEMS/thetao/ITP_NC/thetao_20260712.nc
File not found
739809 26.777089471973355 nan 26.996164 1
[Errno 2] No such file or directory: '/scratch/cfontana/DIAGS/SIC_2026-07-10/CMEMS/thetao/ITP_NC/thetao_20260713.nc' 

=> in get_sat_2D :
Error processing file /scratch/cfontana/DIAGS/SIC_2026-07-10/CMEMS/thetao/ITP_NC/thetao_20260713.nc
File not found
739810 26.904622830895974 nan 27.218306 1
[Errno 2] No such file or directory: '/scratch/cfontana/DIAGS/SIC_2026-07-10/CMEMS/thetao/ITP_NC/thetao_20260714.nc' 

=> in get_sat_2D :
Error processing file /scratch/cfontana/DIAGS/SIC_2026-07-10/CMEMS/thetao/ITP_NC/thetao_20260714.nc
File not found
739811 27.060242589909894 nan 27.429058 1
[Errno 2] No such file or directory: '/scratch/cfontana/DIAGS/SIC_2026-07-10/CMEMS/thetao/ITP_NC/thetao_20260715.nc' 

=> in get_sat_2D :
Error processing file /scratch/cfontana/DIAGS/SIC_2026-07-10/CMEMS/thetao/ITP_NC/thetao_20260715.nc
File not found
No space left on the device (545722368 Mo free) — exiting
[SAVED FIG] /scratch/cfontana/DIAGS/SIC_2026-07-10/CMEMS/thetao/ITP_NC/PLOT/2026071000_thetao.jpg
[SAVED FIG] /scratch/cfontana/DIAGS/SIC_2026-07-10/CMEMS/thetao/ITP_NC/PLOT/2026071100_thetao.jpg
[SAVED FIG] /scratch/cfontana/DIAGS/SIC_2026-07-10/CMEMS/thetao/ITP_NC/PLOT/2026071200_thetao.jpg
[SAVED FIG] /scratch/cfontana/DIAGS/SIC_2026-07-10/CMEMS/thetao/ITP_NC/PLOT/2026071300_thetao.jpg
[SAVED FIG] /scratch/cfontana/DIAGS/SIC_2026-07-10/CMEMS/thetao/ITP_NC/PLOT/2026071400_thetao.jpg
+ python plot_sat_CMEMS_timeseries.py -c SIC_2026-07-10 -v thetao -s CMEMS
----------------------------------
=> Config file SIC_2026-07-10 loaded
----------------------------------

[SAVED FIG] /scratch/cfontana/DIAGS/SIC_2026-07-10/CMEMS/thetao/ITP_NC/time_series.jpg
+ rm -f '/scratch/cfontana/DIAGS/SIC_2026-07-10/CMEMS/thetao/ITP_NC/PLOT/*.pkl'
+ [ 1 -eq 1 ]
+ rm -f /scratch/cfontana/DIAGS/SIC_2026-07-10/CMEMS/thetao/ITP_NC/thetao_20260710.nc /scratch/cfontana/DIAGS/SIC_2026-07-10/CMEMS/thetao/ITP_NC/thetao_20260711.nc
+ date
Sat Jul 11 14:47:28 CEST 2026
+ cd ..
+ [ 1 -eq 1 ]
+ cd datasets/HFRADAR
+ python read_radar.py -c SIC_2026-07-10
----------------------------------
=> Config file SIC_2026-07-10 loaded
----------------------------------


----------
20260710 0
[Errno 2] No such file or directory: '/scratch/cfontana/RADAR//2026-07-10/EUHFR_NRTcurrent_HFR-TirLig-Total_v3.nc'
[Errno 2] No such file or directory: '/scratch/cfontana/RADAR//2026-07-10/EUHFR_NRTcurrent_HFR-ARPAS-Total_v3.nc'
[Errno 2] No such file or directory: '/scratch/cfontana/RADAR//2026-07-10/EUHFR_NRTcurrent_HFR-LaMMA-Total_v3.nc'
[Errno 2] No such file or directory: '/scratch/cfontana/RADAR//2026-07-10/EUHFR_NRTcurrent_HFR-GoS-Total_v3.nc'
[Errno 2] No such file or directory: '/scratch/cfontana/RADAR//2026-07-10/EUHFR_NRTcurrent_HFR-WesternItaly-Total_v3.nc'
[Errno 2] No such file or directory: '/scratch/cfontana/RADAR//2026-07-10/EUHFR_NRTcurrent_HFR-Granitola-Total_v3.nc'
[Errno 2] No such file or directory: '/scratch/cfontana/RADAR//2026-07-10/EUHFR_NRTcurrent_HFR-NAdr-Total_v3.nc'
[Errno 2] No such file or directory: '/scratch/cfontana/RADAR//2026-07-10/EUHFR_NRTcurrent_HFR-GoM-Total_v3.nc'
[SAVED FIG] /scratch/cfontana/DIAGS/SIC_2026-07-10/RADAR/20260710_00.jpg

----------
20260711 0
[Errno 2] No such file or directory: '/scratch/cfontana/RADAR//2026-07-10/EUHFR_NRTcurrent_HFR-TirLig-Total_v3.nc'
[Errno 2] No such file or directory: '/scratch/cfontana/RADAR//2026-07-10/EUHFR_NRTcurrent_HFR-ARPAS-Total_v3.nc'
[Errno 2] No such file or directory: '/scratch/cfontana/RADAR//2026-07-10/EUHFR_NRTcurrent_HFR-LaMMA-Total_v3.nc'
[Errno 2] No such file or directory: '/scratch/cfontana/RADAR//2026-07-10/EUHFR_NRTcurrent_HFR-GoS-Total_v3.nc'
[Errno 2] No such file or directory: '/scratch/cfontana/RADAR//2026-07-10/EUHFR_NRTcurrent_HFR-WesternItaly-Total_v3.nc'
[Errno 2] No such file or directory: '/scratch/cfontana/RADAR//2026-07-10/EUHFR_NRTcurrent_HFR-Granitola-Total_v3.nc'
[Errno 2] No such file or directory: '/scratch/cfontana/RADAR//2026-07-10/EUHFR_NRTcurrent_HFR-NAdr-Total_v3.nc'
[Errno 2] No such file or directory: '/scratch/cfontana/RADAR//2026-07-10/EUHFR_NRTcurrent_HFR-GoM-Total_v3.nc'
[SAVED FIG] /scratch/cfontana/DIAGS/SIC_2026-07-10/RADAR/20260711_00.jpg

----------
20260712 0
[Errno 2] No such file or directory: '/scratch/cfontana/RADAR//2026-07-10/EUHFR_NRTcurrent_HFR-TirLig-Total_v3.nc'
[Errno 2] No such file or directory: '/scratch/cfontana/RADAR//2026-07-10/EUHFR_NRTcurrent_HFR-ARPAS-Total_v3.nc'
[Errno 2] No such file or directory: '/scratch/cfontana/RADAR//2026-07-10/EUHFR_NRTcurrent_HFR-LaMMA-Total_v3.nc'
[Errno 2] No such file or directory: '/scratch/cfontana/RADAR//2026-07-10/EUHFR_NRTcurrent_HFR-GoS-Total_v3.nc'
[Errno 2] No such file or directory: '/scratch/cfontana/RADAR//2026-07-10/EUHFR_NRTcurrent_HFR-WesternItaly-Total_v3.nc'
[Errno 2] No such file or directory: '/scratch/cfontana/RADAR//2026-07-10/EUHFR_NRTcurrent_HFR-Granitola-Total_v3.nc'
[Errno 2] No such file or directory: '/scratch/cfontana/RADAR//2026-07-10/EUHFR_NRTcurrent_HFR-NAdr-Total_v3.nc'
[Errno 2] No such file or directory: '/scratch/cfontana/RADAR//2026-07-10/EUHFR_NRTcurrent_HFR-GoM-Total_v3.nc'
[SAVED FIG] /scratch/cfontana/DIAGS/SIC_2026-07-10/RADAR/20260712_00.jpg

----------
20260713 0
[Errno 2] No such file or directory: '/scratch/cfontana/RADAR//2026-07-10/EUHFR_NRTcurrent_HFR-TirLig-Total_v3.nc'
[Errno 2] No such file or directory: '/scratch/cfontana/RADAR//2026-07-10/EUHFR_NRTcurrent_HFR-ARPAS-Total_v3.nc'
[Errno 2] No such file or directory: '/scratch/cfontana/RADAR//2026-07-10/EUHFR_NRTcurrent_HFR-LaMMA-Total_v3.nc'
[Errno 2] No such file or directory: '/scratch/cfontana/RADAR//2026-07-10/EUHFR_NRTcurrent_HFR-GoS-Total_v3.nc'
[Errno 2] No such file or directory: '/scratch/cfontana/RADAR//2026-07-10/EUHFR_NRTcurrent_HFR-WesternItaly-Total_v3.nc'
[Errno 2] No such file or directory: '/scratch/cfontana/RADAR//2026-07-10/EUHFR_NRTcurrent_HFR-Granitola-Total_v3.nc'
[Errno 2] No such file or directory: '/scratch/cfontana/RADAR//2026-07-10/EUHFR_NRTcurrent_HFR-NAdr-Total_v3.nc'
[Errno 2] No such file or directory: '/scratch/cfontana/RADAR//2026-07-10/EUHFR_NRTcurrent_HFR-GoM-Total_v3.nc'
[SAVED FIG] /scratch/cfontana/DIAGS/SIC_2026-07-10/RADAR/20260713_00.jpg

----------
20260714 0
[Errno 2] No such file or directory: '/scratch/cfontana/RADAR//2026-07-10/EUHFR_NRTcurrent_HFR-TirLig-Total_v3.nc'
[Errno 2] No such file or directory: '/scratch/cfontana/RADAR//2026-07-10/EUHFR_NRTcurrent_HFR-ARPAS-Total_v3.nc'
[Errno 2] No such file or directory: '/scratch/cfontana/RADAR//2026-07-10/EUHFR_NRTcurrent_HFR-LaMMA-Total_v3.nc'
[Errno 2] No such file or directory: '/scratch/cfontana/RADAR//2026-07-10/EUHFR_NRTcurrent_HFR-GoS-Total_v3.nc'
[Errno 2] No such file or directory: '/scratch/cfontana/RADAR//2026-07-10/EUHFR_NRTcurrent_HFR-WesternItaly-Total_v3.nc'
[Errno 2] No such file or directory: '/scratch/cfontana/RADAR//2026-07-10/EUHFR_NRTcurrent_HFR-Granitola-Total_v3.nc'
[Errno 2] No such file or directory: '/scratch/cfontana/RADAR//2026-07-10/EUHFR_NRTcurrent_HFR-NAdr-Total_v3.nc'
[Errno 2] No such file or directory: '/scratch/cfontana/RADAR//2026-07-10/EUHFR_NRTcurrent_HFR-GoM-Total_v3.nc'
[SAVED FIG] /scratch/cfontana/DIAGS/SIC_2026-07-10/RADAR/20260714_00.jpg

----------
20260715 0
[Errno 2] No such file or directory: '/scratch/cfontana/RADAR//2026-07-10/EUHFR_NRTcurrent_HFR-TirLig-Total_v3.nc'
[Errno 2] No such file or directory: '/scratch/cfontana/RADAR//2026-07-10/EUHFR_NRTcurrent_HFR-ARPAS-Total_v3.nc'
[Errno 2] No such file or directory: '/scratch/cfontana/RADAR//2026-07-10/EUHFR_NRTcurrent_HFR-LaMMA-Total_v3.nc'
[Errno 2] No such file or directory: '/scratch/cfontana/RADAR//2026-07-10/EUHFR_NRTcurrent_HFR-GoS-Total_v3.nc'
[Errno 2] No such file or directory: '/scratch/cfontana/RADAR//2026-07-10/EUHFR_NRTcurrent_HFR-WesternItaly-Total_v3.nc'
[Errno 2] No such file or directory: '/scratch/cfontana/RADAR//2026-07-10/EUHFR_NRTcurrent_HFR-Granitola-Total_v3.nc'
[Errno 2] No such file or directory: '/scratch/cfontana/RADAR//2026-07-10/EUHFR_NRTcurrent_HFR-NAdr-Total_v3.nc'
[Errno 2] No such file or directory: '/scratch/cfontana/RADAR//2026-07-10/EUHFR_NRTcurrent_HFR-GoM-Total_v3.nc'
[SAVED FIG] /scratch/cfontana/DIAGS/SIC_2026-07-10/RADAR/20260715_00.jpg
+ date
Sat Jul 11 15:12:08 CEST 2026
+ cd ../..
+ sed -e s/DINI/2026-07-10/g
+ cat config/config_SIC.json
+ sed -e s/FREQ/daily/
+ sed -e s/DOUT/20260710/
+ 1> config/config_SIC_2026-07-10.json
+ sed -e s/DEND/2026-07-15/
+ [ 1 -eq 1 ]
+ cd datasets/CMEMS
+ python get_data_sat.py -c SIC_2026-07-10 -v chl
INFO - 2026-07-11T13:12:11Z - Selected dataset version: "202211"
INFO - 2026-07-11T13:12:11Z - Selected dataset part: "default"
WARNING - 2026-07-11T13:12:11Z - Some of your subset selection [2026-07-10 00:00:00+00:00, 2026-07-15 00:00:00+00:00] for the time dimension exceed the dataset coordinates [2026-07-03 00:00:00+00:00, 2026-07-10 00:00:00+00:00]
----------------------------------
=> Config file SIC_2026-07-10 loaded
----------------------------------

Downloading CMEMS products : cmems_obs-oc_med_bgc-plankton_nrt_l3-multi-1km_P1D
=> Variable ['CHL', 'KD490'] 

------------------------------
DATE =>>> 2026-07-10 2026-07-15
------------------------------

[FILE SAVED ] /scratch/cfontana/DIAGS/SIC_2026-07-10/CMEMS/data/cmems_obs-oc_med_bgc-plankton_nrt_l3-multi-1km_P1D.nc
+ python interp_cmems.py -c SIC_2026-07-10 -v chl
----------------------------------
=> Config file SIC_2026-07-10 loaded
----------------------------------


[FILE SAVED] /scratch/cfontana/DIAGS/SIC_2026-07-10/CMEMS/chl/ITP_NC/chl_20260710.nc

+ [ 2 -eq 2 ]
+ error=1
+ cd ../../plot
+ python plot_CMEMS_pickle_data_vs_sat.py -c SIC_2026-07-10 -v chl -s CMEMS
----------------------------------
=> Config file SIC_2026-07-10 loaded
----------------------------------

Processing
739807 0.04526534786182911 0.045464043 0.037273128 0.9529829604746167
[Errno 2] No such file or directory: '/scratch/cfontana/DIAGS/SIC_2026-07-10/CMEMS/chl/ITP_NC/chl_20260711.nc' 

=> in get_sat_2D :
Error processing file /scratch/cfontana/DIAGS/SIC_2026-07-10/CMEMS/chl/ITP_NC/chl_20260711.nc
File not found
739808 0.045175867447461604 nan 0.036716837 1
[Errno 2] No such file or directory: '/scratch/cfontana/DIAGS/SIC_2026-07-10/CMEMS/chl/ITP_NC/chl_20260712.nc' 

=> in get_sat_2D :
Error processing file /scratch/cfontana/DIAGS/SIC_2026-07-10/CMEMS/chl/ITP_NC/chl_20260712.nc
File not found
739809 0.04333260032989102 nan 0.03578959 1
[Errno 2] No such file or directory: '/scratch/cfontana/DIAGS/SIC_2026-07-10/CMEMS/chl/ITP_NC/chl_20260713.nc' 

=> in get_sat_2D :
Error processing file /scratch/cfontana/DIAGS/SIC_2026-07-10/CMEMS/chl/ITP_NC/chl_20260713.nc
File not found
739810 0.041738711423188406 nan 0.035217114 1
[Errno 2] No such file or directory: '/scratch/cfontana/DIAGS/SIC_2026-07-10/CMEMS/chl/ITP_NC/chl_20260714.nc' 

=> in get_sat_2D :
Error processing file /scratch/cfontana/DIAGS/SIC_2026-07-10/CMEMS/chl/ITP_NC/chl_20260714.nc
File not found
No space left on the device (374784000 Mo free) — exiting
[Errno 2] No such file or directory: '/scratch/cfontana/DIAGS/SIC_2026-07-10/CMEMS/chl/ITP_NC/chl_20260715.nc' 

=> in get_sat_2D :
Error processing file /scratch/cfontana/DIAGS/SIC_2026-07-10/CMEMS/chl/ITP_NC/chl_20260715.nc
File not found
No space left on the device (374784000 Mo free) — exiting
[SAVED FIG] /scratch/cfontana/DIAGS/SIC_2026-07-10/CMEMS/chl/ITP_NC/PLOT/2026071012_chl.jpg
[SAVED FIG] /scratch/cfontana/DIAGS/SIC_2026-07-10/CMEMS/chl/ITP_NC/PLOT/2026071112_chl.jpg
[SAVED FIG] /scratch/cfontana/DIAGS/SIC_2026-07-10/CMEMS/chl/ITP_NC/PLOT/2026071212_chl.jpg
[SAVED FIG] /scratch/cfontana/DIAGS/SIC_2026-07-10/CMEMS/chl/ITP_NC/PLOT/2026071312_chl.jpg
+ python plot_sat_CMEMS_timeseries.py -c SIC_2026-07-10 -v chl -s CMEMS
----------------------------------
=> Config file SIC_2026-07-10 loaded
----------------------------------

[SAVED FIG] /scratch/cfontana/DIAGS/SIC_2026-07-10/CMEMS/chl/ITP_NC/time_series.jpg
+ rm -f '/scratch/cfontana/DIAGS/SIC_2026-07-10/CMEMS/chl/ITP_NC/PLOT/*.pkl'
+ [ 1 -eq 1 ]
+ rm -f /scratch/cfontana/DIAGS/SIC_2026-07-10/CMEMS/chl/ITP_NC/chl_20260710.nc
+ date
Sat Jul 11 15:18:57 CEST 2026
+ cd ..
+ [ 1 -eq 0 ]
+ [ 1 -eq 1 ]
+ rm -f /scratch/cfontana/DIAGS/SIC_2026-07-10/CMEMS/data/SST_MED_SST_L3S_NRT_OBSERVATIONS_010_012_b.nc /scratch/cfontana/DIAGS/SIC_2026-07-10/CMEMS/data/cmems_obs-oc_med_bgc-plankton_nrt_l3-multi-1km_P1D.nc
+ [ 1 -eq 1 ]
+ source /home/cfontana/venv/a/bin/activate
+ 1> /dev/null
+ deactivate nondestructive
+ [ -n /home/cfontana/venv/c/bin:/usr/local/sbin:/usr/local/bin:/usr/sbin:/usr/bin:/sbin:/bin:/usr/games:/usr/local/games:/snap/bin ]
+ PATH=/home/cfontana/venv/c/bin:/usr/local/sbin:/usr/local/bin:/usr/sbin:/usr/bin:/sbin:/bin:/usr/games:/usr/local/games:/snap/bin
+ export PATH
+ unset _OLD_VIRTUAL_PATH
+ [ -n '' ]
+ hash -r
+ 2> /dev/null
+ [ -n '(c) \[\e]0;\u@\h: \w\a\]${debian_chroot:+($debian_chroot)}\[\033[01;32m\]\u@\h\[\033[00m\]:\[\033[01;34m\]\w\[\033[00m\]\$ ' ]
+ PS1='(c) \[\e]0;\u@\h: \w\a\]${debian_chroot:+($debian_chroot)}\[\033[01;32m\]\u@\h\[\033[00m\]:\[\033[01;34m\]\w\[\033[00m\]\$ '
+ export PS1
+ unset _OLD_VIRTUAL_PS1
+ unset VIRTUAL_ENV
+ unset VIRTUAL_ENV_PROMPT
+ [ ! nondestructive '=' nondestructive ]
+ [ '' '=' cygwin ]
+ [ '' '=' msys ]
+ VIRTUAL_ENV=/home/cfontana/venv/a
+ export VIRTUAL_ENV
+ _OLD_VIRTUAL_PATH=/home/cfontana/venv/c/bin:/usr/local/sbin:/usr/local/bin:/usr/sbin:/usr/bin:/sbin:/bin:/usr/games:/usr/local/games:/snap/bin
+ PATH=/home/cfontana/venv/a/bin:/home/cfontana/venv/c/bin:/usr/local/sbin:/usr/local/bin:/usr/sbin:/usr/bin:/sbin:/bin:/usr/games:/usr/local/games:/snap/bin
+ export PATH
+ [ -n '' ]
+ [ -z '' ]
+ _OLD_VIRTUAL_PS1='(c) \[\e]0;\u@\h: \w\a\]${debian_chroot:+($debian_chroot)}\[\033[01;32m\]\u@\h\[\033[00m\]:\[\033[01;34m\]\w\[\033[00m\]\$ '
+ PS1='(a) (c) \[\e]0;\u@\h: \w\a\]${debian_chroot:+($debian_chroot)}\[\033[01;32m\]\u@\h\[\033[00m\]:\[\033[01;34m\]\w\[\033[00m\]\$ '
+ export PS1
+ VIRTUAL_ENV_PROMPT='(a) '
+ export VIRTUAL_ENV_PROMPT
+ hash -r
+ 2> /dev/null
+ sed -i s/daily/hourly/ config/config_SIC_2026-07-10.json
+ cd datasets/ARGO
+ python get_argo.py -c SIC_2026-07-10
----------------------------------
=> Config file SIC_2026-07-10 loaded
----------------------------------

[np.float64(11.440104777198666), np.float64(16.226563110532), np.float64(35.252604574305764), np.float64(38.99739624097243), 0, 500, '2026-07-10', '2026-07-15']
[SAVED] /scratch/cfontana/DIAGS/SIC_2026-07-10/ARGO/argo.nc
+ [ 0 -eq 0 ]
+ echo 'ARGO FOUND'
ARGO FOUND
+ python compare_argo.py -c SIC_2026-07-10
/home/cfontana/DATA_MED/datasets/ARGO/compare_argo.py:186: SyntaxWarning: invalid escape sequence '\ '
  print('/!\ NaN detected in depth data\n')
----------------------------------
=> Config file SIC_2026-07-10 loaded
----------------------------------

2 profiles found

Processing

Float 7901138 cycle 471
-----
Interpolation done for [ 184 ] data in 5.15 secInterpolation done for [ 184 ] data in 5.07 sec[SAVED FIG] /scratch/cfontana/DIAGS/SIC_2026-07-10/ARGO/7901138/profile_471.jpg

Float 7901138 cycle 470
-----
Interpolation done for [ 184 ] data in 1.3 secInterpolation done for [ 184 ] data in 1.43 sec[SAVED FIG] /scratch/cfontana/DIAGS/SIC_2026-07-10/ARGO/7901138/profile_470.jpg

-------------
Total of 736 found
-------------

Plot trajectories ...
[SAVED FIG] /scratch/cfontana/DIAGS/SIC_2026-07-10/ARGO/7901138/map.jpg
[SAVED FIG] /scratch/cfontana/DIAGS/SIC_2026-07-10/ARGO/map.jpg
N =  366
[SAVED FIG] /scratch/cfontana/DIAGS/SIC_2026-07-10/ARGO/error_Salinity.jpg
Data for Salinity
[np.float64(0.05111079269228877), np.float64(0.043793189161590564), np.float64(0.17492199760356458)]

N =  366
[SAVED FIG] /scratch/cfontana/DIAGS/SIC_2026-07-10/ARGO/error_Temperature.jpg
Data for Temperature
[np.float64(0.08665755337938554), np.float64(0.2693664185251723), np.float64(1.6070805085682616)]

+ cd ../../
+ sed -i s/phy/bgc/ config/config_SIC_2026-07-10.json
+ cd datasets/ARGO
+ python get_argo.py -c SIC_2026-07-10
----------------------------------
=> Config file SIC_2026-07-10 loaded
----------------------------------

[np.float64(11.440104777198666), np.float64(16.226563110532), np.float64(35.252604574305764), np.float64(38.99739624097243), 0, 500, '2026-07-10', '2026-07-15']
Traceback (most recent call last):
  File "/home/cfontana/DATA_MED/datasets/ARGO/get_argo.py", line 73, in <module>
    f = f.region(box).load()
        ^^^^^^^^^^^^^
  File "/home/cfontana/venv/a/lib/python3.12/site-packages/argopy/fetchers.py", line 68, in wrapper
    return AccessPoint(*args)
           ^^^^^^^^^^^^^^^^^^
  File "/home/cfontana/venv/a/lib/python3.12/site-packages/argopy/fetchers.py", line 648, in region
    self.fetcher = self.Fetchers["region"](box=box, **self.fetcher_options)
                   ^^^^^^^^^^^^^^^^^^^^^^^^^^^^^^^^^^^^^^^^^^^^^^^^^^^^^^^^
  File "/home/cfontana/venv/a/lib/python3.12/site-packages/argopy/data_fetchers/erddap_data.py", line 184, in __init__
    params = self._bgc_vlist_avail
             ^^^^^^^^^^^^^^^^^^^^^
  File "/home/cfontana/venv/a/lib/python3.12/site-packages/argopy/data_fetchers/erddap_data.py", line 305, in _bgc_vlist_avail
    params = self.indexfs.read_params()
             ^^^^^^^^^^^^^^^^^^^^^^^^^^
  File "/home/cfontana/venv/a/lib/python3.12/site-packages/argopy/stores/index/implementations/pandas/index.py", line 281, in read_params
    raise DataNotFound(
argopy.errors.DataNotFound: 'No data found in the index corresponding to your search criteria. Search definition: x=11.44/16.23;y=35.25/39.00;t=2026-07-10/2026-07-15'
+ [ 1 -eq 0 ]
+ cd ../../
+ [ 1 -eq 1 ]
+ source /home/cfontana/venv/c/bin/activate
+ 1> /dev/null
+ deactivate nondestructive
+ [ -n /home/cfontana/venv/c/bin:/usr/local/sbin:/usr/local/bin:/usr/sbin:/usr/bin:/sbin:/bin:/usr/games:/usr/local/games:/snap/bin ]
+ PATH=/home/cfontana/venv/c/bin:/usr/local/sbin:/usr/local/bin:/usr/sbin:/usr/bin:/sbin:/bin:/usr/games:/usr/local/games:/snap/bin
+ export PATH
+ unset _OLD_VIRTUAL_PATH
+ [ -n '' ]
+ hash -r
+ 2> /dev/null
+ [ -n '(c) \[\e]0;\u@\h: \w\a\]${debian_chroot:+($debian_chroot)}\[\033[01;32m\]\u@\h\[\033[00m\]:\[\033[01;34m\]\w\[\033[00m\]\$ ' ]
+ PS1='(c) \[\e]0;\u@\h: \w\a\]${debian_chroot:+($debian_chroot)}\[\033[01;32m\]\u@\h\[\033[00m\]:\[\033[01;34m\]\w\[\033[00m\]\$ '
+ export PS1
+ unset _OLD_VIRTUAL_PS1
+ unset VIRTUAL_ENV
+ unset VIRTUAL_ENV_PROMPT
+ [ ! nondestructive '=' nondestructive ]
+ [ '' '=' cygwin ]
+ [ '' '=' msys ]
+ VIRTUAL_ENV=/home/cfontana/venv/c
+ export VIRTUAL_ENV
+ _OLD_VIRTUAL_PATH=/home/cfontana/venv/c/bin:/usr/local/sbin:/usr/local/bin:/usr/sbin:/usr/bin:/sbin:/bin:/usr/games:/usr/local/games:/snap/bin
+ PATH=/home/cfontana/venv/c/bin:/home/cfontana/venv/c/bin:/usr/local/sbin:/usr/local/bin:/usr/sbin:/usr/bin:/sbin:/bin:/usr/games:/usr/local/games:/snap/bin
+ export PATH
+ [ -n '' ]
+ [ -z '' ]
+ _OLD_VIRTUAL_PS1='(c) \[\e]0;\u@\h: \w\a\]${debian_chroot:+($debian_chroot)}\[\033[01;32m\]\u@\h\[\033[00m\]:\[\033[01;34m\]\w\[\033[00m\]\$ '
+ PS1='(c) (c) \[\e]0;\u@\h: \w\a\]${debian_chroot:+($debian_chroot)}\[\033[01;32m\]\u@\h\[\033[00m\]:\[\033[01;34m\]\w\[\033[00m\]\$ '
+ export PS1
+ VIRTUAL_ENV_PROMPT='(c) '
+ export VIRTUAL_ENV_PROMPT
+ hash -r
+ 2> /dev/null
+ static=/scratch/cfontana/DIAGS/SIC_2026-07-10/static_SIC_2026-07-10
+ mkdir /scratch/cfontana/DIAGS/SIC_2026-07-10/static_SIC_2026-07-10
+ dir=/scratch/cfontana/DIAGS/SIC_2026-07-10/CMEMS/thetao/ITP_NC
+ i=1
+ ls /scratch/cfontana/DIAGS/SIC_2026-07-10/CMEMS/thetao/ITP_NC/PLOT/
+ cp /scratch/cfontana/DIAGS/SIC_2026-07-10/CMEMS/thetao/ITP_NC/PLOT/2026071000_thetao.jpg /scratch/cfontana/DIAGS/SIC_2026-07-10/static_SIC_2026-07-10/thetao_1.jpg
+ let i=1+1
+ cp /scratch/cfontana/DIAGS/SIC_2026-07-10/CMEMS/thetao/ITP_NC/PLOT/2026071100_thetao.jpg /scratch/cfontana/DIAGS/SIC_2026-07-10/static_SIC_2026-07-10/thetao_2.jpg
+ let i=2+1
+ cp /scratch/cfontana/DIAGS/SIC_2026-07-10/CMEMS/thetao/ITP_NC/PLOT/2026071200_thetao.jpg /scratch/cfontana/DIAGS/SIC_2026-07-10/static_SIC_2026-07-10/thetao_3.jpg
+ let i=3+1
+ cp /scratch/cfontana/DIAGS/SIC_2026-07-10/CMEMS/thetao/ITP_NC/PLOT/2026071300_thetao.jpg /scratch/cfontana/DIAGS/SIC_2026-07-10/static_SIC_2026-07-10/thetao_4.jpg
+ let i=4+1
+ cp /scratch/cfontana/DIAGS/SIC_2026-07-10/CMEMS/thetao/ITP_NC/PLOT/2026071400_thetao.jpg /scratch/cfontana/DIAGS/SIC_2026-07-10/static_SIC_2026-07-10/thetao_5.jpg
+ let i=5+1
+ cp /scratch/cfontana/DIAGS/SIC_2026-07-10/CMEMS/thetao/ITP_NC/time_series.jpg /scratch/cfontana/DIAGS/SIC_2026-07-10/static_SIC_2026-07-10/time_series_thetao.jpg
+ dir=/scratch/cfontana/DIAGS/SIC_2026-07-10/CMEMS/chl/ITP_NC
+ i=1
+ ls /scratch/cfontana/DIAGS/SIC_2026-07-10/CMEMS/chl/ITP_NC/PLOT/
+ cp /scratch/cfontana/DIAGS/SIC_2026-07-10/CMEMS/chl/ITP_NC/PLOT/2026071012_chl.jpg /scratch/cfontana/DIAGS/SIC_2026-07-10/static_SIC_2026-07-10/chl_1.jpg
+ let i=1+1
+ cp /scratch/cfontana/DIAGS/SIC_2026-07-10/CMEMS/chl/ITP_NC/PLOT/2026071112_chl.jpg /scratch/cfontana/DIAGS/SIC_2026-07-10/static_SIC_2026-07-10/chl_2.jpg
+ let i=2+1
+ cp /scratch/cfontana/DIAGS/SIC_2026-07-10/CMEMS/chl/ITP_NC/PLOT/2026071212_chl.jpg /scratch/cfontana/DIAGS/SIC_2026-07-10/static_SIC_2026-07-10/chl_3.jpg
+ let i=3+1
+ cp /scratch/cfontana/DIAGS/SIC_2026-07-10/CMEMS/chl/ITP_NC/PLOT/2026071312_chl.jpg /scratch/cfontana/DIAGS/SIC_2026-07-10/static_SIC_2026-07-10/chl_4.jpg
+ let i=4+1
+ cp /scratch/cfontana/DIAGS/SIC_2026-07-10/CMEMS/chl/ITP_NC/time_series.jpg /scratch/cfontana/DIAGS/SIC_2026-07-10/static_SIC_2026-07-10/time_series_chl.jpg
+ dir=/scratch/cfontana/DIAGS/SIC_2026-07-10/RADAR/
+ i=1
+ ls /scratch/cfontana/DIAGS/SIC_2026-07-10/RADAR//20260710_00.jpg /scratch/cfontana/DIAGS/SIC_2026-07-10/RADAR//20260711_00.jpg /scratch/cfontana/DIAGS/SIC_2026-07-10/RADAR//20260712_00.jpg /scratch/cfontana/DIAGS/SIC_2026-07-10/RADAR//20260713_00.jpg /scratch/cfontana/DIAGS/SIC_2026-07-10/RADAR//20260714_00.jpg /scratch/cfontana/DIAGS/SIC_2026-07-10/RADAR//20260715_00.jpg
+ cp /scratch/cfontana/DIAGS/SIC_2026-07-10/RADAR//20260710_00.jpg /scratch/cfontana/DIAGS/SIC_2026-07-10/static_SIC_2026-07-10/radar_1.jpg
+ let i=1+1
+ cp /scratch/cfontana/DIAGS/SIC_2026-07-10/RADAR//20260711_00.jpg /scratch/cfontana/DIAGS/SIC_2026-07-10/static_SIC_2026-07-10/radar_2.jpg
+ let i=2+1
+ cp /scratch/cfontana/DIAGS/SIC_2026-07-10/RADAR//20260712_00.jpg /scratch/cfontana/DIAGS/SIC_2026-07-10/static_SIC_2026-07-10/radar_3.jpg
+ let i=3+1
+ cp /scratch/cfontana/DIAGS/SIC_2026-07-10/RADAR//20260713_00.jpg /scratch/cfontana/DIAGS/SIC_2026-07-10/static_SIC_2026-07-10/radar_4.jpg
+ let i=4+1
+ cp /scratch/cfontana/DIAGS/SIC_2026-07-10/RADAR//20260714_00.jpg /scratch/cfontana/DIAGS/SIC_2026-07-10/static_SIC_2026-07-10/radar_5.jpg
+ let i=5+1
+ cp /scratch/cfontana/DIAGS/SIC_2026-07-10/RADAR//20260715_00.jpg /scratch/cfontana/DIAGS/SIC_2026-07-10/static_SIC_2026-07-10/radar_6.jpg
+ let i=6+1
+ dir=/scratch/cfontana/DIAGS/SIC_2026-07-10/ARGO/
+ ls -d '/scratch/cfontana/DIAGS/SIC_2026-07-10/ARGO//bio*/'
ls: cannot access '/scratch/cfontana/DIAGS/SIC_2026-07-10/ARGO//bio*/': No such file or directory
+ i=1
+ 1> /scratch/cfontana/DIAGS/SIC_2026-07-10/static_SIC_2026-07-10/list.txt
+ ls -d /scratch/cfontana/DIAGS/SIC_2026-07-10/ARGO//7901138/
+ ls /scratch/cfontana/DIAGS/SIC_2026-07-10/ARGO//7901138//profile_470.jpg /scratch/cfontana/DIAGS/SIC_2026-07-10/ARGO//7901138//profile_471.jpg
+ cp /scratch/cfontana/DIAGS/SIC_2026-07-10/ARGO//7901138//profile_470.jpg /scratch/cfontana/DIAGS/SIC_2026-07-10/static_SIC_2026-07-10/argo_1.jpg
+ echo argo_1.jpg
+ let i=1+1
+ cp /scratch/cfontana/DIAGS/SIC_2026-07-10/ARGO//7901138//profile_471.jpg /scratch/cfontana/DIAGS/SIC_2026-07-10/static_SIC_2026-07-10/argo_2.jpg
+ echo argo_2.jpg
+ let i=2+1
+ cp /scratch/cfontana/DIAGS/SIC_2026-07-10/ARGO//map.jpg /scratch/cfontana/DIAGS/SIC_2026-07-10/static_SIC_2026-07-10
+ scp -r /scratch/cfontana/DIAGS/SIC_2026-07-10/static_SIC_2026-07-10 yulpa175555@webhost03.yulpa.io:/datas/yulpa175555/sites/merval.eg2.fr/htdocs/DIAGS
+ echo 'PROCESSING GAE'
PROCESSING GAE
+ echo '_______________ '
_______________ 
+ date
Sat Jul 11 15:19:33 CEST 2026
+ config=GAE_2026-07-10
+ awk '{print tolower($0)}'
+ echo GAE
+ lower=gae
+ set -x
+ cat config/config_GAE.json
+ sed -e s/DINI/2026-07-10/g
+ sed -e s/DOUT/20260710/
+ sed -e s/FREQ/hourly/
+ 1> config/config_GAE_2026-07-10.json
+ sed -e s/DEND/2026-07-15/
+ cp config/cmems_DOMAIN.dat config/cmems_GAE_2026-07-10.dat
+ cp config/variables_mit_DOMAIN.dat config/variables_mit_GAE_2026-07-10.dat
+ jq -r .diagdir config/config_GAE_2026-07-10.json
+ diagdir=/scratch/cfontana/DIAGS/GAE_2026-07-10
+ jq -r .radardir config/config_GAE_2026-07-10.json
+ radardir=/scratch/cfontana/RADAR/
+ [ 0 -eq 0 -a 0 -eq 1 ]
+ [ 1 -eq 1 ]
+ cd datasets/CMEMS
+ python get_data_sat.py -c GAE_2026-07-10 -v thetao
INFO - 2026-07-11T13:19:35Z - Selected dataset version: "202311"
INFO - 2026-07-11T13:19:35Z - Selected dataset part: "default"
WARNING - 2026-07-11T13:19:35Z - Some of your subset selection [2026-07-10 00:00:00+00:00, 2026-07-15 00:00:00+00:00] for the time dimension exceed the dataset coordinates [2008-01-01 00:00:00+00:00, 2026-07-11 00:00:00+00:00]
----------------------------------
=> Config file GAE_2026-07-10 loaded
----------------------------------

Downloading CMEMS products : SST_MED_SST_L3S_NRT_OBSERVATIONS_010_012_b
=> Variable [np.str_('adjusted_sea_surface_temperature')] 

------------------------------
DATE =>>> 2026-07-10 2026-07-15
------------------------------

[FILE SAVED ] /scratch/cfontana/DIAGS/GAE_2026-07-10/CMEMS/data/SST_MED_SST_L3S_NRT_OBSERVATIONS_010_012_b.nc
+ python interp_cmems.py -c GAE_2026-07-10 -v thetao
----------------------------------
=> Config file GAE_2026-07-10 loaded
----------------------------------


[FILE SAVED] /scratch/cfontana/DIAGS/GAE_2026-07-10/CMEMS/thetao/ITP_NC/thetao_20260710.nc


[FILE SAVED] /scratch/cfontana/DIAGS/GAE_2026-07-10/CMEMS/thetao/ITP_NC/thetao_20260711.nc

+ [ 2 -eq 2 ]
+ error=1
+ cd ../../plot
+ python plot_CMEMS_pickle_data_vs_sat.py -c GAE_2026-07-10 -v thetao -s CMEMS
----------------------------------
=> Config file GAE_2026-07-10 loaded
----------------------------------

Processing
739807 26.531778018997347 26.854155 28.117026367089572 0.6501164771739508
739808 26.93849357227781 27.05248 27.9811506858657 0.8051180417927054
[Errno 2] No such file or directory: '/scratch/cfontana/DIAGS/GAE_2026-07-10/CMEMS/thetao/ITP_NC/thetao_20260712.nc' 

=> in get_sat_2D :
Error processing file /scratch/cfontana/DIAGS/GAE_2026-07-10/CMEMS/thetao/ITP_NC/thetao_20260712.nc
File not found
739809 27.21682741053913 nan 28.079097102288817 1
[Errno 2] No such file or directory: '/scratch/cfontana/DIAGS/GAE_2026-07-10/CMEMS/thetao/ITP_NC/thetao_20260713.nc' 

=> in get_sat_2D :
Error processing file /scratch/cfontana/DIAGS/GAE_2026-07-10/CMEMS/thetao/ITP_NC/thetao_20260713.nc
File not found
739810 27.013719703802607 nan 28.058427246821104 1
[Errno 2] No such file or directory: '/scratch/cfontana/DIAGS/GAE_2026-07-10/CMEMS/thetao/ITP_NC/thetao_20260714.nc' 

=> in get_sat_2D :
Error processing file /scratch/cfontana/DIAGS/GAE_2026-07-10/CMEMS/thetao/ITP_NC/thetao_20260714.nc
File not found
739811 26.797409926722498 nan 28.082709614352584 1
[Errno 2] No such file or directory: '/scratch/cfontana/DIAGS/GAE_2026-07-10/CMEMS/thetao/ITP_NC/thetao_20260715.nc' 

=> in get_sat_2D :
Error processing file /scratch/cfontana/DIAGS/GAE_2026-07-10/CMEMS/thetao/ITP_NC/thetao_20260715.nc
File not found
739812 26.72500490181507 nan 28.266363038342842 1
[SAVED FIG] /scratch/cfontana/DIAGS/GAE_2026-07-10/CMEMS/thetao/ITP_NC/PLOT/2026071000_thetao.jpg
[SAVED FIG] /scratch/cfontana/DIAGS/GAE_2026-07-10/CMEMS/thetao/ITP_NC/PLOT/2026071100_thetao.jpg
[SAVED FIG] /scratch/cfontana/DIAGS/GAE_2026-07-10/CMEMS/thetao/ITP_NC/PLOT/2026071200_thetao.jpg
[SAVED FIG] /scratch/cfontana/DIAGS/GAE_2026-07-10/CMEMS/thetao/ITP_NC/PLOT/2026071300_thetao.jpg
[SAVED FIG] /scratch/cfontana/DIAGS/GAE_2026-07-10/CMEMS/thetao/ITP_NC/PLOT/2026071400_thetao.jpg
[SAVED FIG] /scratch/cfontana/DIAGS/GAE_2026-07-10/CMEMS/thetao/ITP_NC/PLOT/2026071500_thetao.jpg
+ python plot_sat_CMEMS_timeseries.py -c GAE_2026-07-10 -v thetao -s CMEMS
----------------------------------
=> Config file GAE_2026-07-10 loaded
----------------------------------

[SAVED FIG] /scratch/cfontana/DIAGS/GAE_2026-07-10/CMEMS/thetao/ITP_NC/time_series.jpg
+ rm -f '/scratch/cfontana/DIAGS/GAE_2026-07-10/CMEMS/thetao/ITP_NC/PLOT/*.pkl'
+ [ 1 -eq 1 ]
+ rm -f /scratch/cfontana/DIAGS/GAE_2026-07-10/CMEMS/thetao/ITP_NC/thetao_20260710.nc /scratch/cfontana/DIAGS/GAE_2026-07-10/CMEMS/thetao/ITP_NC/thetao_20260711.nc
+ date
Sat Jul 11 15:25:48 CEST 2026
+ cd ..
+ [ 1 -eq 1 ]
+ cd datasets/HFRADAR
+ python read_radar.py -c GAE_2026-07-10
----------------------------------
=> Config file GAE_2026-07-10 loaded
----------------------------------


----------
20260710 0
[Errno 2] No such file or directory: '/scratch/cfontana/RADAR//2026-07-10/EUHFR_NRTcurrent_HFR-TirLig-Total_v3.nc'
[Errno 2] No such file or directory: '/scratch/cfontana/RADAR//2026-07-10/EUHFR_NRTcurrent_HFR-ARPAS-Total_v3.nc'
[Errno 2] No such file or directory: '/scratch/cfontana/RADAR//2026-07-10/EUHFR_NRTcurrent_HFR-LaMMA-Total_v3.nc'
[Errno 2] No such file or directory: '/scratch/cfontana/RADAR//2026-07-10/EUHFR_NRTcurrent_HFR-GoS-Total_v3.nc'
[Errno 2] No such file or directory: '/scratch/cfontana/RADAR//2026-07-10/EUHFR_NRTcurrent_HFR-WesternItaly-Total_v3.nc'
[Errno 2] No such file or directory: '/scratch/cfontana/RADAR//2026-07-10/EUHFR_NRTcurrent_HFR-Granitola-Total_v3.nc'
[Errno 2] No such file or directory: '/scratch/cfontana/RADAR//2026-07-10/EUHFR_NRTcurrent_HFR-NAdr-Total_v3.nc'
[Errno 2] No such file or directory: '/scratch/cfontana/RADAR//2026-07-10/EUHFR_NRTcurrent_HFR-GoM-Total_v3.nc'
[SAVED FIG] /scratch/cfontana/DIAGS/GAE_2026-07-10/RADAR/20260710_00.jpg

----------
20260711 0
[Errno 2] No such file or directory: '/scratch/cfontana/RADAR//2026-07-10/EUHFR_NRTcurrent_HFR-TirLig-Total_v3.nc'
[Errno 2] No such file or directory: '/scratch/cfontana/RADAR//2026-07-10/EUHFR_NRTcurrent_HFR-ARPAS-Total_v3.nc'
[Errno 2] No such file or directory: '/scratch/cfontana/RADAR//2026-07-10/EUHFR_NRTcurrent_HFR-LaMMA-Total_v3.nc'
[Errno 2] No such file or directory: '/scratch/cfontana/RADAR//2026-07-10/EUHFR_NRTcurrent_HFR-GoS-Total_v3.nc'
[Errno 2] No such file or directory: '/scratch/cfontana/RADAR//2026-07-10/EUHFR_NRTcurrent_HFR-WesternItaly-Total_v3.nc'
[Errno 2] No such file or directory: '/scratch/cfontana/RADAR//2026-07-10/EUHFR_NRTcurrent_HFR-Granitola-Total_v3.nc'
[Errno 2] No such file or directory: '/scratch/cfontana/RADAR//2026-07-10/EUHFR_NRTcurrent_HFR-NAdr-Total_v3.nc'
[Errno 2] No such file or directory: '/scratch/cfontana/RADAR//2026-07-10/EUHFR_NRTcurrent_HFR-GoM-Total_v3.nc'
[SAVED FIG] /scratch/cfontana/DIAGS/GAE_2026-07-10/RADAR/20260711_00.jpg

----------
20260712 0
[Errno 2] No such file or directory: '/scratch/cfontana/RADAR//2026-07-10/EUHFR_NRTcurrent_HFR-TirLig-Total_v3.nc'
[Errno 2] No such file or directory: '/scratch/cfontana/RADAR//2026-07-10/EUHFR_NRTcurrent_HFR-ARPAS-Total_v3.nc'
[Errno 2] No such file or directory: '/scratch/cfontana/RADAR//2026-07-10/EUHFR_NRTcurrent_HFR-LaMMA-Total_v3.nc'
[Errno 2] No such file or directory: '/scratch/cfontana/RADAR//2026-07-10/EUHFR_NRTcurrent_HFR-GoS-Total_v3.nc'
[Errno 2] No such file or directory: '/scratch/cfontana/RADAR//2026-07-10/EUHFR_NRTcurrent_HFR-WesternItaly-Total_v3.nc'
[Errno 2] No such file or directory: '/scratch/cfontana/RADAR//2026-07-10/EUHFR_NRTcurrent_HFR-Granitola-Total_v3.nc'
[Errno 2] No such file or directory: '/scratch/cfontana/RADAR//2026-07-10/EUHFR_NRTcurrent_HFR-NAdr-Total_v3.nc'
[Errno 2] No such file or directory: '/scratch/cfontana/RADAR//2026-07-10/EUHFR_NRTcurrent_HFR-GoM-Total_v3.nc'
[SAVED FIG] /scratch/cfontana/DIAGS/GAE_2026-07-10/RADAR/20260712_00.jpg

----------
20260713 0
[Errno 2] No such file or directory: '/scratch/cfontana/RADAR//2026-07-10/EUHFR_NRTcurrent_HFR-TirLig-Total_v3.nc'
[Errno 2] No such file or directory: '/scratch/cfontana/RADAR//2026-07-10/EUHFR_NRTcurrent_HFR-ARPAS-Total_v3.nc'
[Errno 2] No such file or directory: '/scratch/cfontana/RADAR//2026-07-10/EUHFR_NRTcurrent_HFR-LaMMA-Total_v3.nc'
[Errno 2] No such file or directory: '/scratch/cfontana/RADAR//2026-07-10/EUHFR_NRTcurrent_HFR-GoS-Total_v3.nc'
[Errno 2] No such file or directory: '/scratch/cfontana/RADAR//2026-07-10/EUHFR_NRTcurrent_HFR-WesternItaly-Total_v3.nc'
[Errno 2] No such file or directory: '/scratch/cfontana/RADAR//2026-07-10/EUHFR_NRTcurrent_HFR-Granitola-Total_v3.nc'
[Errno 2] No such file or directory: '/scratch/cfontana/RADAR//2026-07-10/EUHFR_NRTcurrent_HFR-NAdr-Total_v3.nc'
[Errno 2] No such file or directory: '/scratch/cfontana/RADAR//2026-07-10/EUHFR_NRTcurrent_HFR-GoM-Total_v3.nc'
[SAVED FIG] /scratch/cfontana/DIAGS/GAE_2026-07-10/RADAR/20260713_00.jpg

----------
20260714 0
[Errno 2] No such file or directory: '/scratch/cfontana/RADAR//2026-07-10/EUHFR_NRTcurrent_HFR-TirLig-Total_v3.nc'
[Errno 2] No such file or directory: '/scratch/cfontana/RADAR//2026-07-10/EUHFR_NRTcurrent_HFR-ARPAS-Total_v3.nc'
[Errno 2] No such file or directory: '/scratch/cfontana/RADAR//2026-07-10/EUHFR_NRTcurrent_HFR-LaMMA-Total_v3.nc'
[Errno 2] No such file or directory: '/scratch/cfontana/RADAR//2026-07-10/EUHFR_NRTcurrent_HFR-GoS-Total_v3.nc'
[Errno 2] No such file or directory: '/scratch/cfontana/RADAR//2026-07-10/EUHFR_NRTcurrent_HFR-WesternItaly-Total_v3.nc'
[Errno 2] No such file or directory: '/scratch/cfontana/RADAR//2026-07-10/EUHFR_NRTcurrent_HFR-Granitola-Total_v3.nc'
[Errno 2] No such file or directory: '/scratch/cfontana/RADAR//2026-07-10/EUHFR_NRTcurrent_HFR-NAdr-Total_v3.nc'
[Errno 2] No such file or directory: '/scratch/cfontana/RADAR//2026-07-10/EUHFR_NRTcurrent_HFR-GoM-Total_v3.nc'
[SAVED FIG] /scratch/cfontana/DIAGS/GAE_2026-07-10/RADAR/20260714_00.jpg

----------
20260715 0
[Errno 2] No such file or directory: '/scratch/cfontana/RADAR//2026-07-10/EUHFR_NRTcurrent_HFR-TirLig-Total_v3.nc'
[Errno 2] No such file or directory: '/scratch/cfontana/RADAR//2026-07-10/EUHFR_NRTcurrent_HFR-ARPAS-Total_v3.nc'
[Errno 2] No such file or directory: '/scratch/cfontana/RADAR//2026-07-10/EUHFR_NRTcurrent_HFR-LaMMA-Total_v3.nc'
[Errno 2] No such file or directory: '/scratch/cfontana/RADAR//2026-07-10/EUHFR_NRTcurrent_HFR-GoS-Total_v3.nc'
[Errno 2] No such file or directory: '/scratch/cfontana/RADAR//2026-07-10/EUHFR_NRTcurrent_HFR-WesternItaly-Total_v3.nc'
[Errno 2] No such file or directory: '/scratch/cfontana/RADAR//2026-07-10/EUHFR_NRTcurrent_HFR-Granitola-Total_v3.nc'
[Errno 2] No such file or directory: '/scratch/cfontana/RADAR//2026-07-10/EUHFR_NRTcurrent_HFR-NAdr-Total_v3.nc'
[Errno 2] No such file or directory: '/scratch/cfontana/RADAR//2026-07-10/EUHFR_NRTcurrent_HFR-GoM-Total_v3.nc'
[SAVED FIG] /scratch/cfontana/DIAGS/GAE_2026-07-10/RADAR/20260715_00.jpg
+ date
Sat Jul 11 15:26:45 CEST 2026
+ cd ../..
+ sed -e s/DOUT/20260710/
+ sed -e s/DINI/2026-07-10/g
+ cat config/config_GAE.json
+ sed -e s/FREQ/daily/
+ 1> config/config_GAE_2026-07-10.json
+ sed -e s/DEND/2026-07-15/
+ [ 1 -eq 1 ]
+ cd datasets/CMEMS
+ python get_data_sat.py -c GAE_2026-07-10 -v chl
INFO - 2026-07-11T13:26:48Z - Selected dataset version: "202211"
INFO - 2026-07-11T13:26:48Z - Selected dataset part: "default"
WARNING - 2026-07-11T13:26:48Z - Some of your subset selection [2026-07-10 00:00:00+00:00, 2026-07-15 00:00:00+00:00] for the time dimension exceed the dataset coordinates [2026-07-03 00:00:00+00:00, 2026-07-10 00:00:00+00:00]
----------------------------------
=> Config file GAE_2026-07-10 loaded
----------------------------------

Downloading CMEMS products : cmems_obs-oc_med_bgc-plankton_nrt_l3-multi-1km_P1D
=> Variable ['CHL', 'KD490'] 

------------------------------
DATE =>>> 2026-07-10 2026-07-15
------------------------------

[FILE SAVED ] /scratch/cfontana/DIAGS/GAE_2026-07-10/CMEMS/data/cmems_obs-oc_med_bgc-plankton_nrt_l3-multi-1km_P1D.nc
+ python interp_cmems.py -c GAE_2026-07-10 -v chl
----------------------------------
=> Config file GAE_2026-07-10 loaded
----------------------------------


[FILE SAVED] /scratch/cfontana/DIAGS/GAE_2026-07-10/CMEMS/chl/ITP_NC/chl_20260710.nc

+ [ 2 -eq 2 ]
+ error=1
+ cd ../../plot
+ python plot_CMEMS_pickle_data_vs_sat.py -c GAE_2026-07-10 -v chl -s CMEMS
----------------------------------
=> Config file GAE_2026-07-10 loaded
----------------------------------

Processing
739807 0.23338901540886034 0.09922937 0.05422839239845445 0.7624561037516081
[Errno 2] No such file or directory: '/scratch/cfontana/DIAGS/GAE_2026-07-10/CMEMS/chl/ITP_NC/chl_20260711.nc' 

=> in get_sat_2D :
Error processing file /scratch/cfontana/DIAGS/GAE_2026-07-10/CMEMS/chl/ITP_NC/chl_20260711.nc
File not found
739808 0.5294737514107041 nan 0.10486267418236178 1
[Errno 2] No such file or directory: '/scratch/cfontana/DIAGS/GAE_2026-07-10/CMEMS/chl/ITP_NC/chl_20260712.nc' 

=> in get_sat_2D :
Error processing file /scratch/cfontana/DIAGS/GAE_2026-07-10/CMEMS/chl/ITP_NC/chl_20260712.nc
File not found
739809 0.5757309858859296 nan 0.11320067165906339 1
[Errno 2] No such file or directory: '/scratch/cfontana/DIAGS/GAE_2026-07-10/CMEMS/chl/ITP_NC/chl_20260713.nc' 

=> in get_sat_2D :
Error processing file /scratch/cfontana/DIAGS/GAE_2026-07-10/CMEMS/chl/ITP_NC/chl_20260713.nc
File not found
739810 0.6962067328798048 nan 0.11302726151896592 1
[Errno 2] No such file or directory: '/scratch/cfontana/DIAGS/GAE_2026-07-10/CMEMS/chl/ITP_NC/chl_20260714.nc' 

=> in get_sat_2D :
Error processing file /scratch/cfontana/DIAGS/GAE_2026-07-10/CMEMS/chl/ITP_NC/chl_20260714.nc
File not found
739811 0.7699792894306884 nan 0.1046023682652404 1
[Errno 2] No such file or directory: '/scratch/cfontana/DIAGS/GAE_2026-07-10/CMEMS/chl/ITP_NC/chl_20260715.nc' 

=> in get_sat_2D :
Error processing file /scratch/cfontana/DIAGS/GAE_2026-07-10/CMEMS/chl/ITP_NC/chl_20260715.nc
File not found
739812 0.6520651791216624 nan 0.11670149540615296 1
[SAVED FIG] /scratch/cfontana/DIAGS/GAE_2026-07-10/CMEMS/chl/ITP_NC/PLOT/2026071012_chl.jpg
[SAVED FIG] /scratch/cfontana/DIAGS/GAE_2026-07-10/CMEMS/chl/ITP_NC/PLOT/2026071112_chl.jpg
[SAVED FIG] /scratch/cfontana/DIAGS/GAE_2026-07-10/CMEMS/chl/ITP_NC/PLOT/2026071212_chl.jpg
[SAVED FIG] /scratch/cfontana/DIAGS/GAE_2026-07-10/CMEMS/chl/ITP_NC/PLOT/2026071312_chl.jpg
[SAVED FIG] /scratch/cfontana/DIAGS/GAE_2026-07-10/CMEMS/chl/ITP_NC/PLOT/2026071412_chl.jpg
[SAVED FIG] /scratch/cfontana/DIAGS/GAE_2026-07-10/CMEMS/chl/ITP_NC/PLOT/2026071512_chl.jpg
+ python plot_sat_CMEMS_timeseries.py -c GAE_2026-07-10 -v chl -s CMEMS
----------------------------------
=> Config file GAE_2026-07-10 loaded
----------------------------------

[SAVED FIG] /scratch/cfontana/DIAGS/GAE_2026-07-10/CMEMS/chl/ITP_NC/time_series.jpg
+ rm -f '/scratch/cfontana/DIAGS/GAE_2026-07-10/CMEMS/chl/ITP_NC/PLOT/*.pkl'
+ [ 1 -eq 1 ]
+ rm -f /scratch/cfontana/DIAGS/GAE_2026-07-10/CMEMS/chl/ITP_NC/chl_20260710.nc
+ date
Sat Jul 11 15:30:17 CEST 2026
+ cd ..
+ [ 1 -eq 0 ]
+ [ 1 -eq 1 ]
+ rm -f /scratch/cfontana/DIAGS/GAE_2026-07-10/CMEMS/data/SST_MED_SST_L3S_NRT_OBSERVATIONS_010_012_b.nc /scratch/cfontana/DIAGS/GAE_2026-07-10/CMEMS/data/cmems_obs-oc_med_bgc-plankton_nrt_l3-multi-1km_P1D.nc
+ [ 1 -eq 1 ]
+ source /home/cfontana/venv/a/bin/activate
+ 1> /dev/null
+ deactivate nondestructive
+ [ -n /home/cfontana/venv/c/bin:/usr/local/sbin:/usr/local/bin:/usr/sbin:/usr/bin:/sbin:/bin:/usr/games:/usr/local/games:/snap/bin ]
+ PATH=/home/cfontana/venv/c/bin:/usr/local/sbin:/usr/local/bin:/usr/sbin:/usr/bin:/sbin:/bin:/usr/games:/usr/local/games:/snap/bin
+ export PATH
+ unset _OLD_VIRTUAL_PATH
+ [ -n '' ]
+ hash -r
+ 2> /dev/null
+ [ -n '(c) \[\e]0;\u@\h: \w\a\]${debian_chroot:+($debian_chroot)}\[\033[01;32m\]\u@\h\[\033[00m\]:\[\033[01;34m\]\w\[\033[00m\]\$ ' ]
+ PS1='(c) \[\e]0;\u@\h: \w\a\]${debian_chroot:+($debian_chroot)}\[\033[01;32m\]\u@\h\[\033[00m\]:\[\033[01;34m\]\w\[\033[00m\]\$ '
+ export PS1
+ unset _OLD_VIRTUAL_PS1
+ unset VIRTUAL_ENV
+ unset VIRTUAL_ENV_PROMPT
+ [ ! nondestructive '=' nondestructive ]
+ [ '' '=' cygwin ]
+ [ '' '=' msys ]
+ VIRTUAL_ENV=/home/cfontana/venv/a
+ export VIRTUAL_ENV
+ _OLD_VIRTUAL_PATH=/home/cfontana/venv/c/bin:/usr/local/sbin:/usr/local/bin:/usr/sbin:/usr/bin:/sbin:/bin:/usr/games:/usr/local/games:/snap/bin
+ PATH=/home/cfontana/venv/a/bin:/home/cfontana/venv/c/bin:/usr/local/sbin:/usr/local/bin:/usr/sbin:/usr/bin:/sbin:/bin:/usr/games:/usr/local/games:/snap/bin
+ export PATH
+ [ -n '' ]
+ [ -z '' ]
+ _OLD_VIRTUAL_PS1='(c) \[\e]0;\u@\h: \w\a\]${debian_chroot:+($debian_chroot)}\[\033[01;32m\]\u@\h\[\033[00m\]:\[\033[01;34m\]\w\[\033[00m\]\$ '
+ PS1='(a) (c) \[\e]0;\u@\h: \w\a\]${debian_chroot:+($debian_chroot)}\[\033[01;32m\]\u@\h\[\033[00m\]:\[\033[01;34m\]\w\[\033[00m\]\$ '
+ export PS1
+ VIRTUAL_ENV_PROMPT='(a) '
+ export VIRTUAL_ENV_PROMPT
+ hash -r
+ 2> /dev/null
+ sed -i s/daily/hourly/ config/config_GAE_2026-07-10.json
+ cd datasets/ARGO
+ python get_argo.py -c GAE_2026-07-10
----------------------------------
=> Config file GAE_2026-07-10 loaded
----------------------------------

[np.float64(13.4796881051895), np.float64(13.8536464386425), np.float64(41.141146821084504), np.float64(41.2651051544575), 0, 500, '2026-07-10', '2026-07-15']
Traceback (most recent call last):
  File "/home/cfontana/DATA_MED/datasets/ARGO/get_argo.py", line 73, in <module>
    f = f.region(box).load()
        ^^^^^^^^^^^^^^^^^^^^
  File "/home/cfontana/venv/a/lib/python3.12/site-packages/argopy/fetchers.py", line 886, in load
    self._data = self._to_xarray(**kwargs)
                 ^^^^^^^^^^^^^^^^^^^^^^^^^
  File "/home/cfontana/venv/a/lib/python3.12/site-packages/argopy/fetchers.py", line 673, in _to_xarray
    xds = self.fetcher.to_xarray(**kwargs)
          ^^^^^^^^^^^^^^^^^^^^^^^^^^^^^^^^
  File "/home/cfontana/venv/a/lib/python3.12/site-packages/argopy/data_fetchers/erddap_data.py", line 583, in to_xarray
    results = self.fs.open_dataset(URI[0])
              ^^^^^^^^^^^^^^^^^^^^^^^^^^^^
  File "/home/cfontana/venv/a/lib/python3.12/site-packages/argopy/stores/implementations/http.py", line 349, in open_dataset
    target, _ = load_in_memory(
                ^^^^^^^^^^^^^^^
  File "/home/cfontana/venv/a/lib/python3.12/site-packages/argopy/stores/implementations/http.py", line 261, in load_in_memory
    data = self.download_url(url, **dwn_opts)
           ^^^^^^^^^^^^^^^^^^^^^^^^^^^^^^^^^^
  File "/home/cfontana/venv/a/lib/python3.12/site-packages/argopy/stores/implementations/http.py", line 169, in download_url
    data, n = make_request(
              ^^^^^^^^^^^^^
  File "/home/cfontana/venv/a/lib/python3.12/site-packages/argopy/stores/implementations/http.py", line 124, in make_request
    raise e
  File "/home/cfontana/venv/a/lib/python3.12/site-packages/argopy/stores/implementations/http.py", line 121, in make_request
    data = ffs.cat_file(url, **cat_opts)
           ^^^^^^^^^^^^^^^^^^^^^^^^^^^^^
  File "/home/cfontana/venv/a/lib/python3.12/site-packages/fsspec/asyn.py", line 118, in wrapper
    return sync(self.loop, func, *args, **kwargs)
           ^^^^^^^^^^^^^^^^^^^^^^^^^^^^^^^^^^^^^^
  File "/home/cfontana/venv/a/lib/python3.12/site-packages/fsspec/asyn.py", line 103, in sync
    raise return_result
  File "/home/cfontana/venv/a/lib/python3.12/site-packages/fsspec/asyn.py", line 56, in _runner
    result[0] = await coro
                ^^^^^^^^^^
  File "/home/cfontana/venv/a/lib/python3.12/site-packages/fsspec/implementations/http.py", line 247, in _cat_file
    self._raise_not_found_for_status(r, url)
  File "/home/cfontana/venv/a/lib/python3.12/site-packages/fsspec/implementations/http.py", line 229, in _raise_not_found_for_status
    raise FileNotFoundError(url)
FileNotFoundError: https://erddap.ifremer.fr/erddap/tabledap/ArgoFloats.nc?config_mission_number,cycle_number,data_mode,direction,latitude,longitude,platform_number,position_qc,pres,pres_adjusted,pres_adjusted_error,pres_adjusted_qc,pres_qc,psal,psal_adjusted,psal_adjusted_error,psal_adjusted_qc,psal_qc,temp,temp_adjusted,temp_adjusted_error,temp_adjusted_qc,temp_qc,time,time_qc,vertical_sampling_scheme&longitude>=13.4796881051895&longitude<=13.8536464386425&latitude>=41.141146821084504&latitude<=41.2651051544575&pres>=0&pres<=500&time>=1783641600.0&time<=1784073600.0&latitude!=NaN&longitude!=NaN&distinct()&orderBy("time,pres")
+ [ 1 -eq 0 ]
+ cd ../../
+ sed -i s/phy/bgc/ config/config_GAE_2026-07-10.json
+ cd datasets/ARGO
+ python get_argo.py -c GAE_2026-07-10
----------------------------------
=> Config file GAE_2026-07-10 loaded
----------------------------------

[np.float64(13.4796881051895), np.float64(13.8536464386425), np.float64(41.141146821084504), np.float64(41.2651051544575), 0, 500, '2026-07-10', '2026-07-15']
Traceback (most recent call last):
  File "/home/cfontana/DATA_MED/datasets/ARGO/get_argo.py", line 73, in <module>
    f = f.region(box).load()
        ^^^^^^^^^^^^^
  File "/home/cfontana/venv/a/lib/python3.12/site-packages/argopy/fetchers.py", line 68, in wrapper
    return AccessPoint(*args)
           ^^^^^^^^^^^^^^^^^^
  File "/home/cfontana/venv/a/lib/python3.12/site-packages/argopy/fetchers.py", line 648, in region
    self.fetcher = self.Fetchers["region"](box=box, **self.fetcher_options)
                   ^^^^^^^^^^^^^^^^^^^^^^^^^^^^^^^^^^^^^^^^^^^^^^^^^^^^^^^^
  File "/home/cfontana/venv/a/lib/python3.12/site-packages/argopy/data_fetchers/erddap_data.py", line 184, in __init__
    params = self._bgc_vlist_avail
             ^^^^^^^^^^^^^^^^^^^^^
  File "/home/cfontana/venv/a/lib/python3.12/site-packages/argopy/data_fetchers/erddap_data.py", line 305, in _bgc_vlist_avail
    params = self.indexfs.read_params()
             ^^^^^^^^^^^^^^^^^^^^^^^^^^
  File "/home/cfontana/venv/a/lib/python3.12/site-packages/argopy/stores/index/implementations/pandas/index.py", line 281, in read_params
    raise DataNotFound(
argopy.errors.DataNotFound: 'No data found in the index corresponding to your search criteria. Search definition: x=13.48/13.85;y=41.14/41.27;t=2026-07-10/2026-07-15'
+ [ 1 -eq 0 ]
+ cd ../../
+ [ 1 -eq 1 ]
+ source /home/cfontana/venv/c/bin/activate
+ 1> /dev/null
+ deactivate nondestructive
+ [ -n /home/cfontana/venv/c/bin:/usr/local/sbin:/usr/local/bin:/usr/sbin:/usr/bin:/sbin:/bin:/usr/games:/usr/local/games:/snap/bin ]
+ PATH=/home/cfontana/venv/c/bin:/usr/local/sbin:/usr/local/bin:/usr/sbin:/usr/bin:/sbin:/bin:/usr/games:/usr/local/games:/snap/bin
+ export PATH
+ unset _OLD_VIRTUAL_PATH
+ [ -n '' ]
+ hash -r
+ 2> /dev/null
+ [ -n '(c) \[\e]0;\u@\h: \w\a\]${debian_chroot:+($debian_chroot)}\[\033[01;32m\]\u@\h\[\033[00m\]:\[\033[01;34m\]\w\[\033[00m\]\$ ' ]
+ PS1='(c) \[\e]0;\u@\h: \w\a\]${debian_chroot:+($debian_chroot)}\[\033[01;32m\]\u@\h\[\033[00m\]:\[\033[01;34m\]\w\[\033[00m\]\$ '
+ export PS1
+ unset _OLD_VIRTUAL_PS1
+ unset VIRTUAL_ENV
+ unset VIRTUAL_ENV_PROMPT
+ [ ! nondestructive '=' nondestructive ]
+ [ '' '=' cygwin ]
+ [ '' '=' msys ]
+ VIRTUAL_ENV=/home/cfontana/venv/c
+ export VIRTUAL_ENV
+ _OLD_VIRTUAL_PATH=/home/cfontana/venv/c/bin:/usr/local/sbin:/usr/local/bin:/usr/sbin:/usr/bin:/sbin:/bin:/usr/games:/usr/local/games:/snap/bin
+ PATH=/home/cfontana/venv/c/bin:/home/cfontana/venv/c/bin:/usr/local/sbin:/usr/local/bin:/usr/sbin:/usr/bin:/sbin:/bin:/usr/games:/usr/local/games:/snap/bin
+ export PATH
+ [ -n '' ]
+ [ -z '' ]
+ _OLD_VIRTUAL_PS1='(c) \[\e]0;\u@\h: \w\a\]${debian_chroot:+($debian_chroot)}\[\033[01;32m\]\u@\h\[\033[00m\]:\[\033[01;34m\]\w\[\033[00m\]\$ '
+ PS1='(c) (c) \[\e]0;\u@\h: \w\a\]${debian_chroot:+($debian_chroot)}\[\033[01;32m\]\u@\h\[\033[00m\]:\[\033[01;34m\]\w\[\033[00m\]\$ '
+ export PS1
+ VIRTUAL_ENV_PROMPT='(c) '
+ export VIRTUAL_ENV_PROMPT
+ hash -r
+ 2> /dev/null
+ static=/scratch/cfontana/DIAGS/GAE_2026-07-10/static_GAE_2026-07-10
+ mkdir /scratch/cfontana/DIAGS/GAE_2026-07-10/static_GAE_2026-07-10
+ dir=/scratch/cfontana/DIAGS/GAE_2026-07-10/CMEMS/thetao/ITP_NC
+ i=1
+ ls /scratch/cfontana/DIAGS/GAE_2026-07-10/CMEMS/thetao/ITP_NC/PLOT/
+ cp /scratch/cfontana/DIAGS/GAE_2026-07-10/CMEMS/thetao/ITP_NC/PLOT/2026071000_thetao.jpg /scratch/cfontana/DIAGS/GAE_2026-07-10/static_GAE_2026-07-10/thetao_1.jpg
+ let i=1+1
+ cp /scratch/cfontana/DIAGS/GAE_2026-07-10/CMEMS/thetao/ITP_NC/PLOT/2026071100_thetao.jpg /scratch/cfontana/DIAGS/GAE_2026-07-10/static_GAE_2026-07-10/thetao_2.jpg
+ let i=2+1
+ cp /scratch/cfontana/DIAGS/GAE_2026-07-10/CMEMS/thetao/ITP_NC/PLOT/2026071200_thetao.jpg /scratch/cfontana/DIAGS/GAE_2026-07-10/static_GAE_2026-07-10/thetao_3.jpg
+ let i=3+1
+ cp /scratch/cfontana/DIAGS/GAE_2026-07-10/CMEMS/thetao/ITP_NC/PLOT/2026071300_thetao.jpg /scratch/cfontana/DIAGS/GAE_2026-07-10/static_GAE_2026-07-10/thetao_4.jpg
+ let i=4+1
+ cp /scratch/cfontana/DIAGS/GAE_2026-07-10/CMEMS/thetao/ITP_NC/PLOT/2026071400_thetao.jpg /scratch/cfontana/DIAGS/GAE_2026-07-10/static_GAE_2026-07-10/thetao_5.jpg
+ let i=5+1
+ cp /scratch/cfontana/DIAGS/GAE_2026-07-10/CMEMS/thetao/ITP_NC/PLOT/2026071500_thetao.jpg /scratch/cfontana/DIAGS/GAE_2026-07-10/static_GAE_2026-07-10/thetao_6.jpg
+ let i=6+1
+ cp /scratch/cfontana/DIAGS/GAE_2026-07-10/CMEMS/thetao/ITP_NC/time_series.jpg /scratch/cfontana/DIAGS/GAE_2026-07-10/static_GAE_2026-07-10/time_series_thetao.jpg
+ dir=/scratch/cfontana/DIAGS/GAE_2026-07-10/CMEMS/chl/ITP_NC
+ i=1
+ ls /scratch/cfontana/DIAGS/GAE_2026-07-10/CMEMS/chl/ITP_NC/PLOT/
+ cp /scratch/cfontana/DIAGS/GAE_2026-07-10/CMEMS/chl/ITP_NC/PLOT/2026071012_chl.jpg /scratch/cfontana/DIAGS/GAE_2026-07-10/static_GAE_2026-07-10/chl_1.jpg
+ let i=1+1
+ cp /scratch/cfontana/DIAGS/GAE_2026-07-10/CMEMS/chl/ITP_NC/PLOT/2026071112_chl.jpg /scratch/cfontana/DIAGS/GAE_2026-07-10/static_GAE_2026-07-10/chl_2.jpg
+ let i=2+1
+ cp /scratch/cfontana/DIAGS/GAE_2026-07-10/CMEMS/chl/ITP_NC/PLOT/2026071212_chl.jpg /scratch/cfontana/DIAGS/GAE_2026-07-10/static_GAE_2026-07-10/chl_3.jpg
+ let i=3+1
+ cp /scratch/cfontana/DIAGS/GAE_2026-07-10/CMEMS/chl/ITP_NC/PLOT/2026071312_chl.jpg /scratch/cfontana/DIAGS/GAE_2026-07-10/static_GAE_2026-07-10/chl_4.jpg
+ let i=4+1
+ cp /scratch/cfontana/DIAGS/GAE_2026-07-10/CMEMS/chl/ITP_NC/PLOT/2026071412_chl.jpg /scratch/cfontana/DIAGS/GAE_2026-07-10/static_GAE_2026-07-10/chl_5.jpg
+ let i=5+1
+ cp /scratch/cfontana/DIAGS/GAE_2026-07-10/CMEMS/chl/ITP_NC/PLOT/2026071512_chl.jpg /scratch/cfontana/DIAGS/GAE_2026-07-10/static_GAE_2026-07-10/chl_6.jpg
+ let i=6+1
+ cp /scratch/cfontana/DIAGS/GAE_2026-07-10/CMEMS/chl/ITP_NC/time_series.jpg /scratch/cfontana/DIAGS/GAE_2026-07-10/static_GAE_2026-07-10/time_series_chl.jpg
+ dir=/scratch/cfontana/DIAGS/GAE_2026-07-10/RADAR/
+ i=1
+ ls /scratch/cfontana/DIAGS/GAE_2026-07-10/RADAR//20260710_00.jpg /scratch/cfontana/DIAGS/GAE_2026-07-10/RADAR//20260711_00.jpg /scratch/cfontana/DIAGS/GAE_2026-07-10/RADAR//20260712_00.jpg /scratch/cfontana/DIAGS/GAE_2026-07-10/RADAR//20260713_00.jpg /scratch/cfontana/DIAGS/GAE_2026-07-10/RADAR//20260714_00.jpg /scratch/cfontana/DIAGS/GAE_2026-07-10/RADAR//20260715_00.jpg
+ cp /scratch/cfontana/DIAGS/GAE_2026-07-10/RADAR//20260710_00.jpg /scratch/cfontana/DIAGS/GAE_2026-07-10/static_GAE_2026-07-10/radar_1.jpg
+ let i=1+1
+ cp /scratch/cfontana/DIAGS/GAE_2026-07-10/RADAR//20260711_00.jpg /scratch/cfontana/DIAGS/GAE_2026-07-10/static_GAE_2026-07-10/radar_2.jpg
+ let i=2+1
+ cp /scratch/cfontana/DIAGS/GAE_2026-07-10/RADAR//20260712_00.jpg /scratch/cfontana/DIAGS/GAE_2026-07-10/static_GAE_2026-07-10/radar_3.jpg
+ let i=3+1
+ cp /scratch/cfontana/DIAGS/GAE_2026-07-10/RADAR//20260713_00.jpg /scratch/cfontana/DIAGS/GAE_2026-07-10/static_GAE_2026-07-10/radar_4.jpg
+ let i=4+1
+ cp /scratch/cfontana/DIAGS/GAE_2026-07-10/RADAR//20260714_00.jpg /scratch/cfontana/DIAGS/GAE_2026-07-10/static_GAE_2026-07-10/radar_5.jpg
+ let i=5+1
+ cp /scratch/cfontana/DIAGS/GAE_2026-07-10/RADAR//20260715_00.jpg /scratch/cfontana/DIAGS/GAE_2026-07-10/static_GAE_2026-07-10/radar_6.jpg
+ let i=6+1
+ dir=/scratch/cfontana/DIAGS/GAE_2026-07-10/ARGO/
+ ls -d '/scratch/cfontana/DIAGS/GAE_2026-07-10/ARGO//bio*/'
ls: cannot access '/scratch/cfontana/DIAGS/GAE_2026-07-10/ARGO//bio*/': No such file or directory
+ i=1
+ 1> /scratch/cfontana/DIAGS/GAE_2026-07-10/static_GAE_2026-07-10/list.txt
+ ls -d '/scratch/cfontana/DIAGS/GAE_2026-07-10/ARGO//*/'
ls: cannot access '/scratch/cfontana/DIAGS/GAE_2026-07-10/ARGO//*/': No such file or directory
+ cp /scratch/cfontana/DIAGS/GAE_2026-07-10/ARGO//map.jpg /scratch/cfontana/DIAGS/GAE_2026-07-10/static_GAE_2026-07-10
cp: cannot stat '/scratch/cfontana/DIAGS/GAE_2026-07-10/ARGO//map.jpg': No such file or directory
+ scp -r /scratch/cfontana/DIAGS/GAE_2026-07-10/static_GAE_2026-07-10 yulpa175555@webhost03.yulpa.io:/datas/yulpa175555/sites/merval.eg2.fr/htdocs/DIAGS
+ echo 'PROCESSING GOR'
PROCESSING GOR
+ echo '_______________ '
_______________ 
+ date
Sat Jul 11 15:30:33 CEST 2026
+ config=GOR_2026-07-10
+ awk '{print tolower($0)}'
+ echo GOR
+ lower=gor
+ set -x
+ cat config/config_GOR.json
+ sed -e s/DINI/2026-07-10/g
+ sed -e s/FREQ/hourly/
+ sed -e s/DOUT/20260710/
+ 1> config/config_GOR_2026-07-10.json
+ sed -e s/DEND/2026-07-15/
+ cp config/cmems_DOMAIN.dat config/cmems_GOR_2026-07-10.dat
+ cp config/variables_mit_DOMAIN.dat config/variables_mit_GOR_2026-07-10.dat
+ jq -r .diagdir config/config_GOR_2026-07-10.json
+ diagdir=/scratch/cfontana/DIAGS/GOR_2026-07-10
+ jq -r .radardir config/config_GOR_2026-07-10.json
+ radardir=/scratch/cfontana/RADAR/
+ [ 0 -eq 0 -a 0 -eq 1 ]
+ [ 1 -eq 1 ]
+ cd datasets/CMEMS
+ python get_data_sat.py -c GOR_2026-07-10 -v thetao
INFO - 2026-07-11T13:30:36Z - Selected dataset version: "202311"
INFO - 2026-07-11T13:30:36Z - Selected dataset part: "default"
WARNING - 2026-07-11T13:30:36Z - Some of your subset selection [2026-07-10 00:00:00+00:00, 2026-07-15 00:00:00+00:00] for the time dimension exceed the dataset coordinates [2008-01-01 00:00:00+00:00, 2026-07-11 00:00:00+00:00]
----------------------------------
=> Config file GOR_2026-07-10 loaded
----------------------------------

Downloading CMEMS products : SST_MED_SST_L3S_NRT_OBSERVATIONS_010_012_b
=> Variable [np.str_('adjusted_sea_surface_temperature')] 

------------------------------
DATE =>>> 2026-07-10 2026-07-15
------------------------------

[FILE SAVED ] /scratch/cfontana/DIAGS/GOR_2026-07-10/CMEMS/data/SST_MED_SST_L3S_NRT_OBSERVATIONS_010_012_b.nc
+ python interp_cmems.py -c GOR_2026-07-10 -v thetao
----------------------------------
=> Config file GOR_2026-07-10 loaded
----------------------------------


[FILE SAVED] /scratch/cfontana/DIAGS/GOR_2026-07-10/CMEMS/thetao/ITP_NC/thetao_20260710.nc


[FILE SAVED] /scratch/cfontana/DIAGS/GOR_2026-07-10/CMEMS/thetao/ITP_NC/thetao_20260711.nc

+ [ 2 -eq 2 ]
+ error=1
+ cd ../../plot
+ python plot_CMEMS_pickle_data_vs_sat.py -c GOR_2026-07-10 -v thetao -s CMEMS
----------------------------------
=> Config file GOR_2026-07-10 loaded
----------------------------------

Processing
739807 27.791752263418232 27.953009 27.299872511684306 0.831086554038417
739808 27.744831159426255 27.809628 26.528127246004264 0.3686357324693358
[Errno 2] No such file or directory: '/scratch/cfontana/DIAGS/GOR_2026-07-10/CMEMS/thetao/ITP_NC/thetao_20260712.nc' 

=> in get_sat_2D :
Error processing file /scratch/cfontana/DIAGS/GOR_2026-07-10/CMEMS/thetao/ITP_NC/thetao_20260712.nc
File not found
739809 27.566093583520978 nan 26.40971556176393 1
[Errno 2] No such file or directory: '/scratch/cfontana/DIAGS/GOR_2026-07-10/CMEMS/thetao/ITP_NC/thetao_20260713.nc' 

=> in get_sat_2D :
Error processing file /scratch/cfontana/DIAGS/GOR_2026-07-10/CMEMS/thetao/ITP_NC/thetao_20260713.nc
File not found
739810 27.6702228421292 nan 26.58067624967957 1
[Errno 2] No such file or directory: '/scratch/cfontana/DIAGS/GOR_2026-07-10/CMEMS/thetao/ITP_NC/thetao_20260714.nc' 

=> in get_sat_2D :
Error processing file /scratch/cfontana/DIAGS/GOR_2026-07-10/CMEMS/thetao/ITP_NC/thetao_20260714.nc
File not found
739811 27.89646262776847 nan 26.775432839068362 1
[Errno 2] No such file or directory: '/scratch/cfontana/DIAGS/GOR_2026-07-10/CMEMS/thetao/ITP_NC/thetao_20260715.nc' 

=> in get_sat_2D :
Error processing file /scratch/cfontana/DIAGS/GOR_2026-07-10/CMEMS/thetao/ITP_NC/thetao_20260715.nc
File not found
739812 28.029610887248023 nan 27.165475835151653 1
[SAVED FIG] /scratch/cfontana/DIAGS/GOR_2026-07-10/CMEMS/thetao/ITP_NC/PLOT/2026071000_thetao.jpg
[SAVED FIG] /scratch/cfontana/DIAGS/GOR_2026-07-10/CMEMS/thetao/ITP_NC/PLOT/2026071100_thetao.jpg
[SAVED FIG] /scratch/cfontana/DIAGS/GOR_2026-07-10/CMEMS/thetao/ITP_NC/PLOT/2026071200_thetao.jpg
[SAVED FIG] /scratch/cfontana/DIAGS/GOR_2026-07-10/CMEMS/thetao/ITP_NC/PLOT/2026071300_thetao.jpg
[SAVED FIG] /scratch/cfontana/DIAGS/GOR_2026-07-10/CMEMS/thetao/ITP_NC/PLOT/2026071400_thetao.jpg
[SAVED FIG] /scratch/cfontana/DIAGS/GOR_2026-07-10/CMEMS/thetao/ITP_NC/PLOT/2026071500_thetao.jpg
+ python plot_sat_CMEMS_timeseries.py -c GOR_2026-07-10 -v thetao -s CMEMS
----------------------------------
=> Config file GOR_2026-07-10 loaded
----------------------------------

[SAVED FIG] /scratch/cfontana/DIAGS/GOR_2026-07-10/CMEMS/thetao/ITP_NC/time_series.jpg
+ rm -f '/scratch/cfontana/DIAGS/GOR_2026-07-10/CMEMS/thetao/ITP_NC/PLOT/*.pkl'
+ [ 1 -eq 1 ]
+ rm -f /scratch/cfontana/DIAGS/GOR_2026-07-10/CMEMS/thetao/ITP_NC/thetao_20260710.nc /scratch/cfontana/DIAGS/GOR_2026-07-10/CMEMS/thetao/ITP_NC/thetao_20260711.nc
+ date
Sat Jul 11 15:33:51 CEST 2026
+ cd ..
+ [ 1 -eq 1 ]
+ cd datasets/HFRADAR
+ python read_radar.py -c GOR_2026-07-10
----------------------------------
=> Config file GOR_2026-07-10 loaded
----------------------------------


----------
20260710 0
[Errno 2] No such file or directory: '/scratch/cfontana/RADAR//2026-07-10/EUHFR_NRTcurrent_HFR-TirLig-Total_v3.nc'
[Errno 2] No such file or directory: '/scratch/cfontana/RADAR//2026-07-10/EUHFR_NRTcurrent_HFR-ARPAS-Total_v3.nc'
[Errno 2] No such file or directory: '/scratch/cfontana/RADAR//2026-07-10/EUHFR_NRTcurrent_HFR-LaMMA-Total_v3.nc'
[Errno 2] No such file or directory: '/scratch/cfontana/RADAR//2026-07-10/EUHFR_NRTcurrent_HFR-GoS-Total_v3.nc'
[Errno 2] No such file or directory: '/scratch/cfontana/RADAR//2026-07-10/EUHFR_NRTcurrent_HFR-WesternItaly-Total_v3.nc'
[Errno 2] No such file or directory: '/scratch/cfontana/RADAR//2026-07-10/EUHFR_NRTcurrent_HFR-Granitola-Total_v3.nc'
[Errno 2] No such file or directory: '/scratch/cfontana/RADAR//2026-07-10/EUHFR_NRTcurrent_HFR-NAdr-Total_v3.nc'
[Errno 2] No such file or directory: '/scratch/cfontana/RADAR//2026-07-10/EUHFR_NRTcurrent_HFR-GoM-Total_v3.nc'
[SAVED FIG] /scratch/cfontana/DIAGS/GOR_2026-07-10/RADAR/20260710_00.jpg

----------
20260711 0
[Errno 2] No such file or directory: '/scratch/cfontana/RADAR//2026-07-10/EUHFR_NRTcurrent_HFR-TirLig-Total_v3.nc'
[Errno 2] No such file or directory: '/scratch/cfontana/RADAR//2026-07-10/EUHFR_NRTcurrent_HFR-ARPAS-Total_v3.nc'
[Errno 2] No such file or directory: '/scratch/cfontana/RADAR//2026-07-10/EUHFR_NRTcurrent_HFR-LaMMA-Total_v3.nc'
[Errno 2] No such file or directory: '/scratch/cfontana/RADAR//2026-07-10/EUHFR_NRTcurrent_HFR-GoS-Total_v3.nc'
[Errno 2] No such file or directory: '/scratch/cfontana/RADAR//2026-07-10/EUHFR_NRTcurrent_HFR-WesternItaly-Total_v3.nc'
[Errno 2] No such file or directory: '/scratch/cfontana/RADAR//2026-07-10/EUHFR_NRTcurrent_HFR-Granitola-Total_v3.nc'
[Errno 2] No such file or directory: '/scratch/cfontana/RADAR//2026-07-10/EUHFR_NRTcurrent_HFR-NAdr-Total_v3.nc'
[Errno 2] No such file or directory: '/scratch/cfontana/RADAR//2026-07-10/EUHFR_NRTcurrent_HFR-GoM-Total_v3.nc'
[SAVED FIG] /scratch/cfontana/DIAGS/GOR_2026-07-10/RADAR/20260711_00.jpg

----------
20260712 0
[Errno 2] No such file or directory: '/scratch/cfontana/RADAR//2026-07-10/EUHFR_NRTcurrent_HFR-TirLig-Total_v3.nc'
[Errno 2] No such file or directory: '/scratch/cfontana/RADAR//2026-07-10/EUHFR_NRTcurrent_HFR-ARPAS-Total_v3.nc'
[Errno 2] No such file or directory: '/scratch/cfontana/RADAR//2026-07-10/EUHFR_NRTcurrent_HFR-LaMMA-Total_v3.nc'
[Errno 2] No such file or directory: '/scratch/cfontana/RADAR//2026-07-10/EUHFR_NRTcurrent_HFR-GoS-Total_v3.nc'
[Errno 2] No such file or directory: '/scratch/cfontana/RADAR//2026-07-10/EUHFR_NRTcurrent_HFR-WesternItaly-Total_v3.nc'
[Errno 2] No such file or directory: '/scratch/cfontana/RADAR//2026-07-10/EUHFR_NRTcurrent_HFR-Granitola-Total_v3.nc'
[Errno 2] No such file or directory: '/scratch/cfontana/RADAR//2026-07-10/EUHFR_NRTcurrent_HFR-NAdr-Total_v3.nc'
[Errno 2] No such file or directory: '/scratch/cfontana/RADAR//2026-07-10/EUHFR_NRTcurrent_HFR-GoM-Total_v3.nc'
[SAVED FIG] /scratch/cfontana/DIAGS/GOR_2026-07-10/RADAR/20260712_00.jpg

----------
20260713 0
[Errno 2] No such file or directory: '/scratch/cfontana/RADAR//2026-07-10/EUHFR_NRTcurrent_HFR-TirLig-Total_v3.nc'
[Errno 2] No such file or directory: '/scratch/cfontana/RADAR//2026-07-10/EUHFR_NRTcurrent_HFR-ARPAS-Total_v3.nc'
[Errno 2] No such file or directory: '/scratch/cfontana/RADAR//2026-07-10/EUHFR_NRTcurrent_HFR-LaMMA-Total_v3.nc'
[Errno 2] No such file or directory: '/scratch/cfontana/RADAR//2026-07-10/EUHFR_NRTcurrent_HFR-GoS-Total_v3.nc'
[Errno 2] No such file or directory: '/scratch/cfontana/RADAR//2026-07-10/EUHFR_NRTcurrent_HFR-WesternItaly-Total_v3.nc'
[Errno 2] No such file or directory: '/scratch/cfontana/RADAR//2026-07-10/EUHFR_NRTcurrent_HFR-Granitola-Total_v3.nc'
[Errno 2] No such file or directory: '/scratch/cfontana/RADAR//2026-07-10/EUHFR_NRTcurrent_HFR-NAdr-Total_v3.nc'
[Errno 2] No such file or directory: '/scratch/cfontana/RADAR//2026-07-10/EUHFR_NRTcurrent_HFR-GoM-Total_v3.nc'
[SAVED FIG] /scratch/cfontana/DIAGS/GOR_2026-07-10/RADAR/20260713_00.jpg

----------
20260714 0
[Errno 2] No such file or directory: '/scratch/cfontana/RADAR//2026-07-10/EUHFR_NRTcurrent_HFR-TirLig-Total_v3.nc'
[Errno 2] No such file or directory: '/scratch/cfontana/RADAR//2026-07-10/EUHFR_NRTcurrent_HFR-ARPAS-Total_v3.nc'
[Errno 2] No such file or directory: '/scratch/cfontana/RADAR//2026-07-10/EUHFR_NRTcurrent_HFR-LaMMA-Total_v3.nc'
[Errno 2] No such file or directory: '/scratch/cfontana/RADAR//2026-07-10/EUHFR_NRTcurrent_HFR-GoS-Total_v3.nc'
[Errno 2] No such file or directory: '/scratch/cfontana/RADAR//2026-07-10/EUHFR_NRTcurrent_HFR-WesternItaly-Total_v3.nc'
[Errno 2] No such file or directory: '/scratch/cfontana/RADAR//2026-07-10/EUHFR_NRTcurrent_HFR-Granitola-Total_v3.nc'
[Errno 2] No such file or directory: '/scratch/cfontana/RADAR//2026-07-10/EUHFR_NRTcurrent_HFR-NAdr-Total_v3.nc'
[Errno 2] No such file or directory: '/scratch/cfontana/RADAR//2026-07-10/EUHFR_NRTcurrent_HFR-GoM-Total_v3.nc'
[SAVED FIG] /scratch/cfontana/DIAGS/GOR_2026-07-10/RADAR/20260714_00.jpg

----------
20260715 0
[Errno 2] No such file or directory: '/scratch/cfontana/RADAR//2026-07-10/EUHFR_NRTcurrent_HFR-TirLig-Total_v3.nc'
[Errno 2] No such file or directory: '/scratch/cfontana/RADAR//2026-07-10/EUHFR_NRTcurrent_HFR-ARPAS-Total_v3.nc'
[Errno 2] No such file or directory: '/scratch/cfontana/RADAR//2026-07-10/EUHFR_NRTcurrent_HFR-LaMMA-Total_v3.nc'
[Errno 2] No such file or directory: '/scratch/cfontana/RADAR//2026-07-10/EUHFR_NRTcurrent_HFR-GoS-Total_v3.nc'
[Errno 2] No such file or directory: '/scratch/cfontana/RADAR//2026-07-10/EUHFR_NRTcurrent_HFR-WesternItaly-Total_v3.nc'
[Errno 2] No such file or directory: '/scratch/cfontana/RADAR//2026-07-10/EUHFR_NRTcurrent_HFR-Granitola-Total_v3.nc'
[Errno 2] No such file or directory: '/scratch/cfontana/RADAR//2026-07-10/EUHFR_NRTcurrent_HFR-NAdr-Total_v3.nc'
[Errno 2] No such file or directory: '/scratch/cfontana/RADAR//2026-07-10/EUHFR_NRTcurrent_HFR-GoM-Total_v3.nc'
[SAVED FIG] /scratch/cfontana/DIAGS/GOR_2026-07-10/RADAR/20260715_00.jpg
+ date
Sat Jul 11 15:34:19 CEST 2026
+ cd ../..
+ sed -e s/FREQ/daily/
+ sed -e s/DOUT/20260710/
+ 1> config/config_GOR_2026-07-10.json
+ cat config/config_GOR.json
+ sed -e s/DINI/2026-07-10/g
+ sed -e s/DEND/2026-07-15/
+ [ 1 -eq 1 ]
+ cd datasets/CMEMS
+ python get_data_sat.py -c GOR_2026-07-10 -v chl
INFO - 2026-07-11T13:34:22Z - Selected dataset version: "202211"
INFO - 2026-07-11T13:34:22Z - Selected dataset part: "default"
WARNING - 2026-07-11T13:34:22Z - Some of your subset selection [2026-07-10 00:00:00+00:00, 2026-07-15 00:00:00+00:00] for the time dimension exceed the dataset coordinates [2026-07-03 00:00:00+00:00, 2026-07-10 00:00:00+00:00]
----------------------------------
=> Config file GOR_2026-07-10 loaded
----------------------------------

Downloading CMEMS products : cmems_obs-oc_med_bgc-plankton_nrt_l3-multi-1km_P1D
=> Variable ['CHL', 'KD490'] 

------------------------------
DATE =>>> 2026-07-10 2026-07-15
------------------------------

[FILE SAVED ] /scratch/cfontana/DIAGS/GOR_2026-07-10/CMEMS/data/cmems_obs-oc_med_bgc-plankton_nrt_l3-multi-1km_P1D.nc
+ python interp_cmems.py -c GOR_2026-07-10 -v chl
----------------------------------
=> Config file GOR_2026-07-10 loaded
----------------------------------


[FILE SAVED] /scratch/cfontana/DIAGS/GOR_2026-07-10/CMEMS/chl/ITP_NC/chl_20260710.nc

+ [ 2 -eq 2 ]
+ error=1
+ cd ../../plot
+ python plot_CMEMS_pickle_data_vs_sat.py -c GOR_2026-07-10 -v chl -s CMEMS
----------------------------------
=> Config file GOR_2026-07-10 loaded
----------------------------------

Processing
739807 1.4282991681877641 5.038363 0.9660283321031423 0.6931265910668827
[Errno 2] No such file or directory: '/scratch/cfontana/DIAGS/GOR_2026-07-10/CMEMS/chl/ITP_NC/chl_20260711.nc' 

=> in get_sat_2D :
Error processing file /scratch/cfontana/DIAGS/GOR_2026-07-10/CMEMS/chl/ITP_NC/chl_20260711.nc
File not found
739808 1.1259411124490353 nan 0.2548856430565839 1
[Errno 2] No such file or directory: '/scratch/cfontana/DIAGS/GOR_2026-07-10/CMEMS/chl/ITP_NC/chl_20260712.nc' 

=> in get_sat_2D :
Error processing file /scratch/cfontana/DIAGS/GOR_2026-07-10/CMEMS/chl/ITP_NC/chl_20260712.nc
File not found
739809 0.8851716564656242 nan 0.23811591817768046 1
[Errno 2] No such file or directory: '/scratch/cfontana/DIAGS/GOR_2026-07-10/CMEMS/chl/ITP_NC/chl_20260713.nc' 

=> in get_sat_2D :
Error processing file /scratch/cfontana/DIAGS/GOR_2026-07-10/CMEMS/chl/ITP_NC/chl_20260713.nc
File not found
739810 0.700375918803929 nan 0.22346642277183662 1
[Errno 2] No such file or directory: '/scratch/cfontana/DIAGS/GOR_2026-07-10/CMEMS/chl/ITP_NC/chl_20260714.nc' 

=> in get_sat_2D :
Error processing file /scratch/cfontana/DIAGS/GOR_2026-07-10/CMEMS/chl/ITP_NC/chl_20260714.nc
File not found
739811 0.5595124144861553 nan 0.20373371812865815 1
[Errno 2] No such file or directory: '/scratch/cfontana/DIAGS/GOR_2026-07-10/CMEMS/chl/ITP_NC/chl_20260715.nc' 

=> in get_sat_2D :
Error processing file /scratch/cfontana/DIAGS/GOR_2026-07-10/CMEMS/chl/ITP_NC/chl_20260715.nc
File not found
739812 0.5409309225860972 nan 0.1900874324278734 1
[SAVED FIG] /scratch/cfontana/DIAGS/GOR_2026-07-10/CMEMS/chl/ITP_NC/PLOT/2026071012_chl.jpg
[SAVED FIG] /scratch/cfontana/DIAGS/GOR_2026-07-10/CMEMS/chl/ITP_NC/PLOT/2026071112_chl.jpg
[SAVED FIG] /scratch/cfontana/DIAGS/GOR_2026-07-10/CMEMS/chl/ITP_NC/PLOT/2026071212_chl.jpg
[SAVED FIG] /scratch/cfontana/DIAGS/GOR_2026-07-10/CMEMS/chl/ITP_NC/PLOT/2026071312_chl.jpg
[SAVED FIG] /scratch/cfontana/DIAGS/GOR_2026-07-10/CMEMS/chl/ITP_NC/PLOT/2026071412_chl.jpg
[SAVED FIG] /scratch/cfontana/DIAGS/GOR_2026-07-10/CMEMS/chl/ITP_NC/PLOT/2026071512_chl.jpg
+ python plot_sat_CMEMS_timeseries.py -c GOR_2026-07-10 -v chl -s CMEMS
----------------------------------
=> Config file GOR_2026-07-10 loaded
----------------------------------

[SAVED FIG] /scratch/cfontana/DIAGS/GOR_2026-07-10/CMEMS/chl/ITP_NC/time_series.jpg
+ rm -f '/scratch/cfontana/DIAGS/GOR_2026-07-10/CMEMS/chl/ITP_NC/PLOT/*.pkl'
+ [ 1 -eq 1 ]
+ rm -f /scratch/cfontana/DIAGS/GOR_2026-07-10/CMEMS/chl/ITP_NC/chl_20260710.nc
+ date
Sat Jul 11 15:36:50 CEST 2026
+ cd ..
+ [ 1 -eq 0 ]
+ [ 1 -eq 1 ]
+ rm -f /scratch/cfontana/DIAGS/GOR_2026-07-10/CMEMS/data/SST_MED_SST_L3S_NRT_OBSERVATIONS_010_012_b.nc /scratch/cfontana/DIAGS/GOR_2026-07-10/CMEMS/data/cmems_obs-oc_med_bgc-plankton_nrt_l3-multi-1km_P1D.nc
+ [ 1 -eq 1 ]
+ source /home/cfontana/venv/a/bin/activate
+ 1> /dev/null
+ deactivate nondestructive
+ [ -n /home/cfontana/venv/c/bin:/usr/local/sbin:/usr/local/bin:/usr/sbin:/usr/bin:/sbin:/bin:/usr/games:/usr/local/games:/snap/bin ]
+ PATH=/home/cfontana/venv/c/bin:/usr/local/sbin:/usr/local/bin:/usr/sbin:/usr/bin:/sbin:/bin:/usr/games:/usr/local/games:/snap/bin
+ export PATH
+ unset _OLD_VIRTUAL_PATH
+ [ -n '' ]
+ hash -r
+ 2> /dev/null
+ [ -n '(c) \[\e]0;\u@\h: \w\a\]${debian_chroot:+($debian_chroot)}\[\033[01;32m\]\u@\h\[\033[00m\]:\[\033[01;34m\]\w\[\033[00m\]\$ ' ]
+ PS1='(c) \[\e]0;\u@\h: \w\a\]${debian_chroot:+($debian_chroot)}\[\033[01;32m\]\u@\h\[\033[00m\]:\[\033[01;34m\]\w\[\033[00m\]\$ '
+ export PS1
+ unset _OLD_VIRTUAL_PS1
+ unset VIRTUAL_ENV
+ unset VIRTUAL_ENV_PROMPT
+ [ ! nondestructive '=' nondestructive ]
+ [ '' '=' cygwin ]
+ [ '' '=' msys ]
+ VIRTUAL_ENV=/home/cfontana/venv/a
+ export VIRTUAL_ENV
+ _OLD_VIRTUAL_PATH=/home/cfontana/venv/c/bin:/usr/local/sbin:/usr/local/bin:/usr/sbin:/usr/bin:/sbin:/bin:/usr/games:/usr/local/games:/snap/bin
+ PATH=/home/cfontana/venv/a/bin:/home/cfontana/venv/c/bin:/usr/local/sbin:/usr/local/bin:/usr/sbin:/usr/bin:/sbin:/bin:/usr/games:/usr/local/games:/snap/bin
+ export PATH
+ [ -n '' ]
+ [ -z '' ]
+ _OLD_VIRTUAL_PS1='(c) \[\e]0;\u@\h: \w\a\]${debian_chroot:+($debian_chroot)}\[\033[01;32m\]\u@\h\[\033[00m\]:\[\033[01;34m\]\w\[\033[00m\]\$ '
+ PS1='(a) (c) \[\e]0;\u@\h: \w\a\]${debian_chroot:+($debian_chroot)}\[\033[01;32m\]\u@\h\[\033[00m\]:\[\033[01;34m\]\w\[\033[00m\]\$ '
+ export PS1
+ VIRTUAL_ENV_PROMPT='(a) '
+ export VIRTUAL_ENV_PROMPT
+ hash -r
+ 2> /dev/null
+ sed -i s/daily/hourly/ config/config_GOR_2026-07-10.json
+ cd datasets/ARGO
+ python get_argo.py -c GOR_2026-07-10
----------------------------------
=> Config file GOR_2026-07-10 loaded
----------------------------------

[np.float64(12.234896461658499), np.float64(12.390104795041498), np.float64(44.516147096420504), np.float64(44.848438763193506), 0, 500, '2026-07-10', '2026-07-15']
Traceback (most recent call last):
  File "/home/cfontana/DATA_MED/datasets/ARGO/get_argo.py", line 73, in <module>
    f = f.region(box).load()
        ^^^^^^^^^^^^^^^^^^^^
  File "/home/cfontana/venv/a/lib/python3.12/site-packages/argopy/fetchers.py", line 886, in load
    self._data = self._to_xarray(**kwargs)
                 ^^^^^^^^^^^^^^^^^^^^^^^^^
  File "/home/cfontana/venv/a/lib/python3.12/site-packages/argopy/fetchers.py", line 673, in _to_xarray
    xds = self.fetcher.to_xarray(**kwargs)
          ^^^^^^^^^^^^^^^^^^^^^^^^^^^^^^^^
  File "/home/cfontana/venv/a/lib/python3.12/site-packages/argopy/data_fetchers/erddap_data.py", line 583, in to_xarray
    results = self.fs.open_dataset(URI[0])
              ^^^^^^^^^^^^^^^^^^^^^^^^^^^^
  File "/home/cfontana/venv/a/lib/python3.12/site-packages/argopy/stores/implementations/http.py", line 349, in open_dataset
    target, _ = load_in_memory(
                ^^^^^^^^^^^^^^^
  File "/home/cfontana/venv/a/lib/python3.12/site-packages/argopy/stores/implementations/http.py", line 261, in load_in_memory
    data = self.download_url(url, **dwn_opts)
           ^^^^^^^^^^^^^^^^^^^^^^^^^^^^^^^^^^
  File "/home/cfontana/venv/a/lib/python3.12/site-packages/argopy/stores/implementations/http.py", line 169, in download_url
    data, n = make_request(
              ^^^^^^^^^^^^^
  File "/home/cfontana/venv/a/lib/python3.12/site-packages/argopy/stores/implementations/http.py", line 124, in make_request
    raise e
  File "/home/cfontana/venv/a/lib/python3.12/site-packages/argopy/stores/implementations/http.py", line 121, in make_request
    data = ffs.cat_file(url, **cat_opts)
           ^^^^^^^^^^^^^^^^^^^^^^^^^^^^^
  File "/home/cfontana/venv/a/lib/python3.12/site-packages/fsspec/asyn.py", line 118, in wrapper
    return sync(self.loop, func, *args, **kwargs)
           ^^^^^^^^^^^^^^^^^^^^^^^^^^^^^^^^^^^^^^
  File "/home/cfontana/venv/a/lib/python3.12/site-packages/fsspec/asyn.py", line 103, in sync
    raise return_result
  File "/home/cfontana/venv/a/lib/python3.12/site-packages/fsspec/asyn.py", line 56, in _runner
    result[0] = await coro
                ^^^^^^^^^^
  File "/home/cfontana/venv/a/lib/python3.12/site-packages/fsspec/implementations/http.py", line 247, in _cat_file
    self._raise_not_found_for_status(r, url)
  File "/home/cfontana/venv/a/lib/python3.12/site-packages/fsspec/implementations/http.py", line 229, in _raise_not_found_for_status
    raise FileNotFoundError(url)
FileNotFoundError: https://erddap.ifremer.fr/erddap/tabledap/ArgoFloats.nc?config_mission_number,cycle_number,data_mode,direction,latitude,longitude,platform_number,position_qc,pres,pres_adjusted,pres_adjusted_error,pres_adjusted_qc,pres_qc,psal,psal_adjusted,psal_adjusted_error,psal_adjusted_qc,psal_qc,temp,temp_adjusted,temp_adjusted_error,temp_adjusted_qc,temp_qc,time,time_qc,vertical_sampling_scheme&longitude>=12.234896461658499&longitude<=12.390104795041498&latitude>=44.516147096420504&latitude<=44.848438763193506&pres>=0&pres<=500&time>=1783641600.0&time<=1784073600.0&latitude!=NaN&longitude!=NaN&distinct()&orderBy("time,pres")
+ [ 1 -eq 0 ]
+ cd ../../
+ sed -i s/phy/bgc/ config/config_GOR_2026-07-10.json
+ cd datasets/ARGO
+ python get_argo.py -c GOR_2026-07-10
----------------------------------
=> Config file GOR_2026-07-10 loaded
----------------------------------

[np.float64(12.234896461658499), np.float64(12.390104795041498), np.float64(44.516147096420504), np.float64(44.848438763193506), 0, 500, '2026-07-10', '2026-07-15']
Traceback (most recent call last):
  File "/home/cfontana/DATA_MED/datasets/ARGO/get_argo.py", line 73, in <module>
    f = f.region(box).load()
        ^^^^^^^^^^^^^
  File "/home/cfontana/venv/a/lib/python3.12/site-packages/argopy/fetchers.py", line 68, in wrapper
    return AccessPoint(*args)
           ^^^^^^^^^^^^^^^^^^
  File "/home/cfontana/venv/a/lib/python3.12/site-packages/argopy/fetchers.py", line 648, in region
    self.fetcher = self.Fetchers["region"](box=box, **self.fetcher_options)
                   ^^^^^^^^^^^^^^^^^^^^^^^^^^^^^^^^^^^^^^^^^^^^^^^^^^^^^^^^
  File "/home/cfontana/venv/a/lib/python3.12/site-packages/argopy/data_fetchers/erddap_data.py", line 184, in __init__
    params = self._bgc_vlist_avail
             ^^^^^^^^^^^^^^^^^^^^^
  File "/home/cfontana/venv/a/lib/python3.12/site-packages/argopy/data_fetchers/erddap_data.py", line 305, in _bgc_vlist_avail
    params = self.indexfs.read_params()
             ^^^^^^^^^^^^^^^^^^^^^^^^^^
  File "/home/cfontana/venv/a/lib/python3.12/site-packages/argopy/stores/index/implementations/pandas/index.py", line 281, in read_params
    raise DataNotFound(
argopy.errors.DataNotFound: 'No data found in the index corresponding to your search criteria. Search definition: x=12.23/12.39;y=44.52/44.85;t=2026-07-10/2026-07-15'
+ [ 1 -eq 0 ]
+ cd ../../
+ [ 1 -eq 1 ]
+ source /home/cfontana/venv/c/bin/activate
+ 1> /dev/null
+ deactivate nondestructive
+ [ -n /home/cfontana/venv/c/bin:/usr/local/sbin:/usr/local/bin:/usr/sbin:/usr/bin:/sbin:/bin:/usr/games:/usr/local/games:/snap/bin ]
+ PATH=/home/cfontana/venv/c/bin:/usr/local/sbin:/usr/local/bin:/usr/sbin:/usr/bin:/sbin:/bin:/usr/games:/usr/local/games:/snap/bin
+ export PATH
+ unset _OLD_VIRTUAL_PATH
+ [ -n '' ]
+ hash -r
+ 2> /dev/null
+ [ -n '(c) \[\e]0;\u@\h: \w\a\]${debian_chroot:+($debian_chroot)}\[\033[01;32m\]\u@\h\[\033[00m\]:\[\033[01;34m\]\w\[\033[00m\]\$ ' ]
+ PS1='(c) \[\e]0;\u@\h: \w\a\]${debian_chroot:+($debian_chroot)}\[\033[01;32m\]\u@\h\[\033[00m\]:\[\033[01;34m\]\w\[\033[00m\]\$ '
+ export PS1
+ unset _OLD_VIRTUAL_PS1
+ unset VIRTUAL_ENV
+ unset VIRTUAL_ENV_PROMPT
+ [ ! nondestructive '=' nondestructive ]
+ [ '' '=' cygwin ]
+ [ '' '=' msys ]
+ VIRTUAL_ENV=/home/cfontana/venv/c
+ export VIRTUAL_ENV
+ _OLD_VIRTUAL_PATH=/home/cfontana/venv/c/bin:/usr/local/sbin:/usr/local/bin:/usr/sbin:/usr/bin:/sbin:/bin:/usr/games:/usr/local/games:/snap/bin
+ PATH=/home/cfontana/venv/c/bin:/home/cfontana/venv/c/bin:/usr/local/sbin:/usr/local/bin:/usr/sbin:/usr/bin:/sbin:/bin:/usr/games:/usr/local/games:/snap/bin
+ export PATH
+ [ -n '' ]
+ [ -z '' ]
+ _OLD_VIRTUAL_PS1='(c) \[\e]0;\u@\h: \w\a\]${debian_chroot:+($debian_chroot)}\[\033[01;32m\]\u@\h\[\033[00m\]:\[\033[01;34m\]\w\[\033[00m\]\$ '
+ PS1='(c) (c) \[\e]0;\u@\h: \w\a\]${debian_chroot:+($debian_chroot)}\[\033[01;32m\]\u@\h\[\033[00m\]:\[\033[01;34m\]\w\[\033[00m\]\$ '
+ export PS1
+ VIRTUAL_ENV_PROMPT='(c) '
+ export VIRTUAL_ENV_PROMPT
+ hash -r
+ 2> /dev/null
+ static=/scratch/cfontana/DIAGS/GOR_2026-07-10/static_GOR_2026-07-10
+ mkdir /scratch/cfontana/DIAGS/GOR_2026-07-10/static_GOR_2026-07-10
+ dir=/scratch/cfontana/DIAGS/GOR_2026-07-10/CMEMS/thetao/ITP_NC
+ i=1
+ ls /scratch/cfontana/DIAGS/GOR_2026-07-10/CMEMS/thetao/ITP_NC/PLOT/
+ cp /scratch/cfontana/DIAGS/GOR_2026-07-10/CMEMS/thetao/ITP_NC/PLOT/2026071000_thetao.jpg /scratch/cfontana/DIAGS/GOR_2026-07-10/static_GOR_2026-07-10/thetao_1.jpg
+ let i=1+1
+ cp /scratch/cfontana/DIAGS/GOR_2026-07-10/CMEMS/thetao/ITP_NC/PLOT/2026071100_thetao.jpg /scratch/cfontana/DIAGS/GOR_2026-07-10/static_GOR_2026-07-10/thetao_2.jpg
+ let i=2+1
+ cp /scratch/cfontana/DIAGS/GOR_2026-07-10/CMEMS/thetao/ITP_NC/PLOT/2026071200_thetao.jpg /scratch/cfontana/DIAGS/GOR_2026-07-10/static_GOR_2026-07-10/thetao_3.jpg
+ let i=3+1
+ cp /scratch/cfontana/DIAGS/GOR_2026-07-10/CMEMS/thetao/ITP_NC/PLOT/2026071300_thetao.jpg /scratch/cfontana/DIAGS/GOR_2026-07-10/static_GOR_2026-07-10/thetao_4.jpg
+ let i=4+1
+ cp /scratch/cfontana/DIAGS/GOR_2026-07-10/CMEMS/thetao/ITP_NC/PLOT/2026071400_thetao.jpg /scratch/cfontana/DIAGS/GOR_2026-07-10/static_GOR_2026-07-10/thetao_5.jpg
+ let i=5+1
+ cp /scratch/cfontana/DIAGS/GOR_2026-07-10/CMEMS/thetao/ITP_NC/PLOT/2026071500_thetao.jpg /scratch/cfontana/DIAGS/GOR_2026-07-10/static_GOR_2026-07-10/thetao_6.jpg
+ let i=6+1
+ cp /scratch/cfontana/DIAGS/GOR_2026-07-10/CMEMS/thetao/ITP_NC/time_series.jpg /scratch/cfontana/DIAGS/GOR_2026-07-10/static_GOR_2026-07-10/time_series_thetao.jpg
+ dir=/scratch/cfontana/DIAGS/GOR_2026-07-10/CMEMS/chl/ITP_NC
+ i=1
+ ls /scratch/cfontana/DIAGS/GOR_2026-07-10/CMEMS/chl/ITP_NC/PLOT/
+ cp /scratch/cfontana/DIAGS/GOR_2026-07-10/CMEMS/chl/ITP_NC/PLOT/2026071012_chl.jpg /scratch/cfontana/DIAGS/GOR_2026-07-10/static_GOR_2026-07-10/chl_1.jpg
+ let i=1+1
+ cp /scratch/cfontana/DIAGS/GOR_2026-07-10/CMEMS/chl/ITP_NC/PLOT/2026071112_chl.jpg /scratch/cfontana/DIAGS/GOR_2026-07-10/static_GOR_2026-07-10/chl_2.jpg
+ let i=2+1
+ cp /scratch/cfontana/DIAGS/GOR_2026-07-10/CMEMS/chl/ITP_NC/PLOT/2026071212_chl.jpg /scratch/cfontana/DIAGS/GOR_2026-07-10/static_GOR_2026-07-10/chl_3.jpg
+ let i=3+1
+ cp /scratch/cfontana/DIAGS/GOR_2026-07-10/CMEMS/chl/ITP_NC/PLOT/2026071312_chl.jpg /scratch/cfontana/DIAGS/GOR_2026-07-10/static_GOR_2026-07-10/chl_4.jpg
+ let i=4+1
+ cp /scratch/cfontana/DIAGS/GOR_2026-07-10/CMEMS/chl/ITP_NC/PLOT/2026071412_chl.jpg /scratch/cfontana/DIAGS/GOR_2026-07-10/static_GOR_2026-07-10/chl_5.jpg
+ let i=5+1
+ cp /scratch/cfontana/DIAGS/GOR_2026-07-10/CMEMS/chl/ITP_NC/PLOT/2026071512_chl.jpg /scratch/cfontana/DIAGS/GOR_2026-07-10/static_GOR_2026-07-10/chl_6.jpg
+ let i=6+1
+ cp /scratch/cfontana/DIAGS/GOR_2026-07-10/CMEMS/chl/ITP_NC/time_series.jpg /scratch/cfontana/DIAGS/GOR_2026-07-10/static_GOR_2026-07-10/time_series_chl.jpg
+ dir=/scratch/cfontana/DIAGS/GOR_2026-07-10/RADAR/
+ i=1
+ ls /scratch/cfontana/DIAGS/GOR_2026-07-10/RADAR//20260710_00.jpg /scratch/cfontana/DIAGS/GOR_2026-07-10/RADAR//20260711_00.jpg /scratch/cfontana/DIAGS/GOR_2026-07-10/RADAR//20260712_00.jpg /scratch/cfontana/DIAGS/GOR_2026-07-10/RADAR//20260713_00.jpg /scratch/cfontana/DIAGS/GOR_2026-07-10/RADAR//20260714_00.jpg /scratch/cfontana/DIAGS/GOR_2026-07-10/RADAR//20260715_00.jpg
+ cp /scratch/cfontana/DIAGS/GOR_2026-07-10/RADAR//20260710_00.jpg /scratch/cfontana/DIAGS/GOR_2026-07-10/static_GOR_2026-07-10/radar_1.jpg
+ let i=1+1
+ cp /scratch/cfontana/DIAGS/GOR_2026-07-10/RADAR//20260711_00.jpg /scratch/cfontana/DIAGS/GOR_2026-07-10/static_GOR_2026-07-10/radar_2.jpg
+ let i=2+1
+ cp /scratch/cfontana/DIAGS/GOR_2026-07-10/RADAR//20260712_00.jpg /scratch/cfontana/DIAGS/GOR_2026-07-10/static_GOR_2026-07-10/radar_3.jpg
+ let i=3+1
+ cp /scratch/cfontana/DIAGS/GOR_2026-07-10/RADAR//20260713_00.jpg /scratch/cfontana/DIAGS/GOR_2026-07-10/static_GOR_2026-07-10/radar_4.jpg
+ let i=4+1
+ cp /scratch/cfontana/DIAGS/GOR_2026-07-10/RADAR//20260714_00.jpg /scratch/cfontana/DIAGS/GOR_2026-07-10/static_GOR_2026-07-10/radar_5.jpg
+ let i=5+1
+ cp /scratch/cfontana/DIAGS/GOR_2026-07-10/RADAR//20260715_00.jpg /scratch/cfontana/DIAGS/GOR_2026-07-10/static_GOR_2026-07-10/radar_6.jpg
+ let i=6+1
+ dir=/scratch/cfontana/DIAGS/GOR_2026-07-10/ARGO/
+ ls -d '/scratch/cfontana/DIAGS/GOR_2026-07-10/ARGO//bio*/'
ls: cannot access '/scratch/cfontana/DIAGS/GOR_2026-07-10/ARGO//bio*/': No such file or directory
+ i=1
+ 1> /scratch/cfontana/DIAGS/GOR_2026-07-10/static_GOR_2026-07-10/list.txt
+ ls -d '/scratch/cfontana/DIAGS/GOR_2026-07-10/ARGO//*/'
ls: cannot access '/scratch/cfontana/DIAGS/GOR_2026-07-10/ARGO//*/': No such file or directory
+ cp /scratch/cfontana/DIAGS/GOR_2026-07-10/ARGO//map.jpg /scratch/cfontana/DIAGS/GOR_2026-07-10/static_GOR_2026-07-10
cp: cannot stat '/scratch/cfontana/DIAGS/GOR_2026-07-10/ARGO//map.jpg': No such file or directory
+ scp -r /scratch/cfontana/DIAGS/GOR_2026-07-10/static_GOR_2026-07-10 yulpa175555@webhost03.yulpa.io:/datas/yulpa175555/sites/merval.eg2.fr/htdocs/DIAGS
+ echo 'PROCESSING TYR'
PROCESSING TYR
+ echo '_______________ '
_______________ 
+ date
Sat Jul 11 15:37:06 CEST 2026
+ config=TYR_2026-07-10
+ echo TYR
+ awk '{print tolower($0)}'
+ lower=tyr
+ set -x
+ cat config/config_TYR.json
+ sed -e s/DINI/2026-07-10/g
+ sed -e s/FREQ/hourly/
+ 1> config/config_TYR_2026-07-10.json
+ sed -e s/DOUT/20260710/
+ sed -e s/DEND/2026-07-15/
+ cp config/cmems_DOMAIN.dat config/cmems_TYR_2026-07-10.dat
+ cp config/variables_mit_DOMAIN.dat config/variables_mit_TYR_2026-07-10.dat
+ jq -r .diagdir config/config_TYR_2026-07-10.json
+ diagdir=/scratch/cfontana/DIAGS/TYR_2026-07-10
+ jq -r .radardir config/config_TYR_2026-07-10.json
+ radardir=/scratch/cfontana/RADAR/
+ [ 0 -eq 0 -a 0 -eq 1 ]
+ [ 1 -eq 1 ]
+ cd datasets/CMEMS
+ python get_data_sat.py -c TYR_2026-07-10 -v thetao
INFO - 2026-07-11T13:37:09Z - Selected dataset version: "202311"
INFO - 2026-07-11T13:37:09Z - Selected dataset part: "default"
WARNING - 2026-07-11T13:37:09Z - Some of your subset selection [2026-07-10 00:00:00+00:00, 2026-07-15 00:00:00+00:00] for the time dimension exceed the dataset coordinates [2008-01-01 00:00:00+00:00, 2026-07-11 00:00:00+00:00]
----------------------------------
=> Config file TYR_2026-07-10 loaded
----------------------------------

Downloading CMEMS products : SST_MED_SST_L3S_NRT_OBSERVATIONS_010_012_b
=> Variable [np.str_('adjusted_sea_surface_temperature')] 

------------------------------
DATE =>>> 2026-07-10 2026-07-15
------------------------------
  0%|                                                                                          | 0/306 [00:00<?, ?it/s]  0%|▎                                                                                 | 1/306 [00:00<02:05,  2.42it/s]  2%|█▎                                                                                | 5/306 [00:00<00:27, 11.03it/s]  3%|██▍                                                                               | 9/306 [00:00<00:17, 17.25it/s]  6%|████▌                                                                            | 17/306 [00:00<00:09, 32.05it/s]  7%|█████▊                                                                           | 22/306 [00:00<00:08, 34.91it/s]  9%|███████▏                                                                         | 27/306 [00:01<00:07, 37.55it/s] 10%|████████▍                                                                        | 32/306 [00:01<00:08, 33.22it/s] 12%|█████████▊                                                                       | 37/306 [00:01<00:07, 34.44it/s] 15%|███████████▉                                                                     | 45/306 [00:01<00:05, 43.63it/s] 16%|█████████████▏                                                                   | 50/306 [00:01<00:05, 44.75it/s] 20%|████████████████▏                                                                | 61/306 [00:01<00:03, 61.47it/s] 23%|██████████████████▎                                                              | 69/306 [00:01<00:04, 57.00it/s] 25%|████████████████████▍                                                            | 77/306 [00:01<00:03, 61.82it/s] 28%|███████████████████████                                                          | 87/306 [00:02<00:03, 63.32it/s] 31%|████████████████████████▉                                                        | 94/306 [00:02<00:03, 58.31it/s] 33%|██████████████████████████▍                                                     | 101/306 [00:02<00:06, 33.16it/s] 35%|███████████████████████████▉                                                    | 107/306 [00:02<00:06, 28.68it/s] 38%|██████████████████████████████▌                                                 | 117/306 [00:03<00:05, 37.38it/s] 42%|█████████████████████████████████▏                                              | 127/306 [00:03<00:03, 45.46it/s] 43%|██████████████████████████████████▊                                             | 133/306 [00:03<00:04, 41.47it/s] 46%|████████████████████████████████████▊                                           | 141/306 [00:03<00:03, 41.63it/s] 49%|██████████████████████████████████████▉                                         | 149/306 [00:03<00:03, 46.09it/s] 51%|████████████████████████████████████████▌                                       | 155/306 [00:03<00:03, 45.28it/s] 53%|██████████████████████████████████████████                                      | 161/306 [00:03<00:03, 46.92it/s] 55%|███████████████████████████████████████████▋                                    | 167/306 [00:04<00:02, 49.71it/s] 57%|█████████████████████████████████████████████▏                                  | 173/306 [00:04<00:02, 46.30it/s] 58%|██████████████████████████████████████████████▊                                 | 179/306 [00:04<00:02, 44.35it/s] 62%|█████████████████████████████████████████████████▍                              | 189/306 [00:04<00:02, 50.84it/s] 64%|███████████████████████████████████████████████████▌                            | 197/306 [00:04<00:01, 56.69it/s] 66%|█████████████████████████████████████████████████████                           | 203/306 [00:04<00:02, 48.29it/s] 69%|███████████████████████████████████████████████████████▏                        | 211/306 [00:04<00:01, 53.76it/s] 71%|████████████████████████████████████████████████████████▋                       | 217/306 [00:05<00:01, 52.50it/s] 73%|██████████████████████████████████████████████████████████▎                     | 223/306 [00:05<00:01, 50.76it/s] 75%|███████████████████████████████████████████████████████████▊                    | 229/306 [00:05<00:01, 52.14it/s] 77%|█████████████████████████████████████████████████████████████▍                  | 235/306 [00:05<00:01, 54.03it/s] 80%|████████████████████████████████████████████████████████████████                | 245/306 [00:05<00:01, 55.24it/s] 83%|██████████████████████████████████████████████████████████████████▏             | 253/306 [00:05<00:00, 60.25it/s] 85%|███████████████████████████████████████████████████████████████████▉            | 260/306 [00:05<00:01, 41.96it/s] 89%|██████████████████████████████████████████████████████████████████████▊         | 271/306 [00:06<00:00, 52.09it/s] 91%|████████████████████████████████████████████████████████████████████████▋       | 278/306 [00:06<00:00, 43.20it/s] 93%|██████████████████████████████████████████████████████████████████████████▌     | 285/306 [00:06<00:00, 46.47it/s] 95%|████████████████████████████████████████████████████████████████████████████    | 291/306 [00:06<00:00, 49.14it/s] 97%|█████████████████████████████████████████████████████████████████████████████▋  | 297/306 [00:06<00:00, 45.57it/s]100%|████████████████████████████████████████████████████████████████████████████████| 306/306 [00:06<00:00, 44.76it/s]

[FILE SAVED ] /scratch/cfontana/DIAGS/TYR_2026-07-10/CMEMS/data/SST_MED_SST_L3S_NRT_OBSERVATIONS_010_012_b.nc
+ python interp_cmems.py -c TYR_2026-07-10 -v thetao
----------------------------------
=> Config file TYR_2026-07-10 loaded
----------------------------------


[FILE SAVED] /scratch/cfontana/DIAGS/TYR_2026-07-10/CMEMS/thetao/ITP_NC/thetao_20260710.nc


[FILE SAVED] /scratch/cfontana/DIAGS/TYR_2026-07-10/CMEMS/thetao/ITP_NC/thetao_20260711.nc

+ [ 2 -eq 2 ]
+ error=1
+ cd ../../plot
+ python plot_CMEMS_pickle_data_vs_sat.py -c TYR_2026-07-10 -v thetao -s CMEMS
----------------------------------
=> Config file TYR_2026-07-10 loaded
----------------------------------

Processing
739807 27.552639549612017 27.96799 28.095232 0.9749134248276978
739808 27.69780251458028 28.138449 28.153524 0.9895874924646327
[Errno 2] No such file or directory: '/scratch/cfontana/DIAGS/TYR_2026-07-10/CMEMS/thetao/ITP_NC/thetao_20260712.nc' 

=> in get_sat_2D :
Error processing file /scratch/cfontana/DIAGS/TYR_2026-07-10/CMEMS/thetao/ITP_NC/thetao_20260712.nc
File not found
739809 27.801923678184433 nan 28.193712 1
[Errno 2] No such file or directory: '/scratch/cfontana/DIAGS/TYR_2026-07-10/CMEMS/thetao/ITP_NC/thetao_20260713.nc' 

=> in get_sat_2D :
Error processing file /scratch/cfontana/DIAGS/TYR_2026-07-10/CMEMS/thetao/ITP_NC/thetao_20260713.nc
File not found
739810 27.8827328309068 nan 28.311857 1
[Errno 2] No such file or directory: '/scratch/cfontana/DIAGS/TYR_2026-07-10/CMEMS/thetao/ITP_NC/thetao_20260714.nc' 

=> in get_sat_2D :
Error processing file /scratch/cfontana/DIAGS/TYR_2026-07-10/CMEMS/thetao/ITP_NC/thetao_20260714.nc
File not found
No space left on the device (656273408 Mo free) — exiting
[Errno 2] No such file or directory: '/scratch/cfontana/DIAGS/TYR_2026-07-10/CMEMS/thetao/ITP_NC/thetao_20260715.nc' 

=> in get_sat_2D :
Error processing file /scratch/cfontana/DIAGS/TYR_2026-07-10/CMEMS/thetao/ITP_NC/thetao_20260715.nc
File not found
No space left on the device (656273408 Mo free) — exiting
[SAVED FIG] /scratch/cfontana/DIAGS/TYR_2026-07-10/CMEMS/thetao/ITP_NC/PLOT/2026071000_thetao.jpg
[SAVED FIG] /scratch/cfontana/DIAGS/TYR_2026-07-10/CMEMS/thetao/ITP_NC/PLOT/2026071100_thetao.jpg
[SAVED FIG] /scratch/cfontana/DIAGS/TYR_2026-07-10/CMEMS/thetao/ITP_NC/PLOT/2026071200_thetao.jpg
[SAVED FIG] /scratch/cfontana/DIAGS/TYR_2026-07-10/CMEMS/thetao/ITP_NC/PLOT/2026071300_thetao.jpg
+ python plot_sat_CMEMS_timeseries.py -c TYR_2026-07-10 -v thetao -s CMEMS
----------------------------------
=> Config file TYR_2026-07-10 loaded
----------------------------------

[SAVED FIG] /scratch/cfontana/DIAGS/TYR_2026-07-10/CMEMS/thetao/ITP_NC/time_series.jpg
+ rm -f '/scratch/cfontana/DIAGS/TYR_2026-07-10/CMEMS/thetao/ITP_NC/PLOT/*.pkl'
+ [ 1 -eq 1 ]
+ rm -f /scratch/cfontana/DIAGS/TYR_2026-07-10/CMEMS/thetao/ITP_NC/thetao_20260710.nc /scratch/cfontana/DIAGS/TYR_2026-07-10/CMEMS/thetao/ITP_NC/thetao_20260711.nc
+ date
Sat Jul 11 15:47:38 CEST 2026
+ cd ..
+ [ 1 -eq 1 ]
+ cd datasets/HFRADAR
+ python read_radar.py -c TYR_2026-07-10
----------------------------------
=> Config file TYR_2026-07-10 loaded
----------------------------------


----------
20260710 0
[Errno 2] No such file or directory: '/scratch/cfontana/RADAR//2026-07-10/EUHFR_NRTcurrent_HFR-TirLig-Total_v3.nc'
[Errno 2] No such file or directory: '/scratch/cfontana/RADAR//2026-07-10/EUHFR_NRTcurrent_HFR-ARPAS-Total_v3.nc'
[Errno 2] No such file or directory: '/scratch/cfontana/RADAR//2026-07-10/EUHFR_NRTcurrent_HFR-LaMMA-Total_v3.nc'
[Errno 2] No such file or directory: '/scratch/cfontana/RADAR//2026-07-10/EUHFR_NRTcurrent_HFR-GoS-Total_v3.nc'
[Errno 2] No such file or directory: '/scratch/cfontana/RADAR//2026-07-10/EUHFR_NRTcurrent_HFR-WesternItaly-Total_v3.nc'
[Errno 2] No such file or directory: '/scratch/cfontana/RADAR//2026-07-10/EUHFR_NRTcurrent_HFR-Granitola-Total_v3.nc'
[Errno 2] No such file or directory: '/scratch/cfontana/RADAR//2026-07-10/EUHFR_NRTcurrent_HFR-NAdr-Total_v3.nc'
[Errno 2] No such file or directory: '/scratch/cfontana/RADAR//2026-07-10/EUHFR_NRTcurrent_HFR-GoM-Total_v3.nc'
[SAVED FIG] /scratch/cfontana/DIAGS/TYR_2026-07-10/RADAR/20260710_00.jpg

----------
20260711 0
[Errno 2] No such file or directory: '/scratch/cfontana/RADAR//2026-07-10/EUHFR_NRTcurrent_HFR-TirLig-Total_v3.nc'
[Errno 2] No such file or directory: '/scratch/cfontana/RADAR//2026-07-10/EUHFR_NRTcurrent_HFR-ARPAS-Total_v3.nc'
[Errno 2] No such file or directory: '/scratch/cfontana/RADAR//2026-07-10/EUHFR_NRTcurrent_HFR-LaMMA-Total_v3.nc'
[Errno 2] No such file or directory: '/scratch/cfontana/RADAR//2026-07-10/EUHFR_NRTcurrent_HFR-GoS-Total_v3.nc'
[Errno 2] No such file or directory: '/scratch/cfontana/RADAR//2026-07-10/EUHFR_NRTcurrent_HFR-WesternItaly-Total_v3.nc'
[Errno 2] No such file or directory: '/scratch/cfontana/RADAR//2026-07-10/EUHFR_NRTcurrent_HFR-Granitola-Total_v3.nc'
[Errno 2] No such file or directory: '/scratch/cfontana/RADAR//2026-07-10/EUHFR_NRTcurrent_HFR-NAdr-Total_v3.nc'
[Errno 2] No such file or directory: '/scratch/cfontana/RADAR//2026-07-10/EUHFR_NRTcurrent_HFR-GoM-Total_v3.nc'
[SAVED FIG] /scratch/cfontana/DIAGS/TYR_2026-07-10/RADAR/20260711_00.jpg

----------
20260712 0
[Errno 2] No such file or directory: '/scratch/cfontana/RADAR//2026-07-10/EUHFR_NRTcurrent_HFR-TirLig-Total_v3.nc'
[Errno 2] No such file or directory: '/scratch/cfontana/RADAR//2026-07-10/EUHFR_NRTcurrent_HFR-ARPAS-Total_v3.nc'
[Errno 2] No such file or directory: '/scratch/cfontana/RADAR//2026-07-10/EUHFR_NRTcurrent_HFR-LaMMA-Total_v3.nc'
[Errno 2] No such file or directory: '/scratch/cfontana/RADAR//2026-07-10/EUHFR_NRTcurrent_HFR-GoS-Total_v3.nc'
[Errno 2] No such file or directory: '/scratch/cfontana/RADAR//2026-07-10/EUHFR_NRTcurrent_HFR-WesternItaly-Total_v3.nc'
[Errno 2] No such file or directory: '/scratch/cfontana/RADAR//2026-07-10/EUHFR_NRTcurrent_HFR-Granitola-Total_v3.nc'
[Errno 2] No such file or directory: '/scratch/cfontana/RADAR//2026-07-10/EUHFR_NRTcurrent_HFR-NAdr-Total_v3.nc'
[Errno 2] No such file or directory: '/scratch/cfontana/RADAR//2026-07-10/EUHFR_NRTcurrent_HFR-GoM-Total_v3.nc'
[SAVED FIG] /scratch/cfontana/DIAGS/TYR_2026-07-10/RADAR/20260712_00.jpg

----------
20260713 0
[Errno 2] No such file or directory: '/scratch/cfontana/RADAR//2026-07-10/EUHFR_NRTcurrent_HFR-TirLig-Total_v3.nc'
[Errno 2] No such file or directory: '/scratch/cfontana/RADAR//2026-07-10/EUHFR_NRTcurrent_HFR-ARPAS-Total_v3.nc'
[Errno 2] No such file or directory: '/scratch/cfontana/RADAR//2026-07-10/EUHFR_NRTcurrent_HFR-LaMMA-Total_v3.nc'
[Errno 2] No such file or directory: '/scratch/cfontana/RADAR//2026-07-10/EUHFR_NRTcurrent_HFR-GoS-Total_v3.nc'
[Errno 2] No such file or directory: '/scratch/cfontana/RADAR//2026-07-10/EUHFR_NRTcurrent_HFR-WesternItaly-Total_v3.nc'
[Errno 2] No such file or directory: '/scratch/cfontana/RADAR//2026-07-10/EUHFR_NRTcurrent_HFR-Granitola-Total_v3.nc'
[Errno 2] No such file or directory: '/scratch/cfontana/RADAR//2026-07-10/EUHFR_NRTcurrent_HFR-NAdr-Total_v3.nc'
[Errno 2] No such file or directory: '/scratch/cfontana/RADAR//2026-07-10/EUHFR_NRTcurrent_HFR-GoM-Total_v3.nc'
[SAVED FIG] /scratch/cfontana/DIAGS/TYR_2026-07-10/RADAR/20260713_00.jpg

----------
20260714 0
[Errno 2] No such file or directory: '/scratch/cfontana/RADAR//2026-07-10/EUHFR_NRTcurrent_HFR-TirLig-Total_v3.nc'
[Errno 2] No such file or directory: '/scratch/cfontana/RADAR//2026-07-10/EUHFR_NRTcurrent_HFR-ARPAS-Total_v3.nc'
[Errno 2] No such file or directory: '/scratch/cfontana/RADAR//2026-07-10/EUHFR_NRTcurrent_HFR-LaMMA-Total_v3.nc'
[Errno 2] No such file or directory: '/scratch/cfontana/RADAR//2026-07-10/EUHFR_NRTcurrent_HFR-GoS-Total_v3.nc'
[Errno 2] No such file or directory: '/scratch/cfontana/RADAR//2026-07-10/EUHFR_NRTcurrent_HFR-WesternItaly-Total_v3.nc'
[Errno 2] No such file or directory: '/scratch/cfontana/RADAR//2026-07-10/EUHFR_NRTcurrent_HFR-Granitola-Total_v3.nc'
[Errno 2] No such file or directory: '/scratch/cfontana/RADAR//2026-07-10/EUHFR_NRTcurrent_HFR-NAdr-Total_v3.nc'
[Errno 2] No such file or directory: '/scratch/cfontana/RADAR//2026-07-10/EUHFR_NRTcurrent_HFR-GoM-Total_v3.nc'
[SAVED FIG] /scratch/cfontana/DIAGS/TYR_2026-07-10/RADAR/20260714_00.jpg

----------
20260715 0
[Errno 2] No such file or directory: '/scratch/cfontana/RADAR//2026-07-10/EUHFR_NRTcurrent_HFR-TirLig-Total_v3.nc'
[Errno 2] No such file or directory: '/scratch/cfontana/RADAR//2026-07-10/EUHFR_NRTcurrent_HFR-ARPAS-Total_v3.nc'
[Errno 2] No such file or directory: '/scratch/cfontana/RADAR//2026-07-10/EUHFR_NRTcurrent_HFR-LaMMA-Total_v3.nc'
[Errno 2] No such file or directory: '/scratch/cfontana/RADAR//2026-07-10/EUHFR_NRTcurrent_HFR-GoS-Total_v3.nc'
[Errno 2] No such file or directory: '/scratch/cfontana/RADAR//2026-07-10/EUHFR_NRTcurrent_HFR-WesternItaly-Total_v3.nc'
[Errno 2] No such file or directory: '/scratch/cfontana/RADAR//2026-07-10/EUHFR_NRTcurrent_HFR-Granitola-Total_v3.nc'
[Errno 2] No such file or directory: '/scratch/cfontana/RADAR//2026-07-10/EUHFR_NRTcurrent_HFR-NAdr-Total_v3.nc'
[Errno 2] No such file or directory: '/scratch/cfontana/RADAR//2026-07-10/EUHFR_NRTcurrent_HFR-GoM-Total_v3.nc'
[SAVED FIG] /scratch/cfontana/DIAGS/TYR_2026-07-10/RADAR/20260715_00.jpg
+ date
Sat Jul 11 16:04:46 CEST 2026
+ cd ../..
+ cat config/config_TYR.json
+ sed -e s/FREQ/daily/
+ 1> config/config_TYR_2026-07-10.json
+ sed -e s/DINI/2026-07-10/g
+ sed -e s/DOUT/20260710/
+ sed -e s/DEND/2026-07-15/
+ [ 1 -eq 1 ]
+ cd datasets/CMEMS
+ python get_data_sat.py -c TYR_2026-07-10 -v chl
INFO - 2026-07-11T14:04:49Z - Selected dataset version: "202211"
INFO - 2026-07-11T14:04:49Z - Selected dataset part: "default"
WARNING - 2026-07-11T14:04:49Z - Some of your subset selection [2026-07-10 00:00:00+00:00, 2026-07-15 00:00:00+00:00] for the time dimension exceed the dataset coordinates [2026-07-03 00:00:00+00:00, 2026-07-10 00:00:00+00:00]
----------------------------------
=> Config file TYR_2026-07-10 loaded
----------------------------------

Downloading CMEMS products : cmems_obs-oc_med_bgc-plankton_nrt_l3-multi-1km_P1D
=> Variable ['CHL', 'KD490'] 

------------------------------
DATE =>>> 2026-07-10 2026-07-15
------------------------------

[FILE SAVED ] /scratch/cfontana/DIAGS/TYR_2026-07-10/CMEMS/data/cmems_obs-oc_med_bgc-plankton_nrt_l3-multi-1km_P1D.nc
+ python interp_cmems.py -c TYR_2026-07-10 -v chl
----------------------------------
=> Config file TYR_2026-07-10 loaded
----------------------------------


[FILE SAVED] /scratch/cfontana/DIAGS/TYR_2026-07-10/CMEMS/chl/ITP_NC/chl_20260710.nc

+ [ 2 -eq 2 ]
+ error=1
+ cd ../../plot
+ python plot_CMEMS_pickle_data_vs_sat.py -c TYR_2026-07-10 -v chl -s CMEMS
----------------------------------
=> Config file TYR_2026-07-10 loaded
----------------------------------

Processing
739807 0.0704692406303471 0.05280882 0.034302913 0.9756441271108814
[Errno 2] No such file or directory: '/scratch/cfontana/DIAGS/TYR_2026-07-10/CMEMS/chl/ITP_NC/chl_20260711.nc' 

=> in get_sat_2D :
Error processing file /scratch/cfontana/DIAGS/TYR_2026-07-10/CMEMS/chl/ITP_NC/chl_20260711.nc
File not found
739808 0.08329389791681625 nan 0.03391873 1
[Errno 2] No such file or directory: '/scratch/cfontana/DIAGS/TYR_2026-07-10/CMEMS/chl/ITP_NC/chl_20260712.nc' 

=> in get_sat_2D :
Error processing file /scratch/cfontana/DIAGS/TYR_2026-07-10/CMEMS/chl/ITP_NC/chl_20260712.nc
File not found
739809 0.08524096285214103 nan 0.0331749 1
[Errno 2] No such file or directory: '/scratch/cfontana/DIAGS/TYR_2026-07-10/CMEMS/chl/ITP_NC/chl_20260713.nc' 

=> in get_sat_2D :
Error processing file /scratch/cfontana/DIAGS/TYR_2026-07-10/CMEMS/chl/ITP_NC/chl_20260713.nc
File not found
739810 0.08676305163895126 nan 0.03252747 1
[Errno 2] No such file or directory: '/scratch/cfontana/DIAGS/TYR_2026-07-10/CMEMS/chl/ITP_NC/chl_20260714.nc' 

=> in get_sat_2D :
Error processing file /scratch/cfontana/DIAGS/TYR_2026-07-10/CMEMS/chl/ITP_NC/chl_20260714.nc
File not found
739811 0.08678979798038594 nan 0.031888634 1
[Errno 2] No such file or directory: '/scratch/cfontana/DIAGS/TYR_2026-07-10/CMEMS/chl/ITP_NC/chl_20260715.nc' 

=> in get_sat_2D :
Error processing file /scratch/cfontana/DIAGS/TYR_2026-07-10/CMEMS/chl/ITP_NC/chl_20260715.nc
File not found
No space left on the device (424726528 Mo free) — exiting
[SAVED FIG] /scratch/cfontana/DIAGS/TYR_2026-07-10/CMEMS/chl/ITP_NC/PLOT/2026071012_chl.jpg
[SAVED FIG] /scratch/cfontana/DIAGS/TYR_2026-07-10/CMEMS/chl/ITP_NC/PLOT/2026071112_chl.jpg
[SAVED FIG] /scratch/cfontana/DIAGS/TYR_2026-07-10/CMEMS/chl/ITP_NC/PLOT/2026071212_chl.jpg
[SAVED FIG] /scratch/cfontana/DIAGS/TYR_2026-07-10/CMEMS/chl/ITP_NC/PLOT/2026071312_chl.jpg
[SAVED FIG] /scratch/cfontana/DIAGS/TYR_2026-07-10/CMEMS/chl/ITP_NC/PLOT/2026071412_chl.jpg
+ python plot_sat_CMEMS_timeseries.py -c TYR_2026-07-10 -v chl -s CMEMS
----------------------------------
=> Config file TYR_2026-07-10 loaded
----------------------------------

[SAVED FIG] /scratch/cfontana/DIAGS/TYR_2026-07-10/CMEMS/chl/ITP_NC/time_series.jpg
+ rm -f '/scratch/cfontana/DIAGS/TYR_2026-07-10/CMEMS/chl/ITP_NC/PLOT/*.pkl'
+ [ 1 -eq 1 ]
+ rm -f /scratch/cfontana/DIAGS/TYR_2026-07-10/CMEMS/chl/ITP_NC/chl_20260710.nc
+ date
Sat Jul 11 16:10:40 CEST 2026
+ cd ..
+ [ 1 -eq 0 ]
+ [ 1 -eq 1 ]
+ rm -f /scratch/cfontana/DIAGS/TYR_2026-07-10/CMEMS/data/SST_MED_SST_L3S_NRT_OBSERVATIONS_010_012_b.nc /scratch/cfontana/DIAGS/TYR_2026-07-10/CMEMS/data/cmems_obs-oc_med_bgc-plankton_nrt_l3-multi-1km_P1D.nc
+ [ 1 -eq 1 ]
+ source /home/cfontana/venv/a/bin/activate
+ 1> /dev/null
+ deactivate nondestructive
+ [ -n /home/cfontana/venv/c/bin:/usr/local/sbin:/usr/local/bin:/usr/sbin:/usr/bin:/sbin:/bin:/usr/games:/usr/local/games:/snap/bin ]
+ PATH=/home/cfontana/venv/c/bin:/usr/local/sbin:/usr/local/bin:/usr/sbin:/usr/bin:/sbin:/bin:/usr/games:/usr/local/games:/snap/bin
+ export PATH
+ unset _OLD_VIRTUAL_PATH
+ [ -n '' ]
+ hash -r
+ 2> /dev/null
+ [ -n '(c) \[\e]0;\u@\h: \w\a\]${debian_chroot:+($debian_chroot)}\[\033[01;32m\]\u@\h\[\033[00m\]:\[\033[01;34m\]\w\[\033[00m\]\$ ' ]
+ PS1='(c) \[\e]0;\u@\h: \w\a\]${debian_chroot:+($debian_chroot)}\[\033[01;32m\]\u@\h\[\033[00m\]:\[\033[01;34m\]\w\[\033[00m\]\$ '
+ export PS1
+ unset _OLD_VIRTUAL_PS1
+ unset VIRTUAL_ENV
+ unset VIRTUAL_ENV_PROMPT
+ [ ! nondestructive '=' nondestructive ]
+ [ '' '=' cygwin ]
+ [ '' '=' msys ]
+ VIRTUAL_ENV=/home/cfontana/venv/a
+ export VIRTUAL_ENV
+ _OLD_VIRTUAL_PATH=/home/cfontana/venv/c/bin:/usr/local/sbin:/usr/local/bin:/usr/sbin:/usr/bin:/sbin:/bin:/usr/games:/usr/local/games:/snap/bin
+ PATH=/home/cfontana/venv/a/bin:/home/cfontana/venv/c/bin:/usr/local/sbin:/usr/local/bin:/usr/sbin:/usr/bin:/sbin:/bin:/usr/games:/usr/local/games:/snap/bin
+ export PATH
+ [ -n '' ]
+ [ -z '' ]
+ _OLD_VIRTUAL_PS1='(c) \[\e]0;\u@\h: \w\a\]${debian_chroot:+($debian_chroot)}\[\033[01;32m\]\u@\h\[\033[00m\]:\[\033[01;34m\]\w\[\033[00m\]\$ '
+ PS1='(a) (c) \[\e]0;\u@\h: \w\a\]${debian_chroot:+($debian_chroot)}\[\033[01;32m\]\u@\h\[\033[00m\]:\[\033[01;34m\]\w\[\033[00m\]\$ '
+ export PS1
+ VIRTUAL_ENV_PROMPT='(a) '
+ export VIRTUAL_ENV_PROMPT
+ hash -r
+ 2> /dev/null
+ sed -i s/daily/hourly/ config/config_TYR_2026-07-10.json
+ cd datasets/ARGO
+ python get_argo.py -c TYR_2026-07-10
----------------------------------
=> Config file TYR_2026-07-10 loaded
----------------------------------

[np.float64(11.231771438324365), np.float64(16.22656310499103), np.float64(38.919271536217266), np.float64(42.4557298695506), 0, 500, '2026-07-10', '2026-07-15']
[SAVED] /scratch/cfontana/DIAGS/TYR_2026-07-10/ARGO/argo.nc
+ [ 0 -eq 0 ]
+ echo 'ARGO FOUND'
ARGO FOUND
+ python compare_argo.py -c TYR_2026-07-10
/home/cfontana/DATA_MED/datasets/ARGO/compare_argo.py:186: SyntaxWarning: invalid escape sequence '\ '
  print('/!\ NaN detected in depth data\n')
----------------------------------
=> Config file TYR_2026-07-10 loaded
----------------------------------

1 profiles found

Processing

Float 2904023 cycle 80
-----
Interpolation done for [ 172 ] data in 2.63 secInterpolation done for [ 172 ] data in 1.5 sec[SAVED FIG] /scratch/cfontana/DIAGS/TYR_2026-07-10/ARGO/2904023/profile_80.jpg

-------------
Total of 344 found
-------------

Plot trajectories ...
[SAVED FIG] /scratch/cfontana/DIAGS/TYR_2026-07-10/ARGO/2904023/map.jpg
[SAVED FIG] /scratch/cfontana/DIAGS/TYR_2026-07-10/ARGO/map.jpg
N =  171
[SAVED FIG] /scratch/cfontana/DIAGS/TYR_2026-07-10/ARGO/error_Salinity.jpg
Data for Salinity
[np.float64(0.036543726209237855), np.float64(0.07746871578223893), np.float64(0.13087348653910982)]

N =  171
[SAVED FIG] /scratch/cfontana/DIAGS/TYR_2026-07-10/ARGO/error_Temperature.jpg
Data for Temperature
[np.float64(0.0473570913772718), np.float64(0.546836844098001), np.float64(0.689841117409614)]

+ cd ../../
+ sed -i s/phy/bgc/ config/config_TYR_2026-07-10.json
+ cd datasets/ARGO
+ python get_argo.py -c TYR_2026-07-10
----------------------------------
=> Config file TYR_2026-07-10 loaded
----------------------------------

[np.float64(11.231771438324365), np.float64(16.22656310499103), np.float64(38.919271536217266), np.float64(42.4557298695506), 0, 500, '2026-07-10', '2026-07-15']
Traceback (most recent call last):
  File "/home/cfontana/DATA_MED/datasets/ARGO/get_argo.py", line 73, in <module>
    f = f.region(box).load()
        ^^^^^^^^^^^^^^^^^^^^
  File "/home/cfontana/venv/a/lib/python3.12/site-packages/argopy/fetchers.py", line 886, in load
    self._data = self._to_xarray(**kwargs)
                 ^^^^^^^^^^^^^^^^^^^^^^^^^
  File "/home/cfontana/venv/a/lib/python3.12/site-packages/argopy/fetchers.py", line 673, in _to_xarray
    xds = self.fetcher.to_xarray(**kwargs)
          ^^^^^^^^^^^^^^^^^^^^^^^^^^^^^^^^
  File "/home/cfontana/venv/a/lib/python3.12/site-packages/argopy/data_fetchers/erddap_data.py", line 583, in to_xarray
    results = self.fs.open_dataset(URI[0])
              ^^^^^^^^^^^^^^^^^^^^^^^^^^^^
  File "/home/cfontana/venv/a/lib/python3.12/site-packages/argopy/stores/implementations/http.py", line 349, in open_dataset
    target, _ = load_in_memory(
                ^^^^^^^^^^^^^^^
  File "/home/cfontana/venv/a/lib/python3.12/site-packages/argopy/stores/implementations/http.py", line 261, in load_in_memory
    data = self.download_url(url, **dwn_opts)
           ^^^^^^^^^^^^^^^^^^^^^^^^^^^^^^^^^^
  File "/home/cfontana/venv/a/lib/python3.12/site-packages/argopy/stores/implementations/http.py", line 169, in download_url
    data, n = make_request(
              ^^^^^^^^^^^^^
  File "/home/cfontana/venv/a/lib/python3.12/site-packages/argopy/stores/implementations/http.py", line 124, in make_request
    raise e
  File "/home/cfontana/venv/a/lib/python3.12/site-packages/argopy/stores/implementations/http.py", line 121, in make_request
    data = ffs.cat_file(url, **cat_opts)
           ^^^^^^^^^^^^^^^^^^^^^^^^^^^^^
  File "/home/cfontana/venv/a/lib/python3.12/site-packages/fsspec/asyn.py", line 118, in wrapper
    return sync(self.loop, func, *args, **kwargs)
           ^^^^^^^^^^^^^^^^^^^^^^^^^^^^^^^^^^^^^^
  File "/home/cfontana/venv/a/lib/python3.12/site-packages/fsspec/asyn.py", line 103, in sync
    raise return_result
  File "/home/cfontana/venv/a/lib/python3.12/site-packages/fsspec/asyn.py", line 56, in _runner
    result[0] = await coro
                ^^^^^^^^^^
  File "/home/cfontana/venv/a/lib/python3.12/site-packages/fsspec/implementations/http.py", line 247, in _cat_file
    self._raise_not_found_for_status(r, url)
  File "/home/cfontana/venv/a/lib/python3.12/site-packages/fsspec/implementations/http.py", line 229, in _raise_not_found_for_status
    raise FileNotFoundError(url)
FileNotFoundError: https://erddap.ifremer.fr/erddap/tabledap/ArgoFloats-synthetic-BGC.nc?config_mission_number,cycle_number,direction,down_irradiance380,down_irradiance380_adjusted,down_irradiance380_adjusted_error,down_irradiance380_adjusted_qc,down_irradiance380_qc,down_irradiance443,down_irradiance443_adjusted,down_irradiance443_adjusted_error,down_irradiance443_adjusted_qc,down_irradiance443_qc,down_irradiance490,down_irradiance490_adjusted,down_irradiance490_adjusted_error,down_irradiance490_adjusted_qc,down_irradiance490_qc,down_irradiance555,down_irradiance555_adjusted,down_irradiance555_adjusted_error,down_irradiance555_adjusted_qc,down_irradiance555_qc,doxy,doxy_adjusted,doxy_adjusted_error,doxy_adjusted_qc,doxy_qc,latitude,longitude,platform_number,position_qc,pres,pres_adjusted,pres_adjusted_error,pres_adjusted_qc,pres_qc,psal,psal_adjusted,psal_adjusted_error,psal_adjusted_qc,psal_qc,temp,temp_adjusted,temp_adjusted_error,temp_adjusted_qc,temp_qc,time,time_qc&longitude>=11.231771438324365&longitude<=16.22656310499103&latitude>=38.919271536217266&latitude<=42.4557298695506&pres>=0&pres<=500&time>=1783641600.0&time<=1784073600.0&latitude!=NaN&longitude!=NaN&distinct()&orderBy("time,pres")
+ [ 1 -eq 0 ]
+ cd ../../
+ [ 1 -eq 1 ]
+ source /home/cfontana/venv/c/bin/activate
+ 1> /dev/null
+ deactivate nondestructive
+ [ -n /home/cfontana/venv/c/bin:/usr/local/sbin:/usr/local/bin:/usr/sbin:/usr/bin:/sbin:/bin:/usr/games:/usr/local/games:/snap/bin ]
+ PATH=/home/cfontana/venv/c/bin:/usr/local/sbin:/usr/local/bin:/usr/sbin:/usr/bin:/sbin:/bin:/usr/games:/usr/local/games:/snap/bin
+ export PATH
+ unset _OLD_VIRTUAL_PATH
+ [ -n '' ]
+ hash -r
+ 2> /dev/null
+ [ -n '(c) \[\e]0;\u@\h: \w\a\]${debian_chroot:+($debian_chroot)}\[\033[01;32m\]\u@\h\[\033[00m\]:\[\033[01;34m\]\w\[\033[00m\]\$ ' ]
+ PS1='(c) \[\e]0;\u@\h: \w\a\]${debian_chroot:+($debian_chroot)}\[\033[01;32m\]\u@\h\[\033[00m\]:\[\033[01;34m\]\w\[\033[00m\]\$ '
+ export PS1
+ unset _OLD_VIRTUAL_PS1
+ unset VIRTUAL_ENV
+ unset VIRTUAL_ENV_PROMPT
+ [ ! nondestructive '=' nondestructive ]
+ [ '' '=' cygwin ]
+ [ '' '=' msys ]
+ VIRTUAL_ENV=/home/cfontana/venv/c
+ export VIRTUAL_ENV
+ _OLD_VIRTUAL_PATH=/home/cfontana/venv/c/bin:/usr/local/sbin:/usr/local/bin:/usr/sbin:/usr/bin:/sbin:/bin:/usr/games:/usr/local/games:/snap/bin
+ PATH=/home/cfontana/venv/c/bin:/home/cfontana/venv/c/bin:/usr/local/sbin:/usr/local/bin:/usr/sbin:/usr/bin:/sbin:/bin:/usr/games:/usr/local/games:/snap/bin
+ export PATH
+ [ -n '' ]
+ [ -z '' ]
+ _OLD_VIRTUAL_PS1='(c) \[\e]0;\u@\h: \w\a\]${debian_chroot:+($debian_chroot)}\[\033[01;32m\]\u@\h\[\033[00m\]:\[\033[01;34m\]\w\[\033[00m\]\$ '
+ PS1='(c) (c) \[\e]0;\u@\h: \w\a\]${debian_chroot:+($debian_chroot)}\[\033[01;32m\]\u@\h\[\033[00m\]:\[\033[01;34m\]\w\[\033[00m\]\$ '
+ export PS1
+ VIRTUAL_ENV_PROMPT='(c) '
+ export VIRTUAL_ENV_PROMPT
+ hash -r
+ 2> /dev/null
+ static=/scratch/cfontana/DIAGS/TYR_2026-07-10/static_TYR_2026-07-10
+ mkdir /scratch/cfontana/DIAGS/TYR_2026-07-10/static_TYR_2026-07-10
+ dir=/scratch/cfontana/DIAGS/TYR_2026-07-10/CMEMS/thetao/ITP_NC
+ i=1
+ ls /scratch/cfontana/DIAGS/TYR_2026-07-10/CMEMS/thetao/ITP_NC/PLOT/
+ cp /scratch/cfontana/DIAGS/TYR_2026-07-10/CMEMS/thetao/ITP_NC/PLOT/2026071000_thetao.jpg /scratch/cfontana/DIAGS/TYR_2026-07-10/static_TYR_2026-07-10/thetao_1.jpg
+ let i=1+1
+ cp /scratch/cfontana/DIAGS/TYR_2026-07-10/CMEMS/thetao/ITP_NC/PLOT/2026071100_thetao.jpg /scratch/cfontana/DIAGS/TYR_2026-07-10/static_TYR_2026-07-10/thetao_2.jpg
+ let i=2+1
+ cp /scratch/cfontana/DIAGS/TYR_2026-07-10/CMEMS/thetao/ITP_NC/PLOT/2026071200_thetao.jpg /scratch/cfontana/DIAGS/TYR_2026-07-10/static_TYR_2026-07-10/thetao_3.jpg
+ let i=3+1
+ cp /scratch/cfontana/DIAGS/TYR_2026-07-10/CMEMS/thetao/ITP_NC/PLOT/2026071300_thetao.jpg /scratch/cfontana/DIAGS/TYR_2026-07-10/static_TYR_2026-07-10/thetao_4.jpg
+ let i=4+1
+ cp /scratch/cfontana/DIAGS/TYR_2026-07-10/CMEMS/thetao/ITP_NC/time_series.jpg /scratch/cfontana/DIAGS/TYR_2026-07-10/static_TYR_2026-07-10/time_series_thetao.jpg
+ dir=/scratch/cfontana/DIAGS/TYR_2026-07-10/CMEMS/chl/ITP_NC
+ i=1
+ ls /scratch/cfontana/DIAGS/TYR_2026-07-10/CMEMS/chl/ITP_NC/PLOT/
+ cp /scratch/cfontana/DIAGS/TYR_2026-07-10/CMEMS/chl/ITP_NC/PLOT/2026071012_chl.jpg /scratch/cfontana/DIAGS/TYR_2026-07-10/static_TYR_2026-07-10/chl_1.jpg
+ let i=1+1
+ cp /scratch/cfontana/DIAGS/TYR_2026-07-10/CMEMS/chl/ITP_NC/PLOT/2026071112_chl.jpg /scratch/cfontana/DIAGS/TYR_2026-07-10/static_TYR_2026-07-10/chl_2.jpg
+ let i=2+1
+ cp /scratch/cfontana/DIAGS/TYR_2026-07-10/CMEMS/chl/ITP_NC/PLOT/2026071212_chl.jpg /scratch/cfontana/DIAGS/TYR_2026-07-10/static_TYR_2026-07-10/chl_3.jpg
+ let i=3+1
+ cp /scratch/cfontana/DIAGS/TYR_2026-07-10/CMEMS/chl/ITP_NC/PLOT/2026071312_chl.jpg /scratch/cfontana/DIAGS/TYR_2026-07-10/static_TYR_2026-07-10/chl_4.jpg
+ let i=4+1
+ cp /scratch/cfontana/DIAGS/TYR_2026-07-10/CMEMS/chl/ITP_NC/PLOT/2026071412_chl.jpg /scratch/cfontana/DIAGS/TYR_2026-07-10/static_TYR_2026-07-10/chl_5.jpg
+ let i=5+1
+ cp /scratch/cfontana/DIAGS/TYR_2026-07-10/CMEMS/chl/ITP_NC/time_series.jpg /scratch/cfontana/DIAGS/TYR_2026-07-10/static_TYR_2026-07-10/time_series_chl.jpg
+ dir=/scratch/cfontana/DIAGS/TYR_2026-07-10/RADAR/
+ i=1
+ ls /scratch/cfontana/DIAGS/TYR_2026-07-10/RADAR//20260710_00.jpg /scratch/cfontana/DIAGS/TYR_2026-07-10/RADAR//20260711_00.jpg /scratch/cfontana/DIAGS/TYR_2026-07-10/RADAR//20260712_00.jpg /scratch/cfontana/DIAGS/TYR_2026-07-10/RADAR//20260713_00.jpg /scratch/cfontana/DIAGS/TYR_2026-07-10/RADAR//20260714_00.jpg /scratch/cfontana/DIAGS/TYR_2026-07-10/RADAR//20260715_00.jpg
+ cp /scratch/cfontana/DIAGS/TYR_2026-07-10/RADAR//20260710_00.jpg /scratch/cfontana/DIAGS/TYR_2026-07-10/static_TYR_2026-07-10/radar_1.jpg
+ let i=1+1
+ cp /scratch/cfontana/DIAGS/TYR_2026-07-10/RADAR//20260711_00.jpg /scratch/cfontana/DIAGS/TYR_2026-07-10/static_TYR_2026-07-10/radar_2.jpg
+ let i=2+1
+ cp /scratch/cfontana/DIAGS/TYR_2026-07-10/RADAR//20260712_00.jpg /scratch/cfontana/DIAGS/TYR_2026-07-10/static_TYR_2026-07-10/radar_3.jpg
+ let i=3+1
+ cp /scratch/cfontana/DIAGS/TYR_2026-07-10/RADAR//20260713_00.jpg /scratch/cfontana/DIAGS/TYR_2026-07-10/static_TYR_2026-07-10/radar_4.jpg
+ let i=4+1
+ cp /scratch/cfontana/DIAGS/TYR_2026-07-10/RADAR//20260714_00.jpg /scratch/cfontana/DIAGS/TYR_2026-07-10/static_TYR_2026-07-10/radar_5.jpg
+ let i=5+1
+ cp /scratch/cfontana/DIAGS/TYR_2026-07-10/RADAR//20260715_00.jpg /scratch/cfontana/DIAGS/TYR_2026-07-10/static_TYR_2026-07-10/radar_6.jpg
+ let i=6+1
+ dir=/scratch/cfontana/DIAGS/TYR_2026-07-10/ARGO/
+ ls -d '/scratch/cfontana/DIAGS/TYR_2026-07-10/ARGO//bio*/'
ls: cannot access '/scratch/cfontana/DIAGS/TYR_2026-07-10/ARGO//bio*/': No such file or directory
+ i=1
+ 1> /scratch/cfontana/DIAGS/TYR_2026-07-10/static_TYR_2026-07-10/list.txt
+ ls -d /scratch/cfontana/DIAGS/TYR_2026-07-10/ARGO//2904023/
+ ls /scratch/cfontana/DIAGS/TYR_2026-07-10/ARGO//2904023//profile_80.jpg
+ cp /scratch/cfontana/DIAGS/TYR_2026-07-10/ARGO//2904023//profile_80.jpg /scratch/cfontana/DIAGS/TYR_2026-07-10/static_TYR_2026-07-10/argo_1.jpg
+ echo argo_1.jpg
+ let i=1+1
+ cp /scratch/cfontana/DIAGS/TYR_2026-07-10/ARGO//map.jpg /scratch/cfontana/DIAGS/TYR_2026-07-10/static_TYR_2026-07-10
+ scp -r /scratch/cfontana/DIAGS/TYR_2026-07-10/static_TYR_2026-07-10 yulpa175555@webhost03.yulpa.io:/datas/yulpa175555/sites/merval.eg2.fr/htdocs/DIAGS
+ echo 'PROCESSING GOT'
PROCESSING GOT
+ echo '_______________ '
_______________ 
+ date
Sat Jul 11 16:11:07 CEST 2026
+ config=GOT_2026-07-10
+ echo GOT
+ awk '{print tolower($0)}'
+ lower=got
+ set -x
+ cat config/config_GOT.json
+ sed -e s/FREQ/hourly/
+ sed -e s/DINI/2026-07-10/g
+ 1> config/config_GOT_2026-07-10.json
+ sed -e s/DOUT/20260710/
+ sed -e s/DEND/2026-07-15/
+ cp config/cmems_DOMAIN.dat config/cmems_GOT_2026-07-10.dat
+ cp config/variables_mit_DOMAIN.dat config/variables_mit_GOT_2026-07-10.dat
+ jq -r .diagdir config/config_GOT_2026-07-10.json
+ diagdir=/scratch/cfontana/DIAGS/GOT_2026-07-10
+ jq -r .radardir config/config_GOT_2026-07-10.json
+ radardir=/scratch/cfontana/RADAR/
+ [ 0 -eq 0 -a 0 -eq 1 ]
+ [ 1 -eq 1 ]
+ cd datasets/CMEMS
+ python get_data_sat.py -c GOT_2026-07-10 -v thetao
INFO - 2026-07-11T14:11:10Z - Selected dataset version: "202311"
INFO - 2026-07-11T14:11:10Z - Selected dataset part: "default"
WARNING - 2026-07-11T14:11:10Z - Some of your subset selection [44.41927205960577, 46.8307303929391] for the latitude dimension exceed the dataset coordinates [30.254167556762695, 45.99583435058594]
WARNING - 2026-07-11T14:11:10Z - Some of your subset selection [2026-07-10 00:00:00+00:00, 2026-07-15 00:00:00+00:00] for the time dimension exceed the dataset coordinates [2008-01-01 00:00:00+00:00, 2026-07-11 00:00:00+00:00]
----------------------------------
=> Config file GOT_2026-07-10 loaded
----------------------------------

Downloading CMEMS products : SST_MED_SST_L3S_NRT_OBSERVATIONS_010_012_b
=> Variable [np.str_('adjusted_sea_surface_temperature')] 

------------------------------
DATE =>>> 2026-07-10 2026-07-15
------------------------------

[FILE SAVED ] /scratch/cfontana/DIAGS/GOT_2026-07-10/CMEMS/data/SST_MED_SST_L3S_NRT_OBSERVATIONS_010_012_b.nc
+ python interp_cmems.py -c GOT_2026-07-10 -v thetao
----------------------------------
=> Config file GOT_2026-07-10 loaded
----------------------------------


[FILE SAVED] /scratch/cfontana/DIAGS/GOT_2026-07-10/CMEMS/thetao/ITP_NC/thetao_20260710.nc


[FILE SAVED] /scratch/cfontana/DIAGS/GOT_2026-07-10/CMEMS/thetao/ITP_NC/thetao_20260711.nc

+ [ 2 -eq 2 ]
+ error=1
+ cd ../../plot
+ python plot_CMEMS_pickle_data_vs_sat.py -c GOT_2026-07-10 -v thetao -s CMEMS
----------------------------------
=> Config file GOT_2026-07-10 loaded
----------------------------------

Processing
739807 25.70454396935462 26.626434 nan 0.5409090909090909
739808 25.76942579933066 26.071701 nan 0.7519480519480519
[Errno 2] No such file or directory: '/scratch/cfontana/DIAGS/GOT_2026-07-10/CMEMS/thetao/ITP_NC/thetao_20260712.nc' 

=> in get_sat_2D :
Error processing file /scratch/cfontana/DIAGS/GOT_2026-07-10/CMEMS/thetao/ITP_NC/thetao_20260712.nc
File not found
739809 25.782834648043636 nan 26.40971556176393 1
[Errno 2] No such file or directory: '/scratch/cfontana/DIAGS/GOT_2026-07-10/CMEMS/thetao/ITP_NC/thetao_20260713.nc' 

=> in get_sat_2D :
Error processing file /scratch/cfontana/DIAGS/GOT_2026-07-10/CMEMS/thetao/ITP_NC/thetao_20260713.nc
File not found
739810 26.078715882840363 nan 26.58067624967957 1
[Errno 2] No such file or directory: '/scratch/cfontana/DIAGS/GOT_2026-07-10/CMEMS/thetao/ITP_NC/thetao_20260714.nc' 

=> in get_sat_2D :
Error processing file /scratch/cfontana/DIAGS/GOT_2026-07-10/CMEMS/thetao/ITP_NC/thetao_20260714.nc
File not found
739811 26.25802851562617 nan 26.775432839068362 1
[Errno 2] No such file or directory: '/scratch/cfontana/DIAGS/GOT_2026-07-10/CMEMS/thetao/ITP_NC/thetao_20260715.nc' 

=> in get_sat_2D :
Error processing file /scratch/cfontana/DIAGS/GOT_2026-07-10/CMEMS/thetao/ITP_NC/thetao_20260715.nc
File not found
739812 26.4993330024536 nan 27.165475835151653 1
[SAVED FIG] /scratch/cfontana/DIAGS/GOT_2026-07-10/CMEMS/thetao/ITP_NC/PLOT/2026071000_thetao.jpg
[SAVED FIG] /scratch/cfontana/DIAGS/GOT_2026-07-10/CMEMS/thetao/ITP_NC/PLOT/2026071100_thetao.jpg
[SAVED FIG] /scratch/cfontana/DIAGS/GOT_2026-07-10/CMEMS/thetao/ITP_NC/PLOT/2026071200_thetao.jpg
[SAVED FIG] /scratch/cfontana/DIAGS/GOT_2026-07-10/CMEMS/thetao/ITP_NC/PLOT/2026071300_thetao.jpg
[SAVED FIG] /scratch/cfontana/DIAGS/GOT_2026-07-10/CMEMS/thetao/ITP_NC/PLOT/2026071400_thetao.jpg
[SAVED FIG] /scratch/cfontana/DIAGS/GOT_2026-07-10/CMEMS/thetao/ITP_NC/PLOT/2026071500_thetao.jpg
+ python plot_sat_CMEMS_timeseries.py -c GOT_2026-07-10 -v thetao -s CMEMS
----------------------------------
=> Config file GOT_2026-07-10 loaded
----------------------------------

[SAVED FIG] /scratch/cfontana/DIAGS/GOT_2026-07-10/CMEMS/thetao/ITP_NC/time_series.jpg
+ rm -f '/scratch/cfontana/DIAGS/GOT_2026-07-10/CMEMS/thetao/ITP_NC/PLOT/*.pkl'
+ [ 1 -eq 1 ]
+ rm -f /scratch/cfontana/DIAGS/GOT_2026-07-10/CMEMS/thetao/ITP_NC/thetao_20260710.nc /scratch/cfontana/DIAGS/GOT_2026-07-10/CMEMS/thetao/ITP_NC/thetao_20260711.nc
+ date
Sat Jul 11 16:13:55 CEST 2026
+ cd ..
+ [ 1 -eq 1 ]
+ cd datasets/HFRADAR
+ python read_radar.py -c GOT_2026-07-10
----------------------------------
=> Config file GOT_2026-07-10 loaded
----------------------------------


----------
20260710 0
[Errno 2] No such file or directory: '/scratch/cfontana/RADAR//2026-07-10/EUHFR_NRTcurrent_HFR-TirLig-Total_v3.nc'
[Errno 2] No such file or directory: '/scratch/cfontana/RADAR//2026-07-10/EUHFR_NRTcurrent_HFR-ARPAS-Total_v3.nc'
[Errno 2] No such file or directory: '/scratch/cfontana/RADAR//2026-07-10/EUHFR_NRTcurrent_HFR-LaMMA-Total_v3.nc'
[Errno 2] No such file or directory: '/scratch/cfontana/RADAR//2026-07-10/EUHFR_NRTcurrent_HFR-GoS-Total_v3.nc'
[Errno 2] No such file or directory: '/scratch/cfontana/RADAR//2026-07-10/EUHFR_NRTcurrent_HFR-WesternItaly-Total_v3.nc'
[Errno 2] No such file or directory: '/scratch/cfontana/RADAR//2026-07-10/EUHFR_NRTcurrent_HFR-Granitola-Total_v3.nc'
[Errno 2] No such file or directory: '/scratch/cfontana/RADAR//2026-07-10/EUHFR_NRTcurrent_HFR-NAdr-Total_v3.nc'
[Errno 2] No such file or directory: '/scratch/cfontana/RADAR//2026-07-10/EUHFR_NRTcurrent_HFR-GoM-Total_v3.nc'
[SAVED FIG] /scratch/cfontana/DIAGS/GOT_2026-07-10/RADAR/20260710_00.jpg

----------
20260711 0
[Errno 2] No such file or directory: '/scratch/cfontana/RADAR//2026-07-10/EUHFR_NRTcurrent_HFR-TirLig-Total_v3.nc'
[Errno 2] No such file or directory: '/scratch/cfontana/RADAR//2026-07-10/EUHFR_NRTcurrent_HFR-ARPAS-Total_v3.nc'
[Errno 2] No such file or directory: '/scratch/cfontana/RADAR//2026-07-10/EUHFR_NRTcurrent_HFR-LaMMA-Total_v3.nc'
[Errno 2] No such file or directory: '/scratch/cfontana/RADAR//2026-07-10/EUHFR_NRTcurrent_HFR-GoS-Total_v3.nc'
[Errno 2] No such file or directory: '/scratch/cfontana/RADAR//2026-07-10/EUHFR_NRTcurrent_HFR-WesternItaly-Total_v3.nc'
[Errno 2] No such file or directory: '/scratch/cfontana/RADAR//2026-07-10/EUHFR_NRTcurrent_HFR-Granitola-Total_v3.nc'
[Errno 2] No such file or directory: '/scratch/cfontana/RADAR//2026-07-10/EUHFR_NRTcurrent_HFR-NAdr-Total_v3.nc'
[Errno 2] No such file or directory: '/scratch/cfontana/RADAR//2026-07-10/EUHFR_NRTcurrent_HFR-GoM-Total_v3.nc'
[SAVED FIG] /scratch/cfontana/DIAGS/GOT_2026-07-10/RADAR/20260711_00.jpg

----------
20260712 0
[Errno 2] No such file or directory: '/scratch/cfontana/RADAR//2026-07-10/EUHFR_NRTcurrent_HFR-TirLig-Total_v3.nc'
[Errno 2] No such file or directory: '/scratch/cfontana/RADAR//2026-07-10/EUHFR_NRTcurrent_HFR-ARPAS-Total_v3.nc'
[Errno 2] No such file or directory: '/scratch/cfontana/RADAR//2026-07-10/EUHFR_NRTcurrent_HFR-LaMMA-Total_v3.nc'
[Errno 2] No such file or directory: '/scratch/cfontana/RADAR//2026-07-10/EUHFR_NRTcurrent_HFR-GoS-Total_v3.nc'
[Errno 2] No such file or directory: '/scratch/cfontana/RADAR//2026-07-10/EUHFR_NRTcurrent_HFR-WesternItaly-Total_v3.nc'
[Errno 2] No such file or directory: '/scratch/cfontana/RADAR//2026-07-10/EUHFR_NRTcurrent_HFR-Granitola-Total_v3.nc'
[Errno 2] No such file or directory: '/scratch/cfontana/RADAR//2026-07-10/EUHFR_NRTcurrent_HFR-NAdr-Total_v3.nc'
[Errno 2] No such file or directory: '/scratch/cfontana/RADAR//2026-07-10/EUHFR_NRTcurrent_HFR-GoM-Total_v3.nc'
[SAVED FIG] /scratch/cfontana/DIAGS/GOT_2026-07-10/RADAR/20260712_00.jpg

----------
20260713 0
[Errno 2] No such file or directory: '/scratch/cfontana/RADAR//2026-07-10/EUHFR_NRTcurrent_HFR-TirLig-Total_v3.nc'
[Errno 2] No such file or directory: '/scratch/cfontana/RADAR//2026-07-10/EUHFR_NRTcurrent_HFR-ARPAS-Total_v3.nc'
[Errno 2] No such file or directory: '/scratch/cfontana/RADAR//2026-07-10/EUHFR_NRTcurrent_HFR-LaMMA-Total_v3.nc'
[Errno 2] No such file or directory: '/scratch/cfontana/RADAR//2026-07-10/EUHFR_NRTcurrent_HFR-GoS-Total_v3.nc'
[Errno 2] No such file or directory: '/scratch/cfontana/RADAR//2026-07-10/EUHFR_NRTcurrent_HFR-WesternItaly-Total_v3.nc'
[Errno 2] No such file or directory: '/scratch/cfontana/RADAR//2026-07-10/EUHFR_NRTcurrent_HFR-Granitola-Total_v3.nc'
[Errno 2] No such file or directory: '/scratch/cfontana/RADAR//2026-07-10/EUHFR_NRTcurrent_HFR-NAdr-Total_v3.nc'
[Errno 2] No such file or directory: '/scratch/cfontana/RADAR//2026-07-10/EUHFR_NRTcurrent_HFR-GoM-Total_v3.nc'
[SAVED FIG] /scratch/cfontana/DIAGS/GOT_2026-07-10/RADAR/20260713_00.jpg

----------
20260714 0
[Errno 2] No such file or directory: '/scratch/cfontana/RADAR//2026-07-10/EUHFR_NRTcurrent_HFR-TirLig-Total_v3.nc'
[Errno 2] No such file or directory: '/scratch/cfontana/RADAR//2026-07-10/EUHFR_NRTcurrent_HFR-ARPAS-Total_v3.nc'
[Errno 2] No such file or directory: '/scratch/cfontana/RADAR//2026-07-10/EUHFR_NRTcurrent_HFR-LaMMA-Total_v3.nc'
[Errno 2] No such file or directory: '/scratch/cfontana/RADAR//2026-07-10/EUHFR_NRTcurrent_HFR-GoS-Total_v3.nc'
[Errno 2] No such file or directory: '/scratch/cfontana/RADAR//2026-07-10/EUHFR_NRTcurrent_HFR-WesternItaly-Total_v3.nc'
[Errno 2] No such file or directory: '/scratch/cfontana/RADAR//2026-07-10/EUHFR_NRTcurrent_HFR-Granitola-Total_v3.nc'
[Errno 2] No such file or directory: '/scratch/cfontana/RADAR//2026-07-10/EUHFR_NRTcurrent_HFR-NAdr-Total_v3.nc'
[Errno 2] No such file or directory: '/scratch/cfontana/RADAR//2026-07-10/EUHFR_NRTcurrent_HFR-GoM-Total_v3.nc'
[SAVED FIG] /scratch/cfontana/DIAGS/GOT_2026-07-10/RADAR/20260714_00.jpg

----------
20260715 0
[Errno 2] No such file or directory: '/scratch/cfontana/RADAR//2026-07-10/EUHFR_NRTcurrent_HFR-TirLig-Total_v3.nc'
[Errno 2] No such file or directory: '/scratch/cfontana/RADAR//2026-07-10/EUHFR_NRTcurrent_HFR-ARPAS-Total_v3.nc'
[Errno 2] No such file or directory: '/scratch/cfontana/RADAR//2026-07-10/EUHFR_NRTcurrent_HFR-LaMMA-Total_v3.nc'
[Errno 2] No such file or directory: '/scratch/cfontana/RADAR//2026-07-10/EUHFR_NRTcurrent_HFR-GoS-Total_v3.nc'
[Errno 2] No such file or directory: '/scratch/cfontana/RADAR//2026-07-10/EUHFR_NRTcurrent_HFR-WesternItaly-Total_v3.nc'
[Errno 2] No such file or directory: '/scratch/cfontana/RADAR//2026-07-10/EUHFR_NRTcurrent_HFR-Granitola-Total_v3.nc'
[Errno 2] No such file or directory: '/scratch/cfontana/RADAR//2026-07-10/EUHFR_NRTcurrent_HFR-NAdr-Total_v3.nc'
[Errno 2] No such file or directory: '/scratch/cfontana/RADAR//2026-07-10/EUHFR_NRTcurrent_HFR-GoM-Total_v3.nc'
[SAVED FIG] /scratch/cfontana/DIAGS/GOT_2026-07-10/RADAR/20260715_00.jpg
+ date
Sat Jul 11 16:14:09 CEST 2026
+ cd ../..
+ sed -e s/DOUT/20260710/
+ cat config/config_GOT.json
+ sed -e s/FREQ/daily/
+ sed -e s/DINI/2026-07-10/g
+ 1> config/config_GOT_2026-07-10.json
+ sed -e s/DEND/2026-07-15/
+ [ 1 -eq 1 ]
+ cd datasets/CMEMS
+ python get_data_sat.py -c GOT_2026-07-10 -v chl
INFO - 2026-07-11T14:14:12Z - Selected dataset version: "202211"
INFO - 2026-07-11T14:14:12Z - Selected dataset part: "default"
WARNING - 2026-07-11T14:14:12Z - Some of your subset selection [44.41927205960577, 46.8307303929391] for the latitude dimension exceed the dataset coordinates [30.005064010620117, 45.994937896728516]
WARNING - 2026-07-11T14:14:12Z - Some of your subset selection [2026-07-10 00:00:00+00:00, 2026-07-15 00:00:00+00:00] for the time dimension exceed the dataset coordinates [2026-07-03 00:00:00+00:00, 2026-07-10 00:00:00+00:00]
----------------------------------
=> Config file GOT_2026-07-10 loaded
----------------------------------

Downloading CMEMS products : cmems_obs-oc_med_bgc-plankton_nrt_l3-multi-1km_P1D
=> Variable ['CHL', 'KD490'] 

------------------------------
DATE =>>> 2026-07-10 2026-07-15
------------------------------

[FILE SAVED ] /scratch/cfontana/DIAGS/GOT_2026-07-10/CMEMS/data/cmems_obs-oc_med_bgc-plankton_nrt_l3-multi-1km_P1D.nc
+ python interp_cmems.py -c GOT_2026-07-10 -v chl
----------------------------------
=> Config file GOT_2026-07-10 loaded
----------------------------------


[FILE SAVED] /scratch/cfontana/DIAGS/GOT_2026-07-10/CMEMS/chl/ITP_NC/chl_20260710.nc

+ [ 2 -eq 2 ]
+ error=1
+ cd ../../plot
+ python plot_CMEMS_pickle_data_vs_sat.py -c GOT_2026-07-10 -v chl -s CMEMS
----------------------------------
=> Config file GOT_2026-07-10 loaded
----------------------------------

Processing
739807 0.5336036163005348 0.5270088 nan 0.676948051948052
[Errno 2] No such file or directory: '/scratch/cfontana/DIAGS/GOT_2026-07-10/CMEMS/chl/ITP_NC/chl_20260711.nc' 

=> in get_sat_2D :
Error processing file /scratch/cfontana/DIAGS/GOT_2026-07-10/CMEMS/chl/ITP_NC/chl_20260711.nc
File not found
739808 0.5437538010729972 nan 0.2548856430565839 1
[Errno 2] No such file or directory: '/scratch/cfontana/DIAGS/GOT_2026-07-10/CMEMS/chl/ITP_NC/chl_20260712.nc' 

=> in get_sat_2D :
Error processing file /scratch/cfontana/DIAGS/GOT_2026-07-10/CMEMS/chl/ITP_NC/chl_20260712.nc
File not found
739809 0.5063699781998532 nan 0.23811591817768046 1
[Errno 2] No such file or directory: '/scratch/cfontana/DIAGS/GOT_2026-07-10/CMEMS/chl/ITP_NC/chl_20260713.nc' 

=> in get_sat_2D :
Error processing file /scratch/cfontana/DIAGS/GOT_2026-07-10/CMEMS/chl/ITP_NC/chl_20260713.nc
File not found
739810 0.49814638306186254 nan 0.22346642277183662 1
[Errno 2] No such file or directory: '/scratch/cfontana/DIAGS/GOT_2026-07-10/CMEMS/chl/ITP_NC/chl_20260714.nc' 

=> in get_sat_2D :
Error processing file /scratch/cfontana/DIAGS/GOT_2026-07-10/CMEMS/chl/ITP_NC/chl_20260714.nc
File not found
739811 0.472323935106151 nan 0.20373371812865815 1
[Errno 2] No such file or directory: '/scratch/cfontana/DIAGS/GOT_2026-07-10/CMEMS/chl/ITP_NC/chl_20260715.nc' 

=> in get_sat_2D :
Error processing file /scratch/cfontana/DIAGS/GOT_2026-07-10/CMEMS/chl/ITP_NC/chl_20260715.nc
File not found
739812 0.460524307966852 nan 0.1900874324278734 1
[SAVED FIG] /scratch/cfontana/DIAGS/GOT_2026-07-10/CMEMS/chl/ITP_NC/PLOT/2026071012_chl.jpg
[SAVED FIG] /scratch/cfontana/DIAGS/GOT_2026-07-10/CMEMS/chl/ITP_NC/PLOT/2026071112_chl.jpg
[SAVED FIG] /scratch/cfontana/DIAGS/GOT_2026-07-10/CMEMS/chl/ITP_NC/PLOT/2026071212_chl.jpg
[SAVED FIG] /scratch/cfontana/DIAGS/GOT_2026-07-10/CMEMS/chl/ITP_NC/PLOT/2026071312_chl.jpg
[SAVED FIG] /scratch/cfontana/DIAGS/GOT_2026-07-10/CMEMS/chl/ITP_NC/PLOT/2026071412_chl.jpg
[SAVED FIG] /scratch/cfontana/DIAGS/GOT_2026-07-10/CMEMS/chl/ITP_NC/PLOT/2026071512_chl.jpg
+ python plot_sat_CMEMS_timeseries.py -c GOT_2026-07-10 -v chl -s CMEMS
----------------------------------
=> Config file GOT_2026-07-10 loaded
----------------------------------

[SAVED FIG] /scratch/cfontana/DIAGS/GOT_2026-07-10/CMEMS/chl/ITP_NC/time_series.jpg
+ rm -f '/scratch/cfontana/DIAGS/GOT_2026-07-10/CMEMS/chl/ITP_NC/PLOT/*.pkl'
+ [ 1 -eq 1 ]
+ rm -f /scratch/cfontana/DIAGS/GOT_2026-07-10/CMEMS/chl/ITP_NC/chl_20260710.nc
+ date
Sat Jul 11 16:16:19 CEST 2026
+ cd ..
+ [ 1 -eq 0 ]
+ [ 1 -eq 1 ]
+ rm -f /scratch/cfontana/DIAGS/GOT_2026-07-10/CMEMS/data/SST_MED_SST_L3S_NRT_OBSERVATIONS_010_012_b.nc /scratch/cfontana/DIAGS/GOT_2026-07-10/CMEMS/data/cmems_obs-oc_med_bgc-plankton_nrt_l3-multi-1km_P1D.nc
+ [ 1 -eq 1 ]
+ source /home/cfontana/venv/a/bin/activate
+ 1> /dev/null
+ deactivate nondestructive
+ [ -n /home/cfontana/venv/c/bin:/usr/local/sbin:/usr/local/bin:/usr/sbin:/usr/bin:/sbin:/bin:/usr/games:/usr/local/games:/snap/bin ]
+ PATH=/home/cfontana/venv/c/bin:/usr/local/sbin:/usr/local/bin:/usr/sbin:/usr/bin:/sbin:/bin:/usr/games:/usr/local/games:/snap/bin
+ export PATH
+ unset _OLD_VIRTUAL_PATH
+ [ -n '' ]
+ hash -r
+ 2> /dev/null
+ [ -n '(c) \[\e]0;\u@\h: \w\a\]${debian_chroot:+($debian_chroot)}\[\033[01;32m\]\u@\h\[\033[00m\]:\[\033[01;34m\]\w\[\033[00m\]\$ ' ]
+ PS1='(c) \[\e]0;\u@\h: \w\a\]${debian_chroot:+($debian_chroot)}\[\033[01;32m\]\u@\h\[\033[00m\]:\[\033[01;34m\]\w\[\033[00m\]\$ '
+ export PS1
+ unset _OLD_VIRTUAL_PS1
+ unset VIRTUAL_ENV
+ unset VIRTUAL_ENV_PROMPT
+ [ ! nondestructive '=' nondestructive ]
+ [ '' '=' cygwin ]
+ [ '' '=' msys ]
+ VIRTUAL_ENV=/home/cfontana/venv/a
+ export VIRTUAL_ENV
+ _OLD_VIRTUAL_PATH=/home/cfontana/venv/c/bin:/usr/local/sbin:/usr/local/bin:/usr/sbin:/usr/bin:/sbin:/bin:/usr/games:/usr/local/games:/snap/bin
+ PATH=/home/cfontana/venv/a/bin:/home/cfontana/venv/c/bin:/usr/local/sbin:/usr/local/bin:/usr/sbin:/usr/bin:/sbin:/bin:/usr/games:/usr/local/games:/snap/bin
+ export PATH
+ [ -n '' ]
+ [ -z '' ]
+ _OLD_VIRTUAL_PS1='(c) \[\e]0;\u@\h: \w\a\]${debian_chroot:+($debian_chroot)}\[\033[01;32m\]\u@\h\[\033[00m\]:\[\033[01;34m\]\w\[\033[00m\]\$ '
+ PS1='(a) (c) \[\e]0;\u@\h: \w\a\]${debian_chroot:+($debian_chroot)}\[\033[01;32m\]\u@\h\[\033[00m\]:\[\033[01;34m\]\w\[\033[00m\]\$ '
+ export PS1
+ VIRTUAL_ENV_PROMPT='(a) '
+ export VIRTUAL_ENV_PROMPT
+ hash -r
+ 2> /dev/null
+ sed -i s/daily/hourly/ config/config_GOT_2026-07-10.json
+ cd datasets/ARGO
+ python get_argo.py -c GOT_2026-07-10
----------------------------------
=> Config file GOT_2026-07-10 loaded
----------------------------------

[np.float64(13.398438162616767), np.float64(13.8098964959501), np.float64(45.41927205960577), np.float64(45.8307303929391), 0, 500, '2026-07-10', '2026-07-15']
Traceback (most recent call last):
  File "/home/cfontana/DATA_MED/datasets/ARGO/get_argo.py", line 73, in <module>
    f = f.region(box).load()
        ^^^^^^^^^^^^^^^^^^^^
  File "/home/cfontana/venv/a/lib/python3.12/site-packages/argopy/fetchers.py", line 886, in load
    self._data = self._to_xarray(**kwargs)
                 ^^^^^^^^^^^^^^^^^^^^^^^^^
  File "/home/cfontana/venv/a/lib/python3.12/site-packages/argopy/fetchers.py", line 673, in _to_xarray
    xds = self.fetcher.to_xarray(**kwargs)
          ^^^^^^^^^^^^^^^^^^^^^^^^^^^^^^^^
  File "/home/cfontana/venv/a/lib/python3.12/site-packages/argopy/data_fetchers/erddap_data.py", line 583, in to_xarray
    results = self.fs.open_dataset(URI[0])
              ^^^^^^^^^^^^^^^^^^^^^^^^^^^^
  File "/home/cfontana/venv/a/lib/python3.12/site-packages/argopy/stores/implementations/http.py", line 349, in open_dataset
    target, _ = load_in_memory(
                ^^^^^^^^^^^^^^^
  File "/home/cfontana/venv/a/lib/python3.12/site-packages/argopy/stores/implementations/http.py", line 261, in load_in_memory
    data = self.download_url(url, **dwn_opts)
           ^^^^^^^^^^^^^^^^^^^^^^^^^^^^^^^^^^
  File "/home/cfontana/venv/a/lib/python3.12/site-packages/argopy/stores/implementations/http.py", line 169, in download_url
    data, n = make_request(
              ^^^^^^^^^^^^^
  File "/home/cfontana/venv/a/lib/python3.12/site-packages/argopy/stores/implementations/http.py", line 124, in make_request
    raise e
  File "/home/cfontana/venv/a/lib/python3.12/site-packages/argopy/stores/implementations/http.py", line 121, in make_request
    data = ffs.cat_file(url, **cat_opts)
           ^^^^^^^^^^^^^^^^^^^^^^^^^^^^^
  File "/home/cfontana/venv/a/lib/python3.12/site-packages/fsspec/asyn.py", line 118, in wrapper
    return sync(self.loop, func, *args, **kwargs)
           ^^^^^^^^^^^^^^^^^^^^^^^^^^^^^^^^^^^^^^
  File "/home/cfontana/venv/a/lib/python3.12/site-packages/fsspec/asyn.py", line 103, in sync
    raise return_result
  File "/home/cfontana/venv/a/lib/python3.12/site-packages/fsspec/asyn.py", line 56, in _runner
    result[0] = await coro
                ^^^^^^^^^^
  File "/home/cfontana/venv/a/lib/python3.12/site-packages/fsspec/implementations/http.py", line 247, in _cat_file
    self._raise_not_found_for_status(r, url)
  File "/home/cfontana/venv/a/lib/python3.12/site-packages/fsspec/implementations/http.py", line 229, in _raise_not_found_for_status
    raise FileNotFoundError(url)
FileNotFoundError: https://erddap.ifremer.fr/erddap/tabledap/ArgoFloats.nc?config_mission_number,cycle_number,data_mode,direction,latitude,longitude,platform_number,position_qc,pres,pres_adjusted,pres_adjusted_error,pres_adjusted_qc,pres_qc,psal,psal_adjusted,psal_adjusted_error,psal_adjusted_qc,psal_qc,temp,temp_adjusted,temp_adjusted_error,temp_adjusted_qc,temp_qc,time,time_qc,vertical_sampling_scheme&longitude>=13.398438162616767&longitude<=13.8098964959501&latitude>=45.41927205960577&latitude<=45.8307303929391&pres>=0&pres<=500&time>=1783641600.0&time<=1784073600.0&latitude!=NaN&longitude!=NaN&distinct()&orderBy("time,pres")
+ [ 1 -eq 0 ]
+ cd ../../
+ sed -i s/phy/bgc/ config/config_GOT_2026-07-10.json
+ cd datasets/ARGO
+ python get_argo.py -c GOT_2026-07-10
----------------------------------
=> Config file GOT_2026-07-10 loaded
----------------------------------

[np.float64(13.398438162616767), np.float64(13.8098964959501), np.float64(45.41927205960577), np.float64(45.8307303929391), 0, 500, '2026-07-10', '2026-07-15']
Traceback (most recent call last):
  File "/home/cfontana/DATA_MED/datasets/ARGO/get_argo.py", line 73, in <module>
    f = f.region(box).load()
        ^^^^^^^^^^^^^
  File "/home/cfontana/venv/a/lib/python3.12/site-packages/argopy/fetchers.py", line 68, in wrapper
    return AccessPoint(*args)
           ^^^^^^^^^^^^^^^^^^
  File "/home/cfontana/venv/a/lib/python3.12/site-packages/argopy/fetchers.py", line 648, in region
    self.fetcher = self.Fetchers["region"](box=box, **self.fetcher_options)
                   ^^^^^^^^^^^^^^^^^^^^^^^^^^^^^^^^^^^^^^^^^^^^^^^^^^^^^^^^
  File "/home/cfontana/venv/a/lib/python3.12/site-packages/argopy/data_fetchers/erddap_data.py", line 184, in __init__
    params = self._bgc_vlist_avail
             ^^^^^^^^^^^^^^^^^^^^^
  File "/home/cfontana/venv/a/lib/python3.12/site-packages/argopy/data_fetchers/erddap_data.py", line 305, in _bgc_vlist_avail
    params = self.indexfs.read_params()
             ^^^^^^^^^^^^^^^^^^^^^^^^^^
  File "/home/cfontana/venv/a/lib/python3.12/site-packages/argopy/stores/index/implementations/pandas/index.py", line 281, in read_params
    raise DataNotFound(
argopy.errors.DataNotFound: 'No data found in the index corresponding to your search criteria. Search definition: x=13.40/13.81;y=45.42/45.83;t=2026-07-10/2026-07-15'
+ [ 1 -eq 0 ]
+ cd ../../
+ [ 1 -eq 1 ]
+ source /home/cfontana/venv/c/bin/activate
+ 1> /dev/null
+ deactivate nondestructive
+ [ -n /home/cfontana/venv/c/bin:/usr/local/sbin:/usr/local/bin:/usr/sbin:/usr/bin:/sbin:/bin:/usr/games:/usr/local/games:/snap/bin ]
+ PATH=/home/cfontana/venv/c/bin:/usr/local/sbin:/usr/local/bin:/usr/sbin:/usr/bin:/sbin:/bin:/usr/games:/usr/local/games:/snap/bin
+ export PATH
+ unset _OLD_VIRTUAL_PATH
+ [ -n '' ]
+ hash -r
+ 2> /dev/null
+ [ -n '(c) \[\e]0;\u@\h: \w\a\]${debian_chroot:+($debian_chroot)}\[\033[01;32m\]\u@\h\[\033[00m\]:\[\033[01;34m\]\w\[\033[00m\]\$ ' ]
+ PS1='(c) \[\e]0;\u@\h: \w\a\]${debian_chroot:+($debian_chroot)}\[\033[01;32m\]\u@\h\[\033[00m\]:\[\033[01;34m\]\w\[\033[00m\]\$ '
+ export PS1
+ unset _OLD_VIRTUAL_PS1
+ unset VIRTUAL_ENV
+ unset VIRTUAL_ENV_PROMPT
+ [ ! nondestructive '=' nondestructive ]
+ [ '' '=' cygwin ]
+ [ '' '=' msys ]
+ VIRTUAL_ENV=/home/cfontana/venv/c
+ export VIRTUAL_ENV
+ _OLD_VIRTUAL_PATH=/home/cfontana/venv/c/bin:/usr/local/sbin:/usr/local/bin:/usr/sbin:/usr/bin:/sbin:/bin:/usr/games:/usr/local/games:/snap/bin
+ PATH=/home/cfontana/venv/c/bin:/home/cfontana/venv/c/bin:/usr/local/sbin:/usr/local/bin:/usr/sbin:/usr/bin:/sbin:/bin:/usr/games:/usr/local/games:/snap/bin
+ export PATH
+ [ -n '' ]
+ [ -z '' ]
+ _OLD_VIRTUAL_PS1='(c) \[\e]0;\u@\h: \w\a\]${debian_chroot:+($debian_chroot)}\[\033[01;32m\]\u@\h\[\033[00m\]:\[\033[01;34m\]\w\[\033[00m\]\$ '
+ PS1='(c) (c) \[\e]0;\u@\h: \w\a\]${debian_chroot:+($debian_chroot)}\[\033[01;32m\]\u@\h\[\033[00m\]:\[\033[01;34m\]\w\[\033[00m\]\$ '
+ export PS1
+ VIRTUAL_ENV_PROMPT='(c) '
+ export VIRTUAL_ENV_PROMPT
+ hash -r
+ 2> /dev/null
+ static=/scratch/cfontana/DIAGS/GOT_2026-07-10/static_GOT_2026-07-10
+ mkdir /scratch/cfontana/DIAGS/GOT_2026-07-10/static_GOT_2026-07-10
+ dir=/scratch/cfontana/DIAGS/GOT_2026-07-10/CMEMS/thetao/ITP_NC
+ i=1
+ ls /scratch/cfontana/DIAGS/GOT_2026-07-10/CMEMS/thetao/ITP_NC/PLOT/
+ cp /scratch/cfontana/DIAGS/GOT_2026-07-10/CMEMS/thetao/ITP_NC/PLOT/2026071000_thetao.jpg /scratch/cfontana/DIAGS/GOT_2026-07-10/static_GOT_2026-07-10/thetao_1.jpg
+ let i=1+1
+ cp /scratch/cfontana/DIAGS/GOT_2026-07-10/CMEMS/thetao/ITP_NC/PLOT/2026071100_thetao.jpg /scratch/cfontana/DIAGS/GOT_2026-07-10/static_GOT_2026-07-10/thetao_2.jpg
+ let i=2+1
+ cp /scratch/cfontana/DIAGS/GOT_2026-07-10/CMEMS/thetao/ITP_NC/PLOT/2026071200_thetao.jpg /scratch/cfontana/DIAGS/GOT_2026-07-10/static_GOT_2026-07-10/thetao_3.jpg
+ let i=3+1
+ cp /scratch/cfontana/DIAGS/GOT_2026-07-10/CMEMS/thetao/ITP_NC/PLOT/2026071300_thetao.jpg /scratch/cfontana/DIAGS/GOT_2026-07-10/static_GOT_2026-07-10/thetao_4.jpg
+ let i=4+1
+ cp /scratch/cfontana/DIAGS/GOT_2026-07-10/CMEMS/thetao/ITP_NC/PLOT/2026071400_thetao.jpg /scratch/cfontana/DIAGS/GOT_2026-07-10/static_GOT_2026-07-10/thetao_5.jpg
+ let i=5+1
+ cp /scratch/cfontana/DIAGS/GOT_2026-07-10/CMEMS/thetao/ITP_NC/PLOT/2026071500_thetao.jpg /scratch/cfontana/DIAGS/GOT_2026-07-10/static_GOT_2026-07-10/thetao_6.jpg
+ let i=6+1
+ cp /scratch/cfontana/DIAGS/GOT_2026-07-10/CMEMS/thetao/ITP_NC/time_series.jpg /scratch/cfontana/DIAGS/GOT_2026-07-10/static_GOT_2026-07-10/time_series_thetao.jpg
+ dir=/scratch/cfontana/DIAGS/GOT_2026-07-10/CMEMS/chl/ITP_NC
+ i=1
+ ls /scratch/cfontana/DIAGS/GOT_2026-07-10/CMEMS/chl/ITP_NC/PLOT/
+ cp /scratch/cfontana/DIAGS/GOT_2026-07-10/CMEMS/chl/ITP_NC/PLOT/2026071012_chl.jpg /scratch/cfontana/DIAGS/GOT_2026-07-10/static_GOT_2026-07-10/chl_1.jpg
+ let i=1+1
+ cp /scratch/cfontana/DIAGS/GOT_2026-07-10/CMEMS/chl/ITP_NC/PLOT/2026071112_chl.jpg /scratch/cfontana/DIAGS/GOT_2026-07-10/static_GOT_2026-07-10/chl_2.jpg
+ let i=2+1
+ cp /scratch/cfontana/DIAGS/GOT_2026-07-10/CMEMS/chl/ITP_NC/PLOT/2026071212_chl.jpg /scratch/cfontana/DIAGS/GOT_2026-07-10/static_GOT_2026-07-10/chl_3.jpg
+ let i=3+1
+ cp /scratch/cfontana/DIAGS/GOT_2026-07-10/CMEMS/chl/ITP_NC/PLOT/2026071312_chl.jpg /scratch/cfontana/DIAGS/GOT_2026-07-10/static_GOT_2026-07-10/chl_4.jpg
+ let i=4+1
+ cp /scratch/cfontana/DIAGS/GOT_2026-07-10/CMEMS/chl/ITP_NC/PLOT/2026071412_chl.jpg /scratch/cfontana/DIAGS/GOT_2026-07-10/static_GOT_2026-07-10/chl_5.jpg
+ let i=5+1
+ cp /scratch/cfontana/DIAGS/GOT_2026-07-10/CMEMS/chl/ITP_NC/PLOT/2026071512_chl.jpg /scratch/cfontana/DIAGS/GOT_2026-07-10/static_GOT_2026-07-10/chl_6.jpg
+ let i=6+1
+ cp /scratch/cfontana/DIAGS/GOT_2026-07-10/CMEMS/chl/ITP_NC/time_series.jpg /scratch/cfontana/DIAGS/GOT_2026-07-10/static_GOT_2026-07-10/time_series_chl.jpg
+ dir=/scratch/cfontana/DIAGS/GOT_2026-07-10/RADAR/
+ i=1
+ ls /scratch/cfontana/DIAGS/GOT_2026-07-10/RADAR//20260710_00.jpg /scratch/cfontana/DIAGS/GOT_2026-07-10/RADAR//20260711_00.jpg /scratch/cfontana/DIAGS/GOT_2026-07-10/RADAR//20260712_00.jpg /scratch/cfontana/DIAGS/GOT_2026-07-10/RADAR//20260713_00.jpg /scratch/cfontana/DIAGS/GOT_2026-07-10/RADAR//20260714_00.jpg /scratch/cfontana/DIAGS/GOT_2026-07-10/RADAR//20260715_00.jpg
+ cp /scratch/cfontana/DIAGS/GOT_2026-07-10/RADAR//20260710_00.jpg /scratch/cfontana/DIAGS/GOT_2026-07-10/static_GOT_2026-07-10/radar_1.jpg
+ let i=1+1
+ cp /scratch/cfontana/DIAGS/GOT_2026-07-10/RADAR//20260711_00.jpg /scratch/cfontana/DIAGS/GOT_2026-07-10/static_GOT_2026-07-10/radar_2.jpg
+ let i=2+1
+ cp /scratch/cfontana/DIAGS/GOT_2026-07-10/RADAR//20260712_00.jpg /scratch/cfontana/DIAGS/GOT_2026-07-10/static_GOT_2026-07-10/radar_3.jpg
+ let i=3+1
+ cp /scratch/cfontana/DIAGS/GOT_2026-07-10/RADAR//20260713_00.jpg /scratch/cfontana/DIAGS/GOT_2026-07-10/static_GOT_2026-07-10/radar_4.jpg
+ let i=4+1
+ cp /scratch/cfontana/DIAGS/GOT_2026-07-10/RADAR//20260714_00.jpg /scratch/cfontana/DIAGS/GOT_2026-07-10/static_GOT_2026-07-10/radar_5.jpg
+ let i=5+1
+ cp /scratch/cfontana/DIAGS/GOT_2026-07-10/RADAR//20260715_00.jpg /scratch/cfontana/DIAGS/GOT_2026-07-10/static_GOT_2026-07-10/radar_6.jpg
+ let i=6+1
+ dir=/scratch/cfontana/DIAGS/GOT_2026-07-10/ARGO/
+ ls -d '/scratch/cfontana/DIAGS/GOT_2026-07-10/ARGO//bio*/'
ls: cannot access '/scratch/cfontana/DIAGS/GOT_2026-07-10/ARGO//bio*/': No such file or directory
+ i=1
+ 1> /scratch/cfontana/DIAGS/GOT_2026-07-10/static_GOT_2026-07-10/list.txt
+ ls -d '/scratch/cfontana/DIAGS/GOT_2026-07-10/ARGO//*/'
ls: cannot access '/scratch/cfontana/DIAGS/GOT_2026-07-10/ARGO//*/': No such file or directory
+ cp /scratch/cfontana/DIAGS/GOT_2026-07-10/ARGO//map.jpg /scratch/cfontana/DIAGS/GOT_2026-07-10/static_GOT_2026-07-10
cp: cannot stat '/scratch/cfontana/DIAGS/GOT_2026-07-10/ARGO//map.jpg': No such file or directory
+ scp -r /scratch/cfontana/DIAGS/GOT_2026-07-10/static_GOT_2026-07-10 yulpa175555@webhost03.yulpa.io:/datas/yulpa175555/sites/merval.eg2.fr/htdocs/DIAGS
+ echo 'PROCESSING GSN'
PROCESSING GSN
+ echo '_______________ '
_______________ 
+ date
Sat Jul 11 16:16:35 CEST 2026
+ config=GSN_2026-07-10
+ awk '{print tolower($0)}'
+ echo GSN
+ lower=gsn
+ set -x
+ cat config/config_GSN.json
+ sed -e s/DINI/2026-07-10/g
+ sed -e s/FREQ/hourly/
+ sed -e s/DOUT/20260710/
+ 1> config/config_GSN_2026-07-10.json
+ sed -e s/DEND/2026-07-15/
+ cp config/cmems_DOMAIN.dat config/cmems_GSN_2026-07-10.dat
+ cp config/variables_mit_DOMAIN.dat config/variables_mit_GSN_2026-07-10.dat
+ jq -r .diagdir config/config_GSN_2026-07-10.json
+ diagdir=/scratch/cfontana/DIAGS/GSN_2026-07-10
+ jq -r .radardir config/config_GSN_2026-07-10.json
+ radardir=/scratch/cfontana/RADAR/
+ [ 0 -eq 0 -a 0 -eq 1 ]
+ [ 1 -eq 1 ]
+ cd datasets/CMEMS
+ python get_data_sat.py -c GSN_2026-07-10 -v thetao
INFO - 2026-07-11T14:16:38Z - Selected dataset version: "202311"
INFO - 2026-07-11T14:16:38Z - Selected dataset part: "default"
WARNING - 2026-07-11T14:16:38Z - Some of your subset selection [44.627605409714455, 46.78906375646801] for the latitude dimension exceed the dataset coordinates [30.254167556762695, 45.99583435058594]
WARNING - 2026-07-11T14:16:38Z - Some of your subset selection [2026-07-10 00:00:00+00:00, 2026-07-15 00:00:00+00:00] for the time dimension exceed the dataset coordinates [2008-01-01 00:00:00+00:00, 2026-07-11 00:00:00+00:00]
----------------------------------
=> Config file GSN_2026-07-10 loaded
----------------------------------

Downloading CMEMS products : SST_MED_SST_L3S_NRT_OBSERVATIONS_010_012_b
=> Variable [np.str_('adjusted_sea_surface_temperature')] 

------------------------------
DATE =>>> 2026-07-10 2026-07-15
------------------------------

[FILE SAVED ] /scratch/cfontana/DIAGS/GSN_2026-07-10/CMEMS/data/SST_MED_SST_L3S_NRT_OBSERVATIONS_010_012_b.nc
+ python interp_cmems.py -c GSN_2026-07-10 -v thetao
----------------------------------
=> Config file GSN_2026-07-10 loaded
----------------------------------


[FILE SAVED] /scratch/cfontana/DIAGS/GSN_2026-07-10/CMEMS/thetao/ITP_NC/thetao_20260710.nc


[FILE SAVED] /scratch/cfontana/DIAGS/GSN_2026-07-10/CMEMS/thetao/ITP_NC/thetao_20260711.nc

+ [ 2 -eq 2 ]
+ error=1
+ cd ../../plot
+ python plot_CMEMS_pickle_data_vs_sat.py -c GSN_2026-07-10 -v thetao -s CMEMS
----------------------------------
=> Config file GSN_2026-07-10 loaded
----------------------------------

Processing
Traceback (most recent call last):
  File "/home/cfontana/venv/c/lib/python3.12/site-packages/xarray/backends/zarr.py", line 1874, in _get_open_params
    zarr_root_group = zarr.open_consolidated(store, **open_kwargs)
                      ^^^^^^^^^^^^^^^^^^^^^^^^^^^^^^^^^^^^^^^^^^^^
  File "/home/cfontana/venv/c/lib/python3.12/site-packages/zarr/api/synchronous.py", line 238, in open_consolidated
    sync(async_api.open_consolidated(*args, use_consolidated=use_consolidated, **kwargs))
  File "/home/cfontana/venv/c/lib/python3.12/site-packages/zarr/core/sync.py", line 159, in sync
    raise return_result
  File "/home/cfontana/venv/c/lib/python3.12/site-packages/zarr/core/sync.py", line 119, in _runner
    return await coro
           ^^^^^^^^^^
  File "/home/cfontana/venv/c/lib/python3.12/site-packages/zarr/api/asynchronous.py", line 415, in open_consolidated
    return await open_group(*args, use_consolidated=use_consolidated, **kwargs)
           ^^^^^^^^^^^^^^^^^^^^^^^^^^^^^^^^^^^^^^^^^^^^^^^^^^^^^^^^^^^^^^^^^^^^
  File "/home/cfontana/venv/c/lib/python3.12/site-packages/zarr/api/asynchronous.py", line 881, in open_group
    raise GroupNotFoundError(msg)
zarr.errors.GroupNotFoundError: No group found in store 'https://mer-model-bgc.ogs.it/output/GSN/20260710-MER-MITgcmBFM-GSN-fc-hourly-v01.zarr' at path ''

During handling of the above exception, another exception occurred:

Traceback (most recent call last):
  File "/home/cfontana/DATA_MED/plot/plot_CMEMS_pickle_data_vs_sat.py", line 263, in <module>
    var2d = get_var_sst(jd,jdini,fname,var,hour,thickness) # !!!!
            ^^^^^^^^^^^^^^^^^^^^^^^^^^^^^^^^^^^^^^^^^^^^^^
  File "/home/cfontana/DATA_MED/modules/fun_io.py", line 143, in get_var_sst
    ds = xr.open_dataset(fname,chunks={})
         ^^^^^^^^^^^^^^^^^^^^^^^^^^^^^^^^
  File "/home/cfontana/venv/c/lib/python3.12/site-packages/xarray/backends/api.py", line 606, in open_dataset
    backend_ds = backend.open_dataset(
                 ^^^^^^^^^^^^^^^^^^^^^
  File "/home/cfontana/venv/c/lib/python3.12/site-packages/xarray/backends/zarr.py", line 1666, in open_dataset
    store = ZarrStore.open_group(
            ^^^^^^^^^^^^^^^^^^^^^
  File "/home/cfontana/venv/c/lib/python3.12/site-packages/xarray/backends/zarr.py", line 719, in open_group
    ) = _get_open_params(
        ^^^^^^^^^^^^^^^^^
  File "/home/cfontana/venv/c/lib/python3.12/site-packages/xarray/backends/zarr.py", line 1878, in _get_open_params
    zarr_root_group = zarr.open_group(store, **open_kwargs)
                      ^^^^^^^^^^^^^^^^^^^^^^^^^^^^^^^^^^^^^
  File "/home/cfontana/venv/c/lib/python3.12/site-packages/zarr/api/synchronous.py", line 549, in open_group
    sync(
  File "/home/cfontana/venv/c/lib/python3.12/site-packages/zarr/core/sync.py", line 159, in sync
    raise return_result
  File "/home/cfontana/venv/c/lib/python3.12/site-packages/zarr/core/sync.py", line 119, in _runner
    return await coro
           ^^^^^^^^^^
  File "/home/cfontana/venv/c/lib/python3.12/site-packages/zarr/api/asynchronous.py", line 881, in open_group
    raise GroupNotFoundError(msg)
zarr.errors.GroupNotFoundError: No group found in store 'https://mer-model-bgc.ogs.it/output/GSN/20260710-MER-MITgcmBFM-GSN-fc-hourly-v01.zarr' at path ''
+ python plot_sat_CMEMS_timeseries.py -c GSN_2026-07-10 -v thetao -s CMEMS
----------------------------------
=> Config file GSN_2026-07-10 loaded
----------------------------------

Traceback (most recent call last):
  File "/home/cfontana/DATA_MED/plot/plot_sat_CMEMS_timeseries.py", line 88, in <module>
    data = np.loadtxt(fname,ndmin=2)
           ^^^^^^^^^^^^^^^^^^^^^^^^^
  File "/home/cfontana/venv/c/lib/python3.12/site-packages/numpy/lib/_npyio_impl.py", line 1384, in loadtxt
    arr = _read(fname, dtype=dtype, comment=comment, delimiter=delimiter,
          ^^^^^^^^^^^^^^^^^^^^^^^^^^^^^^^^^^^^^^^^^^^^^^^^^^^^^^^^^^^^^^^
  File "/home/cfontana/venv/c/lib/python3.12/site-packages/numpy/lib/_npyio_impl.py", line 1011, in _read
    fh = np.lib._datasource.open(fname, 'rt', encoding=encoding)
         ^^^^^^^^^^^^^^^^^^^^^^^^^^^^^^^^^^^^^^^^^^^^^^^^^^^^^^^
  File "/home/cfontana/venv/c/lib/python3.12/site-packages/numpy/lib/_datasource.py", line 192, in open
    return ds.open(path, mode, encoding=encoding, newline=newline)
           ^^^^^^^^^^^^^^^^^^^^^^^^^^^^^^^^^^^^^^^^^^^^^^^^^^^^^^^
  File "/home/cfontana/venv/c/lib/python3.12/site-packages/numpy/lib/_datasource.py", line 529, in open
    raise FileNotFoundError(f"{path} not found.")
FileNotFoundError: /scratch/cfontana/DIAGS/GSN_2026-07-10/CMEMS/thetao/ITP_NC/time_series.dat not found.
+ rm -f '/scratch/cfontana/DIAGS/GSN_2026-07-10/CMEMS/thetao/ITP_NC/PLOT/*.pkl'
+ [ 1 -eq 1 ]
+ rm -f /scratch/cfontana/DIAGS/GSN_2026-07-10/CMEMS/thetao/ITP_NC/thetao_20260710.nc /scratch/cfontana/DIAGS/GSN_2026-07-10/CMEMS/thetao/ITP_NC/thetao_20260711.nc
+ date
Sat Jul 11 16:16:50 CEST 2026
+ cd ..
+ [ 1 -eq 1 ]
+ cd datasets/HFRADAR
+ python read_radar.py -c GSN_2026-07-10
----------------------------------
=> Config file GSN_2026-07-10 loaded
----------------------------------


----------
20260710 0
[Errno 2] No such file or directory: '/scratch/cfontana/RADAR//2026-07-10/EUHFR_NRTcurrent_HFR-TirLig-Total_v3.nc'
[Errno 2] No such file or directory: '/scratch/cfontana/RADAR//2026-07-10/EUHFR_NRTcurrent_HFR-ARPAS-Total_v3.nc'
[Errno 2] No such file or directory: '/scratch/cfontana/RADAR//2026-07-10/EUHFR_NRTcurrent_HFR-LaMMA-Total_v3.nc'
[Errno 2] No such file or directory: '/scratch/cfontana/RADAR//2026-07-10/EUHFR_NRTcurrent_HFR-GoS-Total_v3.nc'
[Errno 2] No such file or directory: '/scratch/cfontana/RADAR//2026-07-10/EUHFR_NRTcurrent_HFR-WesternItaly-Total_v3.nc'
[Errno 2] No such file or directory: '/scratch/cfontana/RADAR//2026-07-10/EUHFR_NRTcurrent_HFR-Granitola-Total_v3.nc'
[Errno 2] No such file or directory: '/scratch/cfontana/RADAR//2026-07-10/EUHFR_NRTcurrent_HFR-NAdr-Total_v3.nc'
[Errno 2] No such file or directory: '/scratch/cfontana/RADAR//2026-07-10/EUHFR_NRTcurrent_HFR-GoM-Total_v3.nc'
Traceback (most recent call last):
  File "/home/cfontana/venv/c/lib/python3.12/site-packages/xarray/backends/zarr.py", line 1874, in _get_open_params
    zarr_root_group = zarr.open_consolidated(store, **open_kwargs)
                      ^^^^^^^^^^^^^^^^^^^^^^^^^^^^^^^^^^^^^^^^^^^^
  File "/home/cfontana/venv/c/lib/python3.12/site-packages/zarr/api/synchronous.py", line 238, in open_consolidated
    sync(async_api.open_consolidated(*args, use_consolidated=use_consolidated, **kwargs))
  File "/home/cfontana/venv/c/lib/python3.12/site-packages/zarr/core/sync.py", line 159, in sync
    raise return_result
  File "/home/cfontana/venv/c/lib/python3.12/site-packages/zarr/core/sync.py", line 119, in _runner
    return await coro
           ^^^^^^^^^^
  File "/home/cfontana/venv/c/lib/python3.12/site-packages/zarr/api/asynchronous.py", line 415, in open_consolidated
    return await open_group(*args, use_consolidated=use_consolidated, **kwargs)
           ^^^^^^^^^^^^^^^^^^^^^^^^^^^^^^^^^^^^^^^^^^^^^^^^^^^^^^^^^^^^^^^^^^^^
  File "/home/cfontana/venv/c/lib/python3.12/site-packages/zarr/api/asynchronous.py", line 881, in open_group
    raise GroupNotFoundError(msg)
zarr.errors.GroupNotFoundError: No group found in store 'https://mer-model-bgc.ogs.it/output/GSN/20260710-MER-MITgcmBFM-GSN-fc-hourly-v01.zarr' at path ''

During handling of the above exception, another exception occurred:

Traceback (most recent call last):
  File "/home/cfontana/DATA_MED/datasets/HFRADAR/read_radar.py", line 250, in <module>
    mu = get_var_2D(jd,jdini,fname,'uo',hour,0)
         ^^^^^^^^^^^^^^^^^^^^^^^^^^^^^^^^^^^^^^
  File "/home/cfontana/DATA_MED/modules/fun_io.py", line 103, in get_var_2D
    ds = xr.open_dataset(fname,chunks={})
         ^^^^^^^^^^^^^^^^^^^^^^^^^^^^^^^^
  File "/home/cfontana/venv/c/lib/python3.12/site-packages/xarray/backends/api.py", line 606, in open_dataset
    backend_ds = backend.open_dataset(
                 ^^^^^^^^^^^^^^^^^^^^^
  File "/home/cfontana/venv/c/lib/python3.12/site-packages/xarray/backends/zarr.py", line 1666, in open_dataset
    store = ZarrStore.open_group(
            ^^^^^^^^^^^^^^^^^^^^^
  File "/home/cfontana/venv/c/lib/python3.12/site-packages/xarray/backends/zarr.py", line 719, in open_group
    ) = _get_open_params(
        ^^^^^^^^^^^^^^^^^
  File "/home/cfontana/venv/c/lib/python3.12/site-packages/xarray/backends/zarr.py", line 1878, in _get_open_params
    zarr_root_group = zarr.open_group(store, **open_kwargs)
                      ^^^^^^^^^^^^^^^^^^^^^^^^^^^^^^^^^^^^^
  File "/home/cfontana/venv/c/lib/python3.12/site-packages/zarr/api/synchronous.py", line 549, in open_group
    sync(
  File "/home/cfontana/venv/c/lib/python3.12/site-packages/zarr/core/sync.py", line 159, in sync
    raise return_result
  File "/home/cfontana/venv/c/lib/python3.12/site-packages/zarr/core/sync.py", line 119, in _runner
    return await coro
           ^^^^^^^^^^
  File "/home/cfontana/venv/c/lib/python3.12/site-packages/zarr/api/asynchronous.py", line 881, in open_group
    raise GroupNotFoundError(msg)
zarr.errors.GroupNotFoundError: No group found in store 'https://mer-model-bgc.ogs.it/output/GSN/20260710-MER-MITgcmBFM-GSN-fc-hourly-v01.zarr' at path ''
+ date
Sat Jul 11 16:16:52 CEST 2026
+ cd ../..
+ cat config/config_GSN.json
+ sed -e s/DOUT/20260710/
+ sed -e s/DINI/2026-07-10/g
+ sed -e s/FREQ/daily/
+ 1> config/config_GSN_2026-07-10.json
+ sed -e s/DEND/2026-07-15/
+ [ 1 -eq 1 ]
+ cd datasets/CMEMS
+ python get_data_sat.py -c GSN_2026-07-10 -v chl
INFO - 2026-07-11T14:16:54Z - Selected dataset version: "202211"
INFO - 2026-07-11T14:16:54Z - Selected dataset part: "default"
WARNING - 2026-07-11T14:16:54Z - Some of your subset selection [44.627605409714455, 46.78906375646801] for the latitude dimension exceed the dataset coordinates [30.005064010620117, 45.994937896728516]
WARNING - 2026-07-11T14:16:54Z - Some of your subset selection [2026-07-10 00:00:00+00:00, 2026-07-15 00:00:00+00:00] for the time dimension exceed the dataset coordinates [2026-07-03 00:00:00+00:00, 2026-07-10 00:00:00+00:00]
----------------------------------
=> Config file GSN_2026-07-10 loaded
----------------------------------

Downloading CMEMS products : cmems_obs-oc_med_bgc-plankton_nrt_l3-multi-1km_P1D
=> Variable ['CHL', 'KD490'] 

------------------------------
DATE =>>> 2026-07-10 2026-07-15
------------------------------

[FILE SAVED ] /scratch/cfontana/DIAGS/GSN_2026-07-10/CMEMS/data/cmems_obs-oc_med_bgc-plankton_nrt_l3-multi-1km_P1D.nc
+ python interp_cmems.py -c GSN_2026-07-10 -v chl
----------------------------------
=> Config file GSN_2026-07-10 loaded
----------------------------------


[FILE SAVED] /scratch/cfontana/DIAGS/GSN_2026-07-10/CMEMS/chl/ITP_NC/chl_20260710.nc

+ [ 2 -eq 2 ]
+ error=1
+ cd ../../plot
+ python plot_CMEMS_pickle_data_vs_sat.py -c GSN_2026-07-10 -v chl -s CMEMS
----------------------------------
=> Config file GSN_2026-07-10 loaded
----------------------------------

Processing
Traceback (most recent call last):
  File "/home/cfontana/venv/c/lib/python3.12/site-packages/xarray/backends/zarr.py", line 1874, in _get_open_params
    zarr_root_group = zarr.open_consolidated(store, **open_kwargs)
                      ^^^^^^^^^^^^^^^^^^^^^^^^^^^^^^^^^^^^^^^^^^^^
  File "/home/cfontana/venv/c/lib/python3.12/site-packages/zarr/api/synchronous.py", line 238, in open_consolidated
    sync(async_api.open_consolidated(*args, use_consolidated=use_consolidated, **kwargs))
  File "/home/cfontana/venv/c/lib/python3.12/site-packages/zarr/core/sync.py", line 159, in sync
    raise return_result
  File "/home/cfontana/venv/c/lib/python3.12/site-packages/zarr/core/sync.py", line 119, in _runner
    return await coro
           ^^^^^^^^^^
  File "/home/cfontana/venv/c/lib/python3.12/site-packages/zarr/api/asynchronous.py", line 415, in open_consolidated
    return await open_group(*args, use_consolidated=use_consolidated, **kwargs)
           ^^^^^^^^^^^^^^^^^^^^^^^^^^^^^^^^^^^^^^^^^^^^^^^^^^^^^^^^^^^^^^^^^^^^
  File "/home/cfontana/venv/c/lib/python3.12/site-packages/zarr/api/asynchronous.py", line 881, in open_group
    raise GroupNotFoundError(msg)
zarr.errors.GroupNotFoundError: No group found in store 'https://mer-model-bgc.ogs.it/output/GSN/20260710-MER-MITgcmBFM-GSN-fc-daily-v01.zarr' at path ''

During handling of the above exception, another exception occurred:

Traceback (most recent call last):
  File "/home/cfontana/DATA_MED/plot/plot_CMEMS_pickle_data_vs_sat.py", line 278, in <module>
    var2d = get_var_2D(jd,jdini,fname,var,hour,1) # !!!!
            ^^^^^^^^^^^^^^^^^^^^^^^^^^^^^^^^^^^^^
  File "/home/cfontana/DATA_MED/modules/fun_io.py", line 103, in get_var_2D
    ds = xr.open_dataset(fname,chunks={})
         ^^^^^^^^^^^^^^^^^^^^^^^^^^^^^^^^
  File "/home/cfontana/venv/c/lib/python3.12/site-packages/xarray/backends/api.py", line 606, in open_dataset
    backend_ds = backend.open_dataset(
                 ^^^^^^^^^^^^^^^^^^^^^
  File "/home/cfontana/venv/c/lib/python3.12/site-packages/xarray/backends/zarr.py", line 1666, in open_dataset
    store = ZarrStore.open_group(
            ^^^^^^^^^^^^^^^^^^^^^
  File "/home/cfontana/venv/c/lib/python3.12/site-packages/xarray/backends/zarr.py", line 719, in open_group
    ) = _get_open_params(
        ^^^^^^^^^^^^^^^^^
  File "/home/cfontana/venv/c/lib/python3.12/site-packages/xarray/backends/zarr.py", line 1878, in _get_open_params
    zarr_root_group = zarr.open_group(store, **open_kwargs)
                      ^^^^^^^^^^^^^^^^^^^^^^^^^^^^^^^^^^^^^
  File "/home/cfontana/venv/c/lib/python3.12/site-packages/zarr/api/synchronous.py", line 549, in open_group
    sync(
  File "/home/cfontana/venv/c/lib/python3.12/site-packages/zarr/core/sync.py", line 159, in sync
    raise return_result
  File "/home/cfontana/venv/c/lib/python3.12/site-packages/zarr/core/sync.py", line 119, in _runner
    return await coro
           ^^^^^^^^^^
  File "/home/cfontana/venv/c/lib/python3.12/site-packages/zarr/api/asynchronous.py", line 881, in open_group
    raise GroupNotFoundError(msg)
zarr.errors.GroupNotFoundError: No group found in store 'https://mer-model-bgc.ogs.it/output/GSN/20260710-MER-MITgcmBFM-GSN-fc-daily-v01.zarr' at path ''
+ python plot_sat_CMEMS_timeseries.py -c GSN_2026-07-10 -v chl -s CMEMS
----------------------------------
=> Config file GSN_2026-07-10 loaded
----------------------------------

Traceback (most recent call last):
  File "/home/cfontana/DATA_MED/plot/plot_sat_CMEMS_timeseries.py", line 88, in <module>
    data = np.loadtxt(fname,ndmin=2)
           ^^^^^^^^^^^^^^^^^^^^^^^^^
  File "/home/cfontana/venv/c/lib/python3.12/site-packages/numpy/lib/_npyio_impl.py", line 1384, in loadtxt
    arr = _read(fname, dtype=dtype, comment=comment, delimiter=delimiter,
          ^^^^^^^^^^^^^^^^^^^^^^^^^^^^^^^^^^^^^^^^^^^^^^^^^^^^^^^^^^^^^^^
  File "/home/cfontana/venv/c/lib/python3.12/site-packages/numpy/lib/_npyio_impl.py", line 1011, in _read
    fh = np.lib._datasource.open(fname, 'rt', encoding=encoding)
         ^^^^^^^^^^^^^^^^^^^^^^^^^^^^^^^^^^^^^^^^^^^^^^^^^^^^^^^
  File "/home/cfontana/venv/c/lib/python3.12/site-packages/numpy/lib/_datasource.py", line 192, in open
    return ds.open(path, mode, encoding=encoding, newline=newline)
           ^^^^^^^^^^^^^^^^^^^^^^^^^^^^^^^^^^^^^^^^^^^^^^^^^^^^^^^
  File "/home/cfontana/venv/c/lib/python3.12/site-packages/numpy/lib/_datasource.py", line 529, in open
    raise FileNotFoundError(f"{path} not found.")
FileNotFoundError: /scratch/cfontana/DIAGS/GSN_2026-07-10/CMEMS/chl/ITP_NC/time_series.dat not found.
+ rm -f '/scratch/cfontana/DIAGS/GSN_2026-07-10/CMEMS/chl/ITP_NC/PLOT/*.pkl'
+ [ 1 -eq 1 ]
+ rm -f /scratch/cfontana/DIAGS/GSN_2026-07-10/CMEMS/chl/ITP_NC/chl_20260710.nc
+ date
Sat Jul 11 16:17:05 CEST 2026
+ cd ..
+ [ 1 -eq 0 ]
+ [ 1 -eq 1 ]
+ rm -f /scratch/cfontana/DIAGS/GSN_2026-07-10/CMEMS/data/SST_MED_SST_L3S_NRT_OBSERVATIONS_010_012_b.nc /scratch/cfontana/DIAGS/GSN_2026-07-10/CMEMS/data/cmems_obs-oc_med_bgc-plankton_nrt_l3-multi-1km_P1D.nc
+ [ 1 -eq 1 ]
+ source /home/cfontana/venv/a/bin/activate
+ 1> /dev/null
+ deactivate nondestructive
+ [ -n /home/cfontana/venv/c/bin:/usr/local/sbin:/usr/local/bin:/usr/sbin:/usr/bin:/sbin:/bin:/usr/games:/usr/local/games:/snap/bin ]
+ PATH=/home/cfontana/venv/c/bin:/usr/local/sbin:/usr/local/bin:/usr/sbin:/usr/bin:/sbin:/bin:/usr/games:/usr/local/games:/snap/bin
+ export PATH
+ unset _OLD_VIRTUAL_PATH
+ [ -n '' ]
+ hash -r
+ 2> /dev/null
+ [ -n '(c) \[\e]0;\u@\h: \w\a\]${debian_chroot:+($debian_chroot)}\[\033[01;32m\]\u@\h\[\033[00m\]:\[\033[01;34m\]\w\[\033[00m\]\$ ' ]
+ PS1='(c) \[\e]0;\u@\h: \w\a\]${debian_chroot:+($debian_chroot)}\[\033[01;32m\]\u@\h\[\033[00m\]:\[\033[01;34m\]\w\[\033[00m\]\$ '
+ export PS1
+ unset _OLD_VIRTUAL_PS1
+ unset VIRTUAL_ENV
+ unset VIRTUAL_ENV_PROMPT
+ [ ! nondestructive '=' nondestructive ]
+ [ '' '=' cygwin ]
+ [ '' '=' msys ]
+ VIRTUAL_ENV=/home/cfontana/venv/a
+ export VIRTUAL_ENV
+ _OLD_VIRTUAL_PATH=/home/cfontana/venv/c/bin:/usr/local/sbin:/usr/local/bin:/usr/sbin:/usr/bin:/sbin:/bin:/usr/games:/usr/local/games:/snap/bin
+ PATH=/home/cfontana/venv/a/bin:/home/cfontana/venv/c/bin:/usr/local/sbin:/usr/local/bin:/usr/sbin:/usr/bin:/sbin:/bin:/usr/games:/usr/local/games:/snap/bin
+ export PATH
+ [ -n '' ]
+ [ -z '' ]
+ _OLD_VIRTUAL_PS1='(c) \[\e]0;\u@\h: \w\a\]${debian_chroot:+($debian_chroot)}\[\033[01;32m\]\u@\h\[\033[00m\]:\[\033[01;34m\]\w\[\033[00m\]\$ '
+ PS1='(a) (c) \[\e]0;\u@\h: \w\a\]${debian_chroot:+($debian_chroot)}\[\033[01;32m\]\u@\h\[\033[00m\]:\[\033[01;34m\]\w\[\033[00m\]\$ '
+ export PS1
+ VIRTUAL_ENV_PROMPT='(a) '
+ export VIRTUAL_ENV_PROMPT
+ hash -r
+ 2> /dev/null
+ sed -i s/daily/hourly/ config/config_GSN_2026-07-10.json
+ cd datasets/ARGO
+ python get_argo.py -c GSN_2026-07-10
----------------------------------
=> Config file GSN_2026-07-10 loaded
----------------------------------

[np.float64(13.48177149816655), np.float64(13.809896507032049), np.float64(45.627605409714455), np.float64(45.78906375646801), 0, 500, '2026-07-10', '2026-07-15']
Traceback (most recent call last):
  File "/home/cfontana/DATA_MED/datasets/ARGO/get_argo.py", line 73, in <module>
    f = f.region(box).load()
        ^^^^^^^^^^^^^^^^^^^^
  File "/home/cfontana/venv/a/lib/python3.12/site-packages/argopy/fetchers.py", line 886, in load
    self._data = self._to_xarray(**kwargs)
                 ^^^^^^^^^^^^^^^^^^^^^^^^^
  File "/home/cfontana/venv/a/lib/python3.12/site-packages/argopy/fetchers.py", line 673, in _to_xarray
    xds = self.fetcher.to_xarray(**kwargs)
          ^^^^^^^^^^^^^^^^^^^^^^^^^^^^^^^^
  File "/home/cfontana/venv/a/lib/python3.12/site-packages/argopy/data_fetchers/erddap_data.py", line 583, in to_xarray
    results = self.fs.open_dataset(URI[0])
              ^^^^^^^^^^^^^^^^^^^^^^^^^^^^
  File "/home/cfontana/venv/a/lib/python3.12/site-packages/argopy/stores/implementations/http.py", line 349, in open_dataset
    target, _ = load_in_memory(
                ^^^^^^^^^^^^^^^
  File "/home/cfontana/venv/a/lib/python3.12/site-packages/argopy/stores/implementations/http.py", line 261, in load_in_memory
    data = self.download_url(url, **dwn_opts)
           ^^^^^^^^^^^^^^^^^^^^^^^^^^^^^^^^^^
  File "/home/cfontana/venv/a/lib/python3.12/site-packages/argopy/stores/implementations/http.py", line 169, in download_url
    data, n = make_request(
              ^^^^^^^^^^^^^
  File "/home/cfontana/venv/a/lib/python3.12/site-packages/argopy/stores/implementations/http.py", line 124, in make_request
    raise e
  File "/home/cfontana/venv/a/lib/python3.12/site-packages/argopy/stores/implementations/http.py", line 121, in make_request
    data = ffs.cat_file(url, **cat_opts)
           ^^^^^^^^^^^^^^^^^^^^^^^^^^^^^
  File "/home/cfontana/venv/a/lib/python3.12/site-packages/fsspec/asyn.py", line 118, in wrapper
    return sync(self.loop, func, *args, **kwargs)
           ^^^^^^^^^^^^^^^^^^^^^^^^^^^^^^^^^^^^^^
  File "/home/cfontana/venv/a/lib/python3.12/site-packages/fsspec/asyn.py", line 103, in sync
    raise return_result
  File "/home/cfontana/venv/a/lib/python3.12/site-packages/fsspec/asyn.py", line 56, in _runner
    result[0] = await coro
                ^^^^^^^^^^
  File "/home/cfontana/venv/a/lib/python3.12/site-packages/fsspec/implementations/http.py", line 247, in _cat_file
    self._raise_not_found_for_status(r, url)
  File "/home/cfontana/venv/a/lib/python3.12/site-packages/fsspec/implementations/http.py", line 229, in _raise_not_found_for_status
    raise FileNotFoundError(url)
FileNotFoundError: https://erddap.ifremer.fr/erddap/tabledap/ArgoFloats.nc?config_mission_number,cycle_number,data_mode,direction,latitude,longitude,platform_number,position_qc,pres,pres_adjusted,pres_adjusted_error,pres_adjusted_qc,pres_qc,psal,psal_adjusted,psal_adjusted_error,psal_adjusted_qc,psal_qc,temp,temp_adjusted,temp_adjusted_error,temp_adjusted_qc,temp_qc,time,time_qc,vertical_sampling_scheme&longitude>=13.48177149816655&longitude<=13.809896507032049&latitude>=45.627605409714455&latitude<=45.78906375646801&pres>=0&pres<=500&time>=1783641600.0&time<=1784073600.0&latitude!=NaN&longitude!=NaN&distinct()&orderBy("time,pres")
+ [ 1 -eq 0 ]
+ cd ../../
+ sed -i s/phy/bgc/ config/config_GSN_2026-07-10.json
+ cd datasets/ARGO
+ python get_argo.py -c GSN_2026-07-10
----------------------------------
=> Config file GSN_2026-07-10 loaded
----------------------------------

[np.float64(13.48177149816655), np.float64(13.809896507032049), np.float64(45.627605409714455), np.float64(45.78906375646801), 0, 500, '2026-07-10', '2026-07-15']
Traceback (most recent call last):
  File "/home/cfontana/DATA_MED/datasets/ARGO/get_argo.py", line 73, in <module>
    f = f.region(box).load()
        ^^^^^^^^^^^^^
  File "/home/cfontana/venv/a/lib/python3.12/site-packages/argopy/fetchers.py", line 68, in wrapper
    return AccessPoint(*args)
           ^^^^^^^^^^^^^^^^^^
  File "/home/cfontana/venv/a/lib/python3.12/site-packages/argopy/fetchers.py", line 648, in region
    self.fetcher = self.Fetchers["region"](box=box, **self.fetcher_options)
                   ^^^^^^^^^^^^^^^^^^^^^^^^^^^^^^^^^^^^^^^^^^^^^^^^^^^^^^^^
  File "/home/cfontana/venv/a/lib/python3.12/site-packages/argopy/data_fetchers/erddap_data.py", line 184, in __init__
    params = self._bgc_vlist_avail
             ^^^^^^^^^^^^^^^^^^^^^
  File "/home/cfontana/venv/a/lib/python3.12/site-packages/argopy/data_fetchers/erddap_data.py", line 305, in _bgc_vlist_avail
    params = self.indexfs.read_params()
             ^^^^^^^^^^^^^^^^^^^^^^^^^^
  File "/home/cfontana/venv/a/lib/python3.12/site-packages/argopy/stores/index/implementations/pandas/index.py", line 281, in read_params
    raise DataNotFound(
argopy.errors.DataNotFound: 'No data found in the index corresponding to your search criteria. Search definition: x=13.48/13.81;y=45.63/45.79;t=2026-07-10/2026-07-15'
+ [ 1 -eq 0 ]
+ cd ../../
+ [ 1 -eq 1 ]
+ source /home/cfontana/venv/c/bin/activate
+ 1> /dev/null
+ deactivate nondestructive
+ [ -n /home/cfontana/venv/c/bin:/usr/local/sbin:/usr/local/bin:/usr/sbin:/usr/bin:/sbin:/bin:/usr/games:/usr/local/games:/snap/bin ]
+ PATH=/home/cfontana/venv/c/bin:/usr/local/sbin:/usr/local/bin:/usr/sbin:/usr/bin:/sbin:/bin:/usr/games:/usr/local/games:/snap/bin
+ export PATH
+ unset _OLD_VIRTUAL_PATH
+ [ -n '' ]
+ hash -r
+ 2> /dev/null
+ [ -n '(c) \[\e]0;\u@\h: \w\a\]${debian_chroot:+($debian_chroot)}\[\033[01;32m\]\u@\h\[\033[00m\]:\[\033[01;34m\]\w\[\033[00m\]\$ ' ]
+ PS1='(c) \[\e]0;\u@\h: \w\a\]${debian_chroot:+($debian_chroot)}\[\033[01;32m\]\u@\h\[\033[00m\]:\[\033[01;34m\]\w\[\033[00m\]\$ '
+ export PS1
+ unset _OLD_VIRTUAL_PS1
+ unset VIRTUAL_ENV
+ unset VIRTUAL_ENV_PROMPT
+ [ ! nondestructive '=' nondestructive ]
+ [ '' '=' cygwin ]
+ [ '' '=' msys ]
+ VIRTUAL_ENV=/home/cfontana/venv/c
+ export VIRTUAL_ENV
+ _OLD_VIRTUAL_PATH=/home/cfontana/venv/c/bin:/usr/local/sbin:/usr/local/bin:/usr/sbin:/usr/bin:/sbin:/bin:/usr/games:/usr/local/games:/snap/bin
+ PATH=/home/cfontana/venv/c/bin:/home/cfontana/venv/c/bin:/usr/local/sbin:/usr/local/bin:/usr/sbin:/usr/bin:/sbin:/bin:/usr/games:/usr/local/games:/snap/bin
+ export PATH
+ [ -n '' ]
+ [ -z '' ]
+ _OLD_VIRTUAL_PS1='(c) \[\e]0;\u@\h: \w\a\]${debian_chroot:+($debian_chroot)}\[\033[01;32m\]\u@\h\[\033[00m\]:\[\033[01;34m\]\w\[\033[00m\]\$ '
+ PS1='(c) (c) \[\e]0;\u@\h: \w\a\]${debian_chroot:+($debian_chroot)}\[\033[01;32m\]\u@\h\[\033[00m\]:\[\033[01;34m\]\w\[\033[00m\]\$ '
+ export PS1
+ VIRTUAL_ENV_PROMPT='(c) '
+ export VIRTUAL_ENV_PROMPT
+ hash -r
+ 2> /dev/null
+ static=/scratch/cfontana/DIAGS/GSN_2026-07-10/static_GSN_2026-07-10
+ mkdir /scratch/cfontana/DIAGS/GSN_2026-07-10/static_GSN_2026-07-10
+ dir=/scratch/cfontana/DIAGS/GSN_2026-07-10/CMEMS/thetao/ITP_NC
+ i=1
+ ls /scratch/cfontana/DIAGS/GSN_2026-07-10/CMEMS/thetao/ITP_NC/PLOT/
+ cp /scratch/cfontana/DIAGS/GSN_2026-07-10/CMEMS/thetao/ITP_NC/time_series.jpg /scratch/cfontana/DIAGS/GSN_2026-07-10/static_GSN_2026-07-10/time_series_thetao.jpg
cp: cannot stat '/scratch/cfontana/DIAGS/GSN_2026-07-10/CMEMS/thetao/ITP_NC/time_series.jpg': No such file or directory
+ dir=/scratch/cfontana/DIAGS/GSN_2026-07-10/CMEMS/chl/ITP_NC
+ i=1
+ ls /scratch/cfontana/DIAGS/GSN_2026-07-10/CMEMS/chl/ITP_NC/PLOT/
+ cp /scratch/cfontana/DIAGS/GSN_2026-07-10/CMEMS/chl/ITP_NC/time_series.jpg /scratch/cfontana/DIAGS/GSN_2026-07-10/static_GSN_2026-07-10/time_series_chl.jpg
cp: cannot stat '/scratch/cfontana/DIAGS/GSN_2026-07-10/CMEMS/chl/ITP_NC/time_series.jpg': No such file or directory
+ dir=/scratch/cfontana/DIAGS/GSN_2026-07-10/RADAR/
+ i=1
+ ls '/scratch/cfontana/DIAGS/GSN_2026-07-10/RADAR//*.jpg'
ls: cannot access '/scratch/cfontana/DIAGS/GSN_2026-07-10/RADAR//*.jpg': No such file or directory
+ dir=/scratch/cfontana/DIAGS/GSN_2026-07-10/ARGO/
+ ls -d '/scratch/cfontana/DIAGS/GSN_2026-07-10/ARGO//bio*/'
ls: cannot access '/scratch/cfontana/DIAGS/GSN_2026-07-10/ARGO//bio*/': No such file or directory
+ i=1
+ 1> /scratch/cfontana/DIAGS/GSN_2026-07-10/static_GSN_2026-07-10/list.txt
+ ls -d '/scratch/cfontana/DIAGS/GSN_2026-07-10/ARGO//*/'
ls: cannot access '/scratch/cfontana/DIAGS/GSN_2026-07-10/ARGO//*/': No such file or directory
+ cp /scratch/cfontana/DIAGS/GSN_2026-07-10/ARGO//map.jpg /scratch/cfontana/DIAGS/GSN_2026-07-10/static_GSN_2026-07-10
cp: cannot stat '/scratch/cfontana/DIAGS/GSN_2026-07-10/ARGO//map.jpg': No such file or directory
+ scp -r /scratch/cfontana/DIAGS/GSN_2026-07-10/static_GSN_2026-07-10 yulpa175555@webhost03.yulpa.io:/datas/yulpa175555/sites/merval.eg2.fr/htdocs/DIAGS
+ echo 'PROCESSING HGT'
PROCESSING HGT
+ echo '_______________ '
_______________ 
+ date
Sat Jul 11 16:17:18 CEST 2026
+ config=HGT_2026-07-10
+ echo HGT
+ awk '{print tolower($0)}'
+ lower=hgt
+ set -x
+ cat config/config_HGT.json
+ sed -e s/DINI/2026-07-10/g
+ sed -e s/FREQ/hourly/
+ 1> config/config_HGT_2026-07-10.json
+ sed -e s/DOUT/20260710/
+ sed -e s/DEND/2026-07-15/
+ cp config/cmems_DOMAIN.dat config/cmems_HGT_2026-07-10.dat
+ cp config/variables_mit_DOMAIN.dat config/variables_mit_HGT_2026-07-10.dat
+ jq -r .diagdir config/config_HGT_2026-07-10.json
+ diagdir=/scratch/cfontana/DIAGS/HGT_2026-07-10
+ jq -r .radardir config/config_HGT_2026-07-10.json
+ radardir=/scratch/cfontana/RADAR/
+ [ 0 -eq 0 -a 0 -eq 1 ]
+ [ 1 -eq 1 ]
+ cd datasets/CMEMS
+ python get_data_sat.py -c HGT_2026-07-10 -v thetao
INFO - 2026-07-11T14:17:20Z - Selected dataset version: "202311"
INFO - 2026-07-11T14:17:20Z - Selected dataset part: "default"
WARNING - 2026-07-11T14:17:20Z - Some of your subset selection [44.4588554296935, 46.8015637631365] for the latitude dimension exceed the dataset coordinates [30.254167556762695, 45.99583435058594]
WARNING - 2026-07-11T14:17:20Z - Some of your subset selection [2026-07-10 00:00:00+00:00, 2026-07-15 00:00:00+00:00] for the time dimension exceed the dataset coordinates [2008-01-01 00:00:00+00:00, 2026-07-11 00:00:00+00:00]
----------------------------------
=> Config file HGT_2026-07-10 loaded
----------------------------------

Downloading CMEMS products : SST_MED_SST_L3S_NRT_OBSERVATIONS_010_012_b
=> Variable [np.str_('adjusted_sea_surface_temperature')] 

------------------------------
DATE =>>> 2026-07-10 2026-07-15
------------------------------

[FILE SAVED ] /scratch/cfontana/DIAGS/HGT_2026-07-10/CMEMS/data/SST_MED_SST_L3S_NRT_OBSERVATIONS_010_012_b.nc
+ python interp_cmems.py -c HGT_2026-07-10 -v thetao
----------------------------------
=> Config file HGT_2026-07-10 loaded
----------------------------------


[FILE SAVED] /scratch/cfontana/DIAGS/HGT_2026-07-10/CMEMS/thetao/ITP_NC/thetao_20260710.nc


[FILE SAVED] /scratch/cfontana/DIAGS/HGT_2026-07-10/CMEMS/thetao/ITP_NC/thetao_20260711.nc

+ [ 2 -eq 2 ]
+ error=1
+ cd ../../plot
+ python plot_CMEMS_pickle_data_vs_sat.py -c HGT_2026-07-10 -v thetao -s CMEMS
----------------------------------
=> Config file HGT_2026-07-10 loaded
----------------------------------

Processing
739807 26.11222026722068 26.520626 27.225544341125804 0.4824157090541735
739808 26.172627056078152 26.032593 27.03776239425777 0.7691785578987246
[Errno 2] No such file or directory: '/scratch/cfontana/DIAGS/HGT_2026-07-10/CMEMS/thetao/ITP_NC/thetao_20260712.nc' 

=> in get_sat_2D :
Error processing file /scratch/cfontana/DIAGS/HGT_2026-07-10/CMEMS/thetao/ITP_NC/thetao_20260712.nc
File not found
739809 26.227005580221842 nan 26.40971556176393 1
[Errno 2] No such file or directory: '/scratch/cfontana/DIAGS/HGT_2026-07-10/CMEMS/thetao/ITP_NC/thetao_20260713.nc' 

=> in get_sat_2D :
Error processing file /scratch/cfontana/DIAGS/HGT_2026-07-10/CMEMS/thetao/ITP_NC/thetao_20260713.nc
File not found
739810 26.463563076083833 nan 26.58067624967957 1
[Errno 2] No such file or directory: '/scratch/cfontana/DIAGS/HGT_2026-07-10/CMEMS/thetao/ITP_NC/thetao_20260714.nc' 

=> in get_sat_2D :
Error processing file /scratch/cfontana/DIAGS/HGT_2026-07-10/CMEMS/thetao/ITP_NC/thetao_20260714.nc
File not found
739811 26.666270068730867 nan 26.775432839068362 1
[Errno 2] No such file or directory: '/scratch/cfontana/DIAGS/HGT_2026-07-10/CMEMS/thetao/ITP_NC/thetao_20260715.nc' 

=> in get_sat_2D :
Error processing file /scratch/cfontana/DIAGS/HGT_2026-07-10/CMEMS/thetao/ITP_NC/thetao_20260715.nc
File not found
739812 26.865689725074912 nan 27.165475835151653 1
[SAVED FIG] /scratch/cfontana/DIAGS/HGT_2026-07-10/CMEMS/thetao/ITP_NC/PLOT/2026071000_thetao.jpg
[SAVED FIG] /scratch/cfontana/DIAGS/HGT_2026-07-10/CMEMS/thetao/ITP_NC/PLOT/2026071100_thetao.jpg
[SAVED FIG] /scratch/cfontana/DIAGS/HGT_2026-07-10/CMEMS/thetao/ITP_NC/PLOT/2026071200_thetao.jpg
[SAVED FIG] /scratch/cfontana/DIAGS/HGT_2026-07-10/CMEMS/thetao/ITP_NC/PLOT/2026071300_thetao.jpg
[SAVED FIG] /scratch/cfontana/DIAGS/HGT_2026-07-10/CMEMS/thetao/ITP_NC/PLOT/2026071400_thetao.jpg
[SAVED FIG] /scratch/cfontana/DIAGS/HGT_2026-07-10/CMEMS/thetao/ITP_NC/PLOT/2026071500_thetao.jpg
+ python plot_sat_CMEMS_timeseries.py -c HGT_2026-07-10 -v thetao -s CMEMS
----------------------------------
=> Config file HGT_2026-07-10 loaded
----------------------------------

[SAVED FIG] /scratch/cfontana/DIAGS/HGT_2026-07-10/CMEMS/thetao/ITP_NC/time_series.jpg
+ rm -f '/scratch/cfontana/DIAGS/HGT_2026-07-10/CMEMS/thetao/ITP_NC/PLOT/*.pkl'
+ [ 1 -eq 1 ]
+ rm -f /scratch/cfontana/DIAGS/HGT_2026-07-10/CMEMS/thetao/ITP_NC/thetao_20260710.nc /scratch/cfontana/DIAGS/HGT_2026-07-10/CMEMS/thetao/ITP_NC/thetao_20260711.nc
+ date
Sat Jul 11 16:20:38 CEST 2026
+ cd ..
+ [ 1 -eq 1 ]
+ cd datasets/HFRADAR
+ python read_radar.py -c HGT_2026-07-10
----------------------------------
=> Config file HGT_2026-07-10 loaded
----------------------------------


----------
20260710 0
[Errno 2] No such file or directory: '/scratch/cfontana/RADAR//2026-07-10/EUHFR_NRTcurrent_HFR-TirLig-Total_v3.nc'
[Errno 2] No such file or directory: '/scratch/cfontana/RADAR//2026-07-10/EUHFR_NRTcurrent_HFR-ARPAS-Total_v3.nc'
[Errno 2] No such file or directory: '/scratch/cfontana/RADAR//2026-07-10/EUHFR_NRTcurrent_HFR-LaMMA-Total_v3.nc'
[Errno 2] No such file or directory: '/scratch/cfontana/RADAR//2026-07-10/EUHFR_NRTcurrent_HFR-GoS-Total_v3.nc'
[Errno 2] No such file or directory: '/scratch/cfontana/RADAR//2026-07-10/EUHFR_NRTcurrent_HFR-WesternItaly-Total_v3.nc'
[Errno 2] No such file or directory: '/scratch/cfontana/RADAR//2026-07-10/EUHFR_NRTcurrent_HFR-Granitola-Total_v3.nc'
[Errno 2] No such file or directory: '/scratch/cfontana/RADAR//2026-07-10/EUHFR_NRTcurrent_HFR-NAdr-Total_v3.nc'
[Errno 2] No such file or directory: '/scratch/cfontana/RADAR//2026-07-10/EUHFR_NRTcurrent_HFR-GoM-Total_v3.nc'
[SAVED FIG] /scratch/cfontana/DIAGS/HGT_2026-07-10/RADAR/20260710_00.jpg

----------
20260711 0
[Errno 2] No such file or directory: '/scratch/cfontana/RADAR//2026-07-10/EUHFR_NRTcurrent_HFR-TirLig-Total_v3.nc'
[Errno 2] No such file or directory: '/scratch/cfontana/RADAR//2026-07-10/EUHFR_NRTcurrent_HFR-ARPAS-Total_v3.nc'
[Errno 2] No such file or directory: '/scratch/cfontana/RADAR//2026-07-10/EUHFR_NRTcurrent_HFR-LaMMA-Total_v3.nc'
[Errno 2] No such file or directory: '/scratch/cfontana/RADAR//2026-07-10/EUHFR_NRTcurrent_HFR-GoS-Total_v3.nc'
[Errno 2] No such file or directory: '/scratch/cfontana/RADAR//2026-07-10/EUHFR_NRTcurrent_HFR-WesternItaly-Total_v3.nc'
[Errno 2] No such file or directory: '/scratch/cfontana/RADAR//2026-07-10/EUHFR_NRTcurrent_HFR-Granitola-Total_v3.nc'
[Errno 2] No such file or directory: '/scratch/cfontana/RADAR//2026-07-10/EUHFR_NRTcurrent_HFR-NAdr-Total_v3.nc'
[Errno 2] No such file or directory: '/scratch/cfontana/RADAR//2026-07-10/EUHFR_NRTcurrent_HFR-GoM-Total_v3.nc'
[SAVED FIG] /scratch/cfontana/DIAGS/HGT_2026-07-10/RADAR/20260711_00.jpg

----------
20260712 0
[Errno 2] No such file or directory: '/scratch/cfontana/RADAR//2026-07-10/EUHFR_NRTcurrent_HFR-TirLig-Total_v3.nc'
[Errno 2] No such file or directory: '/scratch/cfontana/RADAR//2026-07-10/EUHFR_NRTcurrent_HFR-ARPAS-Total_v3.nc'
[Errno 2] No such file or directory: '/scratch/cfontana/RADAR//2026-07-10/EUHFR_NRTcurrent_HFR-LaMMA-Total_v3.nc'
[Errno 2] No such file or directory: '/scratch/cfontana/RADAR//2026-07-10/EUHFR_NRTcurrent_HFR-GoS-Total_v3.nc'
[Errno 2] No such file or directory: '/scratch/cfontana/RADAR//2026-07-10/EUHFR_NRTcurrent_HFR-WesternItaly-Total_v3.nc'
[Errno 2] No such file or directory: '/scratch/cfontana/RADAR//2026-07-10/EUHFR_NRTcurrent_HFR-Granitola-Total_v3.nc'
[Errno 2] No such file or directory: '/scratch/cfontana/RADAR//2026-07-10/EUHFR_NRTcurrent_HFR-NAdr-Total_v3.nc'
[Errno 2] No such file or directory: '/scratch/cfontana/RADAR//2026-07-10/EUHFR_NRTcurrent_HFR-GoM-Total_v3.nc'
[SAVED FIG] /scratch/cfontana/DIAGS/HGT_2026-07-10/RADAR/20260712_00.jpg

----------
20260713 0
[Errno 2] No such file or directory: '/scratch/cfontana/RADAR//2026-07-10/EUHFR_NRTcurrent_HFR-TirLig-Total_v3.nc'
[Errno 2] No such file or directory: '/scratch/cfontana/RADAR//2026-07-10/EUHFR_NRTcurrent_HFR-ARPAS-Total_v3.nc'
[Errno 2] No such file or directory: '/scratch/cfontana/RADAR//2026-07-10/EUHFR_NRTcurrent_HFR-LaMMA-Total_v3.nc'
[Errno 2] No such file or directory: '/scratch/cfontana/RADAR//2026-07-10/EUHFR_NRTcurrent_HFR-GoS-Total_v3.nc'
[Errno 2] No such file or directory: '/scratch/cfontana/RADAR//2026-07-10/EUHFR_NRTcurrent_HFR-WesternItaly-Total_v3.nc'
[Errno 2] No such file or directory: '/scratch/cfontana/RADAR//2026-07-10/EUHFR_NRTcurrent_HFR-Granitola-Total_v3.nc'
[Errno 2] No such file or directory: '/scratch/cfontana/RADAR//2026-07-10/EUHFR_NRTcurrent_HFR-NAdr-Total_v3.nc'
[Errno 2] No such file or directory: '/scratch/cfontana/RADAR//2026-07-10/EUHFR_NRTcurrent_HFR-GoM-Total_v3.nc'
[SAVED FIG] /scratch/cfontana/DIAGS/HGT_2026-07-10/RADAR/20260713_00.jpg

----------
20260714 0
[Errno 2] No such file or directory: '/scratch/cfontana/RADAR//2026-07-10/EUHFR_NRTcurrent_HFR-TirLig-Total_v3.nc'
[Errno 2] No such file or directory: '/scratch/cfontana/RADAR//2026-07-10/EUHFR_NRTcurrent_HFR-ARPAS-Total_v3.nc'
[Errno 2] No such file or directory: '/scratch/cfontana/RADAR//2026-07-10/EUHFR_NRTcurrent_HFR-LaMMA-Total_v3.nc'
[Errno 2] No such file or directory: '/scratch/cfontana/RADAR//2026-07-10/EUHFR_NRTcurrent_HFR-GoS-Total_v3.nc'
[Errno 2] No such file or directory: '/scratch/cfontana/RADAR//2026-07-10/EUHFR_NRTcurrent_HFR-WesternItaly-Total_v3.nc'
[Errno 2] No such file or directory: '/scratch/cfontana/RADAR//2026-07-10/EUHFR_NRTcurrent_HFR-Granitola-Total_v3.nc'
[Errno 2] No such file or directory: '/scratch/cfontana/RADAR//2026-07-10/EUHFR_NRTcurrent_HFR-NAdr-Total_v3.nc'
[Errno 2] No such file or directory: '/scratch/cfontana/RADAR//2026-07-10/EUHFR_NRTcurrent_HFR-GoM-Total_v3.nc'
[SAVED FIG] /scratch/cfontana/DIAGS/HGT_2026-07-10/RADAR/20260714_00.jpg

----------
20260715 0
[Errno 2] No such file or directory: '/scratch/cfontana/RADAR//2026-07-10/EUHFR_NRTcurrent_HFR-TirLig-Total_v3.nc'
[Errno 2] No such file or directory: '/scratch/cfontana/RADAR//2026-07-10/EUHFR_NRTcurrent_HFR-ARPAS-Total_v3.nc'
[Errno 2] No such file or directory: '/scratch/cfontana/RADAR//2026-07-10/EUHFR_NRTcurrent_HFR-LaMMA-Total_v3.nc'
[Errno 2] No such file or directory: '/scratch/cfontana/RADAR//2026-07-10/EUHFR_NRTcurrent_HFR-GoS-Total_v3.nc'
[Errno 2] No such file or directory: '/scratch/cfontana/RADAR//2026-07-10/EUHFR_NRTcurrent_HFR-WesternItaly-Total_v3.nc'
[Errno 2] No such file or directory: '/scratch/cfontana/RADAR//2026-07-10/EUHFR_NRTcurrent_HFR-Granitola-Total_v3.nc'
[Errno 2] No such file or directory: '/scratch/cfontana/RADAR//2026-07-10/EUHFR_NRTcurrent_HFR-NAdr-Total_v3.nc'
[Errno 2] No such file or directory: '/scratch/cfontana/RADAR//2026-07-10/EUHFR_NRTcurrent_HFR-GoM-Total_v3.nc'
[SAVED FIG] /scratch/cfontana/DIAGS/HGT_2026-07-10/RADAR/20260715_00.jpg
+ date
Sat Jul 11 16:22:05 CEST 2026
+ cd ../..
+ cat config/config_HGT.json
+ sed -e s/DINI/2026-07-10/g
+ sed -e s/DOUT/20260710/
+ sed -e s/DEND/2026-07-15/
+ sed -e s/FREQ/daily/
+ 1> config/config_HGT_2026-07-10.json
+ [ 1 -eq 1 ]
+ cd datasets/CMEMS
+ python get_data_sat.py -c HGT_2026-07-10 -v chl
INFO - 2026-07-11T14:22:08Z - Selected dataset version: "202211"
INFO - 2026-07-11T14:22:08Z - Selected dataset part: "default"
WARNING - 2026-07-11T14:22:08Z - Some of your subset selection [44.4588554296935, 46.8015637631365] for the latitude dimension exceed the dataset coordinates [30.005064010620117, 45.994937896728516]
WARNING - 2026-07-11T14:22:08Z - Some of your subset selection [2026-07-10 00:00:00+00:00, 2026-07-15 00:00:00+00:00] for the time dimension exceed the dataset coordinates [2026-07-03 00:00:00+00:00, 2026-07-10 00:00:00+00:00]
----------------------------------
=> Config file HGT_2026-07-10 loaded
----------------------------------

Downloading CMEMS products : cmems_obs-oc_med_bgc-plankton_nrt_l3-multi-1km_P1D
=> Variable ['CHL', 'KD490'] 

------------------------------
DATE =>>> 2026-07-10 2026-07-15
------------------------------

[FILE SAVED ] /scratch/cfontana/DIAGS/HGT_2026-07-10/CMEMS/data/cmems_obs-oc_med_bgc-plankton_nrt_l3-multi-1km_P1D.nc
+ python interp_cmems.py -c HGT_2026-07-10 -v chl
----------------------------------
=> Config file HGT_2026-07-10 loaded
----------------------------------


[FILE SAVED] /scratch/cfontana/DIAGS/HGT_2026-07-10/CMEMS/chl/ITP_NC/chl_20260710.nc

+ [ 2 -eq 2 ]
+ error=1
+ cd ../../plot
+ python plot_CMEMS_pickle_data_vs_sat.py -c HGT_2026-07-10 -v chl -s CMEMS
----------------------------------
=> Config file HGT_2026-07-10 loaded
----------------------------------

Processing
739807 0.664593083427788 0.5528447 0.6761443657064329 0.6593951256471777
[Errno 2] No such file or directory: '/scratch/cfontana/DIAGS/HGT_2026-07-10/CMEMS/chl/ITP_NC/chl_20260711.nc' 

=> in get_sat_2D :
Error processing file /scratch/cfontana/DIAGS/HGT_2026-07-10/CMEMS/chl/ITP_NC/chl_20260711.nc
File not found
739808 0.6495898658263471 nan 0.2548856430565839 1
[Errno 2] No such file or directory: '/scratch/cfontana/DIAGS/HGT_2026-07-10/CMEMS/chl/ITP_NC/chl_20260712.nc' 

=> in get_sat_2D :
Error processing file /scratch/cfontana/DIAGS/HGT_2026-07-10/CMEMS/chl/ITP_NC/chl_20260712.nc
File not found
739809 0.602626123246446 nan 0.23811591817768046 1
[Errno 2] No such file or directory: '/scratch/cfontana/DIAGS/HGT_2026-07-10/CMEMS/chl/ITP_NC/chl_20260713.nc' 

=> in get_sat_2D :
Error processing file /scratch/cfontana/DIAGS/HGT_2026-07-10/CMEMS/chl/ITP_NC/chl_20260713.nc
File not found
739810 0.5819157163557505 nan 0.22346642277183662 1
[Errno 2] No such file or directory: '/scratch/cfontana/DIAGS/HGT_2026-07-10/CMEMS/chl/ITP_NC/chl_20260714.nc' 

=> in get_sat_2D :
Error processing file /scratch/cfontana/DIAGS/HGT_2026-07-10/CMEMS/chl/ITP_NC/chl_20260714.nc
File not found
739811 0.5240410994922027 nan 0.20373371812865815 1
[Errno 2] No such file or directory: '/scratch/cfontana/DIAGS/HGT_2026-07-10/CMEMS/chl/ITP_NC/chl_20260715.nc' 

=> in get_sat_2D :
Error processing file /scratch/cfontana/DIAGS/HGT_2026-07-10/CMEMS/chl/ITP_NC/chl_20260715.nc
File not found
739812 0.501066616923166 nan 0.1900874324278734 1
[SAVED FIG] /scratch/cfontana/DIAGS/HGT_2026-07-10/CMEMS/chl/ITP_NC/PLOT/2026071012_chl.jpg
[SAVED FIG] /scratch/cfontana/DIAGS/HGT_2026-07-10/CMEMS/chl/ITP_NC/PLOT/2026071112_chl.jpg
[SAVED FIG] /scratch/cfontana/DIAGS/HGT_2026-07-10/CMEMS/chl/ITP_NC/PLOT/2026071212_chl.jpg
[SAVED FIG] /scratch/cfontana/DIAGS/HGT_2026-07-10/CMEMS/chl/ITP_NC/PLOT/2026071312_chl.jpg
[SAVED FIG] /scratch/cfontana/DIAGS/HGT_2026-07-10/CMEMS/chl/ITP_NC/PLOT/2026071412_chl.jpg
[SAVED FIG] /scratch/cfontana/DIAGS/HGT_2026-07-10/CMEMS/chl/ITP_NC/PLOT/2026071512_chl.jpg
+ python plot_sat_CMEMS_timeseries.py -c HGT_2026-07-10 -v chl -s CMEMS
----------------------------------
=> Config file HGT_2026-07-10 loaded
----------------------------------

[SAVED FIG] /scratch/cfontana/DIAGS/HGT_2026-07-10/CMEMS/chl/ITP_NC/time_series.jpg
+ rm -f '/scratch/cfontana/DIAGS/HGT_2026-07-10/CMEMS/chl/ITP_NC/PLOT/*.pkl'
+ [ 1 -eq 1 ]
+ rm -f /scratch/cfontana/DIAGS/HGT_2026-07-10/CMEMS/chl/ITP_NC/chl_20260710.nc
+ date
Sat Jul 11 16:24:45 CEST 2026
+ cd ..
+ [ 1 -eq 0 ]
+ [ 1 -eq 1 ]
+ rm -f /scratch/cfontana/DIAGS/HGT_2026-07-10/CMEMS/data/SST_MED_SST_L3S_NRT_OBSERVATIONS_010_012_b.nc /scratch/cfontana/DIAGS/HGT_2026-07-10/CMEMS/data/cmems_obs-oc_med_bgc-plankton_nrt_l3-multi-1km_P1D.nc
+ [ 1 -eq 1 ]
+ source /home/cfontana/venv/a/bin/activate
+ 1> /dev/null
+ deactivate nondestructive
+ [ -n /home/cfontana/venv/c/bin:/usr/local/sbin:/usr/local/bin:/usr/sbin:/usr/bin:/sbin:/bin:/usr/games:/usr/local/games:/snap/bin ]
+ PATH=/home/cfontana/venv/c/bin:/usr/local/sbin:/usr/local/bin:/usr/sbin:/usr/bin:/sbin:/bin:/usr/games:/usr/local/games:/snap/bin
+ export PATH
+ unset _OLD_VIRTUAL_PATH
+ [ -n '' ]
+ hash -r
+ 2> /dev/null
+ [ -n '(c) \[\e]0;\u@\h: \w\a\]${debian_chroot:+($debian_chroot)}\[\033[01;32m\]\u@\h\[\033[00m\]:\[\033[01;34m\]\w\[\033[00m\]\$ ' ]
+ PS1='(c) \[\e]0;\u@\h: \w\a\]${debian_chroot:+($debian_chroot)}\[\033[01;32m\]\u@\h\[\033[00m\]:\[\033[01;34m\]\w\[\033[00m\]\$ '
+ export PS1
+ unset _OLD_VIRTUAL_PS1
+ unset VIRTUAL_ENV
+ unset VIRTUAL_ENV_PROMPT
+ [ ! nondestructive '=' nondestructive ]
+ [ '' '=' cygwin ]
+ [ '' '=' msys ]
+ VIRTUAL_ENV=/home/cfontana/venv/a
+ export VIRTUAL_ENV
+ _OLD_VIRTUAL_PATH=/home/cfontana/venv/c/bin:/usr/local/sbin:/usr/local/bin:/usr/sbin:/usr/bin:/sbin:/bin:/usr/games:/usr/local/games:/snap/bin
+ PATH=/home/cfontana/venv/a/bin:/home/cfontana/venv/c/bin:/usr/local/sbin:/usr/local/bin:/usr/sbin:/usr/bin:/sbin:/bin:/usr/games:/usr/local/games:/snap/bin
+ export PATH
+ [ -n '' ]
+ [ -z '' ]
+ _OLD_VIRTUAL_PS1='(c) \[\e]0;\u@\h: \w\a\]${debian_chroot:+($debian_chroot)}\[\033[01;32m\]\u@\h\[\033[00m\]:\[\033[01;34m\]\w\[\033[00m\]\$ '
+ PS1='(a) (c) \[\e]0;\u@\h: \w\a\]${debian_chroot:+($debian_chroot)}\[\033[01;32m\]\u@\h\[\033[00m\]:\[\033[01;34m\]\w\[\033[00m\]\$ '
+ export PS1
+ VIRTUAL_ENV_PROMPT='(a) '
+ export VIRTUAL_ENV_PROMPT
+ hash -r
+ 2> /dev/null
+ sed -i s/daily/hourly/ config/config_HGT_2026-07-10.json
+ cd datasets/ARGO
+ python get_argo.py -c HGT_2026-07-10
----------------------------------
=> Config file HGT_2026-07-10 loaded
----------------------------------

[np.float64(13.4328131282485), np.float64(13.8067714617015), np.float64(45.4588554296935), np.float64(45.8015637631365), 0, 500, '2026-07-10', '2026-07-15']
Traceback (most recent call last):
  File "/home/cfontana/DATA_MED/datasets/ARGO/get_argo.py", line 73, in <module>
    f = f.region(box).load()
        ^^^^^^^^^^^^^^^^^^^^
  File "/home/cfontana/venv/a/lib/python3.12/site-packages/argopy/fetchers.py", line 886, in load
    self._data = self._to_xarray(**kwargs)
                 ^^^^^^^^^^^^^^^^^^^^^^^^^
  File "/home/cfontana/venv/a/lib/python3.12/site-packages/argopy/fetchers.py", line 673, in _to_xarray
    xds = self.fetcher.to_xarray(**kwargs)
          ^^^^^^^^^^^^^^^^^^^^^^^^^^^^^^^^
  File "/home/cfontana/venv/a/lib/python3.12/site-packages/argopy/data_fetchers/erddap_data.py", line 583, in to_xarray
    results = self.fs.open_dataset(URI[0])
              ^^^^^^^^^^^^^^^^^^^^^^^^^^^^
  File "/home/cfontana/venv/a/lib/python3.12/site-packages/argopy/stores/implementations/http.py", line 349, in open_dataset
    target, _ = load_in_memory(
                ^^^^^^^^^^^^^^^
  File "/home/cfontana/venv/a/lib/python3.12/site-packages/argopy/stores/implementations/http.py", line 261, in load_in_memory
    data = self.download_url(url, **dwn_opts)
           ^^^^^^^^^^^^^^^^^^^^^^^^^^^^^^^^^^
  File "/home/cfontana/venv/a/lib/python3.12/site-packages/argopy/stores/implementations/http.py", line 169, in download_url
    data, n = make_request(
              ^^^^^^^^^^^^^
  File "/home/cfontana/venv/a/lib/python3.12/site-packages/argopy/stores/implementations/http.py", line 124, in make_request
    raise e
  File "/home/cfontana/venv/a/lib/python3.12/site-packages/argopy/stores/implementations/http.py", line 121, in make_request
    data = ffs.cat_file(url, **cat_opts)
           ^^^^^^^^^^^^^^^^^^^^^^^^^^^^^
  File "/home/cfontana/venv/a/lib/python3.12/site-packages/fsspec/asyn.py", line 118, in wrapper
    return sync(self.loop, func, *args, **kwargs)
           ^^^^^^^^^^^^^^^^^^^^^^^^^^^^^^^^^^^^^^
  File "/home/cfontana/venv/a/lib/python3.12/site-packages/fsspec/asyn.py", line 103, in sync
    raise return_result
  File "/home/cfontana/venv/a/lib/python3.12/site-packages/fsspec/asyn.py", line 56, in _runner
    result[0] = await coro
                ^^^^^^^^^^
  File "/home/cfontana/venv/a/lib/python3.12/site-packages/fsspec/implementations/http.py", line 247, in _cat_file
    self._raise_not_found_for_status(r, url)
  File "/home/cfontana/venv/a/lib/python3.12/site-packages/fsspec/implementations/http.py", line 229, in _raise_not_found_for_status
    raise FileNotFoundError(url)
FileNotFoundError: https://erddap.ifremer.fr/erddap/tabledap/ArgoFloats.nc?config_mission_number,cycle_number,data_mode,direction,latitude,longitude,platform_number,position_qc,pres,pres_adjusted,pres_adjusted_error,pres_adjusted_qc,pres_qc,psal,psal_adjusted,psal_adjusted_error,psal_adjusted_qc,psal_qc,temp,temp_adjusted,temp_adjusted_error,temp_adjusted_qc,temp_qc,time,time_qc,vertical_sampling_scheme&longitude>=13.4328131282485&longitude<=13.8067714617015&latitude>=45.4588554296935&latitude<=45.8015637631365&pres>=0&pres<=500&time>=1783641600.0&time<=1784073600.0&latitude!=NaN&longitude!=NaN&distinct()&orderBy("time,pres")
+ [ 1 -eq 0 ]
+ cd ../../
+ sed -i s/phy/bgc/ config/config_HGT_2026-07-10.json
+ cd datasets/ARGO
+ python get_argo.py -c HGT_2026-07-10
----------------------------------
=> Config file HGT_2026-07-10 loaded
----------------------------------

[np.float64(13.4328131282485), np.float64(13.8067714617015), np.float64(45.4588554296935), np.float64(45.8015637631365), 0, 500, '2026-07-10', '2026-07-15']
Traceback (most recent call last):
  File "/home/cfontana/DATA_MED/datasets/ARGO/get_argo.py", line 73, in <module>
    f = f.region(box).load()
        ^^^^^^^^^^^^^
  File "/home/cfontana/venv/a/lib/python3.12/site-packages/argopy/fetchers.py", line 68, in wrapper
    return AccessPoint(*args)
           ^^^^^^^^^^^^^^^^^^
  File "/home/cfontana/venv/a/lib/python3.12/site-packages/argopy/fetchers.py", line 648, in region
    self.fetcher = self.Fetchers["region"](box=box, **self.fetcher_options)
                   ^^^^^^^^^^^^^^^^^^^^^^^^^^^^^^^^^^^^^^^^^^^^^^^^^^^^^^^^
  File "/home/cfontana/venv/a/lib/python3.12/site-packages/argopy/data_fetchers/erddap_data.py", line 184, in __init__
    params = self._bgc_vlist_avail
             ^^^^^^^^^^^^^^^^^^^^^
  File "/home/cfontana/venv/a/lib/python3.12/site-packages/argopy/data_fetchers/erddap_data.py", line 305, in _bgc_vlist_avail
    params = self.indexfs.read_params()
             ^^^^^^^^^^^^^^^^^^^^^^^^^^
  File "/home/cfontana/venv/a/lib/python3.12/site-packages/argopy/stores/index/implementations/pandas/index.py", line 281, in read_params
    raise DataNotFound(
argopy.errors.DataNotFound: 'No data found in the index corresponding to your search criteria. Search definition: x=13.43/13.81;y=45.46/45.80;t=2026-07-10/2026-07-15'
+ [ 1 -eq 0 ]
+ cd ../../
+ [ 1 -eq 1 ]
+ source /home/cfontana/venv/c/bin/activate
+ 1> /dev/null
+ deactivate nondestructive
+ [ -n /home/cfontana/venv/c/bin:/usr/local/sbin:/usr/local/bin:/usr/sbin:/usr/bin:/sbin:/bin:/usr/games:/usr/local/games:/snap/bin ]
+ PATH=/home/cfontana/venv/c/bin:/usr/local/sbin:/usr/local/bin:/usr/sbin:/usr/bin:/sbin:/bin:/usr/games:/usr/local/games:/snap/bin
+ export PATH
+ unset _OLD_VIRTUAL_PATH
+ [ -n '' ]
+ hash -r
+ 2> /dev/null
+ [ -n '(c) \[\e]0;\u@\h: \w\a\]${debian_chroot:+($debian_chroot)}\[\033[01;32m\]\u@\h\[\033[00m\]:\[\033[01;34m\]\w\[\033[00m\]\$ ' ]
+ PS1='(c) \[\e]0;\u@\h: \w\a\]${debian_chroot:+($debian_chroot)}\[\033[01;32m\]\u@\h\[\033[00m\]:\[\033[01;34m\]\w\[\033[00m\]\$ '
+ export PS1
+ unset _OLD_VIRTUAL_PS1
+ unset VIRTUAL_ENV
+ unset VIRTUAL_ENV_PROMPT
+ [ ! nondestructive '=' nondestructive ]
+ [ '' '=' cygwin ]
+ [ '' '=' msys ]
+ VIRTUAL_ENV=/home/cfontana/venv/c
+ export VIRTUAL_ENV
+ _OLD_VIRTUAL_PATH=/home/cfontana/venv/c/bin:/usr/local/sbin:/usr/local/bin:/usr/sbin:/usr/bin:/sbin:/bin:/usr/games:/usr/local/games:/snap/bin
+ PATH=/home/cfontana/venv/c/bin:/home/cfontana/venv/c/bin:/usr/local/sbin:/usr/local/bin:/usr/sbin:/usr/bin:/sbin:/bin:/usr/games:/usr/local/games:/snap/bin
+ export PATH
+ [ -n '' ]
+ [ -z '' ]
+ _OLD_VIRTUAL_PS1='(c) \[\e]0;\u@\h: \w\a\]${debian_chroot:+($debian_chroot)}\[\033[01;32m\]\u@\h\[\033[00m\]:\[\033[01;34m\]\w\[\033[00m\]\$ '
+ PS1='(c) (c) \[\e]0;\u@\h: \w\a\]${debian_chroot:+($debian_chroot)}\[\033[01;32m\]\u@\h\[\033[00m\]:\[\033[01;34m\]\w\[\033[00m\]\$ '
+ export PS1
+ VIRTUAL_ENV_PROMPT='(c) '
+ export VIRTUAL_ENV_PROMPT
+ hash -r
+ 2> /dev/null
+ static=/scratch/cfontana/DIAGS/HGT_2026-07-10/static_HGT_2026-07-10
+ mkdir /scratch/cfontana/DIAGS/HGT_2026-07-10/static_HGT_2026-07-10
+ dir=/scratch/cfontana/DIAGS/HGT_2026-07-10/CMEMS/thetao/ITP_NC
+ i=1
+ ls /scratch/cfontana/DIAGS/HGT_2026-07-10/CMEMS/thetao/ITP_NC/PLOT/
+ cp /scratch/cfontana/DIAGS/HGT_2026-07-10/CMEMS/thetao/ITP_NC/PLOT/2026071000_thetao.jpg /scratch/cfontana/DIAGS/HGT_2026-07-10/static_HGT_2026-07-10/thetao_1.jpg
+ let i=1+1
+ cp /scratch/cfontana/DIAGS/HGT_2026-07-10/CMEMS/thetao/ITP_NC/PLOT/2026071100_thetao.jpg /scratch/cfontana/DIAGS/HGT_2026-07-10/static_HGT_2026-07-10/thetao_2.jpg
+ let i=2+1
+ cp /scratch/cfontana/DIAGS/HGT_2026-07-10/CMEMS/thetao/ITP_NC/PLOT/2026071200_thetao.jpg /scratch/cfontana/DIAGS/HGT_2026-07-10/static_HGT_2026-07-10/thetao_3.jpg
+ let i=3+1
+ cp /scratch/cfontana/DIAGS/HGT_2026-07-10/CMEMS/thetao/ITP_NC/PLOT/2026071300_thetao.jpg /scratch/cfontana/DIAGS/HGT_2026-07-10/static_HGT_2026-07-10/thetao_4.jpg
+ let i=4+1
+ cp /scratch/cfontana/DIAGS/HGT_2026-07-10/CMEMS/thetao/ITP_NC/PLOT/2026071400_thetao.jpg /scratch/cfontana/DIAGS/HGT_2026-07-10/static_HGT_2026-07-10/thetao_5.jpg
+ let i=5+1
+ cp /scratch/cfontana/DIAGS/HGT_2026-07-10/CMEMS/thetao/ITP_NC/PLOT/2026071500_thetao.jpg /scratch/cfontana/DIAGS/HGT_2026-07-10/static_HGT_2026-07-10/thetao_6.jpg
+ let i=6+1
+ cp /scratch/cfontana/DIAGS/HGT_2026-07-10/CMEMS/thetao/ITP_NC/time_series.jpg /scratch/cfontana/DIAGS/HGT_2026-07-10/static_HGT_2026-07-10/time_series_thetao.jpg
+ dir=/scratch/cfontana/DIAGS/HGT_2026-07-10/CMEMS/chl/ITP_NC
+ i=1
+ ls /scratch/cfontana/DIAGS/HGT_2026-07-10/CMEMS/chl/ITP_NC/PLOT/
+ cp /scratch/cfontana/DIAGS/HGT_2026-07-10/CMEMS/chl/ITP_NC/PLOT/2026071012_chl.jpg /scratch/cfontana/DIAGS/HGT_2026-07-10/static_HGT_2026-07-10/chl_1.jpg
+ let i=1+1
+ cp /scratch/cfontana/DIAGS/HGT_2026-07-10/CMEMS/chl/ITP_NC/PLOT/2026071112_chl.jpg /scratch/cfontana/DIAGS/HGT_2026-07-10/static_HGT_2026-07-10/chl_2.jpg
+ let i=2+1
+ cp /scratch/cfontana/DIAGS/HGT_2026-07-10/CMEMS/chl/ITP_NC/PLOT/2026071212_chl.jpg /scratch/cfontana/DIAGS/HGT_2026-07-10/static_HGT_2026-07-10/chl_3.jpg
+ let i=3+1
+ cp /scratch/cfontana/DIAGS/HGT_2026-07-10/CMEMS/chl/ITP_NC/PLOT/2026071312_chl.jpg /scratch/cfontana/DIAGS/HGT_2026-07-10/static_HGT_2026-07-10/chl_4.jpg
+ let i=4+1
+ cp /scratch/cfontana/DIAGS/HGT_2026-07-10/CMEMS/chl/ITP_NC/PLOT/2026071412_chl.jpg /scratch/cfontana/DIAGS/HGT_2026-07-10/static_HGT_2026-07-10/chl_5.jpg
+ let i=5+1
+ cp /scratch/cfontana/DIAGS/HGT_2026-07-10/CMEMS/chl/ITP_NC/PLOT/2026071512_chl.jpg /scratch/cfontana/DIAGS/HGT_2026-07-10/static_HGT_2026-07-10/chl_6.jpg
+ let i=6+1
+ cp /scratch/cfontana/DIAGS/HGT_2026-07-10/CMEMS/chl/ITP_NC/time_series.jpg /scratch/cfontana/DIAGS/HGT_2026-07-10/static_HGT_2026-07-10/time_series_chl.jpg
+ dir=/scratch/cfontana/DIAGS/HGT_2026-07-10/RADAR/
+ i=1
+ ls /scratch/cfontana/DIAGS/HGT_2026-07-10/RADAR//20260710_00.jpg /scratch/cfontana/DIAGS/HGT_2026-07-10/RADAR//20260711_00.jpg /scratch/cfontana/DIAGS/HGT_2026-07-10/RADAR//20260712_00.jpg /scratch/cfontana/DIAGS/HGT_2026-07-10/RADAR//20260713_00.jpg /scratch/cfontana/DIAGS/HGT_2026-07-10/RADAR//20260714_00.jpg /scratch/cfontana/DIAGS/HGT_2026-07-10/RADAR//20260715_00.jpg
+ cp /scratch/cfontana/DIAGS/HGT_2026-07-10/RADAR//20260710_00.jpg /scratch/cfontana/DIAGS/HGT_2026-07-10/static_HGT_2026-07-10/radar_1.jpg
+ let i=1+1
+ cp /scratch/cfontana/DIAGS/HGT_2026-07-10/RADAR//20260711_00.jpg /scratch/cfontana/DIAGS/HGT_2026-07-10/static_HGT_2026-07-10/radar_2.jpg
+ let i=2+1
+ cp /scratch/cfontana/DIAGS/HGT_2026-07-10/RADAR//20260712_00.jpg /scratch/cfontana/DIAGS/HGT_2026-07-10/static_HGT_2026-07-10/radar_3.jpg
+ let i=3+1
+ cp /scratch/cfontana/DIAGS/HGT_2026-07-10/RADAR//20260713_00.jpg /scratch/cfontana/DIAGS/HGT_2026-07-10/static_HGT_2026-07-10/radar_4.jpg
+ let i=4+1
+ cp /scratch/cfontana/DIAGS/HGT_2026-07-10/RADAR//20260714_00.jpg /scratch/cfontana/DIAGS/HGT_2026-07-10/static_HGT_2026-07-10/radar_5.jpg
+ let i=5+1
+ cp /scratch/cfontana/DIAGS/HGT_2026-07-10/RADAR//20260715_00.jpg /scratch/cfontana/DIAGS/HGT_2026-07-10/static_HGT_2026-07-10/radar_6.jpg
+ let i=6+1
+ dir=/scratch/cfontana/DIAGS/HGT_2026-07-10/ARGO/
+ ls -d '/scratch/cfontana/DIAGS/HGT_2026-07-10/ARGO//bio*/'
ls: cannot access '/scratch/cfontana/DIAGS/HGT_2026-07-10/ARGO//bio*/': No such file or directory
+ i=1
+ 1> /scratch/cfontana/DIAGS/HGT_2026-07-10/static_HGT_2026-07-10/list.txt
+ ls -d '/scratch/cfontana/DIAGS/HGT_2026-07-10/ARGO//*/'
ls: cannot access '/scratch/cfontana/DIAGS/HGT_2026-07-10/ARGO//*/': No such file or directory
+ cp /scratch/cfontana/DIAGS/HGT_2026-07-10/ARGO//map.jpg /scratch/cfontana/DIAGS/HGT_2026-07-10/static_HGT_2026-07-10
cp: cannot stat '/scratch/cfontana/DIAGS/HGT_2026-07-10/ARGO//map.jpg': No such file or directory
+ scp -r /scratch/cfontana/DIAGS/HGT_2026-07-10/static_HGT_2026-07-10 yulpa175555@webhost03.yulpa.io:/datas/yulpa175555/sites/merval.eg2.fr/htdocs/DIAGS
+ echo 'PROCESSING NAD'
PROCESSING NAD
+ echo '_______________ '
_______________ 
+ date
Sat Jul 11 16:25:02 CEST 2026
+ config=NAD_2026-07-10
+ awk '{print tolower($0)}'
+ echo NAD
+ lower=nad
+ set -x
+ sed -e s/FREQ/hourly/
+ sed -e s/DINI/2026-07-10/g
+ 1> config/config_NAD_2026-07-10.json
+ cat config/config_NAD.json
+ sed -e s/DOUT/20260710/
+ sed -e s/DEND/2026-07-15/
+ cp config/cmems_DOMAIN.dat config/cmems_NAD_2026-07-10.dat
+ cp config/variables_mit_DOMAIN.dat config/variables_mit_NAD_2026-07-10.dat
+ jq -r .diagdir config/config_NAD_2026-07-10.json
+ diagdir=/scratch/cfontana/DIAGS/NAD_2026-07-10
+ jq -r .radardir config/config_NAD_2026-07-10.json
+ radardir=/scratch/cfontana/RADAR/
+ [ 0 -eq 0 -a 0 -eq 1 ]
+ [ 1 -eq 1 ]
+ cd datasets/CMEMS
+ python get_data_sat.py -c NAD_2026-07-10 -v thetao
INFO - 2026-07-11T14:25:04Z - Selected dataset version: "202311"
INFO - 2026-07-11T14:25:04Z - Selected dataset part: "default"
WARNING - 2026-07-11T14:25:04Z - Some of your subset selection [41.75260517821568, 46.872396844882346] for the latitude dimension exceed the dataset coordinates [30.254167556762695, 45.99583435058594]
WARNING - 2026-07-11T14:25:04Z - Some of your subset selection [2026-07-10 00:00:00+00:00, 2026-07-15 00:00:00+00:00] for the time dimension exceed the dataset coordinates [2008-01-01 00:00:00+00:00, 2026-07-11 00:00:00+00:00]
----------------------------------
=> Config file NAD_2026-07-10 loaded
----------------------------------

Downloading CMEMS products : SST_MED_SST_L3S_NRT_OBSERVATIONS_010_012_b
=> Variable [np.str_('adjusted_sea_surface_temperature')] 

------------------------------
DATE =>>> 2026-07-10 2026-07-15
------------------------------
  0%|                                                                                          | 0/170 [00:00<?, ?it/s]  1%|▍                                                                                 | 1/170 [00:00<01:50,  1.53it/s]  4%|███▍                                                                              | 7/170 [00:00<00:15, 10.60it/s]  8%|██████▏                                                                          | 13/170 [00:00<00:08, 18.78it/s] 12%|██████████                                                                       | 21/170 [00:01<00:05, 27.59it/s] 15%|███████████▉                                                                     | 25/170 [00:01<00:05, 27.74it/s] 18%|██████████████▊                                                                  | 31/170 [00:01<00:04, 30.14it/s] 21%|████████████████▋                                                                | 35/170 [00:01<00:04, 30.59it/s] 23%|██████████████████▌                                                              | 39/170 [00:01<00:04, 29.14it/s] 28%|██████████████████████▍                                                          | 47/170 [00:01<00:03, 39.73it/s] 32%|██████████████████████████▏                                                      | 55/170 [00:02<00:03, 37.39it/s] 37%|██████████████████████████████                                                   | 63/170 [00:02<00:02, 44.86it/s] 41%|████████████████████████████████▉                                                | 69/170 [00:02<00:02, 47.85it/s] 44%|███████████████████████████████████▋                                             | 75/170 [00:02<00:02, 45.13it/s] 47%|██████████████████████████████████████                                           | 80/170 [00:02<00:01, 45.58it/s] 50%|████████████████████████████████████████▌                                        | 85/170 [00:02<00:02, 41.46it/s] 56%|█████████████████████████████████████████████▎                                   | 95/170 [00:02<00:01, 48.28it/s] 59%|███████████████████████████████████████████████▌                                | 101/170 [00:02<00:01, 50.27it/s] 63%|██████████████████████████████████████████████████▎                             | 107/170 [00:03<00:01, 40.96it/s] 66%|█████████████████████████████████████████████████████▏                          | 113/170 [00:03<00:01, 41.64it/s] 69%|███████████████████████████████████████████████████████▌                        | 118/170 [00:03<00:01, 41.90it/s] 72%|█████████████████████████████████████████████████████████▉                      | 123/170 [00:03<00:01, 40.58it/s] 77%|█████████████████████████████████████████████████████████████▋                  | 131/170 [00:03<00:00, 49.73it/s] 81%|████████████████████████████████████████████████████████████████▍               | 137/170 [00:03<00:00, 47.92it/s] 84%|███████████████████████████████████████████████████████████████████▎            | 143/170 [00:03<00:00, 46.93it/s] 87%|█████████████████████████████████████████████████████████████████████▋          | 148/170 [00:04<00:00, 46.36it/s] 92%|█████████████████████████████████████████████████████████████████████████▉      | 157/170 [00:04<00:00, 48.64it/s] 97%|█████████████████████████████████████████████████████████████████████████████▋  | 165/170 [00:04<00:00, 49.23it/s]100%|████████████████████████████████████████████████████████████████████████████████| 170/170 [00:04<00:00, 38.51it/s]

[FILE SAVED ] /scratch/cfontana/DIAGS/NAD_2026-07-10/CMEMS/data/SST_MED_SST_L3S_NRT_OBSERVATIONS_010_012_b.nc
+ python interp_cmems.py -c NAD_2026-07-10 -v thetao
----------------------------------
=> Config file NAD_2026-07-10 loaded
----------------------------------


[FILE SAVED] /scratch/cfontana/DIAGS/NAD_2026-07-10/CMEMS/thetao/ITP_NC/thetao_20260710.nc


[FILE SAVED] /scratch/cfontana/DIAGS/NAD_2026-07-10/CMEMS/thetao/ITP_NC/thetao_20260711.nc

+ [ 2 -eq 2 ]
+ error=1
+ cd ../../plot
+ python plot_CMEMS_pickle_data_vs_sat.py -c NAD_2026-07-10 -v thetao -s CMEMS
----------------------------------
=> Config file NAD_2026-07-10 loaded
----------------------------------

Processing
739807 26.521672796273617 26.542843 26.679272 0.8259628053987427
739808 26.516747426641068 26.2471 26.591986 0.7902596976054961
[Errno 2] No such file or directory: '/scratch/cfontana/DIAGS/NAD_2026-07-10/CMEMS/thetao/ITP_NC/thetao_20260712.nc' 

=> in get_sat_2D :
Error processing file /scratch/cfontana/DIAGS/NAD_2026-07-10/CMEMS/thetao/ITP_NC/thetao_20260712.nc
File not found
739809 26.299935800665487 nan 26.824984 1
[Errno 2] No such file or directory: '/scratch/cfontana/DIAGS/NAD_2026-07-10/CMEMS/thetao/ITP_NC/thetao_20260713.nc' 

=> in get_sat_2D :
Error processing file /scratch/cfontana/DIAGS/NAD_2026-07-10/CMEMS/thetao/ITP_NC/thetao_20260713.nc
File not found
739810 26.400314897830686 nan 27.055197 1
[Errno 2] No such file or directory: '/scratch/cfontana/DIAGS/NAD_2026-07-10/CMEMS/thetao/ITP_NC/thetao_20260714.nc' 

=> in get_sat_2D :
Error processing file /scratch/cfontana/DIAGS/NAD_2026-07-10/CMEMS/thetao/ITP_NC/thetao_20260714.nc
File not found
739811 26.523915954093603 nan 27.223593 1
[Errno 2] No such file or directory: '/scratch/cfontana/DIAGS/NAD_2026-07-10/CMEMS/thetao/ITP_NC/thetao_20260715.nc' 

=> in get_sat_2D :
Error processing file /scratch/cfontana/DIAGS/NAD_2026-07-10/CMEMS/thetao/ITP_NC/thetao_20260715.nc
File not found
739812 26.75455319820467 nan 27.530903 1
[SAVED FIG] /scratch/cfontana/DIAGS/NAD_2026-07-10/CMEMS/thetao/ITP_NC/PLOT/2026071000_thetao.jpg
[SAVED FIG] /scratch/cfontana/DIAGS/NAD_2026-07-10/CMEMS/thetao/ITP_NC/PLOT/2026071100_thetao.jpg
[SAVED FIG] /scratch/cfontana/DIAGS/NAD_2026-07-10/CMEMS/thetao/ITP_NC/PLOT/2026071200_thetao.jpg
[SAVED FIG] /scratch/cfontana/DIAGS/NAD_2026-07-10/CMEMS/thetao/ITP_NC/PLOT/2026071300_thetao.jpg
[SAVED FIG] /scratch/cfontana/DIAGS/NAD_2026-07-10/CMEMS/thetao/ITP_NC/PLOT/2026071400_thetao.jpg
[SAVED FIG] /scratch/cfontana/DIAGS/NAD_2026-07-10/CMEMS/thetao/ITP_NC/PLOT/2026071500_thetao.jpg
+ python plot_sat_CMEMS_timeseries.py -c NAD_2026-07-10 -v thetao -s CMEMS
----------------------------------
=> Config file NAD_2026-07-10 loaded
----------------------------------

[SAVED FIG] /scratch/cfontana/DIAGS/NAD_2026-07-10/CMEMS/thetao/ITP_NC/time_series.jpg
+ rm -f '/scratch/cfontana/DIAGS/NAD_2026-07-10/CMEMS/thetao/ITP_NC/PLOT/*.pkl'
+ [ 1 -eq 1 ]
+ rm -f /scratch/cfontana/DIAGS/NAD_2026-07-10/CMEMS/thetao/ITP_NC/thetao_20260710.nc /scratch/cfontana/DIAGS/NAD_2026-07-10/CMEMS/thetao/ITP_NC/thetao_20260711.nc
+ date
Sat Jul 11 16:31:01 CEST 2026
+ cd ..
+ [ 1 -eq 1 ]
+ cd datasets/HFRADAR
+ python read_radar.py -c NAD_2026-07-10
----------------------------------
=> Config file NAD_2026-07-10 loaded
----------------------------------


----------
20260710 0
[Errno 2] No such file or directory: '/scratch/cfontana/RADAR//2026-07-10/EUHFR_NRTcurrent_HFR-TirLig-Total_v3.nc'
[Errno 2] No such file or directory: '/scratch/cfontana/RADAR//2026-07-10/EUHFR_NRTcurrent_HFR-ARPAS-Total_v3.nc'
[Errno 2] No such file or directory: '/scratch/cfontana/RADAR//2026-07-10/EUHFR_NRTcurrent_HFR-LaMMA-Total_v3.nc'
[Errno 2] No such file or directory: '/scratch/cfontana/RADAR//2026-07-10/EUHFR_NRTcurrent_HFR-GoS-Total_v3.nc'
[Errno 2] No such file or directory: '/scratch/cfontana/RADAR//2026-07-10/EUHFR_NRTcurrent_HFR-WesternItaly-Total_v3.nc'
[Errno 2] No such file or directory: '/scratch/cfontana/RADAR//2026-07-10/EUHFR_NRTcurrent_HFR-Granitola-Total_v3.nc'
[Errno 2] No such file or directory: '/scratch/cfontana/RADAR//2026-07-10/EUHFR_NRTcurrent_HFR-NAdr-Total_v3.nc'
[Errno 2] No such file or directory: '/scratch/cfontana/RADAR//2026-07-10/EUHFR_NRTcurrent_HFR-GoM-Total_v3.nc'
[SAVED FIG] /scratch/cfontana/DIAGS/NAD_2026-07-10/RADAR/20260710_00.jpg

----------
20260711 0
[Errno 2] No such file or directory: '/scratch/cfontana/RADAR//2026-07-10/EUHFR_NRTcurrent_HFR-TirLig-Total_v3.nc'
[Errno 2] No such file or directory: '/scratch/cfontana/RADAR//2026-07-10/EUHFR_NRTcurrent_HFR-ARPAS-Total_v3.nc'
[Errno 2] No such file or directory: '/scratch/cfontana/RADAR//2026-07-10/EUHFR_NRTcurrent_HFR-LaMMA-Total_v3.nc'
[Errno 2] No such file or directory: '/scratch/cfontana/RADAR//2026-07-10/EUHFR_NRTcurrent_HFR-GoS-Total_v3.nc'
[Errno 2] No such file or directory: '/scratch/cfontana/RADAR//2026-07-10/EUHFR_NRTcurrent_HFR-WesternItaly-Total_v3.nc'
[Errno 2] No such file or directory: '/scratch/cfontana/RADAR//2026-07-10/EUHFR_NRTcurrent_HFR-Granitola-Total_v3.nc'
[Errno 2] No such file or directory: '/scratch/cfontana/RADAR//2026-07-10/EUHFR_NRTcurrent_HFR-NAdr-Total_v3.nc'
[Errno 2] No such file or directory: '/scratch/cfontana/RADAR//2026-07-10/EUHFR_NRTcurrent_HFR-GoM-Total_v3.nc'
[SAVED FIG] /scratch/cfontana/DIAGS/NAD_2026-07-10/RADAR/20260711_00.jpg

----------
20260712 0
[Errno 2] No such file or directory: '/scratch/cfontana/RADAR//2026-07-10/EUHFR_NRTcurrent_HFR-TirLig-Total_v3.nc'
[Errno 2] No such file or directory: '/scratch/cfontana/RADAR//2026-07-10/EUHFR_NRTcurrent_HFR-ARPAS-Total_v3.nc'
[Errno 2] No such file or directory: '/scratch/cfontana/RADAR//2026-07-10/EUHFR_NRTcurrent_HFR-LaMMA-Total_v3.nc'
[Errno 2] No such file or directory: '/scratch/cfontana/RADAR//2026-07-10/EUHFR_NRTcurrent_HFR-GoS-Total_v3.nc'
[Errno 2] No such file or directory: '/scratch/cfontana/RADAR//2026-07-10/EUHFR_NRTcurrent_HFR-WesternItaly-Total_v3.nc'
[Errno 2] No such file or directory: '/scratch/cfontana/RADAR//2026-07-10/EUHFR_NRTcurrent_HFR-Granitola-Total_v3.nc'
[Errno 2] No such file or directory: '/scratch/cfontana/RADAR//2026-07-10/EUHFR_NRTcurrent_HFR-NAdr-Total_v3.nc'
[Errno 2] No such file or directory: '/scratch/cfontana/RADAR//2026-07-10/EUHFR_NRTcurrent_HFR-GoM-Total_v3.nc'
[SAVED FIG] /scratch/cfontana/DIAGS/NAD_2026-07-10/RADAR/20260712_00.jpg

----------
20260713 0
[Errno 2] No such file or directory: '/scratch/cfontana/RADAR//2026-07-10/EUHFR_NRTcurrent_HFR-TirLig-Total_v3.nc'
[Errno 2] No such file or directory: '/scratch/cfontana/RADAR//2026-07-10/EUHFR_NRTcurrent_HFR-ARPAS-Total_v3.nc'
[Errno 2] No such file or directory: '/scratch/cfontana/RADAR//2026-07-10/EUHFR_NRTcurrent_HFR-LaMMA-Total_v3.nc'
[Errno 2] No such file or directory: '/scratch/cfontana/RADAR//2026-07-10/EUHFR_NRTcurrent_HFR-GoS-Total_v3.nc'
[Errno 2] No such file or directory: '/scratch/cfontana/RADAR//2026-07-10/EUHFR_NRTcurrent_HFR-WesternItaly-Total_v3.nc'
[Errno 2] No such file or directory: '/scratch/cfontana/RADAR//2026-07-10/EUHFR_NRTcurrent_HFR-Granitola-Total_v3.nc'
[Errno 2] No such file or directory: '/scratch/cfontana/RADAR//2026-07-10/EUHFR_NRTcurrent_HFR-NAdr-Total_v3.nc'
[Errno 2] No such file or directory: '/scratch/cfontana/RADAR//2026-07-10/EUHFR_NRTcurrent_HFR-GoM-Total_v3.nc'
[SAVED FIG] /scratch/cfontana/DIAGS/NAD_2026-07-10/RADAR/20260713_00.jpg

----------
20260714 0
[Errno 2] No such file or directory: '/scratch/cfontana/RADAR//2026-07-10/EUHFR_NRTcurrent_HFR-TirLig-Total_v3.nc'
[Errno 2] No such file or directory: '/scratch/cfontana/RADAR//2026-07-10/EUHFR_NRTcurrent_HFR-ARPAS-Total_v3.nc'
[Errno 2] No such file or directory: '/scratch/cfontana/RADAR//2026-07-10/EUHFR_NRTcurrent_HFR-LaMMA-Total_v3.nc'
[Errno 2] No such file or directory: '/scratch/cfontana/RADAR//2026-07-10/EUHFR_NRTcurrent_HFR-GoS-Total_v3.nc'
[Errno 2] No such file or directory: '/scratch/cfontana/RADAR//2026-07-10/EUHFR_NRTcurrent_HFR-WesternItaly-Total_v3.nc'
[Errno 2] No such file or directory: '/scratch/cfontana/RADAR//2026-07-10/EUHFR_NRTcurrent_HFR-Granitola-Total_v3.nc'
[Errno 2] No such file or directory: '/scratch/cfontana/RADAR//2026-07-10/EUHFR_NRTcurrent_HFR-NAdr-Total_v3.nc'
[Errno 2] No such file or directory: '/scratch/cfontana/RADAR//2026-07-10/EUHFR_NRTcurrent_HFR-GoM-Total_v3.nc'
[SAVED FIG] /scratch/cfontana/DIAGS/NAD_2026-07-10/RADAR/20260714_00.jpg

----------
20260715 0
[Errno 2] No such file or directory: '/scratch/cfontana/RADAR//2026-07-10/EUHFR_NRTcurrent_HFR-TirLig-Total_v3.nc'
[Errno 2] No such file or directory: '/scratch/cfontana/RADAR//2026-07-10/EUHFR_NRTcurrent_HFR-ARPAS-Total_v3.nc'
[Errno 2] No such file or directory: '/scratch/cfontana/RADAR//2026-07-10/EUHFR_NRTcurrent_HFR-LaMMA-Total_v3.nc'
[Errno 2] No such file or directory: '/scratch/cfontana/RADAR//2026-07-10/EUHFR_NRTcurrent_HFR-GoS-Total_v3.nc'
[Errno 2] No such file or directory: '/scratch/cfontana/RADAR//2026-07-10/EUHFR_NRTcurrent_HFR-WesternItaly-Total_v3.nc'
[Errno 2] No such file or directory: '/scratch/cfontana/RADAR//2026-07-10/EUHFR_NRTcurrent_HFR-Granitola-Total_v3.nc'
[Errno 2] No such file or directory: '/scratch/cfontana/RADAR//2026-07-10/EUHFR_NRTcurrent_HFR-NAdr-Total_v3.nc'
[Errno 2] No such file or directory: '/scratch/cfontana/RADAR//2026-07-10/EUHFR_NRTcurrent_HFR-GoM-Total_v3.nc'
[SAVED FIG] /scratch/cfontana/DIAGS/NAD_2026-07-10/RADAR/20260715_00.jpg
+ date
Sat Jul 11 16:36:45 CEST 2026
+ cd ../..
+ sed -e s/DOUT/20260710/
+ sed -e s/FREQ/daily/
+ cat config/config_NAD.json
+ 1> config/config_NAD_2026-07-10.json
+ sed -e s/DINI/2026-07-10/g
+ sed -e s/DEND/2026-07-15/
+ [ 1 -eq 1 ]
+ cd datasets/CMEMS
+ python get_data_sat.py -c NAD_2026-07-10 -v chl
INFO - 2026-07-11T14:36:47Z - Selected dataset version: "202211"
INFO - 2026-07-11T14:36:47Z - Selected dataset part: "default"
WARNING - 2026-07-11T14:36:47Z - Some of your subset selection [41.75260517821568, 46.872396844882346] for the latitude dimension exceed the dataset coordinates [30.005064010620117, 45.994937896728516]
WARNING - 2026-07-11T14:36:47Z - Some of your subset selection [2026-07-10 00:00:00+00:00, 2026-07-15 00:00:00+00:00] for the time dimension exceed the dataset coordinates [2026-07-03 00:00:00+00:00, 2026-07-10 00:00:00+00:00]
----------------------------------
=> Config file NAD_2026-07-10 loaded
----------------------------------

Downloading CMEMS products : cmems_obs-oc_med_bgc-plankton_nrt_l3-multi-1km_P1D
=> Variable ['CHL', 'KD490'] 

------------------------------
DATE =>>> 2026-07-10 2026-07-15
------------------------------

[FILE SAVED ] /scratch/cfontana/DIAGS/NAD_2026-07-10/CMEMS/data/cmems_obs-oc_med_bgc-plankton_nrt_l3-multi-1km_P1D.nc
+ python interp_cmems.py -c NAD_2026-07-10 -v chl
----------------------------------
=> Config file NAD_2026-07-10 loaded
----------------------------------


[FILE SAVED] /scratch/cfontana/DIAGS/NAD_2026-07-10/CMEMS/chl/ITP_NC/chl_20260710.nc

+ [ 2 -eq 2 ]
+ error=1
+ cd ../../plot
+ python plot_CMEMS_pickle_data_vs_sat.py -c NAD_2026-07-10 -v chl -s CMEMS
----------------------------------
=> Config file NAD_2026-07-10 loaded
----------------------------------

Processing
739807 0.25393376990383626 0.27527636 0.052065607 0.8836016862376884
[Errno 2] No such file or directory: '/scratch/cfontana/DIAGS/NAD_2026-07-10/CMEMS/chl/ITP_NC/chl_20260711.nc' 

=> in get_sat_2D :
Error processing file /scratch/cfontana/DIAGS/NAD_2026-07-10/CMEMS/chl/ITP_NC/chl_20260711.nc
File not found
739808 0.2516385330981567 nan 0.049920164 1
[Errno 2] No such file or directory: '/scratch/cfontana/DIAGS/NAD_2026-07-10/CMEMS/chl/ITP_NC/chl_20260712.nc' 

=> in get_sat_2D :
Error processing file /scratch/cfontana/DIAGS/NAD_2026-07-10/CMEMS/chl/ITP_NC/chl_20260712.nc
File not found
739809 0.2344297864644541 nan 0.04804224 1
[Errno 2] No such file or directory: '/scratch/cfontana/DIAGS/NAD_2026-07-10/CMEMS/chl/ITP_NC/chl_20260713.nc' 

=> in get_sat_2D :
Error processing file /scratch/cfontana/DIAGS/NAD_2026-07-10/CMEMS/chl/ITP_NC/chl_20260713.nc
File not found
739810 0.2160157249828913 nan 0.046325617 1
[Errno 2] No such file or directory: '/scratch/cfontana/DIAGS/NAD_2026-07-10/CMEMS/chl/ITP_NC/chl_20260714.nc' 

=> in get_sat_2D :
Error processing file /scratch/cfontana/DIAGS/NAD_2026-07-10/CMEMS/chl/ITP_NC/chl_20260714.nc
File not found
739811 0.1916390984378206 nan 0.044808567 1
[Errno 2] No such file or directory: '/scratch/cfontana/DIAGS/NAD_2026-07-10/CMEMS/chl/ITP_NC/chl_20260715.nc' 

=> in get_sat_2D :
Error processing file /scratch/cfontana/DIAGS/NAD_2026-07-10/CMEMS/chl/ITP_NC/chl_20260715.nc
File not found
739812 0.17933171360493239 nan 0.043420523 1
[SAVED FIG] /scratch/cfontana/DIAGS/NAD_2026-07-10/CMEMS/chl/ITP_NC/PLOT/2026071012_chl.jpg
[SAVED FIG] /scratch/cfontana/DIAGS/NAD_2026-07-10/CMEMS/chl/ITP_NC/PLOT/2026071112_chl.jpg
[SAVED FIG] /scratch/cfontana/DIAGS/NAD_2026-07-10/CMEMS/chl/ITP_NC/PLOT/2026071212_chl.jpg
[SAVED FIG] /scratch/cfontana/DIAGS/NAD_2026-07-10/CMEMS/chl/ITP_NC/PLOT/2026071312_chl.jpg
[SAVED FIG] /scratch/cfontana/DIAGS/NAD_2026-07-10/CMEMS/chl/ITP_NC/PLOT/2026071412_chl.jpg
[SAVED FIG] /scratch/cfontana/DIAGS/NAD_2026-07-10/CMEMS/chl/ITP_NC/PLOT/2026071512_chl.jpg
+ python plot_sat_CMEMS_timeseries.py -c NAD_2026-07-10 -v chl -s CMEMS
----------------------------------
=> Config file NAD_2026-07-10 loaded
----------------------------------

[SAVED FIG] /scratch/cfontana/DIAGS/NAD_2026-07-10/CMEMS/chl/ITP_NC/time_series.jpg
+ rm -f '/scratch/cfontana/DIAGS/NAD_2026-07-10/CMEMS/chl/ITP_NC/PLOT/*.pkl'
+ [ 1 -eq 1 ]
+ rm -f /scratch/cfontana/DIAGS/NAD_2026-07-10/CMEMS/chl/ITP_NC/chl_20260710.nc
+ date
Sat Jul 11 16:41:01 CEST 2026
+ cd ..
+ [ 1 -eq 0 ]
+ [ 1 -eq 1 ]
+ rm -f /scratch/cfontana/DIAGS/NAD_2026-07-10/CMEMS/data/SST_MED_SST_L3S_NRT_OBSERVATIONS_010_012_b.nc /scratch/cfontana/DIAGS/NAD_2026-07-10/CMEMS/data/cmems_obs-oc_med_bgc-plankton_nrt_l3-multi-1km_P1D.nc
+ [ 1 -eq 1 ]
+ source /home/cfontana/venv/a/bin/activate
+ 1> /dev/null
+ deactivate nondestructive
+ [ -n /home/cfontana/venv/c/bin:/usr/local/sbin:/usr/local/bin:/usr/sbin:/usr/bin:/sbin:/bin:/usr/games:/usr/local/games:/snap/bin ]
+ PATH=/home/cfontana/venv/c/bin:/usr/local/sbin:/usr/local/bin:/usr/sbin:/usr/bin:/sbin:/bin:/usr/games:/usr/local/games:/snap/bin
+ export PATH
+ unset _OLD_VIRTUAL_PATH
+ [ -n '' ]
+ hash -r
+ 2> /dev/null
+ [ -n '(c) \[\e]0;\u@\h: \w\a\]${debian_chroot:+($debian_chroot)}\[\033[01;32m\]\u@\h\[\033[00m\]:\[\033[01;34m\]\w\[\033[00m\]\$ ' ]
+ PS1='(c) \[\e]0;\u@\h: \w\a\]${debian_chroot:+($debian_chroot)}\[\033[01;32m\]\u@\h\[\033[00m\]:\[\033[01;34m\]\w\[\033[00m\]\$ '
+ export PS1
+ unset _OLD_VIRTUAL_PS1
+ unset VIRTUAL_ENV
+ unset VIRTUAL_ENV_PROMPT
+ [ ! nondestructive '=' nondestructive ]
+ [ '' '=' cygwin ]
+ [ '' '=' msys ]
+ VIRTUAL_ENV=/home/cfontana/venv/a
+ export VIRTUAL_ENV
+ _OLD_VIRTUAL_PATH=/home/cfontana/venv/c/bin:/usr/local/sbin:/usr/local/bin:/usr/sbin:/usr/bin:/sbin:/bin:/usr/games:/usr/local/games:/snap/bin
+ PATH=/home/cfontana/venv/a/bin:/home/cfontana/venv/c/bin:/usr/local/sbin:/usr/local/bin:/usr/sbin:/usr/bin:/sbin:/bin:/usr/games:/usr/local/games:/snap/bin
+ export PATH
+ [ -n '' ]
+ [ -z '' ]
+ _OLD_VIRTUAL_PS1='(c) \[\e]0;\u@\h: \w\a\]${debian_chroot:+($debian_chroot)}\[\033[01;32m\]\u@\h\[\033[00m\]:\[\033[01;34m\]\w\[\033[00m\]\$ '
+ PS1='(a) (c) \[\e]0;\u@\h: \w\a\]${debian_chroot:+($debian_chroot)}\[\033[01;32m\]\u@\h\[\033[00m\]:\[\033[01;34m\]\w\[\033[00m\]\$ '
+ export PS1
+ VIRTUAL_ENV_PROMPT='(a) '
+ export VIRTUAL_ENV_PROMPT
+ hash -r
+ 2> /dev/null
+ sed -i s/daily/hourly/ config/config_NAD_2026-07-10.json
+ cd datasets/ARGO
+ python get_argo.py -c NAD_2026-07-10
----------------------------------
=> Config file NAD_2026-07-10 loaded
----------------------------------

[np.float64(12.106771461596368), np.float64(17.934896461596367), np.float64(42.75260517821568), np.float64(45.872396844882346), 0, 500, '2026-07-10', '2026-07-15']
Traceback (most recent call last):
  File "/home/cfontana/DATA_MED/datasets/ARGO/get_argo.py", line 73, in <module>
    f = f.region(box).load()
        ^^^^^^^^^^^^^^^^^^^^
  File "/home/cfontana/venv/a/lib/python3.12/site-packages/argopy/fetchers.py", line 886, in load
    self._data = self._to_xarray(**kwargs)
                 ^^^^^^^^^^^^^^^^^^^^^^^^^
  File "/home/cfontana/venv/a/lib/python3.12/site-packages/argopy/fetchers.py", line 673, in _to_xarray
    xds = self.fetcher.to_xarray(**kwargs)
          ^^^^^^^^^^^^^^^^^^^^^^^^^^^^^^^^
  File "/home/cfontana/venv/a/lib/python3.12/site-packages/argopy/data_fetchers/erddap_data.py", line 583, in to_xarray
    results = self.fs.open_dataset(URI[0])
              ^^^^^^^^^^^^^^^^^^^^^^^^^^^^
  File "/home/cfontana/venv/a/lib/python3.12/site-packages/argopy/stores/implementations/http.py", line 349, in open_dataset
    target, _ = load_in_memory(
                ^^^^^^^^^^^^^^^
  File "/home/cfontana/venv/a/lib/python3.12/site-packages/argopy/stores/implementations/http.py", line 261, in load_in_memory
    data = self.download_url(url, **dwn_opts)
           ^^^^^^^^^^^^^^^^^^^^^^^^^^^^^^^^^^
  File "/home/cfontana/venv/a/lib/python3.12/site-packages/argopy/stores/implementations/http.py", line 169, in download_url
    data, n = make_request(
              ^^^^^^^^^^^^^
  File "/home/cfontana/venv/a/lib/python3.12/site-packages/argopy/stores/implementations/http.py", line 124, in make_request
    raise e
  File "/home/cfontana/venv/a/lib/python3.12/site-packages/argopy/stores/implementations/http.py", line 121, in make_request
    data = ffs.cat_file(url, **cat_opts)
           ^^^^^^^^^^^^^^^^^^^^^^^^^^^^^
  File "/home/cfontana/venv/a/lib/python3.12/site-packages/fsspec/asyn.py", line 118, in wrapper
    return sync(self.loop, func, *args, **kwargs)
           ^^^^^^^^^^^^^^^^^^^^^^^^^^^^^^^^^^^^^^
  File "/home/cfontana/venv/a/lib/python3.12/site-packages/fsspec/asyn.py", line 103, in sync
    raise return_result
  File "/home/cfontana/venv/a/lib/python3.12/site-packages/fsspec/asyn.py", line 56, in _runner
    result[0] = await coro
                ^^^^^^^^^^
  File "/home/cfontana/venv/a/lib/python3.12/site-packages/fsspec/implementations/http.py", line 247, in _cat_file
    self._raise_not_found_for_status(r, url)
  File "/home/cfontana/venv/a/lib/python3.12/site-packages/fsspec/implementations/http.py", line 229, in _raise_not_found_for_status
    raise FileNotFoundError(url)
FileNotFoundError: https://erddap.ifremer.fr/erddap/tabledap/ArgoFloats.nc?config_mission_number,cycle_number,data_mode,direction,latitude,longitude,platform_number,position_qc,pres,pres_adjusted,pres_adjusted_error,pres_adjusted_qc,pres_qc,psal,psal_adjusted,psal_adjusted_error,psal_adjusted_qc,psal_qc,temp,temp_adjusted,temp_adjusted_error,temp_adjusted_qc,temp_qc,time,time_qc,vertical_sampling_scheme&longitude>=12.106771461596368&longitude<=17.934896461596367&latitude>=42.75260517821568&latitude<=45.872396844882346&pres>=0&pres<=500&time>=1783641600.0&time<=1784073600.0&latitude!=NaN&longitude!=NaN&distinct()&orderBy("time,pres")
+ [ 1 -eq 0 ]
+ cd ../../
+ sed -i s/phy/bgc/ config/config_NAD_2026-07-10.json
+ cd datasets/ARGO
+ python get_argo.py -c NAD_2026-07-10
----------------------------------
=> Config file NAD_2026-07-10 loaded
----------------------------------

[np.float64(12.106771461596368), np.float64(17.934896461596367), np.float64(42.75260517821568), np.float64(45.872396844882346), 0, 500, '2026-07-10', '2026-07-15']
Traceback (most recent call last):
  File "/home/cfontana/DATA_MED/datasets/ARGO/get_argo.py", line 73, in <module>
    f = f.region(box).load()
        ^^^^^^^^^^^^^
  File "/home/cfontana/venv/a/lib/python3.12/site-packages/argopy/fetchers.py", line 68, in wrapper
    return AccessPoint(*args)
           ^^^^^^^^^^^^^^^^^^
  File "/home/cfontana/venv/a/lib/python3.12/site-packages/argopy/fetchers.py", line 648, in region
    self.fetcher = self.Fetchers["region"](box=box, **self.fetcher_options)
                   ^^^^^^^^^^^^^^^^^^^^^^^^^^^^^^^^^^^^^^^^^^^^^^^^^^^^^^^^
  File "/home/cfontana/venv/a/lib/python3.12/site-packages/argopy/data_fetchers/erddap_data.py", line 184, in __init__
    params = self._bgc_vlist_avail
             ^^^^^^^^^^^^^^^^^^^^^
  File "/home/cfontana/venv/a/lib/python3.12/site-packages/argopy/data_fetchers/erddap_data.py", line 305, in _bgc_vlist_avail
    params = self.indexfs.read_params()
             ^^^^^^^^^^^^^^^^^^^^^^^^^^
  File "/home/cfontana/venv/a/lib/python3.12/site-packages/argopy/stores/index/implementations/pandas/index.py", line 281, in read_params
    raise DataNotFound(
argopy.errors.DataNotFound: 'No data found in the index corresponding to your search criteria. Search definition: x=12.11/17.93;y=42.75/45.87;t=2026-07-10/2026-07-15'
+ [ 1 -eq 0 ]
+ cd ../../
+ [ 1 -eq 1 ]
+ source /home/cfontana/venv/c/bin/activate
+ 1> /dev/null
+ deactivate nondestructive
+ [ -n /home/cfontana/venv/c/bin:/usr/local/sbin:/usr/local/bin:/usr/sbin:/usr/bin:/sbin:/bin:/usr/games:/usr/local/games:/snap/bin ]
+ PATH=/home/cfontana/venv/c/bin:/usr/local/sbin:/usr/local/bin:/usr/sbin:/usr/bin:/sbin:/bin:/usr/games:/usr/local/games:/snap/bin
+ export PATH
+ unset _OLD_VIRTUAL_PATH
+ [ -n '' ]
+ hash -r
+ 2> /dev/null
+ [ -n '(c) \[\e]0;\u@\h: \w\a\]${debian_chroot:+($debian_chroot)}\[\033[01;32m\]\u@\h\[\033[00m\]:\[\033[01;34m\]\w\[\033[00m\]\$ ' ]
+ PS1='(c) \[\e]0;\u@\h: \w\a\]${debian_chroot:+($debian_chroot)}\[\033[01;32m\]\u@\h\[\033[00m\]:\[\033[01;34m\]\w\[\033[00m\]\$ '
+ export PS1
+ unset _OLD_VIRTUAL_PS1
+ unset VIRTUAL_ENV
+ unset VIRTUAL_ENV_PROMPT
+ [ ! nondestructive '=' nondestructive ]
+ [ '' '=' cygwin ]
+ [ '' '=' msys ]
+ VIRTUAL_ENV=/home/cfontana/venv/c
+ export VIRTUAL_ENV
+ _OLD_VIRTUAL_PATH=/home/cfontana/venv/c/bin:/usr/local/sbin:/usr/local/bin:/usr/sbin:/usr/bin:/sbin:/bin:/usr/games:/usr/local/games:/snap/bin
+ PATH=/home/cfontana/venv/c/bin:/home/cfontana/venv/c/bin:/usr/local/sbin:/usr/local/bin:/usr/sbin:/usr/bin:/sbin:/bin:/usr/games:/usr/local/games:/snap/bin
+ export PATH
+ [ -n '' ]
+ [ -z '' ]
+ _OLD_VIRTUAL_PS1='(c) \[\e]0;\u@\h: \w\a\]${debian_chroot:+($debian_chroot)}\[\033[01;32m\]\u@\h\[\033[00m\]:\[\033[01;34m\]\w\[\033[00m\]\$ '
+ PS1='(c) (c) \[\e]0;\u@\h: \w\a\]${debian_chroot:+($debian_chroot)}\[\033[01;32m\]\u@\h\[\033[00m\]:\[\033[01;34m\]\w\[\033[00m\]\$ '
+ export PS1
+ VIRTUAL_ENV_PROMPT='(c) '
+ export VIRTUAL_ENV_PROMPT
+ hash -r
+ 2> /dev/null
+ static=/scratch/cfontana/DIAGS/NAD_2026-07-10/static_NAD_2026-07-10
+ mkdir /scratch/cfontana/DIAGS/NAD_2026-07-10/static_NAD_2026-07-10
+ dir=/scratch/cfontana/DIAGS/NAD_2026-07-10/CMEMS/thetao/ITP_NC
+ i=1
+ ls /scratch/cfontana/DIAGS/NAD_2026-07-10/CMEMS/thetao/ITP_NC/PLOT/
+ cp /scratch/cfontana/DIAGS/NAD_2026-07-10/CMEMS/thetao/ITP_NC/PLOT/2026071000_thetao.jpg /scratch/cfontana/DIAGS/NAD_2026-07-10/static_NAD_2026-07-10/thetao_1.jpg
+ let i=1+1
+ cp /scratch/cfontana/DIAGS/NAD_2026-07-10/CMEMS/thetao/ITP_NC/PLOT/2026071100_thetao.jpg /scratch/cfontana/DIAGS/NAD_2026-07-10/static_NAD_2026-07-10/thetao_2.jpg
+ let i=2+1
+ cp /scratch/cfontana/DIAGS/NAD_2026-07-10/CMEMS/thetao/ITP_NC/PLOT/2026071200_thetao.jpg /scratch/cfontana/DIAGS/NAD_2026-07-10/static_NAD_2026-07-10/thetao_3.jpg
+ let i=3+1
+ cp /scratch/cfontana/DIAGS/NAD_2026-07-10/CMEMS/thetao/ITP_NC/PLOT/2026071300_thetao.jpg /scratch/cfontana/DIAGS/NAD_2026-07-10/static_NAD_2026-07-10/thetao_4.jpg
+ let i=4+1
+ cp /scratch/cfontana/DIAGS/NAD_2026-07-10/CMEMS/thetao/ITP_NC/PLOT/2026071400_thetao.jpg /scratch/cfontana/DIAGS/NAD_2026-07-10/static_NAD_2026-07-10/thetao_5.jpg
+ let i=5+1
+ cp /scratch/cfontana/DIAGS/NAD_2026-07-10/CMEMS/thetao/ITP_NC/PLOT/2026071500_thetao.jpg /scratch/cfontana/DIAGS/NAD_2026-07-10/static_NAD_2026-07-10/thetao_6.jpg
+ let i=6+1
+ cp /scratch/cfontana/DIAGS/NAD_2026-07-10/CMEMS/thetao/ITP_NC/time_series.jpg /scratch/cfontana/DIAGS/NAD_2026-07-10/static_NAD_2026-07-10/time_series_thetao.jpg
+ dir=/scratch/cfontana/DIAGS/NAD_2026-07-10/CMEMS/chl/ITP_NC
+ i=1
+ ls /scratch/cfontana/DIAGS/NAD_2026-07-10/CMEMS/chl/ITP_NC/PLOT/
+ cp /scratch/cfontana/DIAGS/NAD_2026-07-10/CMEMS/chl/ITP_NC/PLOT/2026071012_chl.jpg /scratch/cfontana/DIAGS/NAD_2026-07-10/static_NAD_2026-07-10/chl_1.jpg
+ let i=1+1
+ cp /scratch/cfontana/DIAGS/NAD_2026-07-10/CMEMS/chl/ITP_NC/PLOT/2026071112_chl.jpg /scratch/cfontana/DIAGS/NAD_2026-07-10/static_NAD_2026-07-10/chl_2.jpg
+ let i=2+1
+ cp /scratch/cfontana/DIAGS/NAD_2026-07-10/CMEMS/chl/ITP_NC/PLOT/2026071212_chl.jpg /scratch/cfontana/DIAGS/NAD_2026-07-10/static_NAD_2026-07-10/chl_3.jpg
+ let i=3+1
+ cp /scratch/cfontana/DIAGS/NAD_2026-07-10/CMEMS/chl/ITP_NC/PLOT/2026071312_chl.jpg /scratch/cfontana/DIAGS/NAD_2026-07-10/static_NAD_2026-07-10/chl_4.jpg
+ let i=4+1
+ cp /scratch/cfontana/DIAGS/NAD_2026-07-10/CMEMS/chl/ITP_NC/PLOT/2026071412_chl.jpg /scratch/cfontana/DIAGS/NAD_2026-07-10/static_NAD_2026-07-10/chl_5.jpg
+ let i=5+1
+ cp /scratch/cfontana/DIAGS/NAD_2026-07-10/CMEMS/chl/ITP_NC/PLOT/2026071512_chl.jpg /scratch/cfontana/DIAGS/NAD_2026-07-10/static_NAD_2026-07-10/chl_6.jpg
+ let i=6+1
+ cp /scratch/cfontana/DIAGS/NAD_2026-07-10/CMEMS/chl/ITP_NC/time_series.jpg /scratch/cfontana/DIAGS/NAD_2026-07-10/static_NAD_2026-07-10/time_series_chl.jpg
+ dir=/scratch/cfontana/DIAGS/NAD_2026-07-10/RADAR/
+ i=1
+ ls /scratch/cfontana/DIAGS/NAD_2026-07-10/RADAR//20260710_00.jpg /scratch/cfontana/DIAGS/NAD_2026-07-10/RADAR//20260711_00.jpg /scratch/cfontana/DIAGS/NAD_2026-07-10/RADAR//20260712_00.jpg /scratch/cfontana/DIAGS/NAD_2026-07-10/RADAR//20260713_00.jpg /scratch/cfontana/DIAGS/NAD_2026-07-10/RADAR//20260714_00.jpg /scratch/cfontana/DIAGS/NAD_2026-07-10/RADAR//20260715_00.jpg
+ cp /scratch/cfontana/DIAGS/NAD_2026-07-10/RADAR//20260710_00.jpg /scratch/cfontana/DIAGS/NAD_2026-07-10/static_NAD_2026-07-10/radar_1.jpg
+ let i=1+1
+ cp /scratch/cfontana/DIAGS/NAD_2026-07-10/RADAR//20260711_00.jpg /scratch/cfontana/DIAGS/NAD_2026-07-10/static_NAD_2026-07-10/radar_2.jpg
+ let i=2+1
+ cp /scratch/cfontana/DIAGS/NAD_2026-07-10/RADAR//20260712_00.jpg /scratch/cfontana/DIAGS/NAD_2026-07-10/static_NAD_2026-07-10/radar_3.jpg
+ let i=3+1
+ cp /scratch/cfontana/DIAGS/NAD_2026-07-10/RADAR//20260713_00.jpg /scratch/cfontana/DIAGS/NAD_2026-07-10/static_NAD_2026-07-10/radar_4.jpg
+ let i=4+1
+ cp /scratch/cfontana/DIAGS/NAD_2026-07-10/RADAR//20260714_00.jpg /scratch/cfontana/DIAGS/NAD_2026-07-10/static_NAD_2026-07-10/radar_5.jpg
+ let i=5+1
+ cp /scratch/cfontana/DIAGS/NAD_2026-07-10/RADAR//20260715_00.jpg /scratch/cfontana/DIAGS/NAD_2026-07-10/static_NAD_2026-07-10/radar_6.jpg
+ let i=6+1
+ dir=/scratch/cfontana/DIAGS/NAD_2026-07-10/ARGO/
+ ls -d '/scratch/cfontana/DIAGS/NAD_2026-07-10/ARGO//bio*/'
ls: cannot access '/scratch/cfontana/DIAGS/NAD_2026-07-10/ARGO//bio*/': No such file or directory
+ i=1
+ 1> /scratch/cfontana/DIAGS/NAD_2026-07-10/static_NAD_2026-07-10/list.txt
+ ls -d '/scratch/cfontana/DIAGS/NAD_2026-07-10/ARGO//*/'
ls: cannot access '/scratch/cfontana/DIAGS/NAD_2026-07-10/ARGO//*/': No such file or directory
+ cp /scratch/cfontana/DIAGS/NAD_2026-07-10/ARGO//map.jpg /scratch/cfontana/DIAGS/NAD_2026-07-10/static_NAD_2026-07-10
cp: cannot stat '/scratch/cfontana/DIAGS/NAD_2026-07-10/ARGO//map.jpg': No such file or directory
+ scp -r /scratch/cfontana/DIAGS/NAD_2026-07-10/static_NAD_2026-07-10 yulpa175555@webhost03.yulpa.io:/datas/yulpa175555/sites/merval.eg2.fr/htdocs/DIAGS
+ echo 'PROCESSING ION'
PROCESSING ION
+ echo '_______________ '
_______________ 
+ date
Sat Jul 11 16:41:18 CEST 2026
+ config=ION_2026-07-10
+ awk '{print tolower($0)}'
+ echo ION
+ lower=ion
+ set -x
+ cat config/config_ION.json
+ sed -e s/DINI/2026-07-10/g
+ sed -e s/FREQ/hourly/
+ sed -e s/DOUT/20260710/
+ 1> config/config_ION_2026-07-10.json
+ sed -e s/DEND/2026-07-15/
+ cp config/cmems_DOMAIN.dat config/cmems_ION_2026-07-10.dat
+ cp config/variables_mit_DOMAIN.dat config/variables_mit_ION_2026-07-10.dat
+ jq -r .diagdir config/config_ION_2026-07-10.json
+ diagdir=/scratch/cfontana/DIAGS/ION_2026-07-10
+ jq -r .radardir config/config_ION_2026-07-10.json
+ radardir=/scratch/cfontana/RADAR/
+ [ 0 -eq 0 -a 0 -eq 1 ]
+ [ 1 -eq 1 ]
+ cd datasets/CMEMS
+ python get_data_sat.py -c ION_2026-07-10 -v thetao
INFO - 2026-07-11T14:41:20Z - Selected dataset version: "202311"
INFO - 2026-07-11T14:41:20Z - Selected dataset part: "default"
WARNING - 2026-07-11T14:41:20Z - Some of your subset selection [2026-07-10 00:00:00+00:00, 2026-07-15 00:00:00+00:00] for the time dimension exceed the dataset coordinates [2008-01-01 00:00:00+00:00, 2026-07-11 00:00:00+00:00]
----------------------------------
=> Config file ION_2026-07-10 loaded
----------------------------------

Downloading CMEMS products : SST_MED_SST_L3S_NRT_OBSERVATIONS_010_012_b
=> Variable [np.str_('adjusted_sea_surface_temperature')] 

------------------------------
DATE =>>> 2026-07-10 2026-07-15
------------------------------
  0%|                                                                                          | 0/170 [00:00<?, ?it/s]  1%|▍                                                                                 | 1/170 [00:00<02:08,  1.31it/s]  3%|██▍                                                                               | 5/170 [00:00<00:23,  6.88it/s]  9%|███████▏                                                                         | 15/170 [00:01<00:10, 15.16it/s] 14%|██████████▉                                                                      | 23/170 [00:01<00:07, 19.17it/s] 17%|█████████████▊                                                                   | 29/170 [00:01<00:05, 24.41it/s] 19%|███████████████▋                                                                 | 33/170 [00:01<00:05, 24.11it/s] 23%|██████████████████▌                                                              | 39/170 [00:02<00:04, 28.47it/s] 25%|████████████████████▍                                                            | 43/170 [00:02<00:04, 29.04it/s] 28%|██████████████████████▍                                                          | 47/170 [00:02<00:03, 30.77it/s] 30%|████████████████████████▎                                                        | 51/170 [00:02<00:03, 31.15it/s] 32%|██████████████████████████▏                                                      | 55/170 [00:02<00:04, 23.67it/s] 37%|██████████████████████████████                                                   | 63/170 [00:02<00:03, 26.79it/s] 39%|███████████████████████████████▉                                                 | 67/170 [00:03<00:04, 25.20it/s] 43%|██████████████████████████████████▊                                              | 73/170 [00:03<00:03, 28.39it/s] 45%|████████████████████████████████████▋                                            | 77/170 [00:03<00:03, 24.38it/s] 49%|███████████████████████████████████████▌                                         | 83/170 [00:03<00:03, 26.61it/s] 54%|███████████████████████████████████████████▎                                     | 91/170 [00:03<00:02, 30.67it/s] 56%|█████████████████████████████████████████████▎                                   | 95/170 [00:04<00:03, 22.93it/s] 61%|████████████████████████████████████████████████▍                               | 103/170 [00:04<00:02, 24.09it/s] 63%|██████████████████████████████████████████████████▎                             | 107/170 [00:04<00:02, 22.95it/s] 65%|████████████████████████████████████████████████████▏                           | 111/170 [00:04<00:02, 22.47it/s] 67%|█████████████████████████████████████████████████████▋                          | 114/170 [00:05<00:02, 21.51it/s] 69%|███████████████████████████████████████████████████████                         | 117/170 [00:05<00:02, 17.68it/s] 70%|████████████████████████████████████████████████████████                        | 119/170 [00:05<00:03, 14.90it/s] 74%|██████████████████████████████████████████████████████████▊                     | 125/170 [00:05<00:02, 17.98it/s] 77%|█████████████████████████████████████████████████████████████▋                  | 131/170 [00:05<00:01, 23.57it/s] 79%|███████████████████████████████████████████████████████████████▌                | 135/170 [00:06<00:01, 24.10it/s] 84%|███████████████████████████████████████████████████████████████████▎            | 143/170 [00:06<00:01, 25.21it/s] 86%|█████████████████████████████████████████████████████████████████████▏          | 147/170 [00:06<00:00, 23.30it/s] 91%|████████████████████████████████████████████████████████████████████████▉       | 155/170 [00:06<00:00, 32.22it/s] 95%|███████████████████████████████████████████████████████████████████████████▊    | 161/170 [00:07<00:00, 27.19it/s] 97%|█████████████████████████████████████████████████████████████████████████████▋  | 165/170 [00:07<00:00, 28.75it/s]100%|████████████████████████████████████████████████████████████████████████████████| 170/170 [00:07<00:00, 23.70it/s]

[FILE SAVED ] /scratch/cfontana/DIAGS/ION_2026-07-10/CMEMS/data/SST_MED_SST_L3S_NRT_OBSERVATIONS_010_012_b.nc
+ python interp_cmems.py -c ION_2026-07-10 -v thetao
----------------------------------
=> Config file ION_2026-07-10 loaded
----------------------------------


[FILE SAVED] /scratch/cfontana/DIAGS/ION_2026-07-10/CMEMS/thetao/ITP_NC/thetao_20260710.nc


[FILE SAVED] /scratch/cfontana/DIAGS/ION_2026-07-10/CMEMS/thetao/ITP_NC/thetao_20260711.nc

+ [ 2 -eq 2 ]
+ error=1
+ cd ../../plot
+ python plot_CMEMS_pickle_data_vs_sat.py -c ION_2026-07-10 -v thetao -s CMEMS
----------------------------------
=> Config file ION_2026-07-10 loaded
----------------------------------

Processing
739807 26.769944820066296 26.62302 27.123688 0.9876148935351956
739808 26.87071749402618 27.039755 27.252394 0.9900249336597997
[Errno 2] No such file or directory: '/scratch/cfontana/DIAGS/ION_2026-07-10/CMEMS/thetao/ITP_NC/thetao_20260712.nc' 

=> in get_sat_2D :
Error processing file /scratch/cfontana/DIAGS/ION_2026-07-10/CMEMS/thetao/ITP_NC/thetao_20260712.nc
File not found
739809 26.99458911832756 nan 27.488726 1
[Errno 2] No such file or directory: '/scratch/cfontana/DIAGS/ION_2026-07-10/CMEMS/thetao/ITP_NC/thetao_20260713.nc' 

=> in get_sat_2D :
Error processing file /scratch/cfontana/DIAGS/ION_2026-07-10/CMEMS/thetao/ITP_NC/thetao_20260713.nc
File not found
No space left on the device (456716288 Mo free) — exiting
[Errno 2] No such file or directory: '/scratch/cfontana/DIAGS/ION_2026-07-10/CMEMS/thetao/ITP_NC/thetao_20260714.nc' 

=> in get_sat_2D :
Error processing file /scratch/cfontana/DIAGS/ION_2026-07-10/CMEMS/thetao/ITP_NC/thetao_20260714.nc
File not found
No space left on the device (456716288 Mo free) — exiting
[Errno 2] No such file or directory: '/scratch/cfontana/DIAGS/ION_2026-07-10/CMEMS/thetao/ITP_NC/thetao_20260715.nc' 

=> in get_sat_2D :
Error processing file /scratch/cfontana/DIAGS/ION_2026-07-10/CMEMS/thetao/ITP_NC/thetao_20260715.nc
File not found
No space left on the device (456716288 Mo free) — exiting
[SAVED FIG] /scratch/cfontana/DIAGS/ION_2026-07-10/CMEMS/thetao/ITP_NC/PLOT/2026071000_thetao.jpg
[SAVED FIG] /scratch/cfontana/DIAGS/ION_2026-07-10/CMEMS/thetao/ITP_NC/PLOT/2026071100_thetao.jpg
[SAVED FIG] /scratch/cfontana/DIAGS/ION_2026-07-10/CMEMS/thetao/ITP_NC/PLOT/2026071200_thetao.jpg
+ python plot_sat_CMEMS_timeseries.py -c ION_2026-07-10 -v thetao -s CMEMS
----------------------------------
=> Config file ION_2026-07-10 loaded
----------------------------------

[SAVED FIG] /scratch/cfontana/DIAGS/ION_2026-07-10/CMEMS/thetao/ITP_NC/time_series.jpg
+ rm -f '/scratch/cfontana/DIAGS/ION_2026-07-10/CMEMS/thetao/ITP_NC/PLOT/*.pkl'
+ [ 1 -eq 1 ]
+ rm -f /scratch/cfontana/DIAGS/ION_2026-07-10/CMEMS/thetao/ITP_NC/thetao_20260710.nc /scratch/cfontana/DIAGS/ION_2026-07-10/CMEMS/thetao/ITP_NC/thetao_20260711.nc
+ date
Sat Jul 11 16:55:27 CEST 2026
+ cd ..
+ [ 1 -eq 1 ]
+ cd datasets/HFRADAR
+ python read_radar.py -c ION_2026-07-10
----------------------------------
=> Config file ION_2026-07-10 loaded
----------------------------------


----------
20260710 0
[Errno 2] No such file or directory: '/scratch/cfontana/RADAR//2026-07-10/EUHFR_NRTcurrent_HFR-TirLig-Total_v3.nc'
[Errno 2] No such file or directory: '/scratch/cfontana/RADAR//2026-07-10/EUHFR_NRTcurrent_HFR-ARPAS-Total_v3.nc'
[Errno 2] No such file or directory: '/scratch/cfontana/RADAR//2026-07-10/EUHFR_NRTcurrent_HFR-LaMMA-Total_v3.nc'
[Errno 2] No such file or directory: '/scratch/cfontana/RADAR//2026-07-10/EUHFR_NRTcurrent_HFR-GoS-Total_v3.nc'
[Errno 2] No such file or directory: '/scratch/cfontana/RADAR//2026-07-10/EUHFR_NRTcurrent_HFR-WesternItaly-Total_v3.nc'
[Errno 2] No such file or directory: '/scratch/cfontana/RADAR//2026-07-10/EUHFR_NRTcurrent_HFR-Granitola-Total_v3.nc'
[Errno 2] No such file or directory: '/scratch/cfontana/RADAR//2026-07-10/EUHFR_NRTcurrent_HFR-NAdr-Total_v3.nc'
[Errno 2] No such file or directory: '/scratch/cfontana/RADAR//2026-07-10/EUHFR_NRTcurrent_HFR-GoM-Total_v3.nc'
[SAVED FIG] /scratch/cfontana/DIAGS/ION_2026-07-10/RADAR/20260710_00.jpg

----------
20260711 0
[Errno 2] No such file or directory: '/scratch/cfontana/RADAR//2026-07-10/EUHFR_NRTcurrent_HFR-TirLig-Total_v3.nc'
[Errno 2] No such file or directory: '/scratch/cfontana/RADAR//2026-07-10/EUHFR_NRTcurrent_HFR-ARPAS-Total_v3.nc'
[Errno 2] No such file or directory: '/scratch/cfontana/RADAR//2026-07-10/EUHFR_NRTcurrent_HFR-LaMMA-Total_v3.nc'
[Errno 2] No such file or directory: '/scratch/cfontana/RADAR//2026-07-10/EUHFR_NRTcurrent_HFR-GoS-Total_v3.nc'
[Errno 2] No such file or directory: '/scratch/cfontana/RADAR//2026-07-10/EUHFR_NRTcurrent_HFR-WesternItaly-Total_v3.nc'
[Errno 2] No such file or directory: '/scratch/cfontana/RADAR//2026-07-10/EUHFR_NRTcurrent_HFR-Granitola-Total_v3.nc'
[Errno 2] No such file or directory: '/scratch/cfontana/RADAR//2026-07-10/EUHFR_NRTcurrent_HFR-NAdr-Total_v3.nc'
[Errno 2] No such file or directory: '/scratch/cfontana/RADAR//2026-07-10/EUHFR_NRTcurrent_HFR-GoM-Total_v3.nc'
[SAVED FIG] /scratch/cfontana/DIAGS/ION_2026-07-10/RADAR/20260711_00.jpg

----------
20260712 0
[Errno 2] No such file or directory: '/scratch/cfontana/RADAR//2026-07-10/EUHFR_NRTcurrent_HFR-TirLig-Total_v3.nc'
[Errno 2] No such file or directory: '/scratch/cfontana/RADAR//2026-07-10/EUHFR_NRTcurrent_HFR-ARPAS-Total_v3.nc'
[Errno 2] No such file or directory: '/scratch/cfontana/RADAR//2026-07-10/EUHFR_NRTcurrent_HFR-LaMMA-Total_v3.nc'
[Errno 2] No such file or directory: '/scratch/cfontana/RADAR//2026-07-10/EUHFR_NRTcurrent_HFR-GoS-Total_v3.nc'
[Errno 2] No such file or directory: '/scratch/cfontana/RADAR//2026-07-10/EUHFR_NRTcurrent_HFR-WesternItaly-Total_v3.nc'
[Errno 2] No such file or directory: '/scratch/cfontana/RADAR//2026-07-10/EUHFR_NRTcurrent_HFR-Granitola-Total_v3.nc'
[Errno 2] No such file or directory: '/scratch/cfontana/RADAR//2026-07-10/EUHFR_NRTcurrent_HFR-NAdr-Total_v3.nc'
[Errno 2] No such file or directory: '/scratch/cfontana/RADAR//2026-07-10/EUHFR_NRTcurrent_HFR-GoM-Total_v3.nc'
[SAVED FIG] /scratch/cfontana/DIAGS/ION_2026-07-10/RADAR/20260712_00.jpg

----------
20260713 0
[Errno 2] No such file or directory: '/scratch/cfontana/RADAR//2026-07-10/EUHFR_NRTcurrent_HFR-TirLig-Total_v3.nc'
[Errno 2] No such file or directory: '/scratch/cfontana/RADAR//2026-07-10/EUHFR_NRTcurrent_HFR-ARPAS-Total_v3.nc'
[Errno 2] No such file or directory: '/scratch/cfontana/RADAR//2026-07-10/EUHFR_NRTcurrent_HFR-LaMMA-Total_v3.nc'
[Errno 2] No such file or directory: '/scratch/cfontana/RADAR//2026-07-10/EUHFR_NRTcurrent_HFR-GoS-Total_v3.nc'
[Errno 2] No such file or directory: '/scratch/cfontana/RADAR//2026-07-10/EUHFR_NRTcurrent_HFR-WesternItaly-Total_v3.nc'
[Errno 2] No such file or directory: '/scratch/cfontana/RADAR//2026-07-10/EUHFR_NRTcurrent_HFR-Granitola-Total_v3.nc'
[Errno 2] No such file or directory: '/scratch/cfontana/RADAR//2026-07-10/EUHFR_NRTcurrent_HFR-NAdr-Total_v3.nc'
[Errno 2] No such file or directory: '/scratch/cfontana/RADAR//2026-07-10/EUHFR_NRTcurrent_HFR-GoM-Total_v3.nc'
[SAVED FIG] /scratch/cfontana/DIAGS/ION_2026-07-10/RADAR/20260713_00.jpg

----------
20260714 0
[Errno 2] No such file or directory: '/scratch/cfontana/RADAR//2026-07-10/EUHFR_NRTcurrent_HFR-TirLig-Total_v3.nc'
[Errno 2] No such file or directory: '/scratch/cfontana/RADAR//2026-07-10/EUHFR_NRTcurrent_HFR-ARPAS-Total_v3.nc'
[Errno 2] No such file or directory: '/scratch/cfontana/RADAR//2026-07-10/EUHFR_NRTcurrent_HFR-LaMMA-Total_v3.nc'
[Errno 2] No such file or directory: '/scratch/cfontana/RADAR//2026-07-10/EUHFR_NRTcurrent_HFR-GoS-Total_v3.nc'
[Errno 2] No such file or directory: '/scratch/cfontana/RADAR//2026-07-10/EUHFR_NRTcurrent_HFR-WesternItaly-Total_v3.nc'
[Errno 2] No such file or directory: '/scratch/cfontana/RADAR//2026-07-10/EUHFR_NRTcurrent_HFR-Granitola-Total_v3.nc'
[Errno 2] No such file or directory: '/scratch/cfontana/RADAR//2026-07-10/EUHFR_NRTcurrent_HFR-NAdr-Total_v3.nc'
[Errno 2] No such file or directory: '/scratch/cfontana/RADAR//2026-07-10/EUHFR_NRTcurrent_HFR-GoM-Total_v3.nc'
[SAVED FIG] /scratch/cfontana/DIAGS/ION_2026-07-10/RADAR/20260714_00.jpg

----------
20260715 0
[Errno 2] No such file or directory: '/scratch/cfontana/RADAR//2026-07-10/EUHFR_NRTcurrent_HFR-TirLig-Total_v3.nc'
[Errno 2] No such file or directory: '/scratch/cfontana/RADAR//2026-07-10/EUHFR_NRTcurrent_HFR-ARPAS-Total_v3.nc'
[Errno 2] No such file or directory: '/scratch/cfontana/RADAR//2026-07-10/EUHFR_NRTcurrent_HFR-LaMMA-Total_v3.nc'
[Errno 2] No such file or directory: '/scratch/cfontana/RADAR//2026-07-10/EUHFR_NRTcurrent_HFR-GoS-Total_v3.nc'
[Errno 2] No such file or directory: '/scratch/cfontana/RADAR//2026-07-10/EUHFR_NRTcurrent_HFR-WesternItaly-Total_v3.nc'
[Errno 2] No such file or directory: '/scratch/cfontana/RADAR//2026-07-10/EUHFR_NRTcurrent_HFR-Granitola-Total_v3.nc'
[Errno 2] No such file or directory: '/scratch/cfontana/RADAR//2026-07-10/EUHFR_NRTcurrent_HFR-NAdr-Total_v3.nc'
[Errno 2] No such file or directory: '/scratch/cfontana/RADAR//2026-07-10/EUHFR_NRTcurrent_HFR-GoM-Total_v3.nc'
[SAVED FIG] /scratch/cfontana/DIAGS/ION_2026-07-10/RADAR/20260715_00.jpg
+ date
Sat Jul 11 17:25:23 CEST 2026
+ cd ../..
+ sed -e s/DINI/2026-07-10/g
+ cat config/config_ION.json
+ sed -e s/FREQ/daily/
+ 1> config/config_ION_2026-07-10.json
+ sed -e s/DOUT/20260710/
+ sed -e s/DEND/2026-07-15/
+ [ 1 -eq 1 ]
+ cd datasets/CMEMS
+ python get_data_sat.py -c ION_2026-07-10 -v chl
INFO - 2026-07-11T15:25:25Z - Selected dataset version: "202211"
INFO - 2026-07-11T15:25:25Z - Selected dataset part: "default"
WARNING - 2026-07-11T15:25:25Z - Some of your subset selection [2026-07-10 00:00:00+00:00, 2026-07-15 00:00:00+00:00] for the time dimension exceed the dataset coordinates [2026-07-03 00:00:00+00:00, 2026-07-10 00:00:00+00:00]
----------------------------------
=> Config file ION_2026-07-10 loaded
----------------------------------

Downloading CMEMS products : cmems_obs-oc_med_bgc-plankton_nrt_l3-multi-1km_P1D
=> Variable ['CHL', 'KD490'] 

------------------------------
DATE =>>> 2026-07-10 2026-07-15
------------------------------

[FILE SAVED ] /scratch/cfontana/DIAGS/ION_2026-07-10/CMEMS/data/cmems_obs-oc_med_bgc-plankton_nrt_l3-multi-1km_P1D.nc
+ python interp_cmems.py -c ION_2026-07-10 -v chl
----------------------------------
=> Config file ION_2026-07-10 loaded
----------------------------------


[FILE SAVED] /scratch/cfontana/DIAGS/ION_2026-07-10/CMEMS/chl/ITP_NC/chl_20260710.nc

+ [ 2 -eq 2 ]
+ error=1
+ cd ../../plot
+ python plot_CMEMS_pickle_data_vs_sat.py -c ION_2026-07-10 -v chl -s CMEMS
----------------------------------
=> Config file ION_2026-07-10 loaded
----------------------------------

Processing
739807 0.044589658526976744 0.03672739 0.03302288 0.9794201161434231
[Errno 2] No such file or directory: '/scratch/cfontana/DIAGS/ION_2026-07-10/CMEMS/chl/ITP_NC/chl_20260711.nc' 

=> in get_sat_2D :
Error processing file /scratch/cfontana/DIAGS/ION_2026-07-10/CMEMS/chl/ITP_NC/chl_20260711.nc
File not found
739808 0.04482327787781402 nan 0.032616556 1
[Errno 2] No such file or directory: '/scratch/cfontana/DIAGS/ION_2026-07-10/CMEMS/chl/ITP_NC/chl_20260712.nc' 

=> in get_sat_2D :
Error processing file /scratch/cfontana/DIAGS/ION_2026-07-10/CMEMS/chl/ITP_NC/chl_20260712.nc
File not found
739809 0.043378677155087635 nan 0.03216818 1
[Errno 2] No such file or directory: '/scratch/cfontana/DIAGS/ION_2026-07-10/CMEMS/chl/ITP_NC/chl_20260713.nc' 

=> in get_sat_2D :
Error processing file /scratch/cfontana/DIAGS/ION_2026-07-10/CMEMS/chl/ITP_NC/chl_20260713.nc
File not found
No space left on the device (560660480 Mo free) — exiting
[Errno 2] No such file or directory: '/scratch/cfontana/DIAGS/ION_2026-07-10/CMEMS/chl/ITP_NC/chl_20260714.nc' 

=> in get_sat_2D :
Error processing file /scratch/cfontana/DIAGS/ION_2026-07-10/CMEMS/chl/ITP_NC/chl_20260714.nc
File not found
No space left on the device (560660480 Mo free) — exiting
[Errno 2] No such file or directory: '/scratch/cfontana/DIAGS/ION_2026-07-10/CMEMS/chl/ITP_NC/chl_20260715.nc' 

=> in get_sat_2D :
Error processing file /scratch/cfontana/DIAGS/ION_2026-07-10/CMEMS/chl/ITP_NC/chl_20260715.nc
File not found
No space left on the device (560660480 Mo free) — exiting
[SAVED FIG] /scratch/cfontana/DIAGS/ION_2026-07-10/CMEMS/chl/ITP_NC/PLOT/2026071012_chl.jpg
[SAVED FIG] /scratch/cfontana/DIAGS/ION_2026-07-10/CMEMS/chl/ITP_NC/PLOT/2026071112_chl.jpg
[SAVED FIG] /scratch/cfontana/DIAGS/ION_2026-07-10/CMEMS/chl/ITP_NC/PLOT/2026071212_chl.jpg
+ python plot_sat_CMEMS_timeseries.py -c ION_2026-07-10 -v chl -s CMEMS
----------------------------------
=> Config file ION_2026-07-10 loaded
----------------------------------

[SAVED FIG] /scratch/cfontana/DIAGS/ION_2026-07-10/CMEMS/chl/ITP_NC/time_series.jpg
+ rm -f '/scratch/cfontana/DIAGS/ION_2026-07-10/CMEMS/chl/ITP_NC/PLOT/*.pkl'
+ [ 1 -eq 1 ]
+ rm -f /scratch/cfontana/DIAGS/ION_2026-07-10/CMEMS/chl/ITP_NC/chl_20260710.nc
+ date
Sat Jul 11 17:31:58 CEST 2026
+ cd ..
+ [ 1 -eq 0 ]
+ [ 1 -eq 1 ]
+ rm -f /scratch/cfontana/DIAGS/ION_2026-07-10/CMEMS/data/SST_MED_SST_L3S_NRT_OBSERVATIONS_010_012_b.nc /scratch/cfontana/DIAGS/ION_2026-07-10/CMEMS/data/cmems_obs-oc_med_bgc-plankton_nrt_l3-multi-1km_P1D.nc
+ [ 1 -eq 1 ]
+ source /home/cfontana/venv/a/bin/activate
+ 1> /dev/null
+ deactivate nondestructive
+ [ -n /home/cfontana/venv/c/bin:/usr/local/sbin:/usr/local/bin:/usr/sbin:/usr/bin:/sbin:/bin:/usr/games:/usr/local/games:/snap/bin ]
+ PATH=/home/cfontana/venv/c/bin:/usr/local/sbin:/usr/local/bin:/usr/sbin:/usr/bin:/sbin:/bin:/usr/games:/usr/local/games:/snap/bin
+ export PATH
+ unset _OLD_VIRTUAL_PATH
+ [ -n '' ]
+ hash -r
+ 2> /dev/null
+ [ -n '(c) \[\e]0;\u@\h: \w\a\]${debian_chroot:+($debian_chroot)}\[\033[01;32m\]\u@\h\[\033[00m\]:\[\033[01;34m\]\w\[\033[00m\]\$ ' ]
+ PS1='(c) \[\e]0;\u@\h: \w\a\]${debian_chroot:+($debian_chroot)}\[\033[01;32m\]\u@\h\[\033[00m\]:\[\033[01;34m\]\w\[\033[00m\]\$ '
+ export PS1
+ unset _OLD_VIRTUAL_PS1
+ unset VIRTUAL_ENV
+ unset VIRTUAL_ENV_PROMPT
+ [ ! nondestructive '=' nondestructive ]
+ [ '' '=' cygwin ]
+ [ '' '=' msys ]
+ VIRTUAL_ENV=/home/cfontana/venv/a
+ export VIRTUAL_ENV
+ _OLD_VIRTUAL_PATH=/home/cfontana/venv/c/bin:/usr/local/sbin:/usr/local/bin:/usr/sbin:/usr/bin:/sbin:/bin:/usr/games:/usr/local/games:/snap/bin
+ PATH=/home/cfontana/venv/a/bin:/home/cfontana/venv/c/bin:/usr/local/sbin:/usr/local/bin:/usr/sbin:/usr/bin:/sbin:/bin:/usr/games:/usr/local/games:/snap/bin
+ export PATH
+ [ -n '' ]
+ [ -z '' ]
+ _OLD_VIRTUAL_PS1='(c) \[\e]0;\u@\h: \w\a\]${debian_chroot:+($debian_chroot)}\[\033[01;32m\]\u@\h\[\033[00m\]:\[\033[01;34m\]\w\[\033[00m\]\$ '
+ PS1='(a) (c) \[\e]0;\u@\h: \w\a\]${debian_chroot:+($debian_chroot)}\[\033[01;32m\]\u@\h\[\033[00m\]:\[\033[01;34m\]\w\[\033[00m\]\$ '
+ export PS1
+ VIRTUAL_ENV_PROMPT='(a) '
+ export VIRTUAL_ENV_PROMPT
+ hash -r
+ 2> /dev/null
+ sed -i s/daily/hourly/ config/config_ION_2026-07-10.json
+ cd datasets/ARGO
+ python get_argo.py -c ION_2026-07-10
----------------------------------
=> Config file ION_2026-07-10 loaded
----------------------------------

[np.float64(15.440104883584667), np.float64(19.018229883584667), np.float64(35.04427122419717), np.float64(40.53906289086383), 0, 500, '2026-07-10', '2026-07-15']
[SAVED] /scratch/cfontana/DIAGS/ION_2026-07-10/ARGO/argo.nc
+ [ 0 -eq 0 ]
+ echo 'ARGO FOUND'
ARGO FOUND
+ python compare_argo.py -c ION_2026-07-10
/home/cfontana/DATA_MED/datasets/ARGO/compare_argo.py:186: SyntaxWarning: invalid escape sequence '\ '
  print('/!\ NaN detected in depth data\n')
----------------------------------
=> Config file ION_2026-07-10 loaded
----------------------------------

4 profiles found

Processing

Float 2904023 cycle 80
-----
Interpolation done for [ 172 ] data in 3.43 secInterpolation done for [ 172 ] data in 2.61 sec[SAVED FIG] /scratch/cfontana/DIAGS/ION_2026-07-10/ARGO/2904023/profile_80.jpg

Float 5907088 cycle 194
-----
Interpolation done for [ 170 ] data in 2.41 secInterpolation done for [ 170 ] data in 2.72 sec[SAVED FIG] /scratch/cfontana/DIAGS/ION_2026-07-10/ARGO/5907088/profile_194.jpg

Float 6990629 cycle 323
-----
Interpolation done for [ 176 ] data in 3.32 secInterpolation done for [ 176 ] data in 3.79 sec[SAVED FIG] /scratch/cfontana/DIAGS/ION_2026-07-10/ARGO/6990629/profile_323.jpg

Float 6990629 cycle 322
-----
Interpolation done for [ 239 ] data in 3.32 secInterpolation done for [ 239 ] data in 3.69 sec[SAVED FIG] /scratch/cfontana/DIAGS/ION_2026-07-10/ARGO/6990629/profile_322.jpg

-------------
Total of 1514 found
-------------

Plot trajectories ...
[SAVED FIG] /scratch/cfontana/DIAGS/ION_2026-07-10/ARGO/2904023/map.jpg
[SAVED FIG] /scratch/cfontana/DIAGS/ION_2026-07-10/ARGO/5907088/map.jpg
[SAVED FIG] /scratch/cfontana/DIAGS/ION_2026-07-10/ARGO/6990629/map.jpg
[SAVED FIG] /scratch/cfontana/DIAGS/ION_2026-07-10/ARGO/map.jpg
N =  753
[SAVED FIG] /scratch/cfontana/DIAGS/ION_2026-07-10/ARGO/error_Salinity.jpg
Data for Salinity
[np.float64(0.029977237964761202), np.float64(0.05241431238109086), np.float64(0.09280246060565862)]

N =  753
[SAVED FIG] /scratch/cfontana/DIAGS/ION_2026-07-10/ARGO/error_Temperature.jpg
Data for Temperature
[np.float64(0.07970804394374285), np.float64(0.30287556090894924), np.float64(0.3775867842683038)]

+ cd ../../
+ sed -i s/phy/bgc/ config/config_ION_2026-07-10.json
+ cd datasets/ARGO
+ python get_argo.py -c ION_2026-07-10
----------------------------------
=> Config file ION_2026-07-10 loaded
----------------------------------

[np.float64(15.440104883584667), np.float64(19.018229883584667), np.float64(35.04427122419717), np.float64(40.53906289086383), 0, 500, '2026-07-10', '2026-07-15']
Traceback (most recent call last):
  File "/home/cfontana/DATA_MED/datasets/ARGO/get_argo.py", line 73, in <module>
    f = f.region(box).load()
        ^^^^^^^^^^^^^^^^^^^^
  File "/home/cfontana/venv/a/lib/python3.12/site-packages/argopy/fetchers.py", line 886, in load
    self._data = self._to_xarray(**kwargs)
                 ^^^^^^^^^^^^^^^^^^^^^^^^^
  File "/home/cfontana/venv/a/lib/python3.12/site-packages/argopy/fetchers.py", line 673, in _to_xarray
    xds = self.fetcher.to_xarray(**kwargs)
          ^^^^^^^^^^^^^^^^^^^^^^^^^^^^^^^^
  File "/home/cfontana/venv/a/lib/python3.12/site-packages/argopy/data_fetchers/erddap_data.py", line 583, in to_xarray
    results = self.fs.open_dataset(URI[0])
              ^^^^^^^^^^^^^^^^^^^^^^^^^^^^
  File "/home/cfontana/venv/a/lib/python3.12/site-packages/argopy/stores/implementations/http.py", line 349, in open_dataset
    target, _ = load_in_memory(
                ^^^^^^^^^^^^^^^
  File "/home/cfontana/venv/a/lib/python3.12/site-packages/argopy/stores/implementations/http.py", line 261, in load_in_memory
    data = self.download_url(url, **dwn_opts)
           ^^^^^^^^^^^^^^^^^^^^^^^^^^^^^^^^^^
  File "/home/cfontana/venv/a/lib/python3.12/site-packages/argopy/stores/implementations/http.py", line 169, in download_url
    data, n = make_request(
              ^^^^^^^^^^^^^
  File "/home/cfontana/venv/a/lib/python3.12/site-packages/argopy/stores/implementations/http.py", line 124, in make_request
    raise e
  File "/home/cfontana/venv/a/lib/python3.12/site-packages/argopy/stores/implementations/http.py", line 121, in make_request
    data = ffs.cat_file(url, **cat_opts)
           ^^^^^^^^^^^^^^^^^^^^^^^^^^^^^
  File "/home/cfontana/venv/a/lib/python3.12/site-packages/fsspec/asyn.py", line 118, in wrapper
    return sync(self.loop, func, *args, **kwargs)
           ^^^^^^^^^^^^^^^^^^^^^^^^^^^^^^^^^^^^^^
  File "/home/cfontana/venv/a/lib/python3.12/site-packages/fsspec/asyn.py", line 103, in sync
    raise return_result
  File "/home/cfontana/venv/a/lib/python3.12/site-packages/fsspec/asyn.py", line 56, in _runner
    result[0] = await coro
                ^^^^^^^^^^
  File "/home/cfontana/venv/a/lib/python3.12/site-packages/fsspec/implementations/http.py", line 247, in _cat_file
    self._raise_not_found_for_status(r, url)
  File "/home/cfontana/venv/a/lib/python3.12/site-packages/fsspec/implementations/http.py", line 229, in _raise_not_found_for_status
    raise FileNotFoundError(url)
FileNotFoundError: https://erddap.ifremer.fr/erddap/tabledap/ArgoFloats-synthetic-BGC.nc?bbp700,bbp700_adjusted,bbp700_adjusted_error,bbp700_adjusted_qc,bbp700_qc,cdom,cdom_adjusted,cdom_adjusted_error,cdom_adjusted_qc,cdom_qc,chla,chla_adjusted,chla_adjusted_error,chla_adjusted_qc,chla_qc,config_mission_number,cycle_number,direction,down_irradiance380,down_irradiance380_adjusted,down_irradiance380_adjusted_error,down_irradiance380_adjusted_qc,down_irradiance380_qc,down_irradiance412,down_irradiance412_adjusted,down_irradiance412_adjusted_error,down_irradiance412_adjusted_qc,down_irradiance412_qc,down_irradiance443,down_irradiance443_adjusted,down_irradiance443_adjusted_error,down_irradiance443_adjusted_qc,down_irradiance443_qc,down_irradiance490,down_irradiance490_adjusted,down_irradiance490_adjusted_error,down_irradiance490_adjusted_qc,down_irradiance490_qc,down_irradiance555,down_irradiance555_adjusted,down_irradiance555_adjusted_error,down_irradiance555_adjusted_qc,down_irradiance555_qc,downwelling_par,downwelling_par_adjusted,downwelling_par_adjusted_error,downwelling_par_adjusted_qc,downwelling_par_qc,doxy,doxy_adjusted,doxy_adjusted_error,doxy_adjusted_qc,doxy_qc,latitude,longitude,nitrate,nitrate_adjusted,nitrate_adjusted_error,nitrate_adjusted_qc,nitrate_qc,platform_number,position_qc,pres,pres_adjusted,pres_adjusted_error,pres_adjusted_qc,pres_qc,psal,psal_adjusted,psal_adjusted_error,psal_adjusted_qc,psal_qc,temp,temp_adjusted,temp_adjusted_error,temp_adjusted_qc,temp_qc,time,time_qc&longitude>=15.440104883584667&longitude<=19.018229883584667&latitude>=35.04427122419717&latitude<=40.53906289086383&pres>=0&pres<=500&time>=1783641600.0&time<=1784073600.0&latitude!=NaN&longitude!=NaN&distinct()&orderBy("time,pres")
+ [ 1 -eq 0 ]
+ cd ../../
+ [ 1 -eq 1 ]
+ source /home/cfontana/venv/c/bin/activate
+ 1> /dev/null
+ deactivate nondestructive
+ [ -n /home/cfontana/venv/c/bin:/usr/local/sbin:/usr/local/bin:/usr/sbin:/usr/bin:/sbin:/bin:/usr/games:/usr/local/games:/snap/bin ]
+ PATH=/home/cfontana/venv/c/bin:/usr/local/sbin:/usr/local/bin:/usr/sbin:/usr/bin:/sbin:/bin:/usr/games:/usr/local/games:/snap/bin
+ export PATH
+ unset _OLD_VIRTUAL_PATH
+ [ -n '' ]
+ hash -r
+ 2> /dev/null
+ [ -n '(c) \[\e]0;\u@\h: \w\a\]${debian_chroot:+($debian_chroot)}\[\033[01;32m\]\u@\h\[\033[00m\]:\[\033[01;34m\]\w\[\033[00m\]\$ ' ]
+ PS1='(c) \[\e]0;\u@\h: \w\a\]${debian_chroot:+($debian_chroot)}\[\033[01;32m\]\u@\h\[\033[00m\]:\[\033[01;34m\]\w\[\033[00m\]\$ '
+ export PS1
+ unset _OLD_VIRTUAL_PS1
+ unset VIRTUAL_ENV
+ unset VIRTUAL_ENV_PROMPT
+ [ ! nondestructive '=' nondestructive ]
+ [ '' '=' cygwin ]
+ [ '' '=' msys ]
+ VIRTUAL_ENV=/home/cfontana/venv/c
+ export VIRTUAL_ENV
+ _OLD_VIRTUAL_PATH=/home/cfontana/venv/c/bin:/usr/local/sbin:/usr/local/bin:/usr/sbin:/usr/bin:/sbin:/bin:/usr/games:/usr/local/games:/snap/bin
+ PATH=/home/cfontana/venv/c/bin:/home/cfontana/venv/c/bin:/usr/local/sbin:/usr/local/bin:/usr/sbin:/usr/bin:/sbin:/bin:/usr/games:/usr/local/games:/snap/bin
+ export PATH
+ [ -n '' ]
+ [ -z '' ]
+ _OLD_VIRTUAL_PS1='(c) \[\e]0;\u@\h: \w\a\]${debian_chroot:+($debian_chroot)}\[\033[01;32m\]\u@\h\[\033[00m\]:\[\033[01;34m\]\w\[\033[00m\]\$ '
+ PS1='(c) (c) \[\e]0;\u@\h: \w\a\]${debian_chroot:+($debian_chroot)}\[\033[01;32m\]\u@\h\[\033[00m\]:\[\033[01;34m\]\w\[\033[00m\]\$ '
+ export PS1
+ VIRTUAL_ENV_PROMPT='(c) '
+ export VIRTUAL_ENV_PROMPT
+ hash -r
+ 2> /dev/null
+ static=/scratch/cfontana/DIAGS/ION_2026-07-10/static_ION_2026-07-10
+ mkdir /scratch/cfontana/DIAGS/ION_2026-07-10/static_ION_2026-07-10
+ dir=/scratch/cfontana/DIAGS/ION_2026-07-10/CMEMS/thetao/ITP_NC
+ i=1
+ ls /scratch/cfontana/DIAGS/ION_2026-07-10/CMEMS/thetao/ITP_NC/PLOT/
+ cp /scratch/cfontana/DIAGS/ION_2026-07-10/CMEMS/thetao/ITP_NC/PLOT/2026071000_thetao.jpg /scratch/cfontana/DIAGS/ION_2026-07-10/static_ION_2026-07-10/thetao_1.jpg
+ let i=1+1
+ cp /scratch/cfontana/DIAGS/ION_2026-07-10/CMEMS/thetao/ITP_NC/PLOT/2026071100_thetao.jpg /scratch/cfontana/DIAGS/ION_2026-07-10/static_ION_2026-07-10/thetao_2.jpg
+ let i=2+1
+ cp /scratch/cfontana/DIAGS/ION_2026-07-10/CMEMS/thetao/ITP_NC/PLOT/2026071200_thetao.jpg /scratch/cfontana/DIAGS/ION_2026-07-10/static_ION_2026-07-10/thetao_3.jpg
+ let i=3+1
+ cp /scratch/cfontana/DIAGS/ION_2026-07-10/CMEMS/thetao/ITP_NC/time_series.jpg /scratch/cfontana/DIAGS/ION_2026-07-10/static_ION_2026-07-10/time_series_thetao.jpg
+ dir=/scratch/cfontana/DIAGS/ION_2026-07-10/CMEMS/chl/ITP_NC
+ i=1
+ ls /scratch/cfontana/DIAGS/ION_2026-07-10/CMEMS/chl/ITP_NC/PLOT/
+ cp /scratch/cfontana/DIAGS/ION_2026-07-10/CMEMS/chl/ITP_NC/PLOT/2026071012_chl.jpg /scratch/cfontana/DIAGS/ION_2026-07-10/static_ION_2026-07-10/chl_1.jpg
+ let i=1+1
+ cp /scratch/cfontana/DIAGS/ION_2026-07-10/CMEMS/chl/ITP_NC/PLOT/2026071112_chl.jpg /scratch/cfontana/DIAGS/ION_2026-07-10/static_ION_2026-07-10/chl_2.jpg
+ let i=2+1
+ cp /scratch/cfontana/DIAGS/ION_2026-07-10/CMEMS/chl/ITP_NC/PLOT/2026071212_chl.jpg /scratch/cfontana/DIAGS/ION_2026-07-10/static_ION_2026-07-10/chl_3.jpg
+ let i=3+1
+ cp /scratch/cfontana/DIAGS/ION_2026-07-10/CMEMS/chl/ITP_NC/time_series.jpg /scratch/cfontana/DIAGS/ION_2026-07-10/static_ION_2026-07-10/time_series_chl.jpg
+ dir=/scratch/cfontana/DIAGS/ION_2026-07-10/RADAR/
+ i=1
+ ls /scratch/cfontana/DIAGS/ION_2026-07-10/RADAR//20260710_00.jpg /scratch/cfontana/DIAGS/ION_2026-07-10/RADAR//20260711_00.jpg /scratch/cfontana/DIAGS/ION_2026-07-10/RADAR//20260712_00.jpg /scratch/cfontana/DIAGS/ION_2026-07-10/RADAR//20260713_00.jpg /scratch/cfontana/DIAGS/ION_2026-07-10/RADAR//20260714_00.jpg /scratch/cfontana/DIAGS/ION_2026-07-10/RADAR//20260715_00.jpg
+ cp /scratch/cfontana/DIAGS/ION_2026-07-10/RADAR//20260710_00.jpg /scratch/cfontana/DIAGS/ION_2026-07-10/static_ION_2026-07-10/radar_1.jpg
+ let i=1+1
+ cp /scratch/cfontana/DIAGS/ION_2026-07-10/RADAR//20260711_00.jpg /scratch/cfontana/DIAGS/ION_2026-07-10/static_ION_2026-07-10/radar_2.jpg
+ let i=2+1
+ cp /scratch/cfontana/DIAGS/ION_2026-07-10/RADAR//20260712_00.jpg /scratch/cfontana/DIAGS/ION_2026-07-10/static_ION_2026-07-10/radar_3.jpg
+ let i=3+1
+ cp /scratch/cfontana/DIAGS/ION_2026-07-10/RADAR//20260713_00.jpg /scratch/cfontana/DIAGS/ION_2026-07-10/static_ION_2026-07-10/radar_4.jpg
+ let i=4+1
+ cp /scratch/cfontana/DIAGS/ION_2026-07-10/RADAR//20260714_00.jpg /scratch/cfontana/DIAGS/ION_2026-07-10/static_ION_2026-07-10/radar_5.jpg
+ let i=5+1
+ cp /scratch/cfontana/DIAGS/ION_2026-07-10/RADAR//20260715_00.jpg /scratch/cfontana/DIAGS/ION_2026-07-10/static_ION_2026-07-10/radar_6.jpg
+ let i=6+1
+ dir=/scratch/cfontana/DIAGS/ION_2026-07-10/ARGO/
+ ls -d '/scratch/cfontana/DIAGS/ION_2026-07-10/ARGO//bio*/'
ls: cannot access '/scratch/cfontana/DIAGS/ION_2026-07-10/ARGO//bio*/': No such file or directory
+ i=1
+ 1> /scratch/cfontana/DIAGS/ION_2026-07-10/static_ION_2026-07-10/list.txt
+ ls -d /scratch/cfontana/DIAGS/ION_2026-07-10/ARGO//2904023/ /scratch/cfontana/DIAGS/ION_2026-07-10/ARGO//5907088/ /scratch/cfontana/DIAGS/ION_2026-07-10/ARGO//6990629/
+ ls /scratch/cfontana/DIAGS/ION_2026-07-10/ARGO//2904023//profile_80.jpg
+ cp /scratch/cfontana/DIAGS/ION_2026-07-10/ARGO//2904023//profile_80.jpg /scratch/cfontana/DIAGS/ION_2026-07-10/static_ION_2026-07-10/argo_1.jpg
+ echo argo_1.jpg
+ let i=1+1
+ ls /scratch/cfontana/DIAGS/ION_2026-07-10/ARGO//5907088//profile_194.jpg
+ cp /scratch/cfontana/DIAGS/ION_2026-07-10/ARGO//5907088//profile_194.jpg /scratch/cfontana/DIAGS/ION_2026-07-10/static_ION_2026-07-10/argo_2.jpg
+ echo argo_2.jpg
+ let i=2+1
+ ls /scratch/cfontana/DIAGS/ION_2026-07-10/ARGO//6990629//profile_322.jpg /scratch/cfontana/DIAGS/ION_2026-07-10/ARGO//6990629//profile_323.jpg
+ cp /scratch/cfontana/DIAGS/ION_2026-07-10/ARGO//6990629//profile_322.jpg /scratch/cfontana/DIAGS/ION_2026-07-10/static_ION_2026-07-10/argo_3.jpg
+ echo argo_3.jpg
+ let i=3+1
+ cp /scratch/cfontana/DIAGS/ION_2026-07-10/ARGO//6990629//profile_323.jpg /scratch/cfontana/DIAGS/ION_2026-07-10/static_ION_2026-07-10/argo_4.jpg
+ echo argo_4.jpg
+ let i=4+1
+ cp /scratch/cfontana/DIAGS/ION_2026-07-10/ARGO//map.jpg /scratch/cfontana/DIAGS/ION_2026-07-10/static_ION_2026-07-10
+ scp -r /scratch/cfontana/DIAGS/ION_2026-07-10/static_ION_2026-07-10 yulpa175555@webhost03.yulpa.io:/datas/yulpa175555/sites/merval.eg2.fr/htdocs/DIAGS
+ echo 'PROCESSING ISO'
PROCESSING ISO
+ echo '_______________ '
_______________ 
+ date
Sat Jul 11 17:32:49 CEST 2026
+ config=ISO_2026-07-10
+ awk '{print tolower($0)}'
+ echo ISO
+ lower=iso
+ set -x
+ cat config/config_ISO.json
+ sed -e s/DOUT/20260710/
+ sed -e s/DINI/2026-07-10/g
+ sed -e s/FREQ/hourly/
+ 1> config/config_ISO_2026-07-10.json
+ sed -e s/DEND/2026-07-15/
+ cp config/cmems_DOMAIN.dat config/cmems_ISO_2026-07-10.dat
+ cp config/variables_mit_DOMAIN.dat config/variables_mit_ISO_2026-07-10.dat
+ jq -r .diagdir config/config_ISO_2026-07-10.json
+ diagdir=/scratch/cfontana/DIAGS/ISO_2026-07-10
+ jq -r .radardir config/config_ISO_2026-07-10.json
+ radardir=/scratch/cfontana/RADAR/
+ [ 0 -eq 0 -a 0 -eq 1 ]
+ [ 1 -eq 1 ]
+ cd datasets/CMEMS
+ python get_data_sat.py -c ISO_2026-07-10 -v thetao
INFO - 2026-07-11T15:32:52Z - Selected dataset version: "202311"
INFO - 2026-07-11T15:32:52Z - Selected dataset part: "default"
WARNING - 2026-07-11T15:32:52Z - Some of your subset selection [44.708855423000166, 46.74948042301317] for the latitude dimension exceed the dataset coordinates [30.254167556762695, 45.99583435058594]
WARNING - 2026-07-11T15:32:52Z - Some of your subset selection [2026-07-10 00:00:00+00:00, 2026-07-15 00:00:00+00:00] for the time dimension exceed the dataset coordinates [2008-01-01 00:00:00+00:00, 2026-07-11 00:00:00+00:00]
----------------------------------
=> Config file ISO_2026-07-10 loaded
----------------------------------

Downloading CMEMS products : SST_MED_SST_L3S_NRT_OBSERVATIONS_010_012_b
=> Variable [np.str_('adjusted_sea_surface_temperature')] 

------------------------------
DATE =>>> 2026-07-10 2026-07-15
------------------------------

[FILE SAVED ] /scratch/cfontana/DIAGS/ISO_2026-07-10/CMEMS/data/SST_MED_SST_L3S_NRT_OBSERVATIONS_010_012_b.nc
+ python interp_cmems.py -c ISO_2026-07-10 -v thetao
----------------------------------
=> Config file ISO_2026-07-10 loaded
----------------------------------


[FILE SAVED] /scratch/cfontana/DIAGS/ISO_2026-07-10/CMEMS/thetao/ITP_NC/thetao_20260710.nc


[FILE SAVED] /scratch/cfontana/DIAGS/ISO_2026-07-10/CMEMS/thetao/ITP_NC/thetao_20260711.nc

+ [ 2 -eq 2 ]
+ error=1
+ cd ../../plot
+ python plot_CMEMS_pickle_data_vs_sat.py -c ISO_2026-07-10 -v thetao -s CMEMS
----------------------------------
=> Config file ISO_2026-07-10 loaded
----------------------------------

Processing
739807 nan nan nan 0.0
739808 26.06432439942809 25.52227 nan 0.4084967320261438
[Errno 2] No such file or directory: '/scratch/cfontana/DIAGS/ISO_2026-07-10/CMEMS/thetao/ITP_NC/thetao_20260712.nc' 

=> in get_sat_2D :
Error processing file /scratch/cfontana/DIAGS/ISO_2026-07-10/CMEMS/thetao/ITP_NC/thetao_20260712.nc
File not found
739809 26.327411855081333 nan 26.40971556176393 1
[Errno 2] No such file or directory: '/scratch/cfontana/DIAGS/ISO_2026-07-10/CMEMS/thetao/ITP_NC/thetao_20260713.nc' 

=> in get_sat_2D :
Error processing file /scratch/cfontana/DIAGS/ISO_2026-07-10/CMEMS/thetao/ITP_NC/thetao_20260713.nc
File not found
739810 26.474521475095138 nan 26.58067624967957 1
[Errno 2] No such file or directory: '/scratch/cfontana/DIAGS/ISO_2026-07-10/CMEMS/thetao/ITP_NC/thetao_20260714.nc' 

=> in get_sat_2D :
Error processing file /scratch/cfontana/DIAGS/ISO_2026-07-10/CMEMS/thetao/ITP_NC/thetao_20260714.nc
File not found
739811 26.696749711077327 nan 26.775432839068362 1
[Errno 2] No such file or directory: '/scratch/cfontana/DIAGS/ISO_2026-07-10/CMEMS/thetao/ITP_NC/thetao_20260715.nc' 

=> in get_sat_2D :
Error processing file /scratch/cfontana/DIAGS/ISO_2026-07-10/CMEMS/thetao/ITP_NC/thetao_20260715.nc
File not found
739812 27.110499005902028 nan 27.165475835151653 1
[SAVED FIG] /scratch/cfontana/DIAGS/ISO_2026-07-10/CMEMS/thetao/ITP_NC/PLOT/2026071000_thetao.jpg
[SAVED FIG] /scratch/cfontana/DIAGS/ISO_2026-07-10/CMEMS/thetao/ITP_NC/PLOT/2026071100_thetao.jpg
[SAVED FIG] /scratch/cfontana/DIAGS/ISO_2026-07-10/CMEMS/thetao/ITP_NC/PLOT/2026071200_thetao.jpg
[SAVED FIG] /scratch/cfontana/DIAGS/ISO_2026-07-10/CMEMS/thetao/ITP_NC/PLOT/2026071300_thetao.jpg
[SAVED FIG] /scratch/cfontana/DIAGS/ISO_2026-07-10/CMEMS/thetao/ITP_NC/PLOT/2026071400_thetao.jpg
[SAVED FIG] /scratch/cfontana/DIAGS/ISO_2026-07-10/CMEMS/thetao/ITP_NC/PLOT/2026071500_thetao.jpg
+ python plot_sat_CMEMS_timeseries.py -c ISO_2026-07-10 -v thetao -s CMEMS
----------------------------------
=> Config file ISO_2026-07-10 loaded
----------------------------------

[SAVED FIG] /scratch/cfontana/DIAGS/ISO_2026-07-10/CMEMS/thetao/ITP_NC/time_series.jpg
+ rm -f '/scratch/cfontana/DIAGS/ISO_2026-07-10/CMEMS/thetao/ITP_NC/PLOT/*.pkl'
+ [ 1 -eq 1 ]
+ rm -f /scratch/cfontana/DIAGS/ISO_2026-07-10/CMEMS/thetao/ITP_NC/thetao_20260710.nc /scratch/cfontana/DIAGS/ISO_2026-07-10/CMEMS/thetao/ITP_NC/thetao_20260711.nc
+ date
Sat Jul 11 17:35:40 CEST 2026
+ cd ..
+ [ 1 -eq 1 ]
+ cd datasets/HFRADAR
+ python read_radar.py -c ISO_2026-07-10
----------------------------------
=> Config file ISO_2026-07-10 loaded
----------------------------------


----------
20260710 0
[Errno 2] No such file or directory: '/scratch/cfontana/RADAR//2026-07-10/EUHFR_NRTcurrent_HFR-TirLig-Total_v3.nc'
[Errno 2] No such file or directory: '/scratch/cfontana/RADAR//2026-07-10/EUHFR_NRTcurrent_HFR-ARPAS-Total_v3.nc'
[Errno 2] No such file or directory: '/scratch/cfontana/RADAR//2026-07-10/EUHFR_NRTcurrent_HFR-LaMMA-Total_v3.nc'
[Errno 2] No such file or directory: '/scratch/cfontana/RADAR//2026-07-10/EUHFR_NRTcurrent_HFR-GoS-Total_v3.nc'
[Errno 2] No such file or directory: '/scratch/cfontana/RADAR//2026-07-10/EUHFR_NRTcurrent_HFR-WesternItaly-Total_v3.nc'
[Errno 2] No such file or directory: '/scratch/cfontana/RADAR//2026-07-10/EUHFR_NRTcurrent_HFR-Granitola-Total_v3.nc'
[Errno 2] No such file or directory: '/scratch/cfontana/RADAR//2026-07-10/EUHFR_NRTcurrent_HFR-NAdr-Total_v3.nc'
[Errno 2] No such file or directory: '/scratch/cfontana/RADAR//2026-07-10/EUHFR_NRTcurrent_HFR-GoM-Total_v3.nc'
[SAVED FIG] /scratch/cfontana/DIAGS/ISO_2026-07-10/RADAR/20260710_00.jpg

----------
20260711 0
[Errno 2] No such file or directory: '/scratch/cfontana/RADAR//2026-07-10/EUHFR_NRTcurrent_HFR-TirLig-Total_v3.nc'
[Errno 2] No such file or directory: '/scratch/cfontana/RADAR//2026-07-10/EUHFR_NRTcurrent_HFR-ARPAS-Total_v3.nc'
[Errno 2] No such file or directory: '/scratch/cfontana/RADAR//2026-07-10/EUHFR_NRTcurrent_HFR-LaMMA-Total_v3.nc'
[Errno 2] No such file or directory: '/scratch/cfontana/RADAR//2026-07-10/EUHFR_NRTcurrent_HFR-GoS-Total_v3.nc'
[Errno 2] No such file or directory: '/scratch/cfontana/RADAR//2026-07-10/EUHFR_NRTcurrent_HFR-WesternItaly-Total_v3.nc'
[Errno 2] No such file or directory: '/scratch/cfontana/RADAR//2026-07-10/EUHFR_NRTcurrent_HFR-Granitola-Total_v3.nc'
[Errno 2] No such file or directory: '/scratch/cfontana/RADAR//2026-07-10/EUHFR_NRTcurrent_HFR-NAdr-Total_v3.nc'
[Errno 2] No such file or directory: '/scratch/cfontana/RADAR//2026-07-10/EUHFR_NRTcurrent_HFR-GoM-Total_v3.nc'
[SAVED FIG] /scratch/cfontana/DIAGS/ISO_2026-07-10/RADAR/20260711_00.jpg

----------
20260712 0
[Errno 2] No such file or directory: '/scratch/cfontana/RADAR//2026-07-10/EUHFR_NRTcurrent_HFR-TirLig-Total_v3.nc'
[Errno 2] No such file or directory: '/scratch/cfontana/RADAR//2026-07-10/EUHFR_NRTcurrent_HFR-ARPAS-Total_v3.nc'
[Errno 2] No such file or directory: '/scratch/cfontana/RADAR//2026-07-10/EUHFR_NRTcurrent_HFR-LaMMA-Total_v3.nc'
[Errno 2] No such file or directory: '/scratch/cfontana/RADAR//2026-07-10/EUHFR_NRTcurrent_HFR-GoS-Total_v3.nc'
[Errno 2] No such file or directory: '/scratch/cfontana/RADAR//2026-07-10/EUHFR_NRTcurrent_HFR-WesternItaly-Total_v3.nc'
[Errno 2] No such file or directory: '/scratch/cfontana/RADAR//2026-07-10/EUHFR_NRTcurrent_HFR-Granitola-Total_v3.nc'
[Errno 2] No such file or directory: '/scratch/cfontana/RADAR//2026-07-10/EUHFR_NRTcurrent_HFR-NAdr-Total_v3.nc'
[Errno 2] No such file or directory: '/scratch/cfontana/RADAR//2026-07-10/EUHFR_NRTcurrent_HFR-GoM-Total_v3.nc'
[SAVED FIG] /scratch/cfontana/DIAGS/ISO_2026-07-10/RADAR/20260712_00.jpg

----------
20260713 0
[Errno 2] No such file or directory: '/scratch/cfontana/RADAR//2026-07-10/EUHFR_NRTcurrent_HFR-TirLig-Total_v3.nc'
[Errno 2] No such file or directory: '/scratch/cfontana/RADAR//2026-07-10/EUHFR_NRTcurrent_HFR-ARPAS-Total_v3.nc'
[Errno 2] No such file or directory: '/scratch/cfontana/RADAR//2026-07-10/EUHFR_NRTcurrent_HFR-LaMMA-Total_v3.nc'
[Errno 2] No such file or directory: '/scratch/cfontana/RADAR//2026-07-10/EUHFR_NRTcurrent_HFR-GoS-Total_v3.nc'
[Errno 2] No such file or directory: '/scratch/cfontana/RADAR//2026-07-10/EUHFR_NRTcurrent_HFR-WesternItaly-Total_v3.nc'
[Errno 2] No such file or directory: '/scratch/cfontana/RADAR//2026-07-10/EUHFR_NRTcurrent_HFR-Granitola-Total_v3.nc'
[Errno 2] No such file or directory: '/scratch/cfontana/RADAR//2026-07-10/EUHFR_NRTcurrent_HFR-NAdr-Total_v3.nc'
[Errno 2] No such file or directory: '/scratch/cfontana/RADAR//2026-07-10/EUHFR_NRTcurrent_HFR-GoM-Total_v3.nc'
[SAVED FIG] /scratch/cfontana/DIAGS/ISO_2026-07-10/RADAR/20260713_00.jpg

----------
20260714 0
[Errno 2] No such file or directory: '/scratch/cfontana/RADAR//2026-07-10/EUHFR_NRTcurrent_HFR-TirLig-Total_v3.nc'
[Errno 2] No such file or directory: '/scratch/cfontana/RADAR//2026-07-10/EUHFR_NRTcurrent_HFR-ARPAS-Total_v3.nc'
[Errno 2] No such file or directory: '/scratch/cfontana/RADAR//2026-07-10/EUHFR_NRTcurrent_HFR-LaMMA-Total_v3.nc'
[Errno 2] No such file or directory: '/scratch/cfontana/RADAR//2026-07-10/EUHFR_NRTcurrent_HFR-GoS-Total_v3.nc'
[Errno 2] No such file or directory: '/scratch/cfontana/RADAR//2026-07-10/EUHFR_NRTcurrent_HFR-WesternItaly-Total_v3.nc'
[Errno 2] No such file or directory: '/scratch/cfontana/RADAR//2026-07-10/EUHFR_NRTcurrent_HFR-Granitola-Total_v3.nc'
[Errno 2] No such file or directory: '/scratch/cfontana/RADAR//2026-07-10/EUHFR_NRTcurrent_HFR-NAdr-Total_v3.nc'
[Errno 2] No such file or directory: '/scratch/cfontana/RADAR//2026-07-10/EUHFR_NRTcurrent_HFR-GoM-Total_v3.nc'
[SAVED FIG] /scratch/cfontana/DIAGS/ISO_2026-07-10/RADAR/20260714_00.jpg

----------
20260715 0
[Errno 2] No such file or directory: '/scratch/cfontana/RADAR//2026-07-10/EUHFR_NRTcurrent_HFR-TirLig-Total_v3.nc'
[Errno 2] No such file or directory: '/scratch/cfontana/RADAR//2026-07-10/EUHFR_NRTcurrent_HFR-ARPAS-Total_v3.nc'
[Errno 2] No such file or directory: '/scratch/cfontana/RADAR//2026-07-10/EUHFR_NRTcurrent_HFR-LaMMA-Total_v3.nc'
[Errno 2] No such file or directory: '/scratch/cfontana/RADAR//2026-07-10/EUHFR_NRTcurrent_HFR-GoS-Total_v3.nc'
[Errno 2] No such file or directory: '/scratch/cfontana/RADAR//2026-07-10/EUHFR_NRTcurrent_HFR-WesternItaly-Total_v3.nc'
[Errno 2] No such file or directory: '/scratch/cfontana/RADAR//2026-07-10/EUHFR_NRTcurrent_HFR-Granitola-Total_v3.nc'
[Errno 2] No such file or directory: '/scratch/cfontana/RADAR//2026-07-10/EUHFR_NRTcurrent_HFR-NAdr-Total_v3.nc'
[Errno 2] No such file or directory: '/scratch/cfontana/RADAR//2026-07-10/EUHFR_NRTcurrent_HFR-GoM-Total_v3.nc'
[SAVED FIG] /scratch/cfontana/DIAGS/ISO_2026-07-10/RADAR/20260715_00.jpg
+ date
Sat Jul 11 17:35:53 CEST 2026
+ cd ../..
+ cat config/config_ISO.json
+ sed -e s/DINI/2026-07-10/g
+ sed -e s/FREQ/daily/
+ sed -e s/DOUT/20260710/
+ 1> config/config_ISO_2026-07-10.json
+ sed -e s/DEND/2026-07-15/
+ [ 1 -eq 1 ]
+ cd datasets/CMEMS
+ python get_data_sat.py -c ISO_2026-07-10 -v chl
INFO - 2026-07-11T15:35:55Z - Selected dataset version: "202211"
INFO - 2026-07-11T15:35:55Z - Selected dataset part: "default"
WARNING - 2026-07-11T15:35:55Z - Some of your subset selection [44.708855423000166, 46.74948042301317] for the latitude dimension exceed the dataset coordinates [30.005064010620117, 45.994937896728516]
WARNING - 2026-07-11T15:35:55Z - Some of your subset selection [2026-07-10 00:00:00+00:00, 2026-07-15 00:00:00+00:00] for the time dimension exceed the dataset coordinates [2026-07-03 00:00:00+00:00, 2026-07-10 00:00:00+00:00]
----------------------------------
=> Config file ISO_2026-07-10 loaded
----------------------------------

Downloading CMEMS products : cmems_obs-oc_med_bgc-plankton_nrt_l3-multi-1km_P1D
=> Variable ['CHL', 'KD490'] 

------------------------------
DATE =>>> 2026-07-10 2026-07-15
------------------------------

[FILE SAVED ] /scratch/cfontana/DIAGS/ISO_2026-07-10/CMEMS/data/cmems_obs-oc_med_bgc-plankton_nrt_l3-multi-1km_P1D.nc
+ python interp_cmems.py -c ISO_2026-07-10 -v chl
----------------------------------
=> Config file ISO_2026-07-10 loaded
----------------------------------


[FILE SAVED] /scratch/cfontana/DIAGS/ISO_2026-07-10/CMEMS/chl/ITP_NC/chl_20260710.nc

+ [ 2 -eq 2 ]
+ error=1
+ cd ../../plot
+ python plot_CMEMS_pickle_data_vs_sat.py -c ISO_2026-07-10 -v chl -s CMEMS
----------------------------------
=> Config file ISO_2026-07-10 loaded
----------------------------------

Processing
739807 0.6920698457322816 1.7503526 nan 0.10185185185185185
[Errno 2] No such file or directory: '/scratch/cfontana/DIAGS/ISO_2026-07-10/CMEMS/chl/ITP_NC/chl_20260711.nc' 

=> in get_sat_2D :
Error processing file /scratch/cfontana/DIAGS/ISO_2026-07-10/CMEMS/chl/ITP_NC/chl_20260711.nc
File not found
739808 2.3109850235758165 nan 0.2548856430565839 1
[Errno 2] No such file or directory: '/scratch/cfontana/DIAGS/ISO_2026-07-10/CMEMS/chl/ITP_NC/chl_20260712.nc' 

=> in get_sat_2D :
Error processing file /scratch/cfontana/DIAGS/ISO_2026-07-10/CMEMS/chl/ITP_NC/chl_20260712.nc
File not found
739809 2.8483316006974877 nan 0.23811591817768046 1
[Errno 2] No such file or directory: '/scratch/cfontana/DIAGS/ISO_2026-07-10/CMEMS/chl/ITP_NC/chl_20260713.nc' 

=> in get_sat_2D :
Error processing file /scratch/cfontana/DIAGS/ISO_2026-07-10/CMEMS/chl/ITP_NC/chl_20260713.nc
File not found
739810 3.2637016901011884 nan 0.22346642277183662 1
[Errno 2] No such file or directory: '/scratch/cfontana/DIAGS/ISO_2026-07-10/CMEMS/chl/ITP_NC/chl_20260714.nc' 

=> in get_sat_2D :
Error processing file /scratch/cfontana/DIAGS/ISO_2026-07-10/CMEMS/chl/ITP_NC/chl_20260714.nc
File not found
739811 3.854367643537929 nan 0.20373371812865815 1
[Errno 2] No such file or directory: '/scratch/cfontana/DIAGS/ISO_2026-07-10/CMEMS/chl/ITP_NC/chl_20260715.nc' 

=> in get_sat_2D :
Error processing file /scratch/cfontana/DIAGS/ISO_2026-07-10/CMEMS/chl/ITP_NC/chl_20260715.nc
File not found
739812 4.700257353212741 nan 0.1900874324278734 1
[SAVED FIG] /scratch/cfontana/DIAGS/ISO_2026-07-10/CMEMS/chl/ITP_NC/PLOT/2026071012_chl.jpg
[SAVED FIG] /scratch/cfontana/DIAGS/ISO_2026-07-10/CMEMS/chl/ITP_NC/PLOT/2026071112_chl.jpg
[SAVED FIG] /scratch/cfontana/DIAGS/ISO_2026-07-10/CMEMS/chl/ITP_NC/PLOT/2026071212_chl.jpg
[SAVED FIG] /scratch/cfontana/DIAGS/ISO_2026-07-10/CMEMS/chl/ITP_NC/PLOT/2026071312_chl.jpg
[SAVED FIG] /scratch/cfontana/DIAGS/ISO_2026-07-10/CMEMS/chl/ITP_NC/PLOT/2026071412_chl.jpg
[SAVED FIG] /scratch/cfontana/DIAGS/ISO_2026-07-10/CMEMS/chl/ITP_NC/PLOT/2026071512_chl.jpg
+ python plot_sat_CMEMS_timeseries.py -c ISO_2026-07-10 -v chl -s CMEMS
----------------------------------
=> Config file ISO_2026-07-10 loaded
----------------------------------

[SAVED FIG] /scratch/cfontana/DIAGS/ISO_2026-07-10/CMEMS/chl/ITP_NC/time_series.jpg
+ rm -f '/scratch/cfontana/DIAGS/ISO_2026-07-10/CMEMS/chl/ITP_NC/PLOT/*.pkl'
+ [ 1 -eq 1 ]
+ rm -f /scratch/cfontana/DIAGS/ISO_2026-07-10/CMEMS/chl/ITP_NC/chl_20260710.nc
+ date
Sat Jul 11 17:38:04 CEST 2026
+ cd ..
+ [ 1 -eq 0 ]
+ [ 1 -eq 1 ]
+ rm -f /scratch/cfontana/DIAGS/ISO_2026-07-10/CMEMS/data/SST_MED_SST_L3S_NRT_OBSERVATIONS_010_012_b.nc /scratch/cfontana/DIAGS/ISO_2026-07-10/CMEMS/data/cmems_obs-oc_med_bgc-plankton_nrt_l3-multi-1km_P1D.nc
+ [ 1 -eq 1 ]
+ source /home/cfontana/venv/a/bin/activate
+ 1> /dev/null
+ deactivate nondestructive
+ [ -n /home/cfontana/venv/c/bin:/usr/local/sbin:/usr/local/bin:/usr/sbin:/usr/bin:/sbin:/bin:/usr/games:/usr/local/games:/snap/bin ]
+ PATH=/home/cfontana/venv/c/bin:/usr/local/sbin:/usr/local/bin:/usr/sbin:/usr/bin:/sbin:/bin:/usr/games:/usr/local/games:/snap/bin
+ export PATH
+ unset _OLD_VIRTUAL_PATH
+ [ -n '' ]
+ hash -r
+ 2> /dev/null
+ [ -n '(c) \[\e]0;\u@\h: \w\a\]${debian_chroot:+($debian_chroot)}\[\033[01;32m\]\u@\h\[\033[00m\]:\[\033[01;34m\]\w\[\033[00m\]\$ ' ]
+ PS1='(c) \[\e]0;\u@\h: \w\a\]${debian_chroot:+($debian_chroot)}\[\033[01;32m\]\u@\h\[\033[00m\]:\[\033[01;34m\]\w\[\033[00m\]\$ '
+ export PS1
+ unset _OLD_VIRTUAL_PS1
+ unset VIRTUAL_ENV
+ unset VIRTUAL_ENV_PROMPT
+ [ ! nondestructive '=' nondestructive ]
+ [ '' '=' cygwin ]
+ [ '' '=' msys ]
+ VIRTUAL_ENV=/home/cfontana/venv/a
+ export VIRTUAL_ENV
+ _OLD_VIRTUAL_PATH=/home/cfontana/venv/c/bin:/usr/local/sbin:/usr/local/bin:/usr/sbin:/usr/bin:/sbin:/bin:/usr/games:/usr/local/games:/snap/bin
+ PATH=/home/cfontana/venv/a/bin:/home/cfontana/venv/c/bin:/usr/local/sbin:/usr/local/bin:/usr/sbin:/usr/bin:/sbin:/bin:/usr/games:/usr/local/games:/snap/bin
+ export PATH
+ [ -n '' ]
+ [ -z '' ]
+ _OLD_VIRTUAL_PS1='(c) \[\e]0;\u@\h: \w\a\]${debian_chroot:+($debian_chroot)}\[\033[01;32m\]\u@\h\[\033[00m\]:\[\033[01;34m\]\w\[\033[00m\]\$ '
+ PS1='(a) (c) \[\e]0;\u@\h: \w\a\]${debian_chroot:+($debian_chroot)}\[\033[01;32m\]\u@\h\[\033[00m\]:\[\033[01;34m\]\w\[\033[00m\]\$ '
+ export PS1
+ VIRTUAL_ENV_PROMPT='(a) '
+ export VIRTUAL_ENV_PROMPT
+ hash -r
+ 2> /dev/null
+ sed -i s/daily/hourly/ config/config_ISO_2026-07-10.json
+ cd datasets/ARGO
+ python get_argo.py -c ISO_2026-07-10
----------------------------------
=> Config file ISO_2026-07-10 loaded
----------------------------------

[np.float64(13.4953131643335), np.float64(13.577604831026498), np.float64(45.708855423000166), np.float64(45.74948042301317), 0, 500, '2026-07-10', '2026-07-15']
Traceback (most recent call last):
  File "/home/cfontana/DATA_MED/datasets/ARGO/get_argo.py", line 73, in <module>
    f = f.region(box).load()
        ^^^^^^^^^^^^^^^^^^^^
  File "/home/cfontana/venv/a/lib/python3.12/site-packages/argopy/fetchers.py", line 886, in load
    self._data = self._to_xarray(**kwargs)
                 ^^^^^^^^^^^^^^^^^^^^^^^^^
  File "/home/cfontana/venv/a/lib/python3.12/site-packages/argopy/fetchers.py", line 673, in _to_xarray
    xds = self.fetcher.to_xarray(**kwargs)
          ^^^^^^^^^^^^^^^^^^^^^^^^^^^^^^^^
  File "/home/cfontana/venv/a/lib/python3.12/site-packages/argopy/data_fetchers/erddap_data.py", line 583, in to_xarray
    results = self.fs.open_dataset(URI[0])
              ^^^^^^^^^^^^^^^^^^^^^^^^^^^^
  File "/home/cfontana/venv/a/lib/python3.12/site-packages/argopy/stores/implementations/http.py", line 349, in open_dataset
    target, _ = load_in_memory(
                ^^^^^^^^^^^^^^^
  File "/home/cfontana/venv/a/lib/python3.12/site-packages/argopy/stores/implementations/http.py", line 261, in load_in_memory
    data = self.download_url(url, **dwn_opts)
           ^^^^^^^^^^^^^^^^^^^^^^^^^^^^^^^^^^
  File "/home/cfontana/venv/a/lib/python3.12/site-packages/argopy/stores/implementations/http.py", line 169, in download_url
    data, n = make_request(
              ^^^^^^^^^^^^^
  File "/home/cfontana/venv/a/lib/python3.12/site-packages/argopy/stores/implementations/http.py", line 124, in make_request
    raise e
  File "/home/cfontana/venv/a/lib/python3.12/site-packages/argopy/stores/implementations/http.py", line 121, in make_request
    data = ffs.cat_file(url, **cat_opts)
           ^^^^^^^^^^^^^^^^^^^^^^^^^^^^^
  File "/home/cfontana/venv/a/lib/python3.12/site-packages/fsspec/asyn.py", line 118, in wrapper
    return sync(self.loop, func, *args, **kwargs)
           ^^^^^^^^^^^^^^^^^^^^^^^^^^^^^^^^^^^^^^
  File "/home/cfontana/venv/a/lib/python3.12/site-packages/fsspec/asyn.py", line 103, in sync
    raise return_result
  File "/home/cfontana/venv/a/lib/python3.12/site-packages/fsspec/asyn.py", line 56, in _runner
    result[0] = await coro
                ^^^^^^^^^^
  File "/home/cfontana/venv/a/lib/python3.12/site-packages/fsspec/implementations/http.py", line 247, in _cat_file
    self._raise_not_found_for_status(r, url)
  File "/home/cfontana/venv/a/lib/python3.12/site-packages/fsspec/implementations/http.py", line 229, in _raise_not_found_for_status
    raise FileNotFoundError(url)
FileNotFoundError: https://erddap.ifremer.fr/erddap/tabledap/ArgoFloats.nc?config_mission_number,cycle_number,data_mode,direction,latitude,longitude,platform_number,position_qc,pres,pres_adjusted,pres_adjusted_error,pres_adjusted_qc,pres_qc,psal,psal_adjusted,psal_adjusted_error,psal_adjusted_qc,psal_qc,temp,temp_adjusted,temp_adjusted_error,temp_adjusted_qc,temp_qc,time,time_qc,vertical_sampling_scheme&longitude>=13.4953131643335&longitude<=13.577604831026498&latitude>=45.708855423000166&latitude<=45.74948042301317&pres>=0&pres<=500&time>=1783641600.0&time<=1784073600.0&latitude!=NaN&longitude!=NaN&distinct()&orderBy("time,pres")
+ [ 1 -eq 0 ]
+ cd ../../
+ sed -i s/phy/bgc/ config/config_ISO_2026-07-10.json
+ cd datasets/ARGO
+ python get_argo.py -c ISO_2026-07-10
----------------------------------
=> Config file ISO_2026-07-10 loaded
----------------------------------

[np.float64(13.4953131643335), np.float64(13.577604831026498), np.float64(45.708855423000166), np.float64(45.74948042301317), 0, 500, '2026-07-10', '2026-07-15']
Traceback (most recent call last):
  File "/home/cfontana/DATA_MED/datasets/ARGO/get_argo.py", line 73, in <module>
    f = f.region(box).load()
        ^^^^^^^^^^^^^
  File "/home/cfontana/venv/a/lib/python3.12/site-packages/argopy/fetchers.py", line 68, in wrapper
    return AccessPoint(*args)
           ^^^^^^^^^^^^^^^^^^
  File "/home/cfontana/venv/a/lib/python3.12/site-packages/argopy/fetchers.py", line 648, in region
    self.fetcher = self.Fetchers["region"](box=box, **self.fetcher_options)
                   ^^^^^^^^^^^^^^^^^^^^^^^^^^^^^^^^^^^^^^^^^^^^^^^^^^^^^^^^
  File "/home/cfontana/venv/a/lib/python3.12/site-packages/argopy/data_fetchers/erddap_data.py", line 184, in __init__
    params = self._bgc_vlist_avail
             ^^^^^^^^^^^^^^^^^^^^^
  File "/home/cfontana/venv/a/lib/python3.12/site-packages/argopy/data_fetchers/erddap_data.py", line 305, in _bgc_vlist_avail
    params = self.indexfs.read_params()
             ^^^^^^^^^^^^^^^^^^^^^^^^^^
  File "/home/cfontana/venv/a/lib/python3.12/site-packages/argopy/stores/index/implementations/pandas/index.py", line 281, in read_params
    raise DataNotFound(
argopy.errors.DataNotFound: 'No data found in the index corresponding to your search criteria. Search definition: x=13.50/13.58;y=45.71/45.75;t=2026-07-10/2026-07-15'
+ [ 1 -eq 0 ]
+ cd ../../
+ [ 1 -eq 1 ]
+ source /home/cfontana/venv/c/bin/activate
+ 1> /dev/null
+ deactivate nondestructive
+ [ -n /home/cfontana/venv/c/bin:/usr/local/sbin:/usr/local/bin:/usr/sbin:/usr/bin:/sbin:/bin:/usr/games:/usr/local/games:/snap/bin ]
+ PATH=/home/cfontana/venv/c/bin:/usr/local/sbin:/usr/local/bin:/usr/sbin:/usr/bin:/sbin:/bin:/usr/games:/usr/local/games:/snap/bin
+ export PATH
+ unset _OLD_VIRTUAL_PATH
+ [ -n '' ]
+ hash -r
+ 2> /dev/null
+ [ -n '(c) \[\e]0;\u@\h: \w\a\]${debian_chroot:+($debian_chroot)}\[\033[01;32m\]\u@\h\[\033[00m\]:\[\033[01;34m\]\w\[\033[00m\]\$ ' ]
+ PS1='(c) \[\e]0;\u@\h: \w\a\]${debian_chroot:+($debian_chroot)}\[\033[01;32m\]\u@\h\[\033[00m\]:\[\033[01;34m\]\w\[\033[00m\]\$ '
+ export PS1
+ unset _OLD_VIRTUAL_PS1
+ unset VIRTUAL_ENV
+ unset VIRTUAL_ENV_PROMPT
+ [ ! nondestructive '=' nondestructive ]
+ [ '' '=' cygwin ]
+ [ '' '=' msys ]
+ VIRTUAL_ENV=/home/cfontana/venv/c
+ export VIRTUAL_ENV
+ _OLD_VIRTUAL_PATH=/home/cfontana/venv/c/bin:/usr/local/sbin:/usr/local/bin:/usr/sbin:/usr/bin:/sbin:/bin:/usr/games:/usr/local/games:/snap/bin
+ PATH=/home/cfontana/venv/c/bin:/home/cfontana/venv/c/bin:/usr/local/sbin:/usr/local/bin:/usr/sbin:/usr/bin:/sbin:/bin:/usr/games:/usr/local/games:/snap/bin
+ export PATH
+ [ -n '' ]
+ [ -z '' ]
+ _OLD_VIRTUAL_PS1='(c) \[\e]0;\u@\h: \w\a\]${debian_chroot:+($debian_chroot)}\[\033[01;32m\]\u@\h\[\033[00m\]:\[\033[01;34m\]\w\[\033[00m\]\$ '
+ PS1='(c) (c) \[\e]0;\u@\h: \w\a\]${debian_chroot:+($debian_chroot)}\[\033[01;32m\]\u@\h\[\033[00m\]:\[\033[01;34m\]\w\[\033[00m\]\$ '
+ export PS1
+ VIRTUAL_ENV_PROMPT='(c) '
+ export VIRTUAL_ENV_PROMPT
+ hash -r
+ 2> /dev/null
+ static=/scratch/cfontana/DIAGS/ISO_2026-07-10/static_ISO_2026-07-10
+ mkdir /scratch/cfontana/DIAGS/ISO_2026-07-10/static_ISO_2026-07-10
+ dir=/scratch/cfontana/DIAGS/ISO_2026-07-10/CMEMS/thetao/ITP_NC
+ i=1
+ ls /scratch/cfontana/DIAGS/ISO_2026-07-10/CMEMS/thetao/ITP_NC/PLOT/
+ cp /scratch/cfontana/DIAGS/ISO_2026-07-10/CMEMS/thetao/ITP_NC/PLOT/2026071000_thetao.jpg /scratch/cfontana/DIAGS/ISO_2026-07-10/static_ISO_2026-07-10/thetao_1.jpg
+ let i=1+1
+ cp /scratch/cfontana/DIAGS/ISO_2026-07-10/CMEMS/thetao/ITP_NC/PLOT/2026071100_thetao.jpg /scratch/cfontana/DIAGS/ISO_2026-07-10/static_ISO_2026-07-10/thetao_2.jpg
+ let i=2+1
+ cp /scratch/cfontana/DIAGS/ISO_2026-07-10/CMEMS/thetao/ITP_NC/PLOT/2026071200_thetao.jpg /scratch/cfontana/DIAGS/ISO_2026-07-10/static_ISO_2026-07-10/thetao_3.jpg
+ let i=3+1
+ cp /scratch/cfontana/DIAGS/ISO_2026-07-10/CMEMS/thetao/ITP_NC/PLOT/2026071300_thetao.jpg /scratch/cfontana/DIAGS/ISO_2026-07-10/static_ISO_2026-07-10/thetao_4.jpg
+ let i=4+1
+ cp /scratch/cfontana/DIAGS/ISO_2026-07-10/CMEMS/thetao/ITP_NC/PLOT/2026071400_thetao.jpg /scratch/cfontana/DIAGS/ISO_2026-07-10/static_ISO_2026-07-10/thetao_5.jpg
+ let i=5+1
+ cp /scratch/cfontana/DIAGS/ISO_2026-07-10/CMEMS/thetao/ITP_NC/PLOT/2026071500_thetao.jpg /scratch/cfontana/DIAGS/ISO_2026-07-10/static_ISO_2026-07-10/thetao_6.jpg
+ let i=6+1
+ cp /scratch/cfontana/DIAGS/ISO_2026-07-10/CMEMS/thetao/ITP_NC/time_series.jpg /scratch/cfontana/DIAGS/ISO_2026-07-10/static_ISO_2026-07-10/time_series_thetao.jpg
+ dir=/scratch/cfontana/DIAGS/ISO_2026-07-10/CMEMS/chl/ITP_NC
+ i=1
+ ls /scratch/cfontana/DIAGS/ISO_2026-07-10/CMEMS/chl/ITP_NC/PLOT/
+ cp /scratch/cfontana/DIAGS/ISO_2026-07-10/CMEMS/chl/ITP_NC/PLOT/2026071012_chl.jpg /scratch/cfontana/DIAGS/ISO_2026-07-10/static_ISO_2026-07-10/chl_1.jpg
+ let i=1+1
+ cp /scratch/cfontana/DIAGS/ISO_2026-07-10/CMEMS/chl/ITP_NC/PLOT/2026071112_chl.jpg /scratch/cfontana/DIAGS/ISO_2026-07-10/static_ISO_2026-07-10/chl_2.jpg
+ let i=2+1
+ cp /scratch/cfontana/DIAGS/ISO_2026-07-10/CMEMS/chl/ITP_NC/PLOT/2026071212_chl.jpg /scratch/cfontana/DIAGS/ISO_2026-07-10/static_ISO_2026-07-10/chl_3.jpg
+ let i=3+1
+ cp /scratch/cfontana/DIAGS/ISO_2026-07-10/CMEMS/chl/ITP_NC/PLOT/2026071312_chl.jpg /scratch/cfontana/DIAGS/ISO_2026-07-10/static_ISO_2026-07-10/chl_4.jpg
+ let i=4+1
+ cp /scratch/cfontana/DIAGS/ISO_2026-07-10/CMEMS/chl/ITP_NC/PLOT/2026071412_chl.jpg /scratch/cfontana/DIAGS/ISO_2026-07-10/static_ISO_2026-07-10/chl_5.jpg
+ let i=5+1
+ cp /scratch/cfontana/DIAGS/ISO_2026-07-10/CMEMS/chl/ITP_NC/PLOT/2026071512_chl.jpg /scratch/cfontana/DIAGS/ISO_2026-07-10/static_ISO_2026-07-10/chl_6.jpg
+ let i=6+1
+ cp /scratch/cfontana/DIAGS/ISO_2026-07-10/CMEMS/chl/ITP_NC/time_series.jpg /scratch/cfontana/DIAGS/ISO_2026-07-10/static_ISO_2026-07-10/time_series_chl.jpg
+ dir=/scratch/cfontana/DIAGS/ISO_2026-07-10/RADAR/
+ i=1
+ ls /scratch/cfontana/DIAGS/ISO_2026-07-10/RADAR//20260710_00.jpg /scratch/cfontana/DIAGS/ISO_2026-07-10/RADAR//20260711_00.jpg /scratch/cfontana/DIAGS/ISO_2026-07-10/RADAR//20260712_00.jpg /scratch/cfontana/DIAGS/ISO_2026-07-10/RADAR//20260713_00.jpg /scratch/cfontana/DIAGS/ISO_2026-07-10/RADAR//20260714_00.jpg /scratch/cfontana/DIAGS/ISO_2026-07-10/RADAR//20260715_00.jpg
+ cp /scratch/cfontana/DIAGS/ISO_2026-07-10/RADAR//20260710_00.jpg /scratch/cfontana/DIAGS/ISO_2026-07-10/static_ISO_2026-07-10/radar_1.jpg
+ let i=1+1
+ cp /scratch/cfontana/DIAGS/ISO_2026-07-10/RADAR//20260711_00.jpg /scratch/cfontana/DIAGS/ISO_2026-07-10/static_ISO_2026-07-10/radar_2.jpg
+ let i=2+1
+ cp /scratch/cfontana/DIAGS/ISO_2026-07-10/RADAR//20260712_00.jpg /scratch/cfontana/DIAGS/ISO_2026-07-10/static_ISO_2026-07-10/radar_3.jpg
+ let i=3+1
+ cp /scratch/cfontana/DIAGS/ISO_2026-07-10/RADAR//20260713_00.jpg /scratch/cfontana/DIAGS/ISO_2026-07-10/static_ISO_2026-07-10/radar_4.jpg
+ let i=4+1
+ cp /scratch/cfontana/DIAGS/ISO_2026-07-10/RADAR//20260714_00.jpg /scratch/cfontana/DIAGS/ISO_2026-07-10/static_ISO_2026-07-10/radar_5.jpg
+ let i=5+1
+ cp /scratch/cfontana/DIAGS/ISO_2026-07-10/RADAR//20260715_00.jpg /scratch/cfontana/DIAGS/ISO_2026-07-10/static_ISO_2026-07-10/radar_6.jpg
+ let i=6+1
+ dir=/scratch/cfontana/DIAGS/ISO_2026-07-10/ARGO/
+ ls -d '/scratch/cfontana/DIAGS/ISO_2026-07-10/ARGO//bio*/'
ls: cannot access '/scratch/cfontana/DIAGS/ISO_2026-07-10/ARGO//bio*/': No such file or directory
+ i=1
+ 1> /scratch/cfontana/DIAGS/ISO_2026-07-10/static_ISO_2026-07-10/list.txt
+ ls -d '/scratch/cfontana/DIAGS/ISO_2026-07-10/ARGO//*/'
ls: cannot access '/scratch/cfontana/DIAGS/ISO_2026-07-10/ARGO//*/': No such file or directory
+ cp /scratch/cfontana/DIAGS/ISO_2026-07-10/ARGO//map.jpg /scratch/cfontana/DIAGS/ISO_2026-07-10/static_ISO_2026-07-10
cp: cannot stat '/scratch/cfontana/DIAGS/ISO_2026-07-10/ARGO//map.jpg': No such file or directory
+ scp -r /scratch/cfontana/DIAGS/ISO_2026-07-10/static_ISO_2026-07-10 yulpa175555@webhost03.yulpa.io:/datas/yulpa175555/sites/merval.eg2.fr/htdocs/DIAGS
+ echo 'PROCESSING LAM'
PROCESSING LAM
+ echo '_______________ '
_______________ 
+ date
Sat Jul 11 17:38:20 CEST 2026
+ config=LAM_2026-07-10
+ awk '{print tolower($0)}'
+ echo LAM
+ lower=lam
+ set -x
+ cat config/config_LAM.json
+ sed -e s/DINI/2026-07-10/g
+ sed -e s/FREQ/hourly/
+ sed -e s/DOUT/20260710/
+ 1> config/config_LAM_2026-07-10.json
+ sed -e s/DEND/2026-07-15/
+ cp config/cmems_DOMAIN.dat config/cmems_LAM_2026-07-10.dat
+ cp config/variables_mit_DOMAIN.dat config/variables_mit_LAM_2026-07-10.dat
+ jq -r .diagdir config/config_LAM_2026-07-10.json
+ diagdir=/scratch/cfontana/DIAGS/LAM_2026-07-10
+ jq -r .radardir config/config_LAM_2026-07-10.json
+ radardir=/scratch/cfontana/RADAR/
+ [ 0 -eq 0 -a 0 -eq 1 ]
+ [ 1 -eq 1 ]
+ cd datasets/CMEMS
+ python get_data_sat.py -c LAM_2026-07-10 -v thetao
INFO - 2026-07-11T15:38:22Z - Selected dataset version: "202311"
INFO - 2026-07-11T15:38:22Z - Selected dataset part: "default"
WARNING - 2026-07-11T15:38:22Z - Some of your subset selection [2026-07-10 00:00:00+00:00, 2026-07-15 00:00:00+00:00] for the time dimension exceed the dataset coordinates [2008-01-01 00:00:00+00:00, 2026-07-11 00:00:00+00:00]
----------------------------------
=> Config file LAM_2026-07-10 loaded
----------------------------------

Downloading CMEMS products : SST_MED_SST_L3S_NRT_OBSERVATIONS_010_012_b
=> Variable [np.str_('adjusted_sea_surface_temperature')] 

------------------------------
DATE =>>> 2026-07-10 2026-07-15
------------------------------
  0%|                                                                                          | 0/306 [00:00<?, ?it/s]  0%|▎                                                                                 | 1/306 [00:00<01:23,  3.67it/s]  2%|█▎                                                                                | 5/306 [00:00<00:20, 14.62it/s]  4%|███▍                                                                             | 13/306 [00:00<00:09, 30.04it/s]  6%|████▌                                                                            | 17/306 [00:00<00:11, 26.06it/s]  7%|█████▌                                                                           | 21/306 [00:00<00:09, 29.35it/s]  9%|███████▋                                                                         | 29/306 [00:00<00:06, 41.56it/s] 13%|██████████▎                                                                      | 39/306 [00:01<00:05, 52.32it/s] 15%|████████████▏                                                                    | 46/306 [00:01<00:04, 56.85it/s] 18%|██████████████▌                                                                  | 55/306 [00:01<00:04, 53.53it/s] 20%|████████████████▏                                                                | 61/306 [00:01<00:05, 46.59it/s] 22%|█████████████████▍                                                               | 66/306 [00:01<00:05, 44.41it/s] 25%|███████████████████▊                                                             | 75/306 [00:01<00:04, 48.04it/s] 27%|█████████████████████▉                                                           | 83/306 [00:01<00:04, 53.55it/s] 31%|█████████████████████████▏                                                       | 95/306 [00:02<00:03, 65.26it/s] 35%|███████████████████████████▉                                                    | 107/306 [00:02<00:02, 77.11it/s] 38%|██████████████████████████████▎                                                 | 116/306 [00:02<00:02, 75.33it/s] 41%|████████████████████████████████▍                                               | 124/306 [00:02<00:02, 75.86it/s] 43%|██████████████████████████████████▌                                             | 132/306 [00:02<00:02, 70.18it/s] 46%|████████████████████████████████████▌                                           | 140/306 [00:02<00:02, 60.74it/s] 49%|██████████████████████████████████████▉                                         | 149/306 [00:02<00:02, 66.01it/s] 51%|████████████████████████████████████████▊                                       | 156/306 [00:02<00:02, 65.80it/s] 53%|██████████████████████████████████████████▌                                     | 163/306 [00:03<00:02, 65.20it/s] 56%|████████████████████████████████████████████▋                                   | 171/306 [00:03<00:02, 60.66it/s] 60%|████████████████████████████████████████████████▎                               | 185/306 [00:03<00:01, 77.31it/s] 64%|██████████████████████████████████████████████████▉                             | 195/306 [00:03<00:01, 81.02it/s] 67%|█████████████████████████████████████████████████████▎                          | 204/306 [00:03<00:01, 80.25it/s] 70%|███████████████████████████████████████████████████████▋                        | 213/306 [00:03<00:01, 72.37it/s] 72%|█████████████████████████████████████████████████████████▊                      | 221/306 [00:03<00:01, 71.90it/s] 75%|███████████████████████████████████████████████████████████▊                    | 229/306 [00:04<00:01, 60.08it/s] 78%|██████████████████████████████████████████████████████████████▍                 | 239/306 [00:04<00:00, 68.64it/s] 81%|█████████████████████████████████████████████████████████████████               | 249/306 [00:04<00:00, 68.70it/s] 86%|████████████████████████████████████████████████████████████████████▊           | 263/306 [00:04<00:00, 77.95it/s] 89%|███████████████████████████████████████████████████████████████████████         | 272/306 [00:04<00:00, 76.51it/s] 92%|█████████████████████████████████████████████████████████████████████████▏      | 280/306 [00:04<00:00, 74.13it/s] 94%|███████████████████████████████████████████████████████████████████████████▎    | 288/306 [00:04<00:00, 74.76it/s] 98%|██████████████████████████████████████████████████████████████████████████████▏ | 299/306 [00:04<00:00, 79.19it/s]100%|████████████████████████████████████████████████████████████████████████████████| 306/306 [00:04<00:00, 62.12it/s]

[FILE SAVED ] /scratch/cfontana/DIAGS/LAM_2026-07-10/CMEMS/data/SST_MED_SST_L3S_NRT_OBSERVATIONS_010_012_b.nc
+ python interp_cmems.py -c LAM_2026-07-10 -v thetao
----------------------------------
=> Config file LAM_2026-07-10 loaded
----------------------------------


[FILE SAVED] /scratch/cfontana/DIAGS/LAM_2026-07-10/CMEMS/thetao/ITP_NC/thetao_20260710.nc


[FILE SAVED] /scratch/cfontana/DIAGS/LAM_2026-07-10/CMEMS/thetao/ITP_NC/thetao_20260711.nc

+ [ 2 -eq 2 ]
+ error=1
+ cd ../../plot
+ python plot_CMEMS_pickle_data_vs_sat.py -c LAM_2026-07-10 -v thetao -s CMEMS
----------------------------------
=> Config file LAM_2026-07-10 loaded
----------------------------------

Processing
739807 27.8635564897174 27.835642 26.658791431242708 0.7916076487252125
739808 27.59291642045502 27.979975 26.982461141489466 0.7916076487252125
[Errno 2] No such file or directory: '/scratch/cfontana/DIAGS/LAM_2026-07-10/CMEMS/thetao/ITP_NC/thetao_20260712.nc' 

=> in get_sat_2D :
Error processing file /scratch/cfontana/DIAGS/LAM_2026-07-10/CMEMS/thetao/ITP_NC/thetao_20260712.nc
File not found
739809 27.86729809752481 nan 27.20120451342366 1
[Errno 2] No such file or directory: '/scratch/cfontana/DIAGS/LAM_2026-07-10/CMEMS/thetao/ITP_NC/thetao_20260713.nc' 

=> in get_sat_2D :
Error processing file /scratch/cfontana/DIAGS/LAM_2026-07-10/CMEMS/thetao/ITP_NC/thetao_20260713.nc
File not found
739810 27.972484414241958 nan 27.179664019674476 1
[Errno 2] No such file or directory: '/scratch/cfontana/DIAGS/LAM_2026-07-10/CMEMS/thetao/ITP_NC/thetao_20260714.nc' 

=> in get_sat_2D :
Error processing file /scratch/cfontana/DIAGS/LAM_2026-07-10/CMEMS/thetao/ITP_NC/thetao_20260714.nc
File not found
739811 28.036384668235435 nan 27.107622776039197 1
[Errno 2] No such file or directory: '/scratch/cfontana/DIAGS/LAM_2026-07-10/CMEMS/thetao/ITP_NC/thetao_20260715.nc' 

=> in get_sat_2D :
Error processing file /scratch/cfontana/DIAGS/LAM_2026-07-10/CMEMS/thetao/ITP_NC/thetao_20260715.nc
File not found
739812 28.060043378890917 nan 27.081609498319512 1
[SAVED FIG] /scratch/cfontana/DIAGS/LAM_2026-07-10/CMEMS/thetao/ITP_NC/PLOT/2026071000_thetao.jpg
[SAVED FIG] /scratch/cfontana/DIAGS/LAM_2026-07-10/CMEMS/thetao/ITP_NC/PLOT/2026071100_thetao.jpg
[SAVED FIG] /scratch/cfontana/DIAGS/LAM_2026-07-10/CMEMS/thetao/ITP_NC/PLOT/2026071200_thetao.jpg
[SAVED FIG] /scratch/cfontana/DIAGS/LAM_2026-07-10/CMEMS/thetao/ITP_NC/PLOT/2026071300_thetao.jpg
[SAVED FIG] /scratch/cfontana/DIAGS/LAM_2026-07-10/CMEMS/thetao/ITP_NC/PLOT/2026071400_thetao.jpg
[SAVED FIG] /scratch/cfontana/DIAGS/LAM_2026-07-10/CMEMS/thetao/ITP_NC/PLOT/2026071500_thetao.jpg
+ python plot_sat_CMEMS_timeseries.py -c LAM_2026-07-10 -v thetao -s CMEMS
----------------------------------
=> Config file LAM_2026-07-10 loaded
----------------------------------

[SAVED FIG] /scratch/cfontana/DIAGS/LAM_2026-07-10/CMEMS/thetao/ITP_NC/time_series.jpg
+ rm -f '/scratch/cfontana/DIAGS/LAM_2026-07-10/CMEMS/thetao/ITP_NC/PLOT/*.pkl'
+ [ 1 -eq 1 ]
+ rm -f /scratch/cfontana/DIAGS/LAM_2026-07-10/CMEMS/thetao/ITP_NC/thetao_20260710.nc /scratch/cfontana/DIAGS/LAM_2026-07-10/CMEMS/thetao/ITP_NC/thetao_20260711.nc
+ date
Sat Jul 11 17:45:13 CEST 2026
+ cd ..
+ [ 1 -eq 1 ]
+ cd datasets/HFRADAR
+ python read_radar.py -c LAM_2026-07-10
----------------------------------
=> Config file LAM_2026-07-10 loaded
----------------------------------


----------
20260710 0
[Errno 2] No such file or directory: '/scratch/cfontana/RADAR//2026-07-10/EUHFR_NRTcurrent_HFR-TirLig-Total_v3.nc'
[Errno 2] No such file or directory: '/scratch/cfontana/RADAR//2026-07-10/EUHFR_NRTcurrent_HFR-ARPAS-Total_v3.nc'
[Errno 2] No such file or directory: '/scratch/cfontana/RADAR//2026-07-10/EUHFR_NRTcurrent_HFR-LaMMA-Total_v3.nc'
[Errno 2] No such file or directory: '/scratch/cfontana/RADAR//2026-07-10/EUHFR_NRTcurrent_HFR-GoS-Total_v3.nc'
[Errno 2] No such file or directory: '/scratch/cfontana/RADAR//2026-07-10/EUHFR_NRTcurrent_HFR-WesternItaly-Total_v3.nc'
[Errno 2] No such file or directory: '/scratch/cfontana/RADAR//2026-07-10/EUHFR_NRTcurrent_HFR-Granitola-Total_v3.nc'
[Errno 2] No such file or directory: '/scratch/cfontana/RADAR//2026-07-10/EUHFR_NRTcurrent_HFR-NAdr-Total_v3.nc'
[Errno 2] No such file or directory: '/scratch/cfontana/RADAR//2026-07-10/EUHFR_NRTcurrent_HFR-GoM-Total_v3.nc'
[SAVED FIG] /scratch/cfontana/DIAGS/LAM_2026-07-10/RADAR/20260710_00.jpg

----------
20260711 0
[Errno 2] No such file or directory: '/scratch/cfontana/RADAR//2026-07-10/EUHFR_NRTcurrent_HFR-TirLig-Total_v3.nc'
[Errno 2] No such file or directory: '/scratch/cfontana/RADAR//2026-07-10/EUHFR_NRTcurrent_HFR-ARPAS-Total_v3.nc'
[Errno 2] No such file or directory: '/scratch/cfontana/RADAR//2026-07-10/EUHFR_NRTcurrent_HFR-LaMMA-Total_v3.nc'
[Errno 2] No such file or directory: '/scratch/cfontana/RADAR//2026-07-10/EUHFR_NRTcurrent_HFR-GoS-Total_v3.nc'
[Errno 2] No such file or directory: '/scratch/cfontana/RADAR//2026-07-10/EUHFR_NRTcurrent_HFR-WesternItaly-Total_v3.nc'
[Errno 2] No such file or directory: '/scratch/cfontana/RADAR//2026-07-10/EUHFR_NRTcurrent_HFR-Granitola-Total_v3.nc'
[Errno 2] No such file or directory: '/scratch/cfontana/RADAR//2026-07-10/EUHFR_NRTcurrent_HFR-NAdr-Total_v3.nc'
[Errno 2] No such file or directory: '/scratch/cfontana/RADAR//2026-07-10/EUHFR_NRTcurrent_HFR-GoM-Total_v3.nc'
[SAVED FIG] /scratch/cfontana/DIAGS/LAM_2026-07-10/RADAR/20260711_00.jpg

----------
20260712 0
[Errno 2] No such file or directory: '/scratch/cfontana/RADAR//2026-07-10/EUHFR_NRTcurrent_HFR-TirLig-Total_v3.nc'
[Errno 2] No such file or directory: '/scratch/cfontana/RADAR//2026-07-10/EUHFR_NRTcurrent_HFR-ARPAS-Total_v3.nc'
[Errno 2] No such file or directory: '/scratch/cfontana/RADAR//2026-07-10/EUHFR_NRTcurrent_HFR-LaMMA-Total_v3.nc'
[Errno 2] No such file or directory: '/scratch/cfontana/RADAR//2026-07-10/EUHFR_NRTcurrent_HFR-GoS-Total_v3.nc'
[Errno 2] No such file or directory: '/scratch/cfontana/RADAR//2026-07-10/EUHFR_NRTcurrent_HFR-WesternItaly-Total_v3.nc'
[Errno 2] No such file or directory: '/scratch/cfontana/RADAR//2026-07-10/EUHFR_NRTcurrent_HFR-Granitola-Total_v3.nc'
[Errno 2] No such file or directory: '/scratch/cfontana/RADAR//2026-07-10/EUHFR_NRTcurrent_HFR-NAdr-Total_v3.nc'
[Errno 2] No such file or directory: '/scratch/cfontana/RADAR//2026-07-10/EUHFR_NRTcurrent_HFR-GoM-Total_v3.nc'
[SAVED FIG] /scratch/cfontana/DIAGS/LAM_2026-07-10/RADAR/20260712_00.jpg

----------
20260713 0
[Errno 2] No such file or directory: '/scratch/cfontana/RADAR//2026-07-10/EUHFR_NRTcurrent_HFR-TirLig-Total_v3.nc'
[Errno 2] No such file or directory: '/scratch/cfontana/RADAR//2026-07-10/EUHFR_NRTcurrent_HFR-ARPAS-Total_v3.nc'
[Errno 2] No such file or directory: '/scratch/cfontana/RADAR//2026-07-10/EUHFR_NRTcurrent_HFR-LaMMA-Total_v3.nc'
[Errno 2] No such file or directory: '/scratch/cfontana/RADAR//2026-07-10/EUHFR_NRTcurrent_HFR-GoS-Total_v3.nc'
[Errno 2] No such file or directory: '/scratch/cfontana/RADAR//2026-07-10/EUHFR_NRTcurrent_HFR-WesternItaly-Total_v3.nc'
[Errno 2] No such file or directory: '/scratch/cfontana/RADAR//2026-07-10/EUHFR_NRTcurrent_HFR-Granitola-Total_v3.nc'
[Errno 2] No such file or directory: '/scratch/cfontana/RADAR//2026-07-10/EUHFR_NRTcurrent_HFR-NAdr-Total_v3.nc'
[Errno 2] No such file or directory: '/scratch/cfontana/RADAR//2026-07-10/EUHFR_NRTcurrent_HFR-GoM-Total_v3.nc'
[SAVED FIG] /scratch/cfontana/DIAGS/LAM_2026-07-10/RADAR/20260713_00.jpg

----------
20260714 0
[Errno 2] No such file or directory: '/scratch/cfontana/RADAR//2026-07-10/EUHFR_NRTcurrent_HFR-TirLig-Total_v3.nc'
[Errno 2] No such file or directory: '/scratch/cfontana/RADAR//2026-07-10/EUHFR_NRTcurrent_HFR-ARPAS-Total_v3.nc'
[Errno 2] No such file or directory: '/scratch/cfontana/RADAR//2026-07-10/EUHFR_NRTcurrent_HFR-LaMMA-Total_v3.nc'
[Errno 2] No such file or directory: '/scratch/cfontana/RADAR//2026-07-10/EUHFR_NRTcurrent_HFR-GoS-Total_v3.nc'
[Errno 2] No such file or directory: '/scratch/cfontana/RADAR//2026-07-10/EUHFR_NRTcurrent_HFR-WesternItaly-Total_v3.nc'
[Errno 2] No such file or directory: '/scratch/cfontana/RADAR//2026-07-10/EUHFR_NRTcurrent_HFR-Granitola-Total_v3.nc'
[Errno 2] No such file or directory: '/scratch/cfontana/RADAR//2026-07-10/EUHFR_NRTcurrent_HFR-NAdr-Total_v3.nc'
[Errno 2] No such file or directory: '/scratch/cfontana/RADAR//2026-07-10/EUHFR_NRTcurrent_HFR-GoM-Total_v3.nc'
[SAVED FIG] /scratch/cfontana/DIAGS/LAM_2026-07-10/RADAR/20260714_00.jpg

----------
20260715 0
[Errno 2] No such file or directory: '/scratch/cfontana/RADAR//2026-07-10/EUHFR_NRTcurrent_HFR-TirLig-Total_v3.nc'
[Errno 2] No such file or directory: '/scratch/cfontana/RADAR//2026-07-10/EUHFR_NRTcurrent_HFR-ARPAS-Total_v3.nc'
[Errno 2] No such file or directory: '/scratch/cfontana/RADAR//2026-07-10/EUHFR_NRTcurrent_HFR-LaMMA-Total_v3.nc'
[Errno 2] No such file or directory: '/scratch/cfontana/RADAR//2026-07-10/EUHFR_NRTcurrent_HFR-GoS-Total_v3.nc'
[Errno 2] No such file or directory: '/scratch/cfontana/RADAR//2026-07-10/EUHFR_NRTcurrent_HFR-WesternItaly-Total_v3.nc'
[Errno 2] No such file or directory: '/scratch/cfontana/RADAR//2026-07-10/EUHFR_NRTcurrent_HFR-Granitola-Total_v3.nc'
[Errno 2] No such file or directory: '/scratch/cfontana/RADAR//2026-07-10/EUHFR_NRTcurrent_HFR-NAdr-Total_v3.nc'
[Errno 2] No such file or directory: '/scratch/cfontana/RADAR//2026-07-10/EUHFR_NRTcurrent_HFR-GoM-Total_v3.nc'
[SAVED FIG] /scratch/cfontana/DIAGS/LAM_2026-07-10/RADAR/20260715_00.jpg
+ date
Sat Jul 11 17:46:36 CEST 2026
+ cd ../..
+ cat config/config_LAM.json
+ sed -e s/DINI/2026-07-10/g
+ sed -e s/FREQ/daily/
+ 1> config/config_LAM_2026-07-10.json
+ sed -e s/DEND/2026-07-15/
+ sed -e s/DOUT/20260710/
+ [ 1 -eq 1 ]
+ cd datasets/CMEMS
+ python get_data_sat.py -c LAM_2026-07-10 -v chl
INFO - 2026-07-11T15:46:39Z - Selected dataset version: "202211"
INFO - 2026-07-11T15:46:39Z - Selected dataset part: "default"
WARNING - 2026-07-11T15:46:39Z - Some of your subset selection [2026-07-10 00:00:00+00:00, 2026-07-15 00:00:00+00:00] for the time dimension exceed the dataset coordinates [2026-07-03 00:00:00+00:00, 2026-07-10 00:00:00+00:00]
----------------------------------
=> Config file LAM_2026-07-10 loaded
----------------------------------

Downloading CMEMS products : cmems_obs-oc_med_bgc-plankton_nrt_l3-multi-1km_P1D
=> Variable ['CHL', 'KD490'] 

------------------------------
DATE =>>> 2026-07-10 2026-07-15
------------------------------

[FILE SAVED ] /scratch/cfontana/DIAGS/LAM_2026-07-10/CMEMS/data/cmems_obs-oc_med_bgc-plankton_nrt_l3-multi-1km_P1D.nc
+ python interp_cmems.py -c LAM_2026-07-10 -v chl
----------------------------------
=> Config file LAM_2026-07-10 loaded
----------------------------------


[FILE SAVED] /scratch/cfontana/DIAGS/LAM_2026-07-10/CMEMS/chl/ITP_NC/chl_20260710.nc

+ [ 2 -eq 2 ]
+ error=1
+ cd ../../plot
+ python plot_CMEMS_pickle_data_vs_sat.py -c LAM_2026-07-10 -v chl -s CMEMS
----------------------------------
=> Config file LAM_2026-07-10 loaded
----------------------------------

Processing
739807 0.052062939552770894 0.031382535 0.046976203978093066 0.45117740793201133
[Errno 2] No such file or directory: '/scratch/cfontana/DIAGS/LAM_2026-07-10/CMEMS/chl/ITP_NC/chl_20260711.nc' 

=> in get_sat_2D :
Error processing file /scratch/cfontana/DIAGS/LAM_2026-07-10/CMEMS/chl/ITP_NC/chl_20260711.nc
File not found
739808 0.11063374661802952 nan 0.04754448120123815 1
[Errno 2] No such file or directory: '/scratch/cfontana/DIAGS/LAM_2026-07-10/CMEMS/chl/ITP_NC/chl_20260712.nc' 

=> in get_sat_2D :
Error processing file /scratch/cfontana/DIAGS/LAM_2026-07-10/CMEMS/chl/ITP_NC/chl_20260712.nc
File not found
739809 0.110604904775978 nan 0.04634155728275471 1
[Errno 2] No such file or directory: '/scratch/cfontana/DIAGS/LAM_2026-07-10/CMEMS/chl/ITP_NC/chl_20260713.nc' 

=> in get_sat_2D :
Error processing file /scratch/cfontana/DIAGS/LAM_2026-07-10/CMEMS/chl/ITP_NC/chl_20260713.nc
File not found
739810 0.10963095641172427 nan 0.04518906519202105 1
[Errno 2] No such file or directory: '/scratch/cfontana/DIAGS/LAM_2026-07-10/CMEMS/chl/ITP_NC/chl_20260714.nc' 

=> in get_sat_2D :
Error processing file /scratch/cfontana/DIAGS/LAM_2026-07-10/CMEMS/chl/ITP_NC/chl_20260714.nc
File not found
739811 0.09825240720203482 nan 0.04348390086111467 1
[Errno 2] No such file or directory: '/scratch/cfontana/DIAGS/LAM_2026-07-10/CMEMS/chl/ITP_NC/chl_20260715.nc' 

=> in get_sat_2D :
Error processing file /scratch/cfontana/DIAGS/LAM_2026-07-10/CMEMS/chl/ITP_NC/chl_20260715.nc
File not found
739812 0.12233728492331802 nan 0.04269711476495042 1
[SAVED FIG] /scratch/cfontana/DIAGS/LAM_2026-07-10/CMEMS/chl/ITP_NC/PLOT/2026071012_chl.jpg
[SAVED FIG] /scratch/cfontana/DIAGS/LAM_2026-07-10/CMEMS/chl/ITP_NC/PLOT/2026071112_chl.jpg
[SAVED FIG] /scratch/cfontana/DIAGS/LAM_2026-07-10/CMEMS/chl/ITP_NC/PLOT/2026071212_chl.jpg
[SAVED FIG] /scratch/cfontana/DIAGS/LAM_2026-07-10/CMEMS/chl/ITP_NC/PLOT/2026071312_chl.jpg
[SAVED FIG] /scratch/cfontana/DIAGS/LAM_2026-07-10/CMEMS/chl/ITP_NC/PLOT/2026071412_chl.jpg
[SAVED FIG] /scratch/cfontana/DIAGS/LAM_2026-07-10/CMEMS/chl/ITP_NC/PLOT/2026071512_chl.jpg
+ python plot_sat_CMEMS_timeseries.py -c LAM_2026-07-10 -v chl -s CMEMS
----------------------------------
=> Config file LAM_2026-07-10 loaded
----------------------------------

[SAVED FIG] /scratch/cfontana/DIAGS/LAM_2026-07-10/CMEMS/chl/ITP_NC/time_series.jpg
+ rm -f '/scratch/cfontana/DIAGS/LAM_2026-07-10/CMEMS/chl/ITP_NC/PLOT/*.pkl'
+ [ 1 -eq 1 ]
+ rm -f /scratch/cfontana/DIAGS/LAM_2026-07-10/CMEMS/chl/ITP_NC/chl_20260710.nc
+ date
Sat Jul 11 17:51:24 CEST 2026
+ cd ..
+ [ 1 -eq 0 ]
+ [ 1 -eq 1 ]
+ rm -f /scratch/cfontana/DIAGS/LAM_2026-07-10/CMEMS/data/SST_MED_SST_L3S_NRT_OBSERVATIONS_010_012_b.nc /scratch/cfontana/DIAGS/LAM_2026-07-10/CMEMS/data/cmems_obs-oc_med_bgc-plankton_nrt_l3-multi-1km_P1D.nc
+ [ 1 -eq 1 ]
+ source /home/cfontana/venv/a/bin/activate
+ 1> /dev/null
+ deactivate nondestructive
+ [ -n /home/cfontana/venv/c/bin:/usr/local/sbin:/usr/local/bin:/usr/sbin:/usr/bin:/sbin:/bin:/usr/games:/usr/local/games:/snap/bin ]
+ PATH=/home/cfontana/venv/c/bin:/usr/local/sbin:/usr/local/bin:/usr/sbin:/usr/bin:/sbin:/bin:/usr/games:/usr/local/games:/snap/bin
+ export PATH
+ unset _OLD_VIRTUAL_PATH
+ [ -n '' ]
+ hash -r
+ 2> /dev/null
+ [ -n '(c) \[\e]0;\u@\h: \w\a\]${debian_chroot:+($debian_chroot)}\[\033[01;32m\]\u@\h\[\033[00m\]:\[\033[01;34m\]\w\[\033[00m\]\$ ' ]
+ PS1='(c) \[\e]0;\u@\h: \w\a\]${debian_chroot:+($debian_chroot)}\[\033[01;32m\]\u@\h\[\033[00m\]:\[\033[01;34m\]\w\[\033[00m\]\$ '
+ export PS1
+ unset _OLD_VIRTUAL_PS1
+ unset VIRTUAL_ENV
+ unset VIRTUAL_ENV_PROMPT
+ [ ! nondestructive '=' nondestructive ]
+ [ '' '=' cygwin ]
+ [ '' '=' msys ]
+ VIRTUAL_ENV=/home/cfontana/venv/a
+ export VIRTUAL_ENV
+ _OLD_VIRTUAL_PATH=/home/cfontana/venv/c/bin:/usr/local/sbin:/usr/local/bin:/usr/sbin:/usr/bin:/sbin:/bin:/usr/games:/usr/local/games:/snap/bin
+ PATH=/home/cfontana/venv/a/bin:/home/cfontana/venv/c/bin:/usr/local/sbin:/usr/local/bin:/usr/sbin:/usr/bin:/sbin:/bin:/usr/games:/usr/local/games:/snap/bin
+ export PATH
+ [ -n '' ]
+ [ -z '' ]
+ _OLD_VIRTUAL_PS1='(c) \[\e]0;\u@\h: \w\a\]${debian_chroot:+($debian_chroot)}\[\033[01;32m\]\u@\h\[\033[00m\]:\[\033[01;34m\]\w\[\033[00m\]\$ '
+ PS1='(a) (c) \[\e]0;\u@\h: \w\a\]${debian_chroot:+($debian_chroot)}\[\033[01;32m\]\u@\h\[\033[00m\]:\[\033[01;34m\]\w\[\033[00m\]\$ '
+ export PS1
+ VIRTUAL_ENV_PROMPT='(a) '
+ export VIRTUAL_ENV_PROMPT
+ hash -r
+ 2> /dev/null
+ sed -i s/daily/hourly/ config/config_LAM_2026-07-10.json
+ cd datasets/ARGO
+ python get_argo.py -c LAM_2026-07-10
----------------------------------
=> Config file LAM_2026-07-10 loaded
----------------------------------

[np.float64(16.1046882169575), np.float64(16.233854883665497), np.float64(38.7088550001175), np.float64(39.020313333550504), 0, 500, '2026-07-10', '2026-07-15']
Traceback (most recent call last):
  File "/home/cfontana/DATA_MED/datasets/ARGO/get_argo.py", line 73, in <module>
    f = f.region(box).load()
        ^^^^^^^^^^^^^^^^^^^^
  File "/home/cfontana/venv/a/lib/python3.12/site-packages/argopy/fetchers.py", line 886, in load
    self._data = self._to_xarray(**kwargs)
                 ^^^^^^^^^^^^^^^^^^^^^^^^^
  File "/home/cfontana/venv/a/lib/python3.12/site-packages/argopy/fetchers.py", line 673, in _to_xarray
    xds = self.fetcher.to_xarray(**kwargs)
          ^^^^^^^^^^^^^^^^^^^^^^^^^^^^^^^^
  File "/home/cfontana/venv/a/lib/python3.12/site-packages/argopy/data_fetchers/erddap_data.py", line 583, in to_xarray
    results = self.fs.open_dataset(URI[0])
              ^^^^^^^^^^^^^^^^^^^^^^^^^^^^
  File "/home/cfontana/venv/a/lib/python3.12/site-packages/argopy/stores/implementations/http.py", line 349, in open_dataset
    target, _ = load_in_memory(
                ^^^^^^^^^^^^^^^
  File "/home/cfontana/venv/a/lib/python3.12/site-packages/argopy/stores/implementations/http.py", line 261, in load_in_memory
    data = self.download_url(url, **dwn_opts)
           ^^^^^^^^^^^^^^^^^^^^^^^^^^^^^^^^^^
  File "/home/cfontana/venv/a/lib/python3.12/site-packages/argopy/stores/implementations/http.py", line 169, in download_url
    data, n = make_request(
              ^^^^^^^^^^^^^
  File "/home/cfontana/venv/a/lib/python3.12/site-packages/argopy/stores/implementations/http.py", line 124, in make_request
    raise e
  File "/home/cfontana/venv/a/lib/python3.12/site-packages/argopy/stores/implementations/http.py", line 121, in make_request
    data = ffs.cat_file(url, **cat_opts)
           ^^^^^^^^^^^^^^^^^^^^^^^^^^^^^
  File "/home/cfontana/venv/a/lib/python3.12/site-packages/fsspec/asyn.py", line 118, in wrapper
    return sync(self.loop, func, *args, **kwargs)
           ^^^^^^^^^^^^^^^^^^^^^^^^^^^^^^^^^^^^^^
  File "/home/cfontana/venv/a/lib/python3.12/site-packages/fsspec/asyn.py", line 103, in sync
    raise return_result
  File "/home/cfontana/venv/a/lib/python3.12/site-packages/fsspec/asyn.py", line 56, in _runner
    result[0] = await coro
                ^^^^^^^^^^
  File "/home/cfontana/venv/a/lib/python3.12/site-packages/fsspec/implementations/http.py", line 247, in _cat_file
    self._raise_not_found_for_status(r, url)
  File "/home/cfontana/venv/a/lib/python3.12/site-packages/fsspec/implementations/http.py", line 229, in _raise_not_found_for_status
    raise FileNotFoundError(url)
FileNotFoundError: https://erddap.ifremer.fr/erddap/tabledap/ArgoFloats.nc?config_mission_number,cycle_number,data_mode,direction,latitude,longitude,platform_number,position_qc,pres,pres_adjusted,pres_adjusted_error,pres_adjusted_qc,pres_qc,psal,psal_adjusted,psal_adjusted_error,psal_adjusted_qc,psal_qc,temp,temp_adjusted,temp_adjusted_error,temp_adjusted_qc,temp_qc,time,time_qc,vertical_sampling_scheme&longitude>=16.1046882169575&longitude<=16.233854883665497&latitude>=38.7088550001175&latitude<=39.020313333550504&pres>=0&pres<=500&time>=1783641600.0&time<=1784073600.0&latitude!=NaN&longitude!=NaN&distinct()&orderBy("time,pres")
+ [ 1 -eq 0 ]
+ cd ../../
+ sed -i s/phy/bgc/ config/config_LAM_2026-07-10.json
+ cd datasets/ARGO
+ python get_argo.py -c LAM_2026-07-10
----------------------------------
=> Config file LAM_2026-07-10 loaded
----------------------------------

[np.float64(16.1046882169575), np.float64(16.233854883665497), np.float64(38.7088550001175), np.float64(39.020313333550504), 0, 500, '2026-07-10', '2026-07-15']
Traceback (most recent call last):
  File "/home/cfontana/DATA_MED/datasets/ARGO/get_argo.py", line 73, in <module>
    f = f.region(box).load()
        ^^^^^^^^^^^^^
  File "/home/cfontana/venv/a/lib/python3.12/site-packages/argopy/fetchers.py", line 68, in wrapper
    return AccessPoint(*args)
           ^^^^^^^^^^^^^^^^^^
  File "/home/cfontana/venv/a/lib/python3.12/site-packages/argopy/fetchers.py", line 648, in region
    self.fetcher = self.Fetchers["region"](box=box, **self.fetcher_options)
                   ^^^^^^^^^^^^^^^^^^^^^^^^^^^^^^^^^^^^^^^^^^^^^^^^^^^^^^^^
  File "/home/cfontana/venv/a/lib/python3.12/site-packages/argopy/data_fetchers/erddap_data.py", line 184, in __init__
    params = self._bgc_vlist_avail
             ^^^^^^^^^^^^^^^^^^^^^
  File "/home/cfontana/venv/a/lib/python3.12/site-packages/argopy/data_fetchers/erddap_data.py", line 305, in _bgc_vlist_avail
    params = self.indexfs.read_params()
             ^^^^^^^^^^^^^^^^^^^^^^^^^^
  File "/home/cfontana/venv/a/lib/python3.12/site-packages/argopy/stores/index/implementations/pandas/index.py", line 281, in read_params
    raise DataNotFound(
argopy.errors.DataNotFound: 'No data found in the index corresponding to your search criteria. Search definition: x=16.10/16.23;y=38.71/39.02;t=2026-07-10/2026-07-15'
+ [ 1 -eq 0 ]
+ cd ../../
+ [ 1 -eq 1 ]
+ source /home/cfontana/venv/c/bin/activate
+ 1> /dev/null
+ deactivate nondestructive
+ [ -n /home/cfontana/venv/c/bin:/usr/local/sbin:/usr/local/bin:/usr/sbin:/usr/bin:/sbin:/bin:/usr/games:/usr/local/games:/snap/bin ]
+ PATH=/home/cfontana/venv/c/bin:/usr/local/sbin:/usr/local/bin:/usr/sbin:/usr/bin:/sbin:/bin:/usr/games:/usr/local/games:/snap/bin
+ export PATH
+ unset _OLD_VIRTUAL_PATH
+ [ -n '' ]
+ hash -r
+ 2> /dev/null
+ [ -n '(c) \[\e]0;\u@\h: \w\a\]${debian_chroot:+($debian_chroot)}\[\033[01;32m\]\u@\h\[\033[00m\]:\[\033[01;34m\]\w\[\033[00m\]\$ ' ]
+ PS1='(c) \[\e]0;\u@\h: \w\a\]${debian_chroot:+($debian_chroot)}\[\033[01;32m\]\u@\h\[\033[00m\]:\[\033[01;34m\]\w\[\033[00m\]\$ '
+ export PS1
+ unset _OLD_VIRTUAL_PS1
+ unset VIRTUAL_ENV
+ unset VIRTUAL_ENV_PROMPT
+ [ ! nondestructive '=' nondestructive ]
+ [ '' '=' cygwin ]
+ [ '' '=' msys ]
+ VIRTUAL_ENV=/home/cfontana/venv/c
+ export VIRTUAL_ENV
+ _OLD_VIRTUAL_PATH=/home/cfontana/venv/c/bin:/usr/local/sbin:/usr/local/bin:/usr/sbin:/usr/bin:/sbin:/bin:/usr/games:/usr/local/games:/snap/bin
+ PATH=/home/cfontana/venv/c/bin:/home/cfontana/venv/c/bin:/usr/local/sbin:/usr/local/bin:/usr/sbin:/usr/bin:/sbin:/bin:/usr/games:/usr/local/games:/snap/bin
+ export PATH
+ [ -n '' ]
+ [ -z '' ]
+ _OLD_VIRTUAL_PS1='(c) \[\e]0;\u@\h: \w\a\]${debian_chroot:+($debian_chroot)}\[\033[01;32m\]\u@\h\[\033[00m\]:\[\033[01;34m\]\w\[\033[00m\]\$ '
+ PS1='(c) (c) \[\e]0;\u@\h: \w\a\]${debian_chroot:+($debian_chroot)}\[\033[01;32m\]\u@\h\[\033[00m\]:\[\033[01;34m\]\w\[\033[00m\]\$ '
+ export PS1
+ VIRTUAL_ENV_PROMPT='(c) '
+ export VIRTUAL_ENV_PROMPT
+ hash -r
+ 2> /dev/null
+ static=/scratch/cfontana/DIAGS/LAM_2026-07-10/static_LAM_2026-07-10
+ mkdir /scratch/cfontana/DIAGS/LAM_2026-07-10/static_LAM_2026-07-10
+ dir=/scratch/cfontana/DIAGS/LAM_2026-07-10/CMEMS/thetao/ITP_NC
+ i=1
+ ls /scratch/cfontana/DIAGS/LAM_2026-07-10/CMEMS/thetao/ITP_NC/PLOT/
+ cp /scratch/cfontana/DIAGS/LAM_2026-07-10/CMEMS/thetao/ITP_NC/PLOT/2026071000_thetao.jpg /scratch/cfontana/DIAGS/LAM_2026-07-10/static_LAM_2026-07-10/thetao_1.jpg
+ let i=1+1
+ cp /scratch/cfontana/DIAGS/LAM_2026-07-10/CMEMS/thetao/ITP_NC/PLOT/2026071100_thetao.jpg /scratch/cfontana/DIAGS/LAM_2026-07-10/static_LAM_2026-07-10/thetao_2.jpg
+ let i=2+1
+ cp /scratch/cfontana/DIAGS/LAM_2026-07-10/CMEMS/thetao/ITP_NC/PLOT/2026071200_thetao.jpg /scratch/cfontana/DIAGS/LAM_2026-07-10/static_LAM_2026-07-10/thetao_3.jpg
+ let i=3+1
+ cp /scratch/cfontana/DIAGS/LAM_2026-07-10/CMEMS/thetao/ITP_NC/PLOT/2026071300_thetao.jpg /scratch/cfontana/DIAGS/LAM_2026-07-10/static_LAM_2026-07-10/thetao_4.jpg
+ let i=4+1
+ cp /scratch/cfontana/DIAGS/LAM_2026-07-10/CMEMS/thetao/ITP_NC/PLOT/2026071400_thetao.jpg /scratch/cfontana/DIAGS/LAM_2026-07-10/static_LAM_2026-07-10/thetao_5.jpg
+ let i=5+1
+ cp /scratch/cfontana/DIAGS/LAM_2026-07-10/CMEMS/thetao/ITP_NC/PLOT/2026071500_thetao.jpg /scratch/cfontana/DIAGS/LAM_2026-07-10/static_LAM_2026-07-10/thetao_6.jpg
+ let i=6+1
+ cp /scratch/cfontana/DIAGS/LAM_2026-07-10/CMEMS/thetao/ITP_NC/time_series.jpg /scratch/cfontana/DIAGS/LAM_2026-07-10/static_LAM_2026-07-10/time_series_thetao.jpg
+ dir=/scratch/cfontana/DIAGS/LAM_2026-07-10/CMEMS/chl/ITP_NC
+ i=1
+ ls /scratch/cfontana/DIAGS/LAM_2026-07-10/CMEMS/chl/ITP_NC/PLOT/
+ cp /scratch/cfontana/DIAGS/LAM_2026-07-10/CMEMS/chl/ITP_NC/PLOT/2026071012_chl.jpg /scratch/cfontana/DIAGS/LAM_2026-07-10/static_LAM_2026-07-10/chl_1.jpg
+ let i=1+1
+ cp /scratch/cfontana/DIAGS/LAM_2026-07-10/CMEMS/chl/ITP_NC/PLOT/2026071112_chl.jpg /scratch/cfontana/DIAGS/LAM_2026-07-10/static_LAM_2026-07-10/chl_2.jpg
+ let i=2+1
+ cp /scratch/cfontana/DIAGS/LAM_2026-07-10/CMEMS/chl/ITP_NC/PLOT/2026071212_chl.jpg /scratch/cfontana/DIAGS/LAM_2026-07-10/static_LAM_2026-07-10/chl_3.jpg
+ let i=3+1
+ cp /scratch/cfontana/DIAGS/LAM_2026-07-10/CMEMS/chl/ITP_NC/PLOT/2026071312_chl.jpg /scratch/cfontana/DIAGS/LAM_2026-07-10/static_LAM_2026-07-10/chl_4.jpg
+ let i=4+1
+ cp /scratch/cfontana/DIAGS/LAM_2026-07-10/CMEMS/chl/ITP_NC/PLOT/2026071412_chl.jpg /scratch/cfontana/DIAGS/LAM_2026-07-10/static_LAM_2026-07-10/chl_5.jpg
+ let i=5+1
+ cp /scratch/cfontana/DIAGS/LAM_2026-07-10/CMEMS/chl/ITP_NC/PLOT/2026071512_chl.jpg /scratch/cfontana/DIAGS/LAM_2026-07-10/static_LAM_2026-07-10/chl_6.jpg
+ let i=6+1
+ cp /scratch/cfontana/DIAGS/LAM_2026-07-10/CMEMS/chl/ITP_NC/time_series.jpg /scratch/cfontana/DIAGS/LAM_2026-07-10/static_LAM_2026-07-10/time_series_chl.jpg
+ dir=/scratch/cfontana/DIAGS/LAM_2026-07-10/RADAR/
+ i=1
+ ls /scratch/cfontana/DIAGS/LAM_2026-07-10/RADAR//20260710_00.jpg /scratch/cfontana/DIAGS/LAM_2026-07-10/RADAR//20260711_00.jpg /scratch/cfontana/DIAGS/LAM_2026-07-10/RADAR//20260712_00.jpg /scratch/cfontana/DIAGS/LAM_2026-07-10/RADAR//20260713_00.jpg /scratch/cfontana/DIAGS/LAM_2026-07-10/RADAR//20260714_00.jpg /scratch/cfontana/DIAGS/LAM_2026-07-10/RADAR//20260715_00.jpg
+ cp /scratch/cfontana/DIAGS/LAM_2026-07-10/RADAR//20260710_00.jpg /scratch/cfontana/DIAGS/LAM_2026-07-10/static_LAM_2026-07-10/radar_1.jpg
+ let i=1+1
+ cp /scratch/cfontana/DIAGS/LAM_2026-07-10/RADAR//20260711_00.jpg /scratch/cfontana/DIAGS/LAM_2026-07-10/static_LAM_2026-07-10/radar_2.jpg
+ let i=2+1
+ cp /scratch/cfontana/DIAGS/LAM_2026-07-10/RADAR//20260712_00.jpg /scratch/cfontana/DIAGS/LAM_2026-07-10/static_LAM_2026-07-10/radar_3.jpg
+ let i=3+1
+ cp /scratch/cfontana/DIAGS/LAM_2026-07-10/RADAR//20260713_00.jpg /scratch/cfontana/DIAGS/LAM_2026-07-10/static_LAM_2026-07-10/radar_4.jpg
+ let i=4+1
+ cp /scratch/cfontana/DIAGS/LAM_2026-07-10/RADAR//20260714_00.jpg /scratch/cfontana/DIAGS/LAM_2026-07-10/static_LAM_2026-07-10/radar_5.jpg
+ let i=5+1
+ cp /scratch/cfontana/DIAGS/LAM_2026-07-10/RADAR//20260715_00.jpg /scratch/cfontana/DIAGS/LAM_2026-07-10/static_LAM_2026-07-10/radar_6.jpg
+ let i=6+1
+ dir=/scratch/cfontana/DIAGS/LAM_2026-07-10/ARGO/
+ ls -d '/scratch/cfontana/DIAGS/LAM_2026-07-10/ARGO//bio*/'
ls: cannot access '/scratch/cfontana/DIAGS/LAM_2026-07-10/ARGO//bio*/': No such file or directory
+ i=1
+ 1> /scratch/cfontana/DIAGS/LAM_2026-07-10/static_LAM_2026-07-10/list.txt
+ ls -d '/scratch/cfontana/DIAGS/LAM_2026-07-10/ARGO//*/'
ls: cannot access '/scratch/cfontana/DIAGS/LAM_2026-07-10/ARGO//*/': No such file or directory
+ cp /scratch/cfontana/DIAGS/LAM_2026-07-10/ARGO//map.jpg /scratch/cfontana/DIAGS/LAM_2026-07-10/static_LAM_2026-07-10
cp: cannot stat '/scratch/cfontana/DIAGS/LAM_2026-07-10/ARGO//map.jpg': No such file or directory
+ scp -r /scratch/cfontana/DIAGS/LAM_2026-07-10/static_LAM_2026-07-10 yulpa175555@webhost03.yulpa.io:/datas/yulpa175555/sites/merval.eg2.fr/htdocs/DIAGS
+ echo 'PROCESSING LIG'
PROCESSING LIG
+ echo '_______________ '
_______________ 
+ date
Sat Jul 11 17:51:40 CEST 2026
+ config=LIG_2026-07-10
+ awk '{print tolower($0)}'
+ echo LIG
+ lower=lig
+ set -x
+ sed -e s/FREQ/hourly/
+ cat config/config_LIG.json
+ 1> config/config_LIG_2026-07-10.json
+ sed -e s/DINI/2026-07-10/g
+ sed -e s/DOUT/20260710/
+ sed -e s/DEND/2026-07-15/
+ cp config/cmems_DOMAIN.dat config/cmems_LIG_2026-07-10.dat
+ cp config/variables_mit_DOMAIN.dat config/variables_mit_LIG_2026-07-10.dat
+ jq -r .diagdir config/config_LIG_2026-07-10.json
+ diagdir=/scratch/cfontana/DIAGS/LIG_2026-07-10
+ jq -r .radardir config/config_LIG_2026-07-10.json
+ radardir=/scratch/cfontana/RADAR/
+ [ 0 -eq 0 -a 0 -eq 1 ]
+ [ 1 -eq 1 ]
+ cd datasets/CMEMS
+ python get_data_sat.py -c LIG_2026-07-10 -v thetao
INFO - 2026-07-11T15:51:43Z - Selected dataset version: "202311"
INFO - 2026-07-11T15:51:43Z - Selected dataset part: "default"
WARNING - 2026-07-11T15:51:43Z - Some of your subset selection [2026-07-10 00:00:00+00:00, 2026-07-15 00:00:00+00:00] for the time dimension exceed the dataset coordinates [2008-01-01 00:00:00+00:00, 2026-07-11 00:00:00+00:00]
----------------------------------
=> Config file LIG_2026-07-10 loaded
----------------------------------

Downloading CMEMS products : SST_MED_SST_L3S_NRT_OBSERVATIONS_010_012_b
=> Variable [np.str_('adjusted_sea_surface_temperature')] 

------------------------------
DATE =>>> 2026-07-10 2026-07-15
------------------------------
  0%|                                                                                          | 0/102 [00:00<?, ?it/s]  1%|▊                                                                                 | 1/102 [00:00<01:01,  1.65it/s]  9%|███████▏                                                                          | 9/102 [00:00<00:06, 13.96it/s] 17%|█████████████▌                                                                   | 17/102 [00:00<00:03, 23.80it/s] 30%|████████████████████████▌                                                        | 31/102 [00:01<00:01, 36.38it/s] 40%|████████████████████████████████▌                                                | 41/102 [00:01<00:01, 46.13it/s] 48%|██████████████████████████████████████▉                                          | 49/102 [00:01<00:01, 50.79it/s] 55%|████████████████████████████████████████████▍                                    | 56/102 [00:01<00:00, 49.02it/s] 61%|█████████████████████████████████████████████████▏                               | 62/102 [00:01<00:00, 40.42it/s] 68%|██████████████████████████████████████████████████████▊                          | 69/102 [00:02<00:00, 38.51it/s] 73%|██████████████████████████████████████████████████████████▊                      | 74/102 [00:02<00:00, 36.96it/s] 85%|█████████████████████████████████████████████████████████████████████            | 87/102 [00:02<00:00, 49.94it/s] 91%|█████████████████████████████████████████████████████████████████████████▊       | 93/102 [00:02<00:00, 46.53it/s]100%|████████████████████████████████████████████████████████████████████████████████| 102/102 [00:02<00:00, 39.83it/s]

[FILE SAVED ] /scratch/cfontana/DIAGS/LIG_2026-07-10/CMEMS/data/SST_MED_SST_L3S_NRT_OBSERVATIONS_010_012_b.nc
+ python interp_cmems.py -c LIG_2026-07-10 -v thetao
----------------------------------
=> Config file LIG_2026-07-10 loaded
----------------------------------


[FILE SAVED] /scratch/cfontana/DIAGS/LIG_2026-07-10/CMEMS/thetao/ITP_NC/thetao_20260710.nc


[FILE SAVED] /scratch/cfontana/DIAGS/LIG_2026-07-10/CMEMS/thetao/ITP_NC/thetao_20260711.nc

+ [ 2 -eq 2 ]
+ error=1
+ cd ../../plot
+ python plot_CMEMS_pickle_data_vs_sat.py -c LIG_2026-07-10 -v thetao -s CMEMS
----------------------------------
=> Config file LIG_2026-07-10 loaded
----------------------------------

Processing
739807 26.893071234180294 27.386642 27.43928 0.9786032219435595
739808 27.061489913040617 27.532131 27.529118 0.9618576367034308
[Errno 2] No such file or directory: '/scratch/cfontana/DIAGS/LIG_2026-07-10/CMEMS/thetao/ITP_NC/thetao_20260712.nc' 

=> in get_sat_2D :
Error processing file /scratch/cfontana/DIAGS/LIG_2026-07-10/CMEMS/thetao/ITP_NC/thetao_20260712.nc
File not found
739809 27.09905842855668 nan 27.440866 1
[Errno 2] No such file or directory: '/scratch/cfontana/DIAGS/LIG_2026-07-10/CMEMS/thetao/ITP_NC/thetao_20260713.nc' 

=> in get_sat_2D :
Error processing file /scratch/cfontana/DIAGS/LIG_2026-07-10/CMEMS/thetao/ITP_NC/thetao_20260713.nc
File not found
739810 27.263543574888782 nan 27.412905 1
[Errno 2] No such file or directory: '/scratch/cfontana/DIAGS/LIG_2026-07-10/CMEMS/thetao/ITP_NC/thetao_20260714.nc' 

=> in get_sat_2D :
Error processing file /scratch/cfontana/DIAGS/LIG_2026-07-10/CMEMS/thetao/ITP_NC/thetao_20260714.nc
File not found
739811 27.476359154553805 nan 27.867685 1
[Errno 2] No such file or directory: '/scratch/cfontana/DIAGS/LIG_2026-07-10/CMEMS/thetao/ITP_NC/thetao_20260715.nc' 

=> in get_sat_2D :
Error processing file /scratch/cfontana/DIAGS/LIG_2026-07-10/CMEMS/thetao/ITP_NC/thetao_20260715.nc
File not found
No space left on the device (637972480 Mo free) — exiting
[SAVED FIG] /scratch/cfontana/DIAGS/LIG_2026-07-10/CMEMS/thetao/ITP_NC/PLOT/2026071000_thetao.jpg
[SAVED FIG] /scratch/cfontana/DIAGS/LIG_2026-07-10/CMEMS/thetao/ITP_NC/PLOT/2026071100_thetao.jpg
[SAVED FIG] /scratch/cfontana/DIAGS/LIG_2026-07-10/CMEMS/thetao/ITP_NC/PLOT/2026071200_thetao.jpg
[SAVED FIG] /scratch/cfontana/DIAGS/LIG_2026-07-10/CMEMS/thetao/ITP_NC/PLOT/2026071300_thetao.jpg
[SAVED FIG] /scratch/cfontana/DIAGS/LIG_2026-07-10/CMEMS/thetao/ITP_NC/PLOT/2026071400_thetao.jpg
+ python plot_sat_CMEMS_timeseries.py -c LIG_2026-07-10 -v thetao -s CMEMS
----------------------------------
=> Config file LIG_2026-07-10 loaded
----------------------------------

[SAVED FIG] /scratch/cfontana/DIAGS/LIG_2026-07-10/CMEMS/thetao/ITP_NC/time_series.jpg
+ rm -f '/scratch/cfontana/DIAGS/LIG_2026-07-10/CMEMS/thetao/ITP_NC/PLOT/*.pkl'
+ [ 1 -eq 1 ]
+ rm -f /scratch/cfontana/DIAGS/LIG_2026-07-10/CMEMS/thetao/ITP_NC/thetao_20260710.nc /scratch/cfontana/DIAGS/LIG_2026-07-10/CMEMS/thetao/ITP_NC/thetao_20260711.nc
+ date
Sat Jul 11 18:00:35 CEST 2026
+ cd ..
+ [ 1 -eq 1 ]
+ cd datasets/HFRADAR
+ python read_radar.py -c LIG_2026-07-10
----------------------------------
=> Config file LIG_2026-07-10 loaded
----------------------------------


----------
20260710 0
[Errno 2] No such file or directory: '/scratch/cfontana/RADAR//2026-07-10/EUHFR_NRTcurrent_HFR-TirLig-Total_v3.nc'
[Errno 2] No such file or directory: '/scratch/cfontana/RADAR//2026-07-10/EUHFR_NRTcurrent_HFR-ARPAS-Total_v3.nc'
[Errno 2] No such file or directory: '/scratch/cfontana/RADAR//2026-07-10/EUHFR_NRTcurrent_HFR-LaMMA-Total_v3.nc'
[Errno 2] No such file or directory: '/scratch/cfontana/RADAR//2026-07-10/EUHFR_NRTcurrent_HFR-GoS-Total_v3.nc'
[Errno 2] No such file or directory: '/scratch/cfontana/RADAR//2026-07-10/EUHFR_NRTcurrent_HFR-WesternItaly-Total_v3.nc'
[Errno 2] No such file or directory: '/scratch/cfontana/RADAR//2026-07-10/EUHFR_NRTcurrent_HFR-Granitola-Total_v3.nc'
[Errno 2] No such file or directory: '/scratch/cfontana/RADAR//2026-07-10/EUHFR_NRTcurrent_HFR-NAdr-Total_v3.nc'
[Errno 2] No such file or directory: '/scratch/cfontana/RADAR//2026-07-10/EUHFR_NRTcurrent_HFR-GoM-Total_v3.nc'
[SAVED FIG] /scratch/cfontana/DIAGS/LIG_2026-07-10/RADAR/20260710_00.jpg

----------
20260711 0
[Errno 2] No such file or directory: '/scratch/cfontana/RADAR//2026-07-10/EUHFR_NRTcurrent_HFR-TirLig-Total_v3.nc'
[Errno 2] No such file or directory: '/scratch/cfontana/RADAR//2026-07-10/EUHFR_NRTcurrent_HFR-ARPAS-Total_v3.nc'
[Errno 2] No such file or directory: '/scratch/cfontana/RADAR//2026-07-10/EUHFR_NRTcurrent_HFR-LaMMA-Total_v3.nc'
[Errno 2] No such file or directory: '/scratch/cfontana/RADAR//2026-07-10/EUHFR_NRTcurrent_HFR-GoS-Total_v3.nc'
[Errno 2] No such file or directory: '/scratch/cfontana/RADAR//2026-07-10/EUHFR_NRTcurrent_HFR-WesternItaly-Total_v3.nc'
[Errno 2] No such file or directory: '/scratch/cfontana/RADAR//2026-07-10/EUHFR_NRTcurrent_HFR-Granitola-Total_v3.nc'
[Errno 2] No such file or directory: '/scratch/cfontana/RADAR//2026-07-10/EUHFR_NRTcurrent_HFR-NAdr-Total_v3.nc'
[Errno 2] No such file or directory: '/scratch/cfontana/RADAR//2026-07-10/EUHFR_NRTcurrent_HFR-GoM-Total_v3.nc'
[SAVED FIG] /scratch/cfontana/DIAGS/LIG_2026-07-10/RADAR/20260711_00.jpg

----------
20260712 0
[Errno 2] No such file or directory: '/scratch/cfontana/RADAR//2026-07-10/EUHFR_NRTcurrent_HFR-TirLig-Total_v3.nc'
[Errno 2] No such file or directory: '/scratch/cfontana/RADAR//2026-07-10/EUHFR_NRTcurrent_HFR-ARPAS-Total_v3.nc'
[Errno 2] No such file or directory: '/scratch/cfontana/RADAR//2026-07-10/EUHFR_NRTcurrent_HFR-LaMMA-Total_v3.nc'
[Errno 2] No such file or directory: '/scratch/cfontana/RADAR//2026-07-10/EUHFR_NRTcurrent_HFR-GoS-Total_v3.nc'
[Errno 2] No such file or directory: '/scratch/cfontana/RADAR//2026-07-10/EUHFR_NRTcurrent_HFR-WesternItaly-Total_v3.nc'
[Errno 2] No such file or directory: '/scratch/cfontana/RADAR//2026-07-10/EUHFR_NRTcurrent_HFR-Granitola-Total_v3.nc'
[Errno 2] No such file or directory: '/scratch/cfontana/RADAR//2026-07-10/EUHFR_NRTcurrent_HFR-NAdr-Total_v3.nc'
[Errno 2] No such file or directory: '/scratch/cfontana/RADAR//2026-07-10/EUHFR_NRTcurrent_HFR-GoM-Total_v3.nc'
[SAVED FIG] /scratch/cfontana/DIAGS/LIG_2026-07-10/RADAR/20260712_00.jpg

----------
20260713 0
[Errno 2] No such file or directory: '/scratch/cfontana/RADAR//2026-07-10/EUHFR_NRTcurrent_HFR-TirLig-Total_v3.nc'
[Errno 2] No such file or directory: '/scratch/cfontana/RADAR//2026-07-10/EUHFR_NRTcurrent_HFR-ARPAS-Total_v3.nc'
[Errno 2] No such file or directory: '/scratch/cfontana/RADAR//2026-07-10/EUHFR_NRTcurrent_HFR-LaMMA-Total_v3.nc'
[Errno 2] No such file or directory: '/scratch/cfontana/RADAR//2026-07-10/EUHFR_NRTcurrent_HFR-GoS-Total_v3.nc'
[Errno 2] No such file or directory: '/scratch/cfontana/RADAR//2026-07-10/EUHFR_NRTcurrent_HFR-WesternItaly-Total_v3.nc'
[Errno 2] No such file or directory: '/scratch/cfontana/RADAR//2026-07-10/EUHFR_NRTcurrent_HFR-Granitola-Total_v3.nc'
[Errno 2] No such file or directory: '/scratch/cfontana/RADAR//2026-07-10/EUHFR_NRTcurrent_HFR-NAdr-Total_v3.nc'
[Errno 2] No such file or directory: '/scratch/cfontana/RADAR//2026-07-10/EUHFR_NRTcurrent_HFR-GoM-Total_v3.nc'
[SAVED FIG] /scratch/cfontana/DIAGS/LIG_2026-07-10/RADAR/20260713_00.jpg

----------
20260714 0
[Errno 2] No such file or directory: '/scratch/cfontana/RADAR//2026-07-10/EUHFR_NRTcurrent_HFR-TirLig-Total_v3.nc'
[Errno 2] No such file or directory: '/scratch/cfontana/RADAR//2026-07-10/EUHFR_NRTcurrent_HFR-ARPAS-Total_v3.nc'
[Errno 2] No such file or directory: '/scratch/cfontana/RADAR//2026-07-10/EUHFR_NRTcurrent_HFR-LaMMA-Total_v3.nc'
[Errno 2] No such file or directory: '/scratch/cfontana/RADAR//2026-07-10/EUHFR_NRTcurrent_HFR-GoS-Total_v3.nc'
[Errno 2] No such file or directory: '/scratch/cfontana/RADAR//2026-07-10/EUHFR_NRTcurrent_HFR-WesternItaly-Total_v3.nc'
[Errno 2] No such file or directory: '/scratch/cfontana/RADAR//2026-07-10/EUHFR_NRTcurrent_HFR-Granitola-Total_v3.nc'
[Errno 2] No such file or directory: '/scratch/cfontana/RADAR//2026-07-10/EUHFR_NRTcurrent_HFR-NAdr-Total_v3.nc'
[Errno 2] No such file or directory: '/scratch/cfontana/RADAR//2026-07-10/EUHFR_NRTcurrent_HFR-GoM-Total_v3.nc'
[SAVED FIG] /scratch/cfontana/DIAGS/LIG_2026-07-10/RADAR/20260714_00.jpg

----------
20260715 0
[Errno 2] No such file or directory: '/scratch/cfontana/RADAR//2026-07-10/EUHFR_NRTcurrent_HFR-TirLig-Total_v3.nc'
[Errno 2] No such file or directory: '/scratch/cfontana/RADAR//2026-07-10/EUHFR_NRTcurrent_HFR-ARPAS-Total_v3.nc'
[Errno 2] No such file or directory: '/scratch/cfontana/RADAR//2026-07-10/EUHFR_NRTcurrent_HFR-LaMMA-Total_v3.nc'
[Errno 2] No such file or directory: '/scratch/cfontana/RADAR//2026-07-10/EUHFR_NRTcurrent_HFR-GoS-Total_v3.nc'
[Errno 2] No such file or directory: '/scratch/cfontana/RADAR//2026-07-10/EUHFR_NRTcurrent_HFR-WesternItaly-Total_v3.nc'
[Errno 2] No such file or directory: '/scratch/cfontana/RADAR//2026-07-10/EUHFR_NRTcurrent_HFR-Granitola-Total_v3.nc'
[Errno 2] No such file or directory: '/scratch/cfontana/RADAR//2026-07-10/EUHFR_NRTcurrent_HFR-NAdr-Total_v3.nc'
[Errno 2] No such file or directory: '/scratch/cfontana/RADAR//2026-07-10/EUHFR_NRTcurrent_HFR-GoM-Total_v3.nc'
[SAVED FIG] /scratch/cfontana/DIAGS/LIG_2026-07-10/RADAR/20260715_00.jpg
+ date
Sat Jul 11 18:14:43 CEST 2026
+ cd ../..
+ sed -e s/DOUT/20260710/
+ cat config/config_LIG.json
+ sed -e s/DINI/2026-07-10/g
+ sed -e s/FREQ/daily/
+ 1> config/config_LIG_2026-07-10.json
+ sed -e s/DEND/2026-07-15/
+ [ 1 -eq 1 ]
+ cd datasets/CMEMS
+ python get_data_sat.py -c LIG_2026-07-10 -v chl
INFO - 2026-07-11T16:14:46Z - Selected dataset version: "202211"
INFO - 2026-07-11T16:14:46Z - Selected dataset part: "default"
WARNING - 2026-07-11T16:14:46Z - Some of your subset selection [2026-07-10 00:00:00+00:00, 2026-07-15 00:00:00+00:00] for the time dimension exceed the dataset coordinates [2026-07-03 00:00:00+00:00, 2026-07-10 00:00:00+00:00]
----------------------------------
=> Config file LIG_2026-07-10 loaded
----------------------------------

Downloading CMEMS products : cmems_obs-oc_med_bgc-plankton_nrt_l3-multi-1km_P1D
=> Variable ['CHL', 'KD490'] 

------------------------------
DATE =>>> 2026-07-10 2026-07-15
------------------------------

[FILE SAVED ] /scratch/cfontana/DIAGS/LIG_2026-07-10/CMEMS/data/cmems_obs-oc_med_bgc-plankton_nrt_l3-multi-1km_P1D.nc
+ python interp_cmems.py -c LIG_2026-07-10 -v chl
----------------------------------
=> Config file LIG_2026-07-10 loaded
----------------------------------


[FILE SAVED] /scratch/cfontana/DIAGS/LIG_2026-07-10/CMEMS/chl/ITP_NC/chl_20260710.nc

+ [ 2 -eq 2 ]
+ error=1
+ cd ../../plot
+ python plot_CMEMS_pickle_data_vs_sat.py -c LIG_2026-07-10 -v chl -s CMEMS
----------------------------------
=> Config file LIG_2026-07-10 loaded
----------------------------------

Processing
739807 0.07481207059581235 0.0507205 0.034817226 0.827512079867533
[Errno 2] No such file or directory: '/scratch/cfontana/DIAGS/LIG_2026-07-10/CMEMS/chl/ITP_NC/chl_20260711.nc' 

=> in get_sat_2D :
Error processing file /scratch/cfontana/DIAGS/LIG_2026-07-10/CMEMS/chl/ITP_NC/chl_20260711.nc
File not found
739808 0.08804134441534435 nan 0.034428097 1
[Errno 2] No such file or directory: '/scratch/cfontana/DIAGS/LIG_2026-07-10/CMEMS/chl/ITP_NC/chl_20260712.nc' 

=> in get_sat_2D :
Error processing file /scratch/cfontana/DIAGS/LIG_2026-07-10/CMEMS/chl/ITP_NC/chl_20260712.nc
File not found
739809 0.09215105857624024 nan 0.033805124 1
[Errno 2] No such file or directory: '/scratch/cfontana/DIAGS/LIG_2026-07-10/CMEMS/chl/ITP_NC/chl_20260713.nc' 

=> in get_sat_2D :
Error processing file /scratch/cfontana/DIAGS/LIG_2026-07-10/CMEMS/chl/ITP_NC/chl_20260713.nc
File not found
739810 0.09442726206151958 nan 0.033281278 1
[Errno 2] No such file or directory: '/scratch/cfontana/DIAGS/LIG_2026-07-10/CMEMS/chl/ITP_NC/chl_20260714.nc' 

=> in get_sat_2D :
Error processing file /scratch/cfontana/DIAGS/LIG_2026-07-10/CMEMS/chl/ITP_NC/chl_20260714.nc
File not found
739811 0.0928532196846726 nan 0.032761402 1
[Errno 2] No such file or directory: '/scratch/cfontana/DIAGS/LIG_2026-07-10/CMEMS/chl/ITP_NC/chl_20260715.nc' 

=> in get_sat_2D :
Error processing file /scratch/cfontana/DIAGS/LIG_2026-07-10/CMEMS/chl/ITP_NC/chl_20260715.nc
File not found
739812 0.09194779467861122 nan 0.03228508 1
[SAVED FIG] /scratch/cfontana/DIAGS/LIG_2026-07-10/CMEMS/chl/ITP_NC/PLOT/2026071012_chl.jpg
[SAVED FIG] /scratch/cfontana/DIAGS/LIG_2026-07-10/CMEMS/chl/ITP_NC/PLOT/2026071112_chl.jpg
[SAVED FIG] /scratch/cfontana/DIAGS/LIG_2026-07-10/CMEMS/chl/ITP_NC/PLOT/2026071212_chl.jpg
[SAVED FIG] /scratch/cfontana/DIAGS/LIG_2026-07-10/CMEMS/chl/ITP_NC/PLOT/2026071312_chl.jpg
[SAVED FIG] /scratch/cfontana/DIAGS/LIG_2026-07-10/CMEMS/chl/ITP_NC/PLOT/2026071412_chl.jpg
[SAVED FIG] /scratch/cfontana/DIAGS/LIG_2026-07-10/CMEMS/chl/ITP_NC/PLOT/2026071512_chl.jpg
+ python plot_sat_CMEMS_timeseries.py -c LIG_2026-07-10 -v chl -s CMEMS
----------------------------------
=> Config file LIG_2026-07-10 loaded
----------------------------------

[SAVED FIG] /scratch/cfontana/DIAGS/LIG_2026-07-10/CMEMS/chl/ITP_NC/time_series.jpg
+ rm -f '/scratch/cfontana/DIAGS/LIG_2026-07-10/CMEMS/chl/ITP_NC/PLOT/*.pkl'
+ [ 1 -eq 1 ]
+ rm -f /scratch/cfontana/DIAGS/LIG_2026-07-10/CMEMS/chl/ITP_NC/chl_20260710.nc
+ date
Sat Jul 11 18:19:55 CEST 2026
+ cd ..
+ [ 1 -eq 0 ]
+ [ 1 -eq 1 ]
+ rm -f /scratch/cfontana/DIAGS/LIG_2026-07-10/CMEMS/data/SST_MED_SST_L3S_NRT_OBSERVATIONS_010_012_b.nc /scratch/cfontana/DIAGS/LIG_2026-07-10/CMEMS/data/cmems_obs-oc_med_bgc-plankton_nrt_l3-multi-1km_P1D.nc
+ [ 1 -eq 1 ]
+ source /home/cfontana/venv/a/bin/activate
+ 1> /dev/null
+ deactivate nondestructive
+ [ -n /home/cfontana/venv/c/bin:/usr/local/sbin:/usr/local/bin:/usr/sbin:/usr/bin:/sbin:/bin:/usr/games:/usr/local/games:/snap/bin ]
+ PATH=/home/cfontana/venv/c/bin:/usr/local/sbin:/usr/local/bin:/usr/sbin:/usr/bin:/sbin:/bin:/usr/games:/usr/local/games:/snap/bin
+ export PATH
+ unset _OLD_VIRTUAL_PATH
+ [ -n '' ]
+ hash -r
+ 2> /dev/null
+ [ -n '(c) \[\e]0;\u@\h: \w\a\]${debian_chroot:+($debian_chroot)}\[\033[01;32m\]\u@\h\[\033[00m\]:\[\033[01;34m\]\w\[\033[00m\]\$ ' ]
+ PS1='(c) \[\e]0;\u@\h: \w\a\]${debian_chroot:+($debian_chroot)}\[\033[01;32m\]\u@\h\[\033[00m\]:\[\033[01;34m\]\w\[\033[00m\]\$ '
+ export PS1
+ unset _OLD_VIRTUAL_PS1
+ unset VIRTUAL_ENV
+ unset VIRTUAL_ENV_PROMPT
+ [ ! nondestructive '=' nondestructive ]
+ [ '' '=' cygwin ]
+ [ '' '=' msys ]
+ VIRTUAL_ENV=/home/cfontana/venv/a
+ export VIRTUAL_ENV
+ _OLD_VIRTUAL_PATH=/home/cfontana/venv/c/bin:/usr/local/sbin:/usr/local/bin:/usr/sbin:/usr/bin:/sbin:/bin:/usr/games:/usr/local/games:/snap/bin
+ PATH=/home/cfontana/venv/a/bin:/home/cfontana/venv/c/bin:/usr/local/sbin:/usr/local/bin:/usr/sbin:/usr/bin:/sbin:/bin:/usr/games:/usr/local/games:/snap/bin
+ export PATH
+ [ -n '' ]
+ [ -z '' ]
+ _OLD_VIRTUAL_PS1='(c) \[\e]0;\u@\h: \w\a\]${debian_chroot:+($debian_chroot)}\[\033[01;32m\]\u@\h\[\033[00m\]:\[\033[01;34m\]\w\[\033[00m\]\$ '
+ PS1='(a) (c) \[\e]0;\u@\h: \w\a\]${debian_chroot:+($debian_chroot)}\[\033[01;32m\]\u@\h\[\033[00m\]:\[\033[01;34m\]\w\[\033[00m\]\$ '
+ export PS1
+ VIRTUAL_ENV_PROMPT='(a) '
+ export VIRTUAL_ENV_PROMPT
+ hash -r
+ 2> /dev/null
+ sed -i s/daily/hourly/ config/config_LIG_2026-07-10.json
+ cd datasets/ARGO
+ python get_argo.py -c LIG_2026-07-10
----------------------------------
=> Config file LIG_2026-07-10 loaded
----------------------------------

[np.float64(7.315104667488157), np.float64(12.518229667488157), np.float64(41.585938417607466), np.float64(44.4973967509408), 0, 500, '2026-07-10', '2026-07-15']
[SAVED] /scratch/cfontana/DIAGS/LIG_2026-07-10/ARGO/argo.nc
+ [ 0 -eq 0 ]
+ echo 'ARGO FOUND'
ARGO FOUND
+ python compare_argo.py -c LIG_2026-07-10
/home/cfontana/DATA_MED/datasets/ARGO/compare_argo.py:186: SyntaxWarning: invalid escape sequence '\ '
  print('/!\ NaN detected in depth data\n')
----------------------------------
=> Config file LIG_2026-07-10 loaded
----------------------------------

2 profiles found

Processing

Float 5907147 cycle 336
-----
Interpolation done for [ 301 ] data in 3.59 secInterpolation done for [ 301 ] data in 1.39 sec[SAVED FIG] /scratch/cfontana/DIAGS/LIG_2026-07-10/ARGO/5907147/profile_336.jpg

Float 5907147 cycle 335
-----
Interpolation done for [ 302 ] data in 2.14 secInterpolation done for [ 302 ] data in 2.02 sec[SAVED FIG] /scratch/cfontana/DIAGS/LIG_2026-07-10/ARGO/5907147/profile_335.jpg

-------------
Total of 1206 found
-------------

Plot trajectories ...
[SAVED FIG] /scratch/cfontana/DIAGS/LIG_2026-07-10/ARGO/5907147/map.jpg
[SAVED FIG] /scratch/cfontana/DIAGS/LIG_2026-07-10/ARGO/map.jpg
N =  599
[SAVED FIG] /scratch/cfontana/DIAGS/LIG_2026-07-10/ARGO/error_Salinity.jpg
Data for Salinity
[np.float64(0.028487824938489097), np.float64(0.07420967631145904), np.float64(0.06625306955096479)]

N =  599
[SAVED FIG] /scratch/cfontana/DIAGS/LIG_2026-07-10/ARGO/error_Temperature.jpg
Data for Temperature
[np.float64(0.10090635442115531), np.float64(0.3137571076996065), np.float64(0.28155709543846086)]

+ cd ../../
+ sed -i s/phy/bgc/ config/config_LIG_2026-07-10.json
+ cd datasets/ARGO
+ python get_argo.py -c LIG_2026-07-10
----------------------------------
=> Config file LIG_2026-07-10 loaded
----------------------------------

[np.float64(7.315104667488157), np.float64(12.518229667488157), np.float64(41.585938417607466), np.float64(44.4973967509408), 0, 500, '2026-07-10', '2026-07-15']
Traceback (most recent call last):
  File "/home/cfontana/DATA_MED/datasets/ARGO/get_argo.py", line 73, in <module>
    f = f.region(box).load()
        ^^^^^^^^^^^^^^^^^^^^
  File "/home/cfontana/venv/a/lib/python3.12/site-packages/argopy/fetchers.py", line 886, in load
    self._data = self._to_xarray(**kwargs)
                 ^^^^^^^^^^^^^^^^^^^^^^^^^
  File "/home/cfontana/venv/a/lib/python3.12/site-packages/argopy/fetchers.py", line 673, in _to_xarray
    xds = self.fetcher.to_xarray(**kwargs)
          ^^^^^^^^^^^^^^^^^^^^^^^^^^^^^^^^
  File "/home/cfontana/venv/a/lib/python3.12/site-packages/argopy/data_fetchers/erddap_data.py", line 583, in to_xarray
    results = self.fs.open_dataset(URI[0])
              ^^^^^^^^^^^^^^^^^^^^^^^^^^^^
  File "/home/cfontana/venv/a/lib/python3.12/site-packages/argopy/stores/implementations/http.py", line 349, in open_dataset
    target, _ = load_in_memory(
                ^^^^^^^^^^^^^^^
  File "/home/cfontana/venv/a/lib/python3.12/site-packages/argopy/stores/implementations/http.py", line 261, in load_in_memory
    data = self.download_url(url, **dwn_opts)
           ^^^^^^^^^^^^^^^^^^^^^^^^^^^^^^^^^^
  File "/home/cfontana/venv/a/lib/python3.12/site-packages/argopy/stores/implementations/http.py", line 169, in download_url
    data, n = make_request(
              ^^^^^^^^^^^^^
  File "/home/cfontana/venv/a/lib/python3.12/site-packages/argopy/stores/implementations/http.py", line 124, in make_request
    raise e
  File "/home/cfontana/venv/a/lib/python3.12/site-packages/argopy/stores/implementations/http.py", line 121, in make_request
    data = ffs.cat_file(url, **cat_opts)
           ^^^^^^^^^^^^^^^^^^^^^^^^^^^^^
  File "/home/cfontana/venv/a/lib/python3.12/site-packages/fsspec/asyn.py", line 118, in wrapper
    return sync(self.loop, func, *args, **kwargs)
           ^^^^^^^^^^^^^^^^^^^^^^^^^^^^^^^^^^^^^^
  File "/home/cfontana/venv/a/lib/python3.12/site-packages/fsspec/asyn.py", line 103, in sync
    raise return_result
  File "/home/cfontana/venv/a/lib/python3.12/site-packages/fsspec/asyn.py", line 56, in _runner
    result[0] = await coro
                ^^^^^^^^^^
  File "/home/cfontana/venv/a/lib/python3.12/site-packages/fsspec/implementations/http.py", line 247, in _cat_file
    self._raise_not_found_for_status(r, url)
  File "/home/cfontana/venv/a/lib/python3.12/site-packages/fsspec/implementations/http.py", line 229, in _raise_not_found_for_status
    raise FileNotFoundError(url)
FileNotFoundError: https://erddap.ifremer.fr/erddap/tabledap/ArgoFloats-synthetic-BGC.nc?bbp700,bbp700_adjusted,bbp700_adjusted_error,bbp700_adjusted_qc,bbp700_qc,cdom,cdom_adjusted,cdom_adjusted_error,cdom_adjusted_qc,cdom_qc,chla,chla_adjusted,chla_adjusted_error,chla_adjusted_qc,chla_qc,config_mission_number,cycle_number,direction,doxy,doxy_adjusted,doxy_adjusted_error,doxy_adjusted_qc,doxy_qc,latitude,longitude,platform_number,position_qc,pres,pres_adjusted,pres_adjusted_error,pres_adjusted_qc,pres_qc,psal,psal_adjusted,psal_adjusted_error,psal_adjusted_qc,psal_qc,temp,temp_adjusted,temp_adjusted_error,temp_adjusted_qc,temp_qc,time,time_qc&longitude>=7.315104667488157&longitude<=12.518229667488157&latitude>=41.585938417607466&latitude<=44.4973967509408&pres>=0&pres<=500&time>=1783641600.0&time<=1784073600.0&latitude!=NaN&longitude!=NaN&distinct()&orderBy("time,pres")
+ [ 1 -eq 0 ]
+ cd ../../
+ [ 1 -eq 1 ]
+ source /home/cfontana/venv/c/bin/activate
+ 1> /dev/null
+ deactivate nondestructive
+ [ -n /home/cfontana/venv/c/bin:/usr/local/sbin:/usr/local/bin:/usr/sbin:/usr/bin:/sbin:/bin:/usr/games:/usr/local/games:/snap/bin ]
+ PATH=/home/cfontana/venv/c/bin:/usr/local/sbin:/usr/local/bin:/usr/sbin:/usr/bin:/sbin:/bin:/usr/games:/usr/local/games:/snap/bin
+ export PATH
+ unset _OLD_VIRTUAL_PATH
+ [ -n '' ]
+ hash -r
+ 2> /dev/null
+ [ -n '(c) \[\e]0;\u@\h: \w\a\]${debian_chroot:+($debian_chroot)}\[\033[01;32m\]\u@\h\[\033[00m\]:\[\033[01;34m\]\w\[\033[00m\]\$ ' ]
+ PS1='(c) \[\e]0;\u@\h: \w\a\]${debian_chroot:+($debian_chroot)}\[\033[01;32m\]\u@\h\[\033[00m\]:\[\033[01;34m\]\w\[\033[00m\]\$ '
+ export PS1
+ unset _OLD_VIRTUAL_PS1
+ unset VIRTUAL_ENV
+ unset VIRTUAL_ENV_PROMPT
+ [ ! nondestructive '=' nondestructive ]
+ [ '' '=' cygwin ]
+ [ '' '=' msys ]
+ VIRTUAL_ENV=/home/cfontana/venv/c
+ export VIRTUAL_ENV
+ _OLD_VIRTUAL_PATH=/home/cfontana/venv/c/bin:/usr/local/sbin:/usr/local/bin:/usr/sbin:/usr/bin:/sbin:/bin:/usr/games:/usr/local/games:/snap/bin
+ PATH=/home/cfontana/venv/c/bin:/home/cfontana/venv/c/bin:/usr/local/sbin:/usr/local/bin:/usr/sbin:/usr/bin:/sbin:/bin:/usr/games:/usr/local/games:/snap/bin
+ export PATH
+ [ -n '' ]
+ [ -z '' ]
+ _OLD_VIRTUAL_PS1='(c) \[\e]0;\u@\h: \w\a\]${debian_chroot:+($debian_chroot)}\[\033[01;32m\]\u@\h\[\033[00m\]:\[\033[01;34m\]\w\[\033[00m\]\$ '
+ PS1='(c) (c) \[\e]0;\u@\h: \w\a\]${debian_chroot:+($debian_chroot)}\[\033[01;32m\]\u@\h\[\033[00m\]:\[\033[01;34m\]\w\[\033[00m\]\$ '
+ export PS1
+ VIRTUAL_ENV_PROMPT='(c) '
+ export VIRTUAL_ENV_PROMPT
+ hash -r
+ 2> /dev/null
+ static=/scratch/cfontana/DIAGS/LIG_2026-07-10/static_LIG_2026-07-10
+ mkdir /scratch/cfontana/DIAGS/LIG_2026-07-10/static_LIG_2026-07-10
+ dir=/scratch/cfontana/DIAGS/LIG_2026-07-10/CMEMS/thetao/ITP_NC
+ i=1
+ ls /scratch/cfontana/DIAGS/LIG_2026-07-10/CMEMS/thetao/ITP_NC/PLOT/
+ cp /scratch/cfontana/DIAGS/LIG_2026-07-10/CMEMS/thetao/ITP_NC/PLOT/2026071000_thetao.jpg /scratch/cfontana/DIAGS/LIG_2026-07-10/static_LIG_2026-07-10/thetao_1.jpg
+ let i=1+1
+ cp /scratch/cfontana/DIAGS/LIG_2026-07-10/CMEMS/thetao/ITP_NC/PLOT/2026071100_thetao.jpg /scratch/cfontana/DIAGS/LIG_2026-07-10/static_LIG_2026-07-10/thetao_2.jpg
+ let i=2+1
+ cp /scratch/cfontana/DIAGS/LIG_2026-07-10/CMEMS/thetao/ITP_NC/PLOT/2026071200_thetao.jpg /scratch/cfontana/DIAGS/LIG_2026-07-10/static_LIG_2026-07-10/thetao_3.jpg
+ let i=3+1
+ cp /scratch/cfontana/DIAGS/LIG_2026-07-10/CMEMS/thetao/ITP_NC/PLOT/2026071300_thetao.jpg /scratch/cfontana/DIAGS/LIG_2026-07-10/static_LIG_2026-07-10/thetao_4.jpg
+ let i=4+1
+ cp /scratch/cfontana/DIAGS/LIG_2026-07-10/CMEMS/thetao/ITP_NC/PLOT/2026071400_thetao.jpg /scratch/cfontana/DIAGS/LIG_2026-07-10/static_LIG_2026-07-10/thetao_5.jpg
+ let i=5+1
+ cp /scratch/cfontana/DIAGS/LIG_2026-07-10/CMEMS/thetao/ITP_NC/time_series.jpg /scratch/cfontana/DIAGS/LIG_2026-07-10/static_LIG_2026-07-10/time_series_thetao.jpg
+ dir=/scratch/cfontana/DIAGS/LIG_2026-07-10/CMEMS/chl/ITP_NC
+ i=1
+ ls /scratch/cfontana/DIAGS/LIG_2026-07-10/CMEMS/chl/ITP_NC/PLOT/
+ cp /scratch/cfontana/DIAGS/LIG_2026-07-10/CMEMS/chl/ITP_NC/PLOT/2026071012_chl.jpg /scratch/cfontana/DIAGS/LIG_2026-07-10/static_LIG_2026-07-10/chl_1.jpg
+ let i=1+1
+ cp /scratch/cfontana/DIAGS/LIG_2026-07-10/CMEMS/chl/ITP_NC/PLOT/2026071112_chl.jpg /scratch/cfontana/DIAGS/LIG_2026-07-10/static_LIG_2026-07-10/chl_2.jpg
+ let i=2+1
+ cp /scratch/cfontana/DIAGS/LIG_2026-07-10/CMEMS/chl/ITP_NC/PLOT/2026071212_chl.jpg /scratch/cfontana/DIAGS/LIG_2026-07-10/static_LIG_2026-07-10/chl_3.jpg
+ let i=3+1
+ cp /scratch/cfontana/DIAGS/LIG_2026-07-10/CMEMS/chl/ITP_NC/PLOT/2026071312_chl.jpg /scratch/cfontana/DIAGS/LIG_2026-07-10/static_LIG_2026-07-10/chl_4.jpg
+ let i=4+1
+ cp /scratch/cfontana/DIAGS/LIG_2026-07-10/CMEMS/chl/ITP_NC/PLOT/2026071412_chl.jpg /scratch/cfontana/DIAGS/LIG_2026-07-10/static_LIG_2026-07-10/chl_5.jpg
+ let i=5+1
+ cp /scratch/cfontana/DIAGS/LIG_2026-07-10/CMEMS/chl/ITP_NC/PLOT/2026071512_chl.jpg /scratch/cfontana/DIAGS/LIG_2026-07-10/static_LIG_2026-07-10/chl_6.jpg
+ let i=6+1
+ cp /scratch/cfontana/DIAGS/LIG_2026-07-10/CMEMS/chl/ITP_NC/time_series.jpg /scratch/cfontana/DIAGS/LIG_2026-07-10/static_LIG_2026-07-10/time_series_chl.jpg
+ dir=/scratch/cfontana/DIAGS/LIG_2026-07-10/RADAR/
+ i=1
+ ls /scratch/cfontana/DIAGS/LIG_2026-07-10/RADAR//20260710_00.jpg /scratch/cfontana/DIAGS/LIG_2026-07-10/RADAR//20260711_00.jpg /scratch/cfontana/DIAGS/LIG_2026-07-10/RADAR//20260712_00.jpg /scratch/cfontana/DIAGS/LIG_2026-07-10/RADAR//20260713_00.jpg /scratch/cfontana/DIAGS/LIG_2026-07-10/RADAR//20260714_00.jpg /scratch/cfontana/DIAGS/LIG_2026-07-10/RADAR//20260715_00.jpg
+ cp /scratch/cfontana/DIAGS/LIG_2026-07-10/RADAR//20260710_00.jpg /scratch/cfontana/DIAGS/LIG_2026-07-10/static_LIG_2026-07-10/radar_1.jpg
+ let i=1+1
+ cp /scratch/cfontana/DIAGS/LIG_2026-07-10/RADAR//20260711_00.jpg /scratch/cfontana/DIAGS/LIG_2026-07-10/static_LIG_2026-07-10/radar_2.jpg
+ let i=2+1
+ cp /scratch/cfontana/DIAGS/LIG_2026-07-10/RADAR//20260712_00.jpg /scratch/cfontana/DIAGS/LIG_2026-07-10/static_LIG_2026-07-10/radar_3.jpg
+ let i=3+1
+ cp /scratch/cfontana/DIAGS/LIG_2026-07-10/RADAR//20260713_00.jpg /scratch/cfontana/DIAGS/LIG_2026-07-10/static_LIG_2026-07-10/radar_4.jpg
+ let i=4+1
+ cp /scratch/cfontana/DIAGS/LIG_2026-07-10/RADAR//20260714_00.jpg /scratch/cfontana/DIAGS/LIG_2026-07-10/static_LIG_2026-07-10/radar_5.jpg
+ let i=5+1
+ cp /scratch/cfontana/DIAGS/LIG_2026-07-10/RADAR//20260715_00.jpg /scratch/cfontana/DIAGS/LIG_2026-07-10/static_LIG_2026-07-10/radar_6.jpg
+ let i=6+1
+ dir=/scratch/cfontana/DIAGS/LIG_2026-07-10/ARGO/
+ ls -d '/scratch/cfontana/DIAGS/LIG_2026-07-10/ARGO//bio*/'
ls: cannot access '/scratch/cfontana/DIAGS/LIG_2026-07-10/ARGO//bio*/': No such file or directory
+ i=1
+ 1> /scratch/cfontana/DIAGS/LIG_2026-07-10/static_LIG_2026-07-10/list.txt
+ ls -d /scratch/cfontana/DIAGS/LIG_2026-07-10/ARGO//5907147/
+ ls /scratch/cfontana/DIAGS/LIG_2026-07-10/ARGO//5907147//profile_335.jpg /scratch/cfontana/DIAGS/LIG_2026-07-10/ARGO//5907147//profile_336.jpg
+ cp /scratch/cfontana/DIAGS/LIG_2026-07-10/ARGO//5907147//profile_335.jpg /scratch/cfontana/DIAGS/LIG_2026-07-10/static_LIG_2026-07-10/argo_1.jpg
+ echo argo_1.jpg
+ let i=1+1
+ cp /scratch/cfontana/DIAGS/LIG_2026-07-10/ARGO//5907147//profile_336.jpg /scratch/cfontana/DIAGS/LIG_2026-07-10/static_LIG_2026-07-10/argo_2.jpg
+ echo argo_2.jpg
+ let i=2+1
+ cp /scratch/cfontana/DIAGS/LIG_2026-07-10/ARGO//map.jpg /scratch/cfontana/DIAGS/LIG_2026-07-10/static_LIG_2026-07-10
+ scp -r /scratch/cfontana/DIAGS/LIG_2026-07-10/static_LIG_2026-07-10 yulpa175555@webhost03.yulpa.io:/datas/yulpa175555/sites/merval.eg2.fr/htdocs/DIAGS
+ echo 'PROCESSING NAP'
PROCESSING NAP
+ echo '_______________ '
_______________ 
+ date
Sat Jul 11 18:20:29 CEST 2026
+ config=NAP_2026-07-10
+ echo NAP
+ awk '{print tolower($0)}'
+ lower=nap
+ set -x
+ cat config/config_NAP.json
+ sed -e s/DINI/2026-07-10/g
+ sed -e s/FREQ/hourly/
+ sed -e s/DOUT/20260710/
+ 1> config/config_NAP_2026-07-10.json
+ sed -e s/DEND/2026-07-15/
+ cp config/cmems_DOMAIN.dat config/cmems_NAP_2026-07-10.dat
+ cp config/variables_mit_DOMAIN.dat config/variables_mit_NAP_2026-07-10.dat
+ jq -r .diagdir config/config_NAP_2026-07-10.json
+ diagdir=/scratch/cfontana/DIAGS/NAP_2026-07-10
+ jq -r .radardir config/config_NAP_2026-07-10.json
+ radardir=/scratch/cfontana/RADAR/
+ [ 0 -eq 0 -a 0 -eq 1 ]
+ [ 1 -eq 1 ]
+ cd datasets/CMEMS
+ python get_data_sat.py -c NAP_2026-07-10 -v thetao
INFO - 2026-07-11T16:20:32Z - Selected dataset version: "202311"
INFO - 2026-07-11T16:20:32Z - Selected dataset part: "default"
WARNING - 2026-07-11T16:20:32Z - Some of your subset selection [2026-07-10 00:00:00+00:00, 2026-07-15 00:00:00+00:00] for the time dimension exceed the dataset coordinates [2008-01-01 00:00:00+00:00, 2026-07-11 00:00:00+00:00]
----------------------------------
=> Config file NAP_2026-07-10 loaded
----------------------------------

Downloading CMEMS products : SST_MED_SST_L3S_NRT_OBSERVATIONS_010_012_b
=> Variable [np.str_('adjusted_sea_surface_temperature')] 

------------------------------
DATE =>>> 2026-07-10 2026-07-15
------------------------------

[FILE SAVED ] /scratch/cfontana/DIAGS/NAP_2026-07-10/CMEMS/data/SST_MED_SST_L3S_NRT_OBSERVATIONS_010_012_b.nc
+ python interp_cmems.py -c NAP_2026-07-10 -v thetao
----------------------------------
=> Config file NAP_2026-07-10 loaded
----------------------------------


[FILE SAVED] /scratch/cfontana/DIAGS/NAP_2026-07-10/CMEMS/thetao/ITP_NC/thetao_20260710.nc


[FILE SAVED] /scratch/cfontana/DIAGS/NAP_2026-07-10/CMEMS/thetao/ITP_NC/thetao_20260711.nc

+ [ 2 -eq 2 ]
+ error=1
+ cd ../../plot
+ python plot_CMEMS_pickle_data_vs_sat.py -c NAP_2026-07-10 -v thetao -s CMEMS
----------------------------------
=> Config file NAP_2026-07-10 loaded
----------------------------------

Processing
739807 27.225614236464953 27.569628 28.264232749371008 0.8702712730282404
739808 27.521486994685297 27.831797 28.171678608829474 0.8802317450804116
[Errno 2] No such file or directory: '/scratch/cfontana/DIAGS/NAP_2026-07-10/CMEMS/thetao/ITP_NC/thetao_20260712.nc' 

=> in get_sat_2D :
Error processing file /scratch/cfontana/DIAGS/NAP_2026-07-10/CMEMS/thetao/ITP_NC/thetao_20260712.nc
File not found
739809 27.753493354541874 nan 28.079097102288817 1
[Errno 2] No such file or directory: '/scratch/cfontana/DIAGS/NAP_2026-07-10/CMEMS/thetao/ITP_NC/thetao_20260713.nc' 

=> in get_sat_2D :
Error processing file /scratch/cfontana/DIAGS/NAP_2026-07-10/CMEMS/thetao/ITP_NC/thetao_20260713.nc
File not found
739810 27.679977573470115 nan 28.058427246821104 1
[Errno 2] No such file or directory: '/scratch/cfontana/DIAGS/NAP_2026-07-10/CMEMS/thetao/ITP_NC/thetao_20260714.nc' 

=> in get_sat_2D :
Error processing file /scratch/cfontana/DIAGS/NAP_2026-07-10/CMEMS/thetao/ITP_NC/thetao_20260714.nc
File not found
739811 27.405723525706886 nan 28.082709614352584 1
[Errno 2] No such file or directory: '/scratch/cfontana/DIAGS/NAP_2026-07-10/CMEMS/thetao/ITP_NC/thetao_20260715.nc' 

=> in get_sat_2D :
Error processing file /scratch/cfontana/DIAGS/NAP_2026-07-10/CMEMS/thetao/ITP_NC/thetao_20260715.nc
File not found
739812 27.53683618597302 nan 28.266363038342842 1
[SAVED FIG] /scratch/cfontana/DIAGS/NAP_2026-07-10/CMEMS/thetao/ITP_NC/PLOT/2026071000_thetao.jpg
[SAVED FIG] /scratch/cfontana/DIAGS/NAP_2026-07-10/CMEMS/thetao/ITP_NC/PLOT/2026071100_thetao.jpg
[SAVED FIG] /scratch/cfontana/DIAGS/NAP_2026-07-10/CMEMS/thetao/ITP_NC/PLOT/2026071200_thetao.jpg
[SAVED FIG] /scratch/cfontana/DIAGS/NAP_2026-07-10/CMEMS/thetao/ITP_NC/PLOT/2026071300_thetao.jpg
[SAVED FIG] /scratch/cfontana/DIAGS/NAP_2026-07-10/CMEMS/thetao/ITP_NC/PLOT/2026071400_thetao.jpg
[SAVED FIG] /scratch/cfontana/DIAGS/NAP_2026-07-10/CMEMS/thetao/ITP_NC/PLOT/2026071500_thetao.jpg
+ python plot_sat_CMEMS_timeseries.py -c NAP_2026-07-10 -v thetao -s CMEMS
----------------------------------
=> Config file NAP_2026-07-10 loaded
----------------------------------

[SAVED FIG] /scratch/cfontana/DIAGS/NAP_2026-07-10/CMEMS/thetao/ITP_NC/time_series.jpg
+ rm -f '/scratch/cfontana/DIAGS/NAP_2026-07-10/CMEMS/thetao/ITP_NC/PLOT/*.pkl'
+ [ 1 -eq 1 ]
+ rm -f /scratch/cfontana/DIAGS/NAP_2026-07-10/CMEMS/thetao/ITP_NC/thetao_20260710.nc /scratch/cfontana/DIAGS/NAP_2026-07-10/CMEMS/thetao/ITP_NC/thetao_20260711.nc
+ date
Sat Jul 11 18:27:14 CEST 2026
+ cd ..
+ [ 1 -eq 1 ]
+ cd datasets/HFRADAR
+ python read_radar.py -c NAP_2026-07-10
----------------------------------
=> Config file NAP_2026-07-10 loaded
----------------------------------


----------
20260710 0
[Errno 2] No such file or directory: '/scratch/cfontana/RADAR//2026-07-10/EUHFR_NRTcurrent_HFR-TirLig-Total_v3.nc'
[Errno 2] No such file or directory: '/scratch/cfontana/RADAR//2026-07-10/EUHFR_NRTcurrent_HFR-ARPAS-Total_v3.nc'
[Errno 2] No such file or directory: '/scratch/cfontana/RADAR//2026-07-10/EUHFR_NRTcurrent_HFR-LaMMA-Total_v3.nc'
[Errno 2] No such file or directory: '/scratch/cfontana/RADAR//2026-07-10/EUHFR_NRTcurrent_HFR-GoS-Total_v3.nc'
[Errno 2] No such file or directory: '/scratch/cfontana/RADAR//2026-07-10/EUHFR_NRTcurrent_HFR-WesternItaly-Total_v3.nc'
[Errno 2] No such file or directory: '/scratch/cfontana/RADAR//2026-07-10/EUHFR_NRTcurrent_HFR-Granitola-Total_v3.nc'
[Errno 2] No such file or directory: '/scratch/cfontana/RADAR//2026-07-10/EUHFR_NRTcurrent_HFR-NAdr-Total_v3.nc'
[Errno 2] No such file or directory: '/scratch/cfontana/RADAR//2026-07-10/EUHFR_NRTcurrent_HFR-GoM-Total_v3.nc'
[SAVED FIG] /scratch/cfontana/DIAGS/NAP_2026-07-10/RADAR/20260710_00.jpg

----------
20260711 0
[Errno 2] No such file or directory: '/scratch/cfontana/RADAR//2026-07-10/EUHFR_NRTcurrent_HFR-TirLig-Total_v3.nc'
[Errno 2] No such file or directory: '/scratch/cfontana/RADAR//2026-07-10/EUHFR_NRTcurrent_HFR-ARPAS-Total_v3.nc'
[Errno 2] No such file or directory: '/scratch/cfontana/RADAR//2026-07-10/EUHFR_NRTcurrent_HFR-LaMMA-Total_v3.nc'
[Errno 2] No such file or directory: '/scratch/cfontana/RADAR//2026-07-10/EUHFR_NRTcurrent_HFR-GoS-Total_v3.nc'
[Errno 2] No such file or directory: '/scratch/cfontana/RADAR//2026-07-10/EUHFR_NRTcurrent_HFR-WesternItaly-Total_v3.nc'
[Errno 2] No such file or directory: '/scratch/cfontana/RADAR//2026-07-10/EUHFR_NRTcurrent_HFR-Granitola-Total_v3.nc'
[Errno 2] No such file or directory: '/scratch/cfontana/RADAR//2026-07-10/EUHFR_NRTcurrent_HFR-NAdr-Total_v3.nc'
[Errno 2] No such file or directory: '/scratch/cfontana/RADAR//2026-07-10/EUHFR_NRTcurrent_HFR-GoM-Total_v3.nc'
[SAVED FIG] /scratch/cfontana/DIAGS/NAP_2026-07-10/RADAR/20260711_00.jpg

----------
20260712 0
[Errno 2] No such file or directory: '/scratch/cfontana/RADAR//2026-07-10/EUHFR_NRTcurrent_HFR-TirLig-Total_v3.nc'
[Errno 2] No such file or directory: '/scratch/cfontana/RADAR//2026-07-10/EUHFR_NRTcurrent_HFR-ARPAS-Total_v3.nc'
[Errno 2] No such file or directory: '/scratch/cfontana/RADAR//2026-07-10/EUHFR_NRTcurrent_HFR-LaMMA-Total_v3.nc'
[Errno 2] No such file or directory: '/scratch/cfontana/RADAR//2026-07-10/EUHFR_NRTcurrent_HFR-GoS-Total_v3.nc'
[Errno 2] No such file or directory: '/scratch/cfontana/RADAR//2026-07-10/EUHFR_NRTcurrent_HFR-WesternItaly-Total_v3.nc'
[Errno 2] No such file or directory: '/scratch/cfontana/RADAR//2026-07-10/EUHFR_NRTcurrent_HFR-Granitola-Total_v3.nc'
[Errno 2] No such file or directory: '/scratch/cfontana/RADAR//2026-07-10/EUHFR_NRTcurrent_HFR-NAdr-Total_v3.nc'
[Errno 2] No such file or directory: '/scratch/cfontana/RADAR//2026-07-10/EUHFR_NRTcurrent_HFR-GoM-Total_v3.nc'
[SAVED FIG] /scratch/cfontana/DIAGS/NAP_2026-07-10/RADAR/20260712_00.jpg

----------
20260713 0
[Errno 2] No such file or directory: '/scratch/cfontana/RADAR//2026-07-10/EUHFR_NRTcurrent_HFR-TirLig-Total_v3.nc'
[Errno 2] No such file or directory: '/scratch/cfontana/RADAR//2026-07-10/EUHFR_NRTcurrent_HFR-ARPAS-Total_v3.nc'
[Errno 2] No such file or directory: '/scratch/cfontana/RADAR//2026-07-10/EUHFR_NRTcurrent_HFR-LaMMA-Total_v3.nc'
[Errno 2] No such file or directory: '/scratch/cfontana/RADAR//2026-07-10/EUHFR_NRTcurrent_HFR-GoS-Total_v3.nc'
[Errno 2] No such file or directory: '/scratch/cfontana/RADAR//2026-07-10/EUHFR_NRTcurrent_HFR-WesternItaly-Total_v3.nc'
[Errno 2] No such file or directory: '/scratch/cfontana/RADAR//2026-07-10/EUHFR_NRTcurrent_HFR-Granitola-Total_v3.nc'
[Errno 2] No such file or directory: '/scratch/cfontana/RADAR//2026-07-10/EUHFR_NRTcurrent_HFR-NAdr-Total_v3.nc'
[Errno 2] No such file or directory: '/scratch/cfontana/RADAR//2026-07-10/EUHFR_NRTcurrent_HFR-GoM-Total_v3.nc'
[SAVED FIG] /scratch/cfontana/DIAGS/NAP_2026-07-10/RADAR/20260713_00.jpg

----------
20260714 0
[Errno 2] No such file or directory: '/scratch/cfontana/RADAR//2026-07-10/EUHFR_NRTcurrent_HFR-TirLig-Total_v3.nc'
[Errno 2] No such file or directory: '/scratch/cfontana/RADAR//2026-07-10/EUHFR_NRTcurrent_HFR-ARPAS-Total_v3.nc'
[Errno 2] No such file or directory: '/scratch/cfontana/RADAR//2026-07-10/EUHFR_NRTcurrent_HFR-LaMMA-Total_v3.nc'
[Errno 2] No such file or directory: '/scratch/cfontana/RADAR//2026-07-10/EUHFR_NRTcurrent_HFR-GoS-Total_v3.nc'
[Errno 2] No such file or directory: '/scratch/cfontana/RADAR//2026-07-10/EUHFR_NRTcurrent_HFR-WesternItaly-Total_v3.nc'
[Errno 2] No such file or directory: '/scratch/cfontana/RADAR//2026-07-10/EUHFR_NRTcurrent_HFR-Granitola-Total_v3.nc'
[Errno 2] No such file or directory: '/scratch/cfontana/RADAR//2026-07-10/EUHFR_NRTcurrent_HFR-NAdr-Total_v3.nc'
[Errno 2] No such file or directory: '/scratch/cfontana/RADAR//2026-07-10/EUHFR_NRTcurrent_HFR-GoM-Total_v3.nc'
[SAVED FIG] /scratch/cfontana/DIAGS/NAP_2026-07-10/RADAR/20260714_00.jpg

----------
20260715 0
[Errno 2] No such file or directory: '/scratch/cfontana/RADAR//2026-07-10/EUHFR_NRTcurrent_HFR-TirLig-Total_v3.nc'
[Errno 2] No such file or directory: '/scratch/cfontana/RADAR//2026-07-10/EUHFR_NRTcurrent_HFR-ARPAS-Total_v3.nc'
[Errno 2] No such file or directory: '/scratch/cfontana/RADAR//2026-07-10/EUHFR_NRTcurrent_HFR-LaMMA-Total_v3.nc'
[Errno 2] No such file or directory: '/scratch/cfontana/RADAR//2026-07-10/EUHFR_NRTcurrent_HFR-GoS-Total_v3.nc'
[Errno 2] No such file or directory: '/scratch/cfontana/RADAR//2026-07-10/EUHFR_NRTcurrent_HFR-WesternItaly-Total_v3.nc'
[Errno 2] No such file or directory: '/scratch/cfontana/RADAR//2026-07-10/EUHFR_NRTcurrent_HFR-Granitola-Total_v3.nc'
[Errno 2] No such file or directory: '/scratch/cfontana/RADAR//2026-07-10/EUHFR_NRTcurrent_HFR-NAdr-Total_v3.nc'
[Errno 2] No such file or directory: '/scratch/cfontana/RADAR//2026-07-10/EUHFR_NRTcurrent_HFR-GoM-Total_v3.nc'
[SAVED FIG] /scratch/cfontana/DIAGS/NAP_2026-07-10/RADAR/20260715_00.jpg
+ date
Sat Jul 11 18:29:53 CEST 2026
+ cd ../..
+ cat config/config_NAP.json
+ sed -e s/DOUT/20260710/
+ sed -e s/DINI/2026-07-10/g
+ sed -e s/FREQ/daily/
+ 1> config/config_NAP_2026-07-10.json
+ sed -e s/DEND/2026-07-15/
+ [ 1 -eq 1 ]
+ cd datasets/CMEMS
+ python get_data_sat.py -c NAP_2026-07-10 -v chl
INFO - 2026-07-11T16:29:55Z - Selected dataset version: "202211"
INFO - 2026-07-11T16:29:55Z - Selected dataset part: "default"
WARNING - 2026-07-11T16:29:55Z - Some of your subset selection [2026-07-10 00:00:00+00:00, 2026-07-15 00:00:00+00:00] for the time dimension exceed the dataset coordinates [2026-07-03 00:00:00+00:00, 2026-07-10 00:00:00+00:00]
----------------------------------
=> Config file NAP_2026-07-10 loaded
----------------------------------

Downloading CMEMS products : cmems_obs-oc_med_bgc-plankton_nrt_l3-multi-1km_P1D
=> Variable ['CHL', 'KD490'] 

------------------------------
DATE =>>> 2026-07-10 2026-07-15
------------------------------

[FILE SAVED ] /scratch/cfontana/DIAGS/NAP_2026-07-10/CMEMS/data/cmems_obs-oc_med_bgc-plankton_nrt_l3-multi-1km_P1D.nc
+ python interp_cmems.py -c NAP_2026-07-10 -v chl
----------------------------------
=> Config file NAP_2026-07-10 loaded
----------------------------------


[FILE SAVED] /scratch/cfontana/DIAGS/NAP_2026-07-10/CMEMS/chl/ITP_NC/chl_20260710.nc

+ [ 2 -eq 2 ]
+ error=1
+ cd ../../plot
+ python plot_CMEMS_pickle_data_vs_sat.py -c NAP_2026-07-10 -v chl -s CMEMS
----------------------------------
=> Config file NAP_2026-07-10 loaded
----------------------------------

Processing
739807 0.2570755568278987 0.31786898 0.05611349116090212 0.8158713396883384
[Errno 2] No such file or directory: '/scratch/cfontana/DIAGS/NAP_2026-07-10/CMEMS/chl/ITP_NC/chl_20260711.nc' 

=> in get_sat_2D :
Error processing file /scratch/cfontana/DIAGS/NAP_2026-07-10/CMEMS/chl/ITP_NC/chl_20260711.nc
File not found
739808 0.25546212254172607 nan 0.10486267418236178 1
[Errno 2] No such file or directory: '/scratch/cfontana/DIAGS/NAP_2026-07-10/CMEMS/chl/ITP_NC/chl_20260712.nc' 

=> in get_sat_2D :
Error processing file /scratch/cfontana/DIAGS/NAP_2026-07-10/CMEMS/chl/ITP_NC/chl_20260712.nc
File not found
739809 0.21878251720299485 nan 0.11320067165906339 1
[Errno 2] No such file or directory: '/scratch/cfontana/DIAGS/NAP_2026-07-10/CMEMS/chl/ITP_NC/chl_20260713.nc' 

=> in get_sat_2D :
Error processing file /scratch/cfontana/DIAGS/NAP_2026-07-10/CMEMS/chl/ITP_NC/chl_20260713.nc
File not found
739810 0.19182221669938174 nan 0.11302726151896592 1
[Errno 2] No such file or directory: '/scratch/cfontana/DIAGS/NAP_2026-07-10/CMEMS/chl/ITP_NC/chl_20260714.nc' 

=> in get_sat_2D :
Error processing file /scratch/cfontana/DIAGS/NAP_2026-07-10/CMEMS/chl/ITP_NC/chl_20260714.nc
File not found
739811 0.17987717646670454 nan 0.1046023682652404 1
[Errno 2] No such file or directory: '/scratch/cfontana/DIAGS/NAP_2026-07-10/CMEMS/chl/ITP_NC/chl_20260715.nc' 

=> in get_sat_2D :
Error processing file /scratch/cfontana/DIAGS/NAP_2026-07-10/CMEMS/chl/ITP_NC/chl_20260715.nc
File not found
739812 0.16573873035316322 nan 0.11670149540615296 1
[SAVED FIG] /scratch/cfontana/DIAGS/NAP_2026-07-10/CMEMS/chl/ITP_NC/PLOT/2026071012_chl.jpg
[SAVED FIG] /scratch/cfontana/DIAGS/NAP_2026-07-10/CMEMS/chl/ITP_NC/PLOT/2026071112_chl.jpg
[SAVED FIG] /scratch/cfontana/DIAGS/NAP_2026-07-10/CMEMS/chl/ITP_NC/PLOT/2026071212_chl.jpg
[SAVED FIG] /scratch/cfontana/DIAGS/NAP_2026-07-10/CMEMS/chl/ITP_NC/PLOT/2026071312_chl.jpg
[SAVED FIG] /scratch/cfontana/DIAGS/NAP_2026-07-10/CMEMS/chl/ITP_NC/PLOT/2026071412_chl.jpg
[SAVED FIG] /scratch/cfontana/DIAGS/NAP_2026-07-10/CMEMS/chl/ITP_NC/PLOT/2026071512_chl.jpg
+ python plot_sat_CMEMS_timeseries.py -c NAP_2026-07-10 -v chl -s CMEMS
----------------------------------
=> Config file NAP_2026-07-10 loaded
----------------------------------

[SAVED FIG] /scratch/cfontana/DIAGS/NAP_2026-07-10/CMEMS/chl/ITP_NC/time_series.jpg
+ rm -f '/scratch/cfontana/DIAGS/NAP_2026-07-10/CMEMS/chl/ITP_NC/PLOT/*.pkl'
+ [ 1 -eq 1 ]
+ rm -f /scratch/cfontana/DIAGS/NAP_2026-07-10/CMEMS/chl/ITP_NC/chl_20260710.nc
+ date
Sat Jul 11 18:33:33 CEST 2026
+ cd ..
+ [ 1 -eq 0 ]
+ [ 1 -eq 1 ]
+ rm -f /scratch/cfontana/DIAGS/NAP_2026-07-10/CMEMS/data/SST_MED_SST_L3S_NRT_OBSERVATIONS_010_012_b.nc /scratch/cfontana/DIAGS/NAP_2026-07-10/CMEMS/data/cmems_obs-oc_med_bgc-plankton_nrt_l3-multi-1km_P1D.nc
+ [ 1 -eq 1 ]
+ source /home/cfontana/venv/a/bin/activate
+ 1> /dev/null
+ deactivate nondestructive
+ [ -n /home/cfontana/venv/c/bin:/usr/local/sbin:/usr/local/bin:/usr/sbin:/usr/bin:/sbin:/bin:/usr/games:/usr/local/games:/snap/bin ]
+ PATH=/home/cfontana/venv/c/bin:/usr/local/sbin:/usr/local/bin:/usr/sbin:/usr/bin:/sbin:/bin:/usr/games:/usr/local/games:/snap/bin
+ export PATH
+ unset _OLD_VIRTUAL_PATH
+ [ -n '' ]
+ hash -r
+ 2> /dev/null
+ [ -n '(c) \[\e]0;\u@\h: \w\a\]${debian_chroot:+($debian_chroot)}\[\033[01;32m\]\u@\h\[\033[00m\]:\[\033[01;34m\]\w\[\033[00m\]\$ ' ]
+ PS1='(c) \[\e]0;\u@\h: \w\a\]${debian_chroot:+($debian_chroot)}\[\033[01;32m\]\u@\h\[\033[00m\]:\[\033[01;34m\]\w\[\033[00m\]\$ '
+ export PS1
+ unset _OLD_VIRTUAL_PS1
+ unset VIRTUAL_ENV
+ unset VIRTUAL_ENV_PROMPT
+ [ ! nondestructive '=' nondestructive ]
+ [ '' '=' cygwin ]
+ [ '' '=' msys ]
+ VIRTUAL_ENV=/home/cfontana/venv/a
+ export VIRTUAL_ENV
+ _OLD_VIRTUAL_PATH=/home/cfontana/venv/c/bin:/usr/local/sbin:/usr/local/bin:/usr/sbin:/usr/bin:/sbin:/bin:/usr/games:/usr/local/games:/snap/bin
+ PATH=/home/cfontana/venv/a/bin:/home/cfontana/venv/c/bin:/usr/local/sbin:/usr/local/bin:/usr/sbin:/usr/bin:/sbin:/bin:/usr/games:/usr/local/games:/snap/bin
+ export PATH
+ [ -n '' ]
+ [ -z '' ]
+ _OLD_VIRTUAL_PS1='(c) \[\e]0;\u@\h: \w\a\]${debian_chroot:+($debian_chroot)}\[\033[01;32m\]\u@\h\[\033[00m\]:\[\033[01;34m\]\w\[\033[00m\]\$ '
+ PS1='(a) (c) \[\e]0;\u@\h: \w\a\]${debian_chroot:+($debian_chroot)}\[\033[01;32m\]\u@\h\[\033[00m\]:\[\033[01;34m\]\w\[\033[00m\]\$ '
+ export PS1
+ VIRTUAL_ENV_PROMPT='(a) '
+ export VIRTUAL_ENV_PROMPT
+ hash -r
+ 2> /dev/null
+ sed -i s/daily/hourly/ config/config_NAP_2026-07-10.json
+ cd datasets/ARGO
+ python get_argo.py -c NAP_2026-07-10
----------------------------------
=> Config file NAP_2026-07-10 loaded
----------------------------------

[np.float64(14.0682297718185), np.float64(14.4838547719515), np.float64(40.589063487786504), np.float64(40.8484384878695), 0, 500, '2026-07-10', '2026-07-15']
Traceback (most recent call last):
  File "/home/cfontana/DATA_MED/datasets/ARGO/get_argo.py", line 73, in <module>
    f = f.region(box).load()
        ^^^^^^^^^^^^^^^^^^^^
  File "/home/cfontana/venv/a/lib/python3.12/site-packages/argopy/fetchers.py", line 886, in load
    self._data = self._to_xarray(**kwargs)
                 ^^^^^^^^^^^^^^^^^^^^^^^^^
  File "/home/cfontana/venv/a/lib/python3.12/site-packages/argopy/fetchers.py", line 673, in _to_xarray
    xds = self.fetcher.to_xarray(**kwargs)
          ^^^^^^^^^^^^^^^^^^^^^^^^^^^^^^^^
  File "/home/cfontana/venv/a/lib/python3.12/site-packages/argopy/data_fetchers/erddap_data.py", line 583, in to_xarray
    results = self.fs.open_dataset(URI[0])
              ^^^^^^^^^^^^^^^^^^^^^^^^^^^^
  File "/home/cfontana/venv/a/lib/python3.12/site-packages/argopy/stores/implementations/http.py", line 349, in open_dataset
    target, _ = load_in_memory(
                ^^^^^^^^^^^^^^^
  File "/home/cfontana/venv/a/lib/python3.12/site-packages/argopy/stores/implementations/http.py", line 261, in load_in_memory
    data = self.download_url(url, **dwn_opts)
           ^^^^^^^^^^^^^^^^^^^^^^^^^^^^^^^^^^
  File "/home/cfontana/venv/a/lib/python3.12/site-packages/argopy/stores/implementations/http.py", line 169, in download_url
    data, n = make_request(
              ^^^^^^^^^^^^^
  File "/home/cfontana/venv/a/lib/python3.12/site-packages/argopy/stores/implementations/http.py", line 124, in make_request
    raise e
  File "/home/cfontana/venv/a/lib/python3.12/site-packages/argopy/stores/implementations/http.py", line 121, in make_request
    data = ffs.cat_file(url, **cat_opts)
           ^^^^^^^^^^^^^^^^^^^^^^^^^^^^^
  File "/home/cfontana/venv/a/lib/python3.12/site-packages/fsspec/asyn.py", line 118, in wrapper
    return sync(self.loop, func, *args, **kwargs)
           ^^^^^^^^^^^^^^^^^^^^^^^^^^^^^^^^^^^^^^
  File "/home/cfontana/venv/a/lib/python3.12/site-packages/fsspec/asyn.py", line 103, in sync
    raise return_result
  File "/home/cfontana/venv/a/lib/python3.12/site-packages/fsspec/asyn.py", line 56, in _runner
    result[0] = await coro
                ^^^^^^^^^^
  File "/home/cfontana/venv/a/lib/python3.12/site-packages/fsspec/implementations/http.py", line 247, in _cat_file
    self._raise_not_found_for_status(r, url)
  File "/home/cfontana/venv/a/lib/python3.12/site-packages/fsspec/implementations/http.py", line 229, in _raise_not_found_for_status
    raise FileNotFoundError(url)
FileNotFoundError: https://erddap.ifremer.fr/erddap/tabledap/ArgoFloats.nc?config_mission_number,cycle_number,data_mode,direction,latitude,longitude,platform_number,position_qc,pres,pres_adjusted,pres_adjusted_error,pres_adjusted_qc,pres_qc,psal,psal_adjusted,psal_adjusted_error,psal_adjusted_qc,psal_qc,temp,temp_adjusted,temp_adjusted_error,temp_adjusted_qc,temp_qc,time,time_qc,vertical_sampling_scheme&longitude>=14.0682297718185&longitude<=14.4838547719515&latitude>=40.589063487786504&latitude<=40.8484384878695&pres>=0&pres<=500&time>=1783641600.0&time<=1784073600.0&latitude!=NaN&longitude!=NaN&distinct()&orderBy("time,pres")
+ [ 1 -eq 0 ]
+ cd ../../
+ sed -i s/phy/bgc/ config/config_NAP_2026-07-10.json
+ cd datasets/ARGO
+ python get_argo.py -c NAP_2026-07-10
----------------------------------
=> Config file NAP_2026-07-10 loaded
----------------------------------

[np.float64(14.0682297718185), np.float64(14.4838547719515), np.float64(40.589063487786504), np.float64(40.8484384878695), 0, 500, '2026-07-10', '2026-07-15']
Traceback (most recent call last):
  File "/home/cfontana/DATA_MED/datasets/ARGO/get_argo.py", line 73, in <module>
    f = f.region(box).load()
        ^^^^^^^^^^^^^
  File "/home/cfontana/venv/a/lib/python3.12/site-packages/argopy/fetchers.py", line 68, in wrapper
    return AccessPoint(*args)
           ^^^^^^^^^^^^^^^^^^
  File "/home/cfontana/venv/a/lib/python3.12/site-packages/argopy/fetchers.py", line 648, in region
    self.fetcher = self.Fetchers["region"](box=box, **self.fetcher_options)
                   ^^^^^^^^^^^^^^^^^^^^^^^^^^^^^^^^^^^^^^^^^^^^^^^^^^^^^^^^
  File "/home/cfontana/venv/a/lib/python3.12/site-packages/argopy/data_fetchers/erddap_data.py", line 184, in __init__
    params = self._bgc_vlist_avail
             ^^^^^^^^^^^^^^^^^^^^^
  File "/home/cfontana/venv/a/lib/python3.12/site-packages/argopy/data_fetchers/erddap_data.py", line 305, in _bgc_vlist_avail
    params = self.indexfs.read_params()
             ^^^^^^^^^^^^^^^^^^^^^^^^^^
  File "/home/cfontana/venv/a/lib/python3.12/site-packages/argopy/stores/index/implementations/pandas/index.py", line 281, in read_params
    raise DataNotFound(
argopy.errors.DataNotFound: 'No data found in the index corresponding to your search criteria. Search definition: x=14.07/14.48;y=40.59/40.85;t=2026-07-10/2026-07-15'
+ [ 1 -eq 0 ]
+ cd ../../
+ [ 1 -eq 1 ]
+ source /home/cfontana/venv/c/bin/activate
+ 1> /dev/null
+ deactivate nondestructive
+ [ -n /home/cfontana/venv/c/bin:/usr/local/sbin:/usr/local/bin:/usr/sbin:/usr/bin:/sbin:/bin:/usr/games:/usr/local/games:/snap/bin ]
+ PATH=/home/cfontana/venv/c/bin:/usr/local/sbin:/usr/local/bin:/usr/sbin:/usr/bin:/sbin:/bin:/usr/games:/usr/local/games:/snap/bin
+ export PATH
+ unset _OLD_VIRTUAL_PATH
+ [ -n '' ]
+ hash -r
+ 2> /dev/null
+ [ -n '(c) \[\e]0;\u@\h: \w\a\]${debian_chroot:+($debian_chroot)}\[\033[01;32m\]\u@\h\[\033[00m\]:\[\033[01;34m\]\w\[\033[00m\]\$ ' ]
+ PS1='(c) \[\e]0;\u@\h: \w\a\]${debian_chroot:+($debian_chroot)}\[\033[01;32m\]\u@\h\[\033[00m\]:\[\033[01;34m\]\w\[\033[00m\]\$ '
+ export PS1
+ unset _OLD_VIRTUAL_PS1
+ unset VIRTUAL_ENV
+ unset VIRTUAL_ENV_PROMPT
+ [ ! nondestructive '=' nondestructive ]
+ [ '' '=' cygwin ]
+ [ '' '=' msys ]
+ VIRTUAL_ENV=/home/cfontana/venv/c
+ export VIRTUAL_ENV
+ _OLD_VIRTUAL_PATH=/home/cfontana/venv/c/bin:/usr/local/sbin:/usr/local/bin:/usr/sbin:/usr/bin:/sbin:/bin:/usr/games:/usr/local/games:/snap/bin
+ PATH=/home/cfontana/venv/c/bin:/home/cfontana/venv/c/bin:/usr/local/sbin:/usr/local/bin:/usr/sbin:/usr/bin:/sbin:/bin:/usr/games:/usr/local/games:/snap/bin
+ export PATH
+ [ -n '' ]
+ [ -z '' ]
+ _OLD_VIRTUAL_PS1='(c) \[\e]0;\u@\h: \w\a\]${debian_chroot:+($debian_chroot)}\[\033[01;32m\]\u@\h\[\033[00m\]:\[\033[01;34m\]\w\[\033[00m\]\$ '
+ PS1='(c) (c) \[\e]0;\u@\h: \w\a\]${debian_chroot:+($debian_chroot)}\[\033[01;32m\]\u@\h\[\033[00m\]:\[\033[01;34m\]\w\[\033[00m\]\$ '
+ export PS1
+ VIRTUAL_ENV_PROMPT='(c) '
+ export VIRTUAL_ENV_PROMPT
+ hash -r
+ 2> /dev/null
+ static=/scratch/cfontana/DIAGS/NAP_2026-07-10/static_NAP_2026-07-10
+ mkdir /scratch/cfontana/DIAGS/NAP_2026-07-10/static_NAP_2026-07-10
+ dir=/scratch/cfontana/DIAGS/NAP_2026-07-10/CMEMS/thetao/ITP_NC
+ i=1
+ ls /scratch/cfontana/DIAGS/NAP_2026-07-10/CMEMS/thetao/ITP_NC/PLOT/
+ cp /scratch/cfontana/DIAGS/NAP_2026-07-10/CMEMS/thetao/ITP_NC/PLOT/2026071000_thetao.jpg /scratch/cfontana/DIAGS/NAP_2026-07-10/static_NAP_2026-07-10/thetao_1.jpg
+ let i=1+1
+ cp /scratch/cfontana/DIAGS/NAP_2026-07-10/CMEMS/thetao/ITP_NC/PLOT/2026071100_thetao.jpg /scratch/cfontana/DIAGS/NAP_2026-07-10/static_NAP_2026-07-10/thetao_2.jpg
+ let i=2+1
+ cp /scratch/cfontana/DIAGS/NAP_2026-07-10/CMEMS/thetao/ITP_NC/PLOT/2026071200_thetao.jpg /scratch/cfontana/DIAGS/NAP_2026-07-10/static_NAP_2026-07-10/thetao_3.jpg
+ let i=3+1
+ cp /scratch/cfontana/DIAGS/NAP_2026-07-10/CMEMS/thetao/ITP_NC/PLOT/2026071300_thetao.jpg /scratch/cfontana/DIAGS/NAP_2026-07-10/static_NAP_2026-07-10/thetao_4.jpg
+ let i=4+1
+ cp /scratch/cfontana/DIAGS/NAP_2026-07-10/CMEMS/thetao/ITP_NC/PLOT/2026071400_thetao.jpg /scratch/cfontana/DIAGS/NAP_2026-07-10/static_NAP_2026-07-10/thetao_5.jpg
+ let i=5+1
+ cp /scratch/cfontana/DIAGS/NAP_2026-07-10/CMEMS/thetao/ITP_NC/PLOT/2026071500_thetao.jpg /scratch/cfontana/DIAGS/NAP_2026-07-10/static_NAP_2026-07-10/thetao_6.jpg
+ let i=6+1
+ cp /scratch/cfontana/DIAGS/NAP_2026-07-10/CMEMS/thetao/ITP_NC/time_series.jpg /scratch/cfontana/DIAGS/NAP_2026-07-10/static_NAP_2026-07-10/time_series_thetao.jpg
+ dir=/scratch/cfontana/DIAGS/NAP_2026-07-10/CMEMS/chl/ITP_NC
+ i=1
+ ls /scratch/cfontana/DIAGS/NAP_2026-07-10/CMEMS/chl/ITP_NC/PLOT/
+ cp /scratch/cfontana/DIAGS/NAP_2026-07-10/CMEMS/chl/ITP_NC/PLOT/2026071012_chl.jpg /scratch/cfontana/DIAGS/NAP_2026-07-10/static_NAP_2026-07-10/chl_1.jpg
+ let i=1+1
+ cp /scratch/cfontana/DIAGS/NAP_2026-07-10/CMEMS/chl/ITP_NC/PLOT/2026071112_chl.jpg /scratch/cfontana/DIAGS/NAP_2026-07-10/static_NAP_2026-07-10/chl_2.jpg
+ let i=2+1
+ cp /scratch/cfontana/DIAGS/NAP_2026-07-10/CMEMS/chl/ITP_NC/PLOT/2026071212_chl.jpg /scratch/cfontana/DIAGS/NAP_2026-07-10/static_NAP_2026-07-10/chl_3.jpg
+ let i=3+1
+ cp /scratch/cfontana/DIAGS/NAP_2026-07-10/CMEMS/chl/ITP_NC/PLOT/2026071312_chl.jpg /scratch/cfontana/DIAGS/NAP_2026-07-10/static_NAP_2026-07-10/chl_4.jpg
+ let i=4+1
+ cp /scratch/cfontana/DIAGS/NAP_2026-07-10/CMEMS/chl/ITP_NC/PLOT/2026071412_chl.jpg /scratch/cfontana/DIAGS/NAP_2026-07-10/static_NAP_2026-07-10/chl_5.jpg
+ let i=5+1
+ cp /scratch/cfontana/DIAGS/NAP_2026-07-10/CMEMS/chl/ITP_NC/PLOT/2026071512_chl.jpg /scratch/cfontana/DIAGS/NAP_2026-07-10/static_NAP_2026-07-10/chl_6.jpg
+ let i=6+1
+ cp /scratch/cfontana/DIAGS/NAP_2026-07-10/CMEMS/chl/ITP_NC/time_series.jpg /scratch/cfontana/DIAGS/NAP_2026-07-10/static_NAP_2026-07-10/time_series_chl.jpg
+ dir=/scratch/cfontana/DIAGS/NAP_2026-07-10/RADAR/
+ i=1
+ ls /scratch/cfontana/DIAGS/NAP_2026-07-10/RADAR//20260710_00.jpg /scratch/cfontana/DIAGS/NAP_2026-07-10/RADAR//20260711_00.jpg /scratch/cfontana/DIAGS/NAP_2026-07-10/RADAR//20260712_00.jpg /scratch/cfontana/DIAGS/NAP_2026-07-10/RADAR//20260713_00.jpg /scratch/cfontana/DIAGS/NAP_2026-07-10/RADAR//20260714_00.jpg /scratch/cfontana/DIAGS/NAP_2026-07-10/RADAR//20260715_00.jpg
+ cp /scratch/cfontana/DIAGS/NAP_2026-07-10/RADAR//20260710_00.jpg /scratch/cfontana/DIAGS/NAP_2026-07-10/static_NAP_2026-07-10/radar_1.jpg
+ let i=1+1
+ cp /scratch/cfontana/DIAGS/NAP_2026-07-10/RADAR//20260711_00.jpg /scratch/cfontana/DIAGS/NAP_2026-07-10/static_NAP_2026-07-10/radar_2.jpg
+ let i=2+1
+ cp /scratch/cfontana/DIAGS/NAP_2026-07-10/RADAR//20260712_00.jpg /scratch/cfontana/DIAGS/NAP_2026-07-10/static_NAP_2026-07-10/radar_3.jpg
+ let i=3+1
+ cp /scratch/cfontana/DIAGS/NAP_2026-07-10/RADAR//20260713_00.jpg /scratch/cfontana/DIAGS/NAP_2026-07-10/static_NAP_2026-07-10/radar_4.jpg
+ let i=4+1
+ cp /scratch/cfontana/DIAGS/NAP_2026-07-10/RADAR//20260714_00.jpg /scratch/cfontana/DIAGS/NAP_2026-07-10/static_NAP_2026-07-10/radar_5.jpg
+ let i=5+1
+ cp /scratch/cfontana/DIAGS/NAP_2026-07-10/RADAR//20260715_00.jpg /scratch/cfontana/DIAGS/NAP_2026-07-10/static_NAP_2026-07-10/radar_6.jpg
+ let i=6+1
+ dir=/scratch/cfontana/DIAGS/NAP_2026-07-10/ARGO/
+ ls -d '/scratch/cfontana/DIAGS/NAP_2026-07-10/ARGO//bio*/'
ls: cannot access '/scratch/cfontana/DIAGS/NAP_2026-07-10/ARGO//bio*/': No such file or directory
+ i=1
+ 1> /scratch/cfontana/DIAGS/NAP_2026-07-10/static_NAP_2026-07-10/list.txt
+ ls -d '/scratch/cfontana/DIAGS/NAP_2026-07-10/ARGO//*/'
ls: cannot access '/scratch/cfontana/DIAGS/NAP_2026-07-10/ARGO//*/': No such file or directory
+ cp /scratch/cfontana/DIAGS/NAP_2026-07-10/ARGO//map.jpg /scratch/cfontana/DIAGS/NAP_2026-07-10/static_NAP_2026-07-10
cp: cannot stat '/scratch/cfontana/DIAGS/NAP_2026-07-10/ARGO//map.jpg': No such file or directory
+ scp -r /scratch/cfontana/DIAGS/NAP_2026-07-10/static_NAP_2026-07-10 yulpa175555@webhost03.yulpa.io:/datas/yulpa175555/sites/merval.eg2.fr/htdocs/DIAGS
+ echo 'PROCESSING PAN'
PROCESSING PAN
+ echo '_______________ '
_______________ 
+ date
Sat Jul 11 18:33:51 CEST 2026
+ config=PAN_2026-07-10
+ echo PAN
+ awk '{print tolower($0)}'
+ lower=pan
+ set -x
+ cat config/config_PAN.json
+ sed -e s/DINI/2026-07-10/g
+ sed -e s/FREQ/hourly/
+ sed -e s/DOUT/20260710/
+ 1> config/config_PAN_2026-07-10.json
+ sed -e s/DEND/2026-07-15/
+ cp config/cmems_DOMAIN.dat config/cmems_PAN_2026-07-10.dat
+ cp config/variables_mit_DOMAIN.dat config/variables_mit_PAN_2026-07-10.dat
+ jq -r .diagdir config/config_PAN_2026-07-10.json
+ diagdir=/scratch/cfontana/DIAGS/PAN_2026-07-10
+ jq -r .radardir config/config_PAN_2026-07-10.json
+ radardir=/scratch/cfontana/RADAR/
+ [ 0 -eq 0 -a 0 -eq 1 ]
+ [ 1 -eq 1 ]
+ cd datasets/CMEMS
+ python get_data_sat.py -c PAN_2026-07-10 -v thetao
INFO - 2026-07-11T16:33:53Z - Selected dataset version: "202311"
INFO - 2026-07-11T16:33:53Z - Selected dataset part: "default"
WARNING - 2026-07-11T16:33:53Z - Some of your subset selection [2026-07-10 00:00:00+00:00, 2026-07-15 00:00:00+00:00] for the time dimension exceed the dataset coordinates [2008-01-01 00:00:00+00:00, 2026-07-11 00:00:00+00:00]
----------------------------------
=> Config file PAN_2026-07-10 loaded
----------------------------------

Downloading CMEMS products : SST_MED_SST_L3S_NRT_OBSERVATIONS_010_012_b
=> Variable [np.str_('adjusted_sea_surface_temperature')] 

------------------------------
DATE =>>> 2026-07-10 2026-07-15
------------------------------
  0%|                                                                                          | 0/306 [00:00<?, ?it/s]  0%|▎                                                                                 | 1/306 [00:00<02:01,  2.50it/s]  1%|▊                                                                                 | 3/306 [00:00<00:53,  5.64it/s]  4%|██▉                                                                              | 11/306 [00:00<00:13, 21.61it/s]  6%|█████                                                                            | 19/306 [00:00<00:08, 35.14it/s]  9%|███████▏                                                                         | 27/306 [00:00<00:06, 45.35it/s] 12%|█████████▊                                                                       | 37/306 [00:01<00:05, 50.40it/s] 15%|███████████▉                                                                     | 45/306 [00:01<00:05, 49.05it/s] 17%|██████████████                                                                   | 53/306 [00:01<00:04, 54.91it/s] 20%|████████████████▏                                                                | 61/306 [00:01<00:04, 60.47it/s] 23%|██████████████████▎                                                              | 69/306 [00:01<00:03, 65.19it/s] 26%|████████████████████▉                                                            | 79/306 [00:01<00:03, 62.99it/s] 28%|██████████████████████▊                                                          | 86/306 [00:01<00:03, 64.57it/s] 31%|█████████████████████████▏                                                       | 95/306 [00:01<00:03, 67.92it/s] 34%|██████████████████████████▉                                                     | 103/306 [00:02<00:02, 69.04it/s] 36%|█████████████████████████████                                                   | 111/306 [00:02<00:02, 67.03it/s] 39%|███████████████████████████████                                                 | 119/306 [00:02<00:02, 70.07it/s] 42%|█████████████████████████████████▋                                              | 129/306 [00:02<00:02, 69.74it/s] 45%|███████████████████████████████████▊                                            | 137/306 [00:02<00:02, 67.35it/s] 48%|██████████████████████████████████████▍                                         | 147/306 [00:02<00:02, 74.16it/s] 51%|█████████████████████████████████████████                                       | 157/306 [00:02<00:01, 79.58it/s] 54%|███████████████████████████████████████████▍                                    | 166/306 [00:02<00:01, 82.28it/s] 57%|█████████████████████████████████████████████▊                                  | 175/306 [00:03<00:01, 69.29it/s] 60%|███████████████████████████████████████████████▊                                | 183/306 [00:03<00:01, 70.09it/s] 63%|██████████████████████████████████████████████████▍                             | 193/306 [00:03<00:01, 70.15it/s] 67%|█████████████████████████████████████████████████████▌                          | 205/306 [00:03<00:01, 81.62it/s] 71%|████████████████████████████████████████████████████████▋                       | 217/306 [00:03<00:01, 85.81it/s] 74%|███████████████████████████████████████████████████████████                     | 226/306 [00:03<00:01, 79.84it/s] 77%|█████████████████████████████████████████████████████████████▍                  | 235/306 [00:03<00:00, 78.98it/s] 80%|███████████████████████████████████████████████████████████████▊                | 244/306 [00:03<00:00, 75.45it/s] 82%|█████████████████████████████████████████████████████████████████▉              | 252/306 [00:04<00:00, 72.99it/s] 85%|███████████████████████████████████████████████████████████████████▉            | 260/306 [00:04<00:00, 61.95it/s] 87%|█████████████████████████████████████████████████████████████████████▊          | 267/306 [00:04<00:00, 49.78it/s] 92%|█████████████████████████████████████████████████████████████████████████▍      | 281/306 [00:04<00:00, 62.49it/s] 96%|█████████████████████████████████████████████████████████████████████████████   | 295/306 [00:04<00:00, 73.20it/s]100%|████████████████████████████████████████████████████████████████████████████████| 306/306 [00:04<00:00, 63.22it/s]

[FILE SAVED ] /scratch/cfontana/DIAGS/PAN_2026-07-10/CMEMS/data/SST_MED_SST_L3S_NRT_OBSERVATIONS_010_012_b.nc
+ python interp_cmems.py -c PAN_2026-07-10 -v thetao
----------------------------------
=> Config file PAN_2026-07-10 loaded
----------------------------------


[FILE SAVED] /scratch/cfontana/DIAGS/PAN_2026-07-10/CMEMS/thetao/ITP_NC/thetao_20260710.nc


[FILE SAVED] /scratch/cfontana/DIAGS/PAN_2026-07-10/CMEMS/thetao/ITP_NC/thetao_20260711.nc

+ [ 2 -eq 2 ]
+ error=1
+ cd ../../plot
+ python plot_CMEMS_pickle_data_vs_sat.py -c PAN_2026-07-10 -v thetao -s CMEMS
----------------------------------
=> Config file PAN_2026-07-10 loaded
----------------------------------

Processing
739807 27.487905543218435 27.40036 27.050263204994593 0.9690778994210008
739808 27.52056626945611 27.805063 27.078005367767535 0.9690778994210008
[Errno 2] No such file or directory: '/scratch/cfontana/DIAGS/PAN_2026-07-10/CMEMS/thetao/ITP_NC/thetao_20260712.nc' 

=> in get_sat_2D :
Error processing file /scratch/cfontana/DIAGS/PAN_2026-07-10/CMEMS/thetao/ITP_NC/thetao_20260712.nc
File not found
739809 27.68538379041018 nan 26.967851459503944 1
[Errno 2] No such file or directory: '/scratch/cfontana/DIAGS/PAN_2026-07-10/CMEMS/thetao/ITP_NC/thetao_20260713.nc' 

=> in get_sat_2D :
Error processing file /scratch/cfontana/DIAGS/PAN_2026-07-10/CMEMS/thetao/ITP_NC/thetao_20260713.nc
File not found
739810 27.87156554039424 nan 27.150958345508617 1
[Errno 2] No such file or directory: '/scratch/cfontana/DIAGS/PAN_2026-07-10/CMEMS/thetao/ITP_NC/thetao_20260714.nc' 

=> in get_sat_2D :
Error processing file /scratch/cfontana/DIAGS/PAN_2026-07-10/CMEMS/thetao/ITP_NC/thetao_20260714.nc
File not found
739811 27.988154664827015 nan 27.33370036136871 1
[Errno 2] No such file or directory: '/scratch/cfontana/DIAGS/PAN_2026-07-10/CMEMS/thetao/ITP_NC/thetao_20260715.nc' 

=> in get_sat_2D :
Error processing file /scratch/cfontana/DIAGS/PAN_2026-07-10/CMEMS/thetao/ITP_NC/thetao_20260715.nc
File not found
739812 28.05587249979534 nan 27.63079961458373 1
[SAVED FIG] /scratch/cfontana/DIAGS/PAN_2026-07-10/CMEMS/thetao/ITP_NC/PLOT/2026071000_thetao.jpg
[SAVED FIG] /scratch/cfontana/DIAGS/PAN_2026-07-10/CMEMS/thetao/ITP_NC/PLOT/2026071100_thetao.jpg
[SAVED FIG] /scratch/cfontana/DIAGS/PAN_2026-07-10/CMEMS/thetao/ITP_NC/PLOT/2026071200_thetao.jpg
[SAVED FIG] /scratch/cfontana/DIAGS/PAN_2026-07-10/CMEMS/thetao/ITP_NC/PLOT/2026071300_thetao.jpg
[SAVED FIG] /scratch/cfontana/DIAGS/PAN_2026-07-10/CMEMS/thetao/ITP_NC/PLOT/2026071400_thetao.jpg
[SAVED FIG] /scratch/cfontana/DIAGS/PAN_2026-07-10/CMEMS/thetao/ITP_NC/PLOT/2026071500_thetao.jpg
+ python plot_sat_CMEMS_timeseries.py -c PAN_2026-07-10 -v thetao -s CMEMS
----------------------------------
=> Config file PAN_2026-07-10 loaded
----------------------------------

[SAVED FIG] /scratch/cfontana/DIAGS/PAN_2026-07-10/CMEMS/thetao/ITP_NC/time_series.jpg
+ rm -f '/scratch/cfontana/DIAGS/PAN_2026-07-10/CMEMS/thetao/ITP_NC/PLOT/*.pkl'
+ [ 1 -eq 1 ]
+ rm -f /scratch/cfontana/DIAGS/PAN_2026-07-10/CMEMS/thetao/ITP_NC/thetao_20260710.nc /scratch/cfontana/DIAGS/PAN_2026-07-10/CMEMS/thetao/ITP_NC/thetao_20260711.nc
+ date
Sat Jul 11 18:42:44 CEST 2026
+ cd ..
+ [ 1 -eq 1 ]
+ cd datasets/HFRADAR
+ python read_radar.py -c PAN_2026-07-10
----------------------------------
=> Config file PAN_2026-07-10 loaded
----------------------------------


----------
20260710 0
[Errno 2] No such file or directory: '/scratch/cfontana/RADAR//2026-07-10/EUHFR_NRTcurrent_HFR-TirLig-Total_v3.nc'
[Errno 2] No such file or directory: '/scratch/cfontana/RADAR//2026-07-10/EUHFR_NRTcurrent_HFR-ARPAS-Total_v3.nc'
[Errno 2] No such file or directory: '/scratch/cfontana/RADAR//2026-07-10/EUHFR_NRTcurrent_HFR-LaMMA-Total_v3.nc'
[Errno 2] No such file or directory: '/scratch/cfontana/RADAR//2026-07-10/EUHFR_NRTcurrent_HFR-GoS-Total_v3.nc'
[Errno 2] No such file or directory: '/scratch/cfontana/RADAR//2026-07-10/EUHFR_NRTcurrent_HFR-WesternItaly-Total_v3.nc'
[Errno 2] No such file or directory: '/scratch/cfontana/RADAR//2026-07-10/EUHFR_NRTcurrent_HFR-Granitola-Total_v3.nc'
[Errno 2] No such file or directory: '/scratch/cfontana/RADAR//2026-07-10/EUHFR_NRTcurrent_HFR-NAdr-Total_v3.nc'
[Errno 2] No such file or directory: '/scratch/cfontana/RADAR//2026-07-10/EUHFR_NRTcurrent_HFR-GoM-Total_v3.nc'
[SAVED FIG] /scratch/cfontana/DIAGS/PAN_2026-07-10/RADAR/20260710_00.jpg

----------
20260711 0
[Errno 2] No such file or directory: '/scratch/cfontana/RADAR//2026-07-10/EUHFR_NRTcurrent_HFR-TirLig-Total_v3.nc'
[Errno 2] No such file or directory: '/scratch/cfontana/RADAR//2026-07-10/EUHFR_NRTcurrent_HFR-ARPAS-Total_v3.nc'
[Errno 2] No such file or directory: '/scratch/cfontana/RADAR//2026-07-10/EUHFR_NRTcurrent_HFR-LaMMA-Total_v3.nc'
[Errno 2] No such file or directory: '/scratch/cfontana/RADAR//2026-07-10/EUHFR_NRTcurrent_HFR-GoS-Total_v3.nc'
[Errno 2] No such file or directory: '/scratch/cfontana/RADAR//2026-07-10/EUHFR_NRTcurrent_HFR-WesternItaly-Total_v3.nc'
[Errno 2] No such file or directory: '/scratch/cfontana/RADAR//2026-07-10/EUHFR_NRTcurrent_HFR-Granitola-Total_v3.nc'
[Errno 2] No such file or directory: '/scratch/cfontana/RADAR//2026-07-10/EUHFR_NRTcurrent_HFR-NAdr-Total_v3.nc'
[Errno 2] No such file or directory: '/scratch/cfontana/RADAR//2026-07-10/EUHFR_NRTcurrent_HFR-GoM-Total_v3.nc'
[SAVED FIG] /scratch/cfontana/DIAGS/PAN_2026-07-10/RADAR/20260711_00.jpg

----------
20260712 0
[Errno 2] No such file or directory: '/scratch/cfontana/RADAR//2026-07-10/EUHFR_NRTcurrent_HFR-TirLig-Total_v3.nc'
[Errno 2] No such file or directory: '/scratch/cfontana/RADAR//2026-07-10/EUHFR_NRTcurrent_HFR-ARPAS-Total_v3.nc'
[Errno 2] No such file or directory: '/scratch/cfontana/RADAR//2026-07-10/EUHFR_NRTcurrent_HFR-LaMMA-Total_v3.nc'
[Errno 2] No such file or directory: '/scratch/cfontana/RADAR//2026-07-10/EUHFR_NRTcurrent_HFR-GoS-Total_v3.nc'
[Errno 2] No such file or directory: '/scratch/cfontana/RADAR//2026-07-10/EUHFR_NRTcurrent_HFR-WesternItaly-Total_v3.nc'
[Errno 2] No such file or directory: '/scratch/cfontana/RADAR//2026-07-10/EUHFR_NRTcurrent_HFR-Granitola-Total_v3.nc'
[Errno 2] No such file or directory: '/scratch/cfontana/RADAR//2026-07-10/EUHFR_NRTcurrent_HFR-NAdr-Total_v3.nc'
[Errno 2] No such file or directory: '/scratch/cfontana/RADAR//2026-07-10/EUHFR_NRTcurrent_HFR-GoM-Total_v3.nc'
[SAVED FIG] /scratch/cfontana/DIAGS/PAN_2026-07-10/RADAR/20260712_00.jpg

----------
20260713 0
[Errno 2] No such file or directory: '/scratch/cfontana/RADAR//2026-07-10/EUHFR_NRTcurrent_HFR-TirLig-Total_v3.nc'
[Errno 2] No such file or directory: '/scratch/cfontana/RADAR//2026-07-10/EUHFR_NRTcurrent_HFR-ARPAS-Total_v3.nc'
[Errno 2] No such file or directory: '/scratch/cfontana/RADAR//2026-07-10/EUHFR_NRTcurrent_HFR-LaMMA-Total_v3.nc'
[Errno 2] No such file or directory: '/scratch/cfontana/RADAR//2026-07-10/EUHFR_NRTcurrent_HFR-GoS-Total_v3.nc'
[Errno 2] No such file or directory: '/scratch/cfontana/RADAR//2026-07-10/EUHFR_NRTcurrent_HFR-WesternItaly-Total_v3.nc'
[Errno 2] No such file or directory: '/scratch/cfontana/RADAR//2026-07-10/EUHFR_NRTcurrent_HFR-Granitola-Total_v3.nc'
[Errno 2] No such file or directory: '/scratch/cfontana/RADAR//2026-07-10/EUHFR_NRTcurrent_HFR-NAdr-Total_v3.nc'
[Errno 2] No such file or directory: '/scratch/cfontana/RADAR//2026-07-10/EUHFR_NRTcurrent_HFR-GoM-Total_v3.nc'
[SAVED FIG] /scratch/cfontana/DIAGS/PAN_2026-07-10/RADAR/20260713_00.jpg

----------
20260714 0
[Errno 2] No such file or directory: '/scratch/cfontana/RADAR//2026-07-10/EUHFR_NRTcurrent_HFR-TirLig-Total_v3.nc'
[Errno 2] No such file or directory: '/scratch/cfontana/RADAR//2026-07-10/EUHFR_NRTcurrent_HFR-ARPAS-Total_v3.nc'
[Errno 2] No such file or directory: '/scratch/cfontana/RADAR//2026-07-10/EUHFR_NRTcurrent_HFR-LaMMA-Total_v3.nc'
[Errno 2] No such file or directory: '/scratch/cfontana/RADAR//2026-07-10/EUHFR_NRTcurrent_HFR-GoS-Total_v3.nc'
[Errno 2] No such file or directory: '/scratch/cfontana/RADAR//2026-07-10/EUHFR_NRTcurrent_HFR-WesternItaly-Total_v3.nc'
[Errno 2] No such file or directory: '/scratch/cfontana/RADAR//2026-07-10/EUHFR_NRTcurrent_HFR-Granitola-Total_v3.nc'
[Errno 2] No such file or directory: '/scratch/cfontana/RADAR//2026-07-10/EUHFR_NRTcurrent_HFR-NAdr-Total_v3.nc'
[Errno 2] No such file or directory: '/scratch/cfontana/RADAR//2026-07-10/EUHFR_NRTcurrent_HFR-GoM-Total_v3.nc'
[SAVED FIG] /scratch/cfontana/DIAGS/PAN_2026-07-10/RADAR/20260714_00.jpg

----------
20260715 0
[Errno 2] No such file or directory: '/scratch/cfontana/RADAR//2026-07-10/EUHFR_NRTcurrent_HFR-TirLig-Total_v3.nc'
[Errno 2] No such file or directory: '/scratch/cfontana/RADAR//2026-07-10/EUHFR_NRTcurrent_HFR-ARPAS-Total_v3.nc'
[Errno 2] No such file or directory: '/scratch/cfontana/RADAR//2026-07-10/EUHFR_NRTcurrent_HFR-LaMMA-Total_v3.nc'
[Errno 2] No such file or directory: '/scratch/cfontana/RADAR//2026-07-10/EUHFR_NRTcurrent_HFR-GoS-Total_v3.nc'
[Errno 2] No such file or directory: '/scratch/cfontana/RADAR//2026-07-10/EUHFR_NRTcurrent_HFR-WesternItaly-Total_v3.nc'
[Errno 2] No such file or directory: '/scratch/cfontana/RADAR//2026-07-10/EUHFR_NRTcurrent_HFR-Granitola-Total_v3.nc'
[Errno 2] No such file or directory: '/scratch/cfontana/RADAR//2026-07-10/EUHFR_NRTcurrent_HFR-NAdr-Total_v3.nc'
[Errno 2] No such file or directory: '/scratch/cfontana/RADAR//2026-07-10/EUHFR_NRTcurrent_HFR-GoM-Total_v3.nc'
[SAVED FIG] /scratch/cfontana/DIAGS/PAN_2026-07-10/RADAR/20260715_00.jpg
+ date
Sat Jul 11 18:45:00 CEST 2026
+ cd ../..
+ sed -e s/DINI/2026-07-10/g
+ sed -e s/FREQ/daily/
+ 1> config/config_PAN_2026-07-10.json
+ cat config/config_PAN.json
+ sed -e s/DOUT/20260710/
+ sed -e s/DEND/2026-07-15/
+ [ 1 -eq 1 ]
+ cd datasets/CMEMS
+ python get_data_sat.py -c PAN_2026-07-10 -v chl
INFO - 2026-07-11T16:45:03Z - Selected dataset version: "202211"
INFO - 2026-07-11T16:45:03Z - Selected dataset part: "default"
WARNING - 2026-07-11T16:45:03Z - Some of your subset selection [2026-07-10 00:00:00+00:00, 2026-07-15 00:00:00+00:00] for the time dimension exceed the dataset coordinates [2026-07-03 00:00:00+00:00, 2026-07-10 00:00:00+00:00]
----------------------------------
=> Config file PAN_2026-07-10 loaded
----------------------------------

Downloading CMEMS products : cmems_obs-oc_med_bgc-plankton_nrt_l3-multi-1km_P1D
=> Variable ['CHL', 'KD490'] 

------------------------------
DATE =>>> 2026-07-10 2026-07-15
------------------------------

[FILE SAVED ] /scratch/cfontana/DIAGS/PAN_2026-07-10/CMEMS/data/cmems_obs-oc_med_bgc-plankton_nrt_l3-multi-1km_P1D.nc
+ python interp_cmems.py -c PAN_2026-07-10 -v chl
----------------------------------
=> Config file PAN_2026-07-10 loaded
----------------------------------


[FILE SAVED] /scratch/cfontana/DIAGS/PAN_2026-07-10/CMEMS/chl/ITP_NC/chl_20260710.nc

+ [ 2 -eq 2 ]
+ error=1
+ cd ../../plot
+ python plot_CMEMS_pickle_data_vs_sat.py -c PAN_2026-07-10 -v chl -s CMEMS
----------------------------------
=> Config file PAN_2026-07-10 loaded
----------------------------------

Processing
739807 0.04085380352611937 0.03981503 0.04115949748271799 0.9497357841773912
[Errno 2] No such file or directory: '/scratch/cfontana/DIAGS/PAN_2026-07-10/CMEMS/chl/ITP_NC/chl_20260711.nc' 

=> in get_sat_2D :
Error processing file /scratch/cfontana/DIAGS/PAN_2026-07-10/CMEMS/chl/ITP_NC/chl_20260711.nc
File not found
739808 0.04104111481469283 nan 0.04612670927152254 1
[Errno 2] No such file or directory: '/scratch/cfontana/DIAGS/PAN_2026-07-10/CMEMS/chl/ITP_NC/chl_20260712.nc' 

=> in get_sat_2D :
Error processing file /scratch/cfontana/DIAGS/PAN_2026-07-10/CMEMS/chl/ITP_NC/chl_20260712.nc
File not found
739809 0.04002241066159567 nan 0.044376392349749896 1
[Errno 2] No such file or directory: '/scratch/cfontana/DIAGS/PAN_2026-07-10/CMEMS/chl/ITP_NC/chl_20260713.nc' 

=> in get_sat_2D :
Error processing file /scratch/cfontana/DIAGS/PAN_2026-07-10/CMEMS/chl/ITP_NC/chl_20260713.nc
File not found
739810 0.03822889401881132 nan 0.042959755549523145 1
[Errno 2] No such file or directory: '/scratch/cfontana/DIAGS/PAN_2026-07-10/CMEMS/chl/ITP_NC/chl_20260714.nc' 

=> in get_sat_2D :
Error processing file /scratch/cfontana/DIAGS/PAN_2026-07-10/CMEMS/chl/ITP_NC/chl_20260714.nc
File not found
739811 0.036325898156920736 nan 0.04246380157183623 1
[Errno 2] No such file or directory: '/scratch/cfontana/DIAGS/PAN_2026-07-10/CMEMS/chl/ITP_NC/chl_20260715.nc' 

=> in get_sat_2D :
Error processing file /scratch/cfontana/DIAGS/PAN_2026-07-10/CMEMS/chl/ITP_NC/chl_20260715.nc
File not found
739812 0.03466027212098381 nan 0.04289866650223338 1
[SAVED FIG] /scratch/cfontana/DIAGS/PAN_2026-07-10/CMEMS/chl/ITP_NC/PLOT/2026071012_chl.jpg
[SAVED FIG] /scratch/cfontana/DIAGS/PAN_2026-07-10/CMEMS/chl/ITP_NC/PLOT/2026071112_chl.jpg
[SAVED FIG] /scratch/cfontana/DIAGS/PAN_2026-07-10/CMEMS/chl/ITP_NC/PLOT/2026071212_chl.jpg
[SAVED FIG] /scratch/cfontana/DIAGS/PAN_2026-07-10/CMEMS/chl/ITP_NC/PLOT/2026071312_chl.jpg
[SAVED FIG] /scratch/cfontana/DIAGS/PAN_2026-07-10/CMEMS/chl/ITP_NC/PLOT/2026071412_chl.jpg
[SAVED FIG] /scratch/cfontana/DIAGS/PAN_2026-07-10/CMEMS/chl/ITP_NC/PLOT/2026071512_chl.jpg
+ python plot_sat_CMEMS_timeseries.py -c PAN_2026-07-10 -v chl -s CMEMS
----------------------------------
=> Config file PAN_2026-07-10 loaded
----------------------------------

[SAVED FIG] /scratch/cfontana/DIAGS/PAN_2026-07-10/CMEMS/chl/ITP_NC/time_series.jpg
+ rm -f '/scratch/cfontana/DIAGS/PAN_2026-07-10/CMEMS/chl/ITP_NC/PLOT/*.pkl'
+ [ 1 -eq 1 ]
+ rm -f /scratch/cfontana/DIAGS/PAN_2026-07-10/CMEMS/chl/ITP_NC/chl_20260710.nc
+ date
Sat Jul 11 18:49:33 CEST 2026
+ cd ..
+ [ 1 -eq 0 ]
+ [ 1 -eq 1 ]
+ rm -f /scratch/cfontana/DIAGS/PAN_2026-07-10/CMEMS/data/SST_MED_SST_L3S_NRT_OBSERVATIONS_010_012_b.nc /scratch/cfontana/DIAGS/PAN_2026-07-10/CMEMS/data/cmems_obs-oc_med_bgc-plankton_nrt_l3-multi-1km_P1D.nc
+ [ 1 -eq 1 ]
+ source /home/cfontana/venv/a/bin/activate
+ 1> /dev/null
+ deactivate nondestructive
+ [ -n /home/cfontana/venv/c/bin:/usr/local/sbin:/usr/local/bin:/usr/sbin:/usr/bin:/sbin:/bin:/usr/games:/usr/local/games:/snap/bin ]
+ PATH=/home/cfontana/venv/c/bin:/usr/local/sbin:/usr/local/bin:/usr/sbin:/usr/bin:/sbin:/bin:/usr/games:/usr/local/games:/snap/bin
+ export PATH
+ unset _OLD_VIRTUAL_PATH
+ [ -n '' ]
+ hash -r
+ 2> /dev/null
+ [ -n '(c) \[\e]0;\u@\h: \w\a\]${debian_chroot:+($debian_chroot)}\[\033[01;32m\]\u@\h\[\033[00m\]:\[\033[01;34m\]\w\[\033[00m\]\$ ' ]
+ PS1='(c) \[\e]0;\u@\h: \w\a\]${debian_chroot:+($debian_chroot)}\[\033[01;32m\]\u@\h\[\033[00m\]:\[\033[01;34m\]\w\[\033[00m\]\$ '
+ export PS1
+ unset _OLD_VIRTUAL_PS1
+ unset VIRTUAL_ENV
+ unset VIRTUAL_ENV_PROMPT
+ [ ! nondestructive '=' nondestructive ]
+ [ '' '=' cygwin ]
+ [ '' '=' msys ]
+ VIRTUAL_ENV=/home/cfontana/venv/a
+ export VIRTUAL_ENV
+ _OLD_VIRTUAL_PATH=/home/cfontana/venv/c/bin:/usr/local/sbin:/usr/local/bin:/usr/sbin:/usr/bin:/sbin:/bin:/usr/games:/usr/local/games:/snap/bin
+ PATH=/home/cfontana/venv/a/bin:/home/cfontana/venv/c/bin:/usr/local/sbin:/usr/local/bin:/usr/sbin:/usr/bin:/sbin:/bin:/usr/games:/usr/local/games:/snap/bin
+ export PATH
+ [ -n '' ]
+ [ -z '' ]
+ _OLD_VIRTUAL_PS1='(c) \[\e]0;\u@\h: \w\a\]${debian_chroot:+($debian_chroot)}\[\033[01;32m\]\u@\h\[\033[00m\]:\[\033[01;34m\]\w\[\033[00m\]\$ '
+ PS1='(a) (c) \[\e]0;\u@\h: \w\a\]${debian_chroot:+($debian_chroot)}\[\033[01;32m\]\u@\h\[\033[00m\]:\[\033[01;34m\]\w\[\033[00m\]\$ '
+ export PS1
+ VIRTUAL_ENV_PROMPT='(a) '
+ export VIRTUAL_ENV_PROMPT
+ hash -r
+ 2> /dev/null
+ sed -i s/daily/hourly/ config/config_PAN_2026-07-10.json
+ cd datasets/ARGO
+ python get_argo.py -c PAN_2026-07-10
----------------------------------
=> Config file PAN_2026-07-10 loaded
----------------------------------

[np.float64(14.9848964375525), np.float64(15.1921881042855), np.float64(38.536979876696506), np.float64(38.744271543429505), 0, 500, '2026-07-10', '2026-07-15']
Traceback (most recent call last):
  File "/home/cfontana/DATA_MED/datasets/ARGO/get_argo.py", line 73, in <module>
    f = f.region(box).load()
        ^^^^^^^^^^^^^^^^^^^^
  File "/home/cfontana/venv/a/lib/python3.12/site-packages/argopy/fetchers.py", line 886, in load
    self._data = self._to_xarray(**kwargs)
                 ^^^^^^^^^^^^^^^^^^^^^^^^^
  File "/home/cfontana/venv/a/lib/python3.12/site-packages/argopy/fetchers.py", line 673, in _to_xarray
    xds = self.fetcher.to_xarray(**kwargs)
          ^^^^^^^^^^^^^^^^^^^^^^^^^^^^^^^^
  File "/home/cfontana/venv/a/lib/python3.12/site-packages/argopy/data_fetchers/erddap_data.py", line 583, in to_xarray
    results = self.fs.open_dataset(URI[0])
              ^^^^^^^^^^^^^^^^^^^^^^^^^^^^
  File "/home/cfontana/venv/a/lib/python3.12/site-packages/argopy/stores/implementations/http.py", line 349, in open_dataset
    target, _ = load_in_memory(
                ^^^^^^^^^^^^^^^
  File "/home/cfontana/venv/a/lib/python3.12/site-packages/argopy/stores/implementations/http.py", line 261, in load_in_memory
    data = self.download_url(url, **dwn_opts)
           ^^^^^^^^^^^^^^^^^^^^^^^^^^^^^^^^^^
  File "/home/cfontana/venv/a/lib/python3.12/site-packages/argopy/stores/implementations/http.py", line 169, in download_url
    data, n = make_request(
              ^^^^^^^^^^^^^
  File "/home/cfontana/venv/a/lib/python3.12/site-packages/argopy/stores/implementations/http.py", line 124, in make_request
    raise e
  File "/home/cfontana/venv/a/lib/python3.12/site-packages/argopy/stores/implementations/http.py", line 121, in make_request
    data = ffs.cat_file(url, **cat_opts)
           ^^^^^^^^^^^^^^^^^^^^^^^^^^^^^
  File "/home/cfontana/venv/a/lib/python3.12/site-packages/fsspec/asyn.py", line 118, in wrapper
    return sync(self.loop, func, *args, **kwargs)
           ^^^^^^^^^^^^^^^^^^^^^^^^^^^^^^^^^^^^^^
  File "/home/cfontana/venv/a/lib/python3.12/site-packages/fsspec/asyn.py", line 103, in sync
    raise return_result
  File "/home/cfontana/venv/a/lib/python3.12/site-packages/fsspec/asyn.py", line 56, in _runner
    result[0] = await coro
                ^^^^^^^^^^
  File "/home/cfontana/venv/a/lib/python3.12/site-packages/fsspec/implementations/http.py", line 247, in _cat_file
    self._raise_not_found_for_status(r, url)
  File "/home/cfontana/venv/a/lib/python3.12/site-packages/fsspec/implementations/http.py", line 229, in _raise_not_found_for_status
    raise FileNotFoundError(url)
FileNotFoundError: https://erddap.ifremer.fr/erddap/tabledap/ArgoFloats.nc?config_mission_number,cycle_number,data_mode,direction,latitude,longitude,platform_number,position_qc,pres,pres_adjusted,pres_adjusted_error,pres_adjusted_qc,pres_qc,psal,psal_adjusted,psal_adjusted_error,psal_adjusted_qc,psal_qc,temp,temp_adjusted,temp_adjusted_error,temp_adjusted_qc,temp_qc,time,time_qc,vertical_sampling_scheme&longitude>=14.9848964375525&longitude<=15.1921881042855&latitude>=38.536979876696506&latitude<=38.744271543429505&pres>=0&pres<=500&time>=1783641600.0&time<=1784073600.0&latitude!=NaN&longitude!=NaN&distinct()&orderBy("time,pres")
+ [ 1 -eq 0 ]
+ cd ../../
+ sed -i s/phy/bgc/ config/config_PAN_2026-07-10.json
+ cd datasets/ARGO
+ python get_argo.py -c PAN_2026-07-10
----------------------------------
=> Config file PAN_2026-07-10 loaded
----------------------------------

[np.float64(14.9848964375525), np.float64(15.1921881042855), np.float64(38.536979876696506), np.float64(38.744271543429505), 0, 500, '2026-07-10', '2026-07-15']
Traceback (most recent call last):
  File "/home/cfontana/DATA_MED/datasets/ARGO/get_argo.py", line 73, in <module>
    f = f.region(box).load()
        ^^^^^^^^^^^^^
  File "/home/cfontana/venv/a/lib/python3.12/site-packages/argopy/fetchers.py", line 68, in wrapper
    return AccessPoint(*args)
           ^^^^^^^^^^^^^^^^^^
  File "/home/cfontana/venv/a/lib/python3.12/site-packages/argopy/fetchers.py", line 648, in region
    self.fetcher = self.Fetchers["region"](box=box, **self.fetcher_options)
                   ^^^^^^^^^^^^^^^^^^^^^^^^^^^^^^^^^^^^^^^^^^^^^^^^^^^^^^^^
  File "/home/cfontana/venv/a/lib/python3.12/site-packages/argopy/data_fetchers/erddap_data.py", line 184, in __init__
    params = self._bgc_vlist_avail
             ^^^^^^^^^^^^^^^^^^^^^
  File "/home/cfontana/venv/a/lib/python3.12/site-packages/argopy/data_fetchers/erddap_data.py", line 305, in _bgc_vlist_avail
    params = self.indexfs.read_params()
             ^^^^^^^^^^^^^^^^^^^^^^^^^^
  File "/home/cfontana/venv/a/lib/python3.12/site-packages/argopy/stores/index/implementations/pandas/index.py", line 281, in read_params
    raise DataNotFound(
argopy.errors.DataNotFound: 'No data found in the index corresponding to your search criteria. Search definition: x=14.98/15.19;y=38.54/38.74;t=2026-07-10/2026-07-15'
+ [ 1 -eq 0 ]
+ cd ../../
+ [ 1 -eq 1 ]
+ source /home/cfontana/venv/c/bin/activate
+ 1> /dev/null
+ deactivate nondestructive
+ [ -n /home/cfontana/venv/c/bin:/usr/local/sbin:/usr/local/bin:/usr/sbin:/usr/bin:/sbin:/bin:/usr/games:/usr/local/games:/snap/bin ]
+ PATH=/home/cfontana/venv/c/bin:/usr/local/sbin:/usr/local/bin:/usr/sbin:/usr/bin:/sbin:/bin:/usr/games:/usr/local/games:/snap/bin
+ export PATH
+ unset _OLD_VIRTUAL_PATH
+ [ -n '' ]
+ hash -r
+ 2> /dev/null
+ [ -n '(c) \[\e]0;\u@\h: \w\a\]${debian_chroot:+($debian_chroot)}\[\033[01;32m\]\u@\h\[\033[00m\]:\[\033[01;34m\]\w\[\033[00m\]\$ ' ]
+ PS1='(c) \[\e]0;\u@\h: \w\a\]${debian_chroot:+($debian_chroot)}\[\033[01;32m\]\u@\h\[\033[00m\]:\[\033[01;34m\]\w\[\033[00m\]\$ '
+ export PS1
+ unset _OLD_VIRTUAL_PS1
+ unset VIRTUAL_ENV
+ unset VIRTUAL_ENV_PROMPT
+ [ ! nondestructive '=' nondestructive ]
+ [ '' '=' cygwin ]
+ [ '' '=' msys ]
+ VIRTUAL_ENV=/home/cfontana/venv/c
+ export VIRTUAL_ENV
+ _OLD_VIRTUAL_PATH=/home/cfontana/venv/c/bin:/usr/local/sbin:/usr/local/bin:/usr/sbin:/usr/bin:/sbin:/bin:/usr/games:/usr/local/games:/snap/bin
+ PATH=/home/cfontana/venv/c/bin:/home/cfontana/venv/c/bin:/usr/local/sbin:/usr/local/bin:/usr/sbin:/usr/bin:/sbin:/bin:/usr/games:/usr/local/games:/snap/bin
+ export PATH
+ [ -n '' ]
+ [ -z '' ]
+ _OLD_VIRTUAL_PS1='(c) \[\e]0;\u@\h: \w\a\]${debian_chroot:+($debian_chroot)}\[\033[01;32m\]\u@\h\[\033[00m\]:\[\033[01;34m\]\w\[\033[00m\]\$ '
+ PS1='(c) (c) \[\e]0;\u@\h: \w\a\]${debian_chroot:+($debian_chroot)}\[\033[01;32m\]\u@\h\[\033[00m\]:\[\033[01;34m\]\w\[\033[00m\]\$ '
+ export PS1
+ VIRTUAL_ENV_PROMPT='(c) '
+ export VIRTUAL_ENV_PROMPT
+ hash -r
+ 2> /dev/null
+ static=/scratch/cfontana/DIAGS/PAN_2026-07-10/static_PAN_2026-07-10
+ mkdir /scratch/cfontana/DIAGS/PAN_2026-07-10/static_PAN_2026-07-10
+ dir=/scratch/cfontana/DIAGS/PAN_2026-07-10/CMEMS/thetao/ITP_NC
+ i=1
+ ls /scratch/cfontana/DIAGS/PAN_2026-07-10/CMEMS/thetao/ITP_NC/PLOT/
+ cp /scratch/cfontana/DIAGS/PAN_2026-07-10/CMEMS/thetao/ITP_NC/PLOT/2026071000_thetao.jpg /scratch/cfontana/DIAGS/PAN_2026-07-10/static_PAN_2026-07-10/thetao_1.jpg
+ let i=1+1
+ cp /scratch/cfontana/DIAGS/PAN_2026-07-10/CMEMS/thetao/ITP_NC/PLOT/2026071100_thetao.jpg /scratch/cfontana/DIAGS/PAN_2026-07-10/static_PAN_2026-07-10/thetao_2.jpg
+ let i=2+1
+ cp /scratch/cfontana/DIAGS/PAN_2026-07-10/CMEMS/thetao/ITP_NC/PLOT/2026071200_thetao.jpg /scratch/cfontana/DIAGS/PAN_2026-07-10/static_PAN_2026-07-10/thetao_3.jpg
+ let i=3+1
+ cp /scratch/cfontana/DIAGS/PAN_2026-07-10/CMEMS/thetao/ITP_NC/PLOT/2026071300_thetao.jpg /scratch/cfontana/DIAGS/PAN_2026-07-10/static_PAN_2026-07-10/thetao_4.jpg
+ let i=4+1
+ cp /scratch/cfontana/DIAGS/PAN_2026-07-10/CMEMS/thetao/ITP_NC/PLOT/2026071400_thetao.jpg /scratch/cfontana/DIAGS/PAN_2026-07-10/static_PAN_2026-07-10/thetao_5.jpg
+ let i=5+1
+ cp /scratch/cfontana/DIAGS/PAN_2026-07-10/CMEMS/thetao/ITP_NC/PLOT/2026071500_thetao.jpg /scratch/cfontana/DIAGS/PAN_2026-07-10/static_PAN_2026-07-10/thetao_6.jpg
+ let i=6+1
+ cp /scratch/cfontana/DIAGS/PAN_2026-07-10/CMEMS/thetao/ITP_NC/time_series.jpg /scratch/cfontana/DIAGS/PAN_2026-07-10/static_PAN_2026-07-10/time_series_thetao.jpg
+ dir=/scratch/cfontana/DIAGS/PAN_2026-07-10/CMEMS/chl/ITP_NC
+ i=1
+ ls /scratch/cfontana/DIAGS/PAN_2026-07-10/CMEMS/chl/ITP_NC/PLOT/
+ cp /scratch/cfontana/DIAGS/PAN_2026-07-10/CMEMS/chl/ITP_NC/PLOT/2026071012_chl.jpg /scratch/cfontana/DIAGS/PAN_2026-07-10/static_PAN_2026-07-10/chl_1.jpg
+ let i=1+1
+ cp /scratch/cfontana/DIAGS/PAN_2026-07-10/CMEMS/chl/ITP_NC/PLOT/2026071112_chl.jpg /scratch/cfontana/DIAGS/PAN_2026-07-10/static_PAN_2026-07-10/chl_2.jpg
+ let i=2+1
+ cp /scratch/cfontana/DIAGS/PAN_2026-07-10/CMEMS/chl/ITP_NC/PLOT/2026071212_chl.jpg /scratch/cfontana/DIAGS/PAN_2026-07-10/static_PAN_2026-07-10/chl_3.jpg
+ let i=3+1
+ cp /scratch/cfontana/DIAGS/PAN_2026-07-10/CMEMS/chl/ITP_NC/PLOT/2026071312_chl.jpg /scratch/cfontana/DIAGS/PAN_2026-07-10/static_PAN_2026-07-10/chl_4.jpg
+ let i=4+1
+ cp /scratch/cfontana/DIAGS/PAN_2026-07-10/CMEMS/chl/ITP_NC/PLOT/2026071412_chl.jpg /scratch/cfontana/DIAGS/PAN_2026-07-10/static_PAN_2026-07-10/chl_5.jpg
+ let i=5+1
+ cp /scratch/cfontana/DIAGS/PAN_2026-07-10/CMEMS/chl/ITP_NC/PLOT/2026071512_chl.jpg /scratch/cfontana/DIAGS/PAN_2026-07-10/static_PAN_2026-07-10/chl_6.jpg
+ let i=6+1
+ cp /scratch/cfontana/DIAGS/PAN_2026-07-10/CMEMS/chl/ITP_NC/time_series.jpg /scratch/cfontana/DIAGS/PAN_2026-07-10/static_PAN_2026-07-10/time_series_chl.jpg
+ dir=/scratch/cfontana/DIAGS/PAN_2026-07-10/RADAR/
+ i=1
+ ls /scratch/cfontana/DIAGS/PAN_2026-07-10/RADAR//20260710_00.jpg /scratch/cfontana/DIAGS/PAN_2026-07-10/RADAR//20260711_00.jpg /scratch/cfontana/DIAGS/PAN_2026-07-10/RADAR//20260712_00.jpg /scratch/cfontana/DIAGS/PAN_2026-07-10/RADAR//20260713_00.jpg /scratch/cfontana/DIAGS/PAN_2026-07-10/RADAR//20260714_00.jpg /scratch/cfontana/DIAGS/PAN_2026-07-10/RADAR//20260715_00.jpg
+ cp /scratch/cfontana/DIAGS/PAN_2026-07-10/RADAR//20260710_00.jpg /scratch/cfontana/DIAGS/PAN_2026-07-10/static_PAN_2026-07-10/radar_1.jpg
+ let i=1+1
+ cp /scratch/cfontana/DIAGS/PAN_2026-07-10/RADAR//20260711_00.jpg /scratch/cfontana/DIAGS/PAN_2026-07-10/static_PAN_2026-07-10/radar_2.jpg
+ let i=2+1
+ cp /scratch/cfontana/DIAGS/PAN_2026-07-10/RADAR//20260712_00.jpg /scratch/cfontana/DIAGS/PAN_2026-07-10/static_PAN_2026-07-10/radar_3.jpg
+ let i=3+1
+ cp /scratch/cfontana/DIAGS/PAN_2026-07-10/RADAR//20260713_00.jpg /scratch/cfontana/DIAGS/PAN_2026-07-10/static_PAN_2026-07-10/radar_4.jpg
+ let i=4+1
+ cp /scratch/cfontana/DIAGS/PAN_2026-07-10/RADAR//20260714_00.jpg /scratch/cfontana/DIAGS/PAN_2026-07-10/static_PAN_2026-07-10/radar_5.jpg
+ let i=5+1
+ cp /scratch/cfontana/DIAGS/PAN_2026-07-10/RADAR//20260715_00.jpg /scratch/cfontana/DIAGS/PAN_2026-07-10/static_PAN_2026-07-10/radar_6.jpg
+ let i=6+1
+ dir=/scratch/cfontana/DIAGS/PAN_2026-07-10/ARGO/
+ ls -d '/scratch/cfontana/DIAGS/PAN_2026-07-10/ARGO//bio*/'
ls: cannot access '/scratch/cfontana/DIAGS/PAN_2026-07-10/ARGO//bio*/': No such file or directory
+ i=1
+ 1> /scratch/cfontana/DIAGS/PAN_2026-07-10/static_PAN_2026-07-10/list.txt
+ ls -d '/scratch/cfontana/DIAGS/PAN_2026-07-10/ARGO//*/'
ls: cannot access '/scratch/cfontana/DIAGS/PAN_2026-07-10/ARGO//*/': No such file or directory
+ cp /scratch/cfontana/DIAGS/PAN_2026-07-10/ARGO//map.jpg /scratch/cfontana/DIAGS/PAN_2026-07-10/static_PAN_2026-07-10
cp: cannot stat '/scratch/cfontana/DIAGS/PAN_2026-07-10/ARGO//map.jpg': No such file or directory
+ scp -r /scratch/cfontana/DIAGS/PAN_2026-07-10/static_PAN_2026-07-10 yulpa175555@webhost03.yulpa.io:/datas/yulpa175555/sites/merval.eg2.fr/htdocs/DIAGS
+ echo 'PROCESSING PES'
PROCESSING PES
+ echo '_______________ '
_______________ 
+ date
Sat Jul 11 18:49:51 CEST 2026
+ config=PES_2026-07-10
+ awk '{print tolower($0)}'
+ echo PES
+ lower=pes
+ set -x
+ cat config/config_PES.json
+ sed -e s/DINI/2026-07-10/g
+ sed -e s/FREQ/hourly/
+ sed -e s/DOUT/20260710/
+ 1> config/config_PES_2026-07-10.json
+ sed -e s/DEND/2026-07-15/
+ cp config/cmems_DOMAIN.dat config/cmems_PES_2026-07-10.dat
+ cp config/variables_mit_DOMAIN.dat config/variables_mit_PES_2026-07-10.dat
+ jq -r .diagdir config/config_PES_2026-07-10.json
+ diagdir=/scratch/cfontana/DIAGS/PES_2026-07-10
+ jq -r .radardir config/config_PES_2026-07-10.json
+ radardir=/scratch/cfontana/RADAR/
+ [ 0 -eq 0 -a 0 -eq 1 ]
+ [ 1 -eq 1 ]
+ cd datasets/CMEMS
+ python get_data_sat.py -c PES_2026-07-10 -v thetao
INFO - 2026-07-11T16:49:53Z - Selected dataset version: "202311"
INFO - 2026-07-11T16:49:53Z - Selected dataset part: "default"
WARNING - 2026-07-11T16:49:53Z - Some of your subset selection [2026-07-10 00:00:00+00:00, 2026-07-15 00:00:00+00:00] for the time dimension exceed the dataset coordinates [2008-01-01 00:00:00+00:00, 2026-07-11 00:00:00+00:00]
----------------------------------
=> Config file PES_2026-07-10 loaded
----------------------------------

Downloading CMEMS products : SST_MED_SST_L3S_NRT_OBSERVATIONS_010_012_b
=> Variable [np.str_('adjusted_sea_surface_temperature')] 

------------------------------
DATE =>>> 2026-07-10 2026-07-15
------------------------------
  0%|                                                                                          | 0/102 [00:00<?, ?it/s]  1%|▊                                                                                 | 1/102 [00:00<00:46,  2.19it/s]  5%|████                                                                              | 5/102 [00:00<00:08, 10.86it/s] 21%|████████████████▋                                                                | 21/102 [00:00<00:01, 42.70it/s] 32%|██████████████████████████▏                                                      | 33/102 [00:00<00:01, 60.92it/s] 41%|█████████████████████████████████▎                                               | 42/102 [00:00<00:00, 65.21it/s] 54%|███████████████████████████████████████████▋                                     | 55/102 [00:01<00:00, 75.76it/s] 63%|██████████████████████████████████████████████████▊                              | 64/102 [00:01<00:00, 76.44it/s] 77%|██████████████████████████████████████████████████████████████▋                  | 79/102 [00:01<00:00, 81.81it/s] 86%|█████████████████████████████████████████████████████████████████████▉           | 88/102 [00:01<00:00, 80.93it/s] 95%|█████████████████████████████████████████████████████████████████████████████    | 97/102 [00:01<00:00, 82.78it/s]100%|████████████████████████████████████████████████████████████████████████████████| 102/102 [00:01<00:00, 63.59it/s]

[FILE SAVED ] /scratch/cfontana/DIAGS/PES_2026-07-10/CMEMS/data/SST_MED_SST_L3S_NRT_OBSERVATIONS_010_012_b.nc
+ python interp_cmems.py -c PES_2026-07-10 -v thetao
----------------------------------
=> Config file PES_2026-07-10 loaded
----------------------------------


[FILE SAVED] /scratch/cfontana/DIAGS/PES_2026-07-10/CMEMS/thetao/ITP_NC/thetao_20260710.nc


[FILE SAVED] /scratch/cfontana/DIAGS/PES_2026-07-10/CMEMS/thetao/ITP_NC/thetao_20260711.nc

+ [ 2 -eq 2 ]
+ error=1
+ cd ../../plot
+ python plot_CMEMS_pickle_data_vs_sat.py -c PES_2026-07-10 -v thetao -s CMEMS
----------------------------------
=> Config file PES_2026-07-10 loaded
----------------------------------

Processing
739807 27.758158208892098 27.512306 nan 0.8503013095376057
739808 27.51901938364443 27.369486 nan 0.8018889790242206
[Errno 2] No such file or directory: '/scratch/cfontana/DIAGS/PES_2026-07-10/CMEMS/thetao/ITP_NC/thetao_20260712.nc' 

=> in get_sat_2D :
Error processing file /scratch/cfontana/DIAGS/PES_2026-07-10/CMEMS/thetao/ITP_NC/thetao_20260712.nc
File not found
739809 27.430752188806714 nan 26.380776606017257 1
[Errno 2] No such file or directory: '/scratch/cfontana/DIAGS/PES_2026-07-10/CMEMS/thetao/ITP_NC/thetao_20260713.nc' 

=> in get_sat_2D :
Error processing file /scratch/cfontana/DIAGS/PES_2026-07-10/CMEMS/thetao/ITP_NC/thetao_20260713.nc
File not found
739810 27.630035307989907 nan 26.42524095747879 1
[Errno 2] No such file or directory: '/scratch/cfontana/DIAGS/PES_2026-07-10/CMEMS/thetao/ITP_NC/thetao_20260714.nc' 

=> in get_sat_2D :
Error processing file /scratch/cfontana/DIAGS/PES_2026-07-10/CMEMS/thetao/ITP_NC/thetao_20260714.nc
File not found
739811 27.757897130815405 nan 26.105356134286048 1
[Errno 2] No such file or directory: '/scratch/cfontana/DIAGS/PES_2026-07-10/CMEMS/thetao/ITP_NC/thetao_20260715.nc' 

=> in get_sat_2D :
Error processing file /scratch/cfontana/DIAGS/PES_2026-07-10/CMEMS/thetao/ITP_NC/thetao_20260715.nc
File not found
739812 27.750722621157458 nan 26.28569902164835 1
[SAVED FIG] /scratch/cfontana/DIAGS/PES_2026-07-10/CMEMS/thetao/ITP_NC/PLOT/2026071000_thetao.jpg
[SAVED FIG] /scratch/cfontana/DIAGS/PES_2026-07-10/CMEMS/thetao/ITP_NC/PLOT/2026071100_thetao.jpg
[SAVED FIG] /scratch/cfontana/DIAGS/PES_2026-07-10/CMEMS/thetao/ITP_NC/PLOT/2026071200_thetao.jpg
[SAVED FIG] /scratch/cfontana/DIAGS/PES_2026-07-10/CMEMS/thetao/ITP_NC/PLOT/2026071300_thetao.jpg
[SAVED FIG] /scratch/cfontana/DIAGS/PES_2026-07-10/CMEMS/thetao/ITP_NC/PLOT/2026071400_thetao.jpg
[SAVED FIG] /scratch/cfontana/DIAGS/PES_2026-07-10/CMEMS/thetao/ITP_NC/PLOT/2026071500_thetao.jpg
+ python plot_sat_CMEMS_timeseries.py -c PES_2026-07-10 -v thetao -s CMEMS
----------------------------------
=> Config file PES_2026-07-10 loaded
----------------------------------

[SAVED FIG] /scratch/cfontana/DIAGS/PES_2026-07-10/CMEMS/thetao/ITP_NC/time_series.jpg
+ rm -f '/scratch/cfontana/DIAGS/PES_2026-07-10/CMEMS/thetao/ITP_NC/PLOT/*.pkl'
+ [ 1 -eq 1 ]
+ rm -f /scratch/cfontana/DIAGS/PES_2026-07-10/CMEMS/thetao/ITP_NC/thetao_20260710.nc /scratch/cfontana/DIAGS/PES_2026-07-10/CMEMS/thetao/ITP_NC/thetao_20260711.nc
+ date
Sat Jul 11 18:56:10 CEST 2026
+ cd ..
+ [ 1 -eq 1 ]
+ cd datasets/HFRADAR
+ python read_radar.py -c PES_2026-07-10
----------------------------------
=> Config file PES_2026-07-10 loaded
----------------------------------


----------
20260710 0
[Errno 2] No such file or directory: '/scratch/cfontana/RADAR//2026-07-10/EUHFR_NRTcurrent_HFR-TirLig-Total_v3.nc'
[Errno 2] No such file or directory: '/scratch/cfontana/RADAR//2026-07-10/EUHFR_NRTcurrent_HFR-ARPAS-Total_v3.nc'
[Errno 2] No such file or directory: '/scratch/cfontana/RADAR//2026-07-10/EUHFR_NRTcurrent_HFR-LaMMA-Total_v3.nc'
[Errno 2] No such file or directory: '/scratch/cfontana/RADAR//2026-07-10/EUHFR_NRTcurrent_HFR-GoS-Total_v3.nc'
[Errno 2] No such file or directory: '/scratch/cfontana/RADAR//2026-07-10/EUHFR_NRTcurrent_HFR-WesternItaly-Total_v3.nc'
[Errno 2] No such file or directory: '/scratch/cfontana/RADAR//2026-07-10/EUHFR_NRTcurrent_HFR-Granitola-Total_v3.nc'
[Errno 2] No such file or directory: '/scratch/cfontana/RADAR//2026-07-10/EUHFR_NRTcurrent_HFR-NAdr-Total_v3.nc'
[Errno 2] No such file or directory: '/scratch/cfontana/RADAR//2026-07-10/EUHFR_NRTcurrent_HFR-GoM-Total_v3.nc'
[SAVED FIG] /scratch/cfontana/DIAGS/PES_2026-07-10/RADAR/20260710_00.jpg

----------
20260711 0
[Errno 2] No such file or directory: '/scratch/cfontana/RADAR//2026-07-10/EUHFR_NRTcurrent_HFR-TirLig-Total_v3.nc'
[Errno 2] No such file or directory: '/scratch/cfontana/RADAR//2026-07-10/EUHFR_NRTcurrent_HFR-ARPAS-Total_v3.nc'
[Errno 2] No such file or directory: '/scratch/cfontana/RADAR//2026-07-10/EUHFR_NRTcurrent_HFR-LaMMA-Total_v3.nc'
[Errno 2] No such file or directory: '/scratch/cfontana/RADAR//2026-07-10/EUHFR_NRTcurrent_HFR-GoS-Total_v3.nc'
[Errno 2] No such file or directory: '/scratch/cfontana/RADAR//2026-07-10/EUHFR_NRTcurrent_HFR-WesternItaly-Total_v3.nc'
[Errno 2] No such file or directory: '/scratch/cfontana/RADAR//2026-07-10/EUHFR_NRTcurrent_HFR-Granitola-Total_v3.nc'
[Errno 2] No such file or directory: '/scratch/cfontana/RADAR//2026-07-10/EUHFR_NRTcurrent_HFR-NAdr-Total_v3.nc'
[Errno 2] No such file or directory: '/scratch/cfontana/RADAR//2026-07-10/EUHFR_NRTcurrent_HFR-GoM-Total_v3.nc'
[SAVED FIG] /scratch/cfontana/DIAGS/PES_2026-07-10/RADAR/20260711_00.jpg

----------
20260712 0
[Errno 2] No such file or directory: '/scratch/cfontana/RADAR//2026-07-10/EUHFR_NRTcurrent_HFR-TirLig-Total_v3.nc'
[Errno 2] No such file or directory: '/scratch/cfontana/RADAR//2026-07-10/EUHFR_NRTcurrent_HFR-ARPAS-Total_v3.nc'
[Errno 2] No such file or directory: '/scratch/cfontana/RADAR//2026-07-10/EUHFR_NRTcurrent_HFR-LaMMA-Total_v3.nc'
[Errno 2] No such file or directory: '/scratch/cfontana/RADAR//2026-07-10/EUHFR_NRTcurrent_HFR-GoS-Total_v3.nc'
[Errno 2] No such file or directory: '/scratch/cfontana/RADAR//2026-07-10/EUHFR_NRTcurrent_HFR-WesternItaly-Total_v3.nc'
[Errno 2] No such file or directory: '/scratch/cfontana/RADAR//2026-07-10/EUHFR_NRTcurrent_HFR-Granitola-Total_v3.nc'
[Errno 2] No such file or directory: '/scratch/cfontana/RADAR//2026-07-10/EUHFR_NRTcurrent_HFR-NAdr-Total_v3.nc'
[Errno 2] No such file or directory: '/scratch/cfontana/RADAR//2026-07-10/EUHFR_NRTcurrent_HFR-GoM-Total_v3.nc'
[SAVED FIG] /scratch/cfontana/DIAGS/PES_2026-07-10/RADAR/20260712_00.jpg

----------
20260713 0
[Errno 2] No such file or directory: '/scratch/cfontana/RADAR//2026-07-10/EUHFR_NRTcurrent_HFR-TirLig-Total_v3.nc'
[Errno 2] No such file or directory: '/scratch/cfontana/RADAR//2026-07-10/EUHFR_NRTcurrent_HFR-ARPAS-Total_v3.nc'
[Errno 2] No such file or directory: '/scratch/cfontana/RADAR//2026-07-10/EUHFR_NRTcurrent_HFR-LaMMA-Total_v3.nc'
[Errno 2] No such file or directory: '/scratch/cfontana/RADAR//2026-07-10/EUHFR_NRTcurrent_HFR-GoS-Total_v3.nc'
[Errno 2] No such file or directory: '/scratch/cfontana/RADAR//2026-07-10/EUHFR_NRTcurrent_HFR-WesternItaly-Total_v3.nc'
[Errno 2] No such file or directory: '/scratch/cfontana/RADAR//2026-07-10/EUHFR_NRTcurrent_HFR-Granitola-Total_v3.nc'
[Errno 2] No such file or directory: '/scratch/cfontana/RADAR//2026-07-10/EUHFR_NRTcurrent_HFR-NAdr-Total_v3.nc'
[Errno 2] No such file or directory: '/scratch/cfontana/RADAR//2026-07-10/EUHFR_NRTcurrent_HFR-GoM-Total_v3.nc'
[SAVED FIG] /scratch/cfontana/DIAGS/PES_2026-07-10/RADAR/20260713_00.jpg

----------
20260714 0
[Errno 2] No such file or directory: '/scratch/cfontana/RADAR//2026-07-10/EUHFR_NRTcurrent_HFR-TirLig-Total_v3.nc'
[Errno 2] No such file or directory: '/scratch/cfontana/RADAR//2026-07-10/EUHFR_NRTcurrent_HFR-ARPAS-Total_v3.nc'
[Errno 2] No such file or directory: '/scratch/cfontana/RADAR//2026-07-10/EUHFR_NRTcurrent_HFR-LaMMA-Total_v3.nc'
[Errno 2] No such file or directory: '/scratch/cfontana/RADAR//2026-07-10/EUHFR_NRTcurrent_HFR-GoS-Total_v3.nc'
[Errno 2] No such file or directory: '/scratch/cfontana/RADAR//2026-07-10/EUHFR_NRTcurrent_HFR-WesternItaly-Total_v3.nc'
[Errno 2] No such file or directory: '/scratch/cfontana/RADAR//2026-07-10/EUHFR_NRTcurrent_HFR-Granitola-Total_v3.nc'
[Errno 2] No such file or directory: '/scratch/cfontana/RADAR//2026-07-10/EUHFR_NRTcurrent_HFR-NAdr-Total_v3.nc'
[Errno 2] No such file or directory: '/scratch/cfontana/RADAR//2026-07-10/EUHFR_NRTcurrent_HFR-GoM-Total_v3.nc'
[SAVED FIG] /scratch/cfontana/DIAGS/PES_2026-07-10/RADAR/20260714_00.jpg

----------
20260715 0
[Errno 2] No such file or directory: '/scratch/cfontana/RADAR//2026-07-10/EUHFR_NRTcurrent_HFR-TirLig-Total_v3.nc'
[Errno 2] No such file or directory: '/scratch/cfontana/RADAR//2026-07-10/EUHFR_NRTcurrent_HFR-ARPAS-Total_v3.nc'
[Errno 2] No such file or directory: '/scratch/cfontana/RADAR//2026-07-10/EUHFR_NRTcurrent_HFR-LaMMA-Total_v3.nc'
[Errno 2] No such file or directory: '/scratch/cfontana/RADAR//2026-07-10/EUHFR_NRTcurrent_HFR-GoS-Total_v3.nc'
[Errno 2] No such file or directory: '/scratch/cfontana/RADAR//2026-07-10/EUHFR_NRTcurrent_HFR-WesternItaly-Total_v3.nc'
[Errno 2] No such file or directory: '/scratch/cfontana/RADAR//2026-07-10/EUHFR_NRTcurrent_HFR-Granitola-Total_v3.nc'
[Errno 2] No such file or directory: '/scratch/cfontana/RADAR//2026-07-10/EUHFR_NRTcurrent_HFR-NAdr-Total_v3.nc'
[Errno 2] No such file or directory: '/scratch/cfontana/RADAR//2026-07-10/EUHFR_NRTcurrent_HFR-GoM-Total_v3.nc'
[SAVED FIG] /scratch/cfontana/DIAGS/PES_2026-07-10/RADAR/20260715_00.jpg
+ date
Sat Jul 11 18:57:12 CEST 2026
+ cd ../..
+ cat config/config_PES.json
+ sed -e s/DINI/2026-07-10/g
+ sed -e s/FREQ/daily/
+ sed -e s/DOUT/20260710/
+ 1> config/config_PES_2026-07-10.json
+ sed -e s/DEND/2026-07-15/
+ [ 1 -eq 1 ]
+ cd datasets/CMEMS
+ python get_data_sat.py -c PES_2026-07-10 -v chl
INFO - 2026-07-11T16:57:15Z - Selected dataset version: "202211"
INFO - 2026-07-11T16:57:15Z - Selected dataset part: "default"
WARNING - 2026-07-11T16:57:15Z - Some of your subset selection [2026-07-10 00:00:00+00:00, 2026-07-15 00:00:00+00:00] for the time dimension exceed the dataset coordinates [2026-07-03 00:00:00+00:00, 2026-07-10 00:00:00+00:00]
----------------------------------
=> Config file PES_2026-07-10 loaded
----------------------------------

Downloading CMEMS products : cmems_obs-oc_med_bgc-plankton_nrt_l3-multi-1km_P1D
=> Variable ['CHL', 'KD490'] 

------------------------------
DATE =>>> 2026-07-10 2026-07-15
------------------------------

[FILE SAVED ] /scratch/cfontana/DIAGS/PES_2026-07-10/CMEMS/data/cmems_obs-oc_med_bgc-plankton_nrt_l3-multi-1km_P1D.nc
+ python interp_cmems.py -c PES_2026-07-10 -v chl
----------------------------------
=> Config file PES_2026-07-10 loaded
----------------------------------


[FILE SAVED] /scratch/cfontana/DIAGS/PES_2026-07-10/CMEMS/chl/ITP_NC/chl_20260710.nc

+ [ 2 -eq 2 ]
+ error=1
+ cd ../../plot
+ python plot_CMEMS_pickle_data_vs_sat.py -c PES_2026-07-10 -v chl -s CMEMS
----------------------------------
=> Config file PES_2026-07-10 loaded
----------------------------------

Processing
739807 0.3911095327329817 0.47546282 nan 0.8445068953528798
[Errno 2] No such file or directory: '/scratch/cfontana/DIAGS/PES_2026-07-10/CMEMS/chl/ITP_NC/chl_20260711.nc' 

=> in get_sat_2D :
Error processing file /scratch/cfontana/DIAGS/PES_2026-07-10/CMEMS/chl/ITP_NC/chl_20260711.nc
File not found
739808 0.4282470161793308 nan 0.10384690745326858 1
[Errno 2] No such file or directory: '/scratch/cfontana/DIAGS/PES_2026-07-10/CMEMS/chl/ITP_NC/chl_20260712.nc' 

=> in get_sat_2D :
Error processing file /scratch/cfontana/DIAGS/PES_2026-07-10/CMEMS/chl/ITP_NC/chl_20260712.nc
File not found
739809 0.37424944425082285 nan 0.10012001847525093 1
[Errno 2] No such file or directory: '/scratch/cfontana/DIAGS/PES_2026-07-10/CMEMS/chl/ITP_NC/chl_20260713.nc' 

=> in get_sat_2D :
Error processing file /scratch/cfontana/DIAGS/PES_2026-07-10/CMEMS/chl/ITP_NC/chl_20260713.nc
File not found
739810 0.3341080910898208 nan 0.09388677509511167 1
[Errno 2] No such file or directory: '/scratch/cfontana/DIAGS/PES_2026-07-10/CMEMS/chl/ITP_NC/chl_20260714.nc' 

=> in get_sat_2D :
Error processing file /scratch/cfontana/DIAGS/PES_2026-07-10/CMEMS/chl/ITP_NC/chl_20260714.nc
File not found
739811 0.31482429303139503 nan 0.08900137928861984 1
[Errno 2] No such file or directory: '/scratch/cfontana/DIAGS/PES_2026-07-10/CMEMS/chl/ITP_NC/chl_20260715.nc' 

=> in get_sat_2D :
Error processing file /scratch/cfontana/DIAGS/PES_2026-07-10/CMEMS/chl/ITP_NC/chl_20260715.nc
File not found
739812 0.34182763745910777 nan 0.08807544366106995 1
[SAVED FIG] /scratch/cfontana/DIAGS/PES_2026-07-10/CMEMS/chl/ITP_NC/PLOT/2026071012_chl.jpg
[SAVED FIG] /scratch/cfontana/DIAGS/PES_2026-07-10/CMEMS/chl/ITP_NC/PLOT/2026071112_chl.jpg
[SAVED FIG] /scratch/cfontana/DIAGS/PES_2026-07-10/CMEMS/chl/ITP_NC/PLOT/2026071212_chl.jpg
[SAVED FIG] /scratch/cfontana/DIAGS/PES_2026-07-10/CMEMS/chl/ITP_NC/PLOT/2026071312_chl.jpg
[SAVED FIG] /scratch/cfontana/DIAGS/PES_2026-07-10/CMEMS/chl/ITP_NC/PLOT/2026071412_chl.jpg
[SAVED FIG] /scratch/cfontana/DIAGS/PES_2026-07-10/CMEMS/chl/ITP_NC/PLOT/2026071512_chl.jpg
+ python plot_sat_CMEMS_timeseries.py -c PES_2026-07-10 -v chl -s CMEMS
----------------------------------
=> Config file PES_2026-07-10 loaded
----------------------------------

[SAVED FIG] /scratch/cfontana/DIAGS/PES_2026-07-10/CMEMS/chl/ITP_NC/time_series.jpg
+ rm -f '/scratch/cfontana/DIAGS/PES_2026-07-10/CMEMS/chl/ITP_NC/PLOT/*.pkl'
+ [ 1 -eq 1 ]
+ rm -f /scratch/cfontana/DIAGS/PES_2026-07-10/CMEMS/chl/ITP_NC/chl_20260710.nc
+ date
Sat Jul 11 19:00:42 CEST 2026
+ cd ..
+ [ 1 -eq 0 ]
+ [ 1 -eq 1 ]
+ rm -f /scratch/cfontana/DIAGS/PES_2026-07-10/CMEMS/data/SST_MED_SST_L3S_NRT_OBSERVATIONS_010_012_b.nc /scratch/cfontana/DIAGS/PES_2026-07-10/CMEMS/data/cmems_obs-oc_med_bgc-plankton_nrt_l3-multi-1km_P1D.nc
+ [ 1 -eq 1 ]
+ source /home/cfontana/venv/a/bin/activate
+ 1> /dev/null
+ deactivate nondestructive
+ [ -n /home/cfontana/venv/c/bin:/usr/local/sbin:/usr/local/bin:/usr/sbin:/usr/bin:/sbin:/bin:/usr/games:/usr/local/games:/snap/bin ]
+ PATH=/home/cfontana/venv/c/bin:/usr/local/sbin:/usr/local/bin:/usr/sbin:/usr/bin:/sbin:/bin:/usr/games:/usr/local/games:/snap/bin
+ export PATH
+ unset _OLD_VIRTUAL_PATH
+ [ -n '' ]
+ hash -r
+ 2> /dev/null
+ [ -n '(c) \[\e]0;\u@\h: \w\a\]${debian_chroot:+($debian_chroot)}\[\033[01;32m\]\u@\h\[\033[00m\]:\[\033[01;34m\]\w\[\033[00m\]\$ ' ]
+ PS1='(c) \[\e]0;\u@\h: \w\a\]${debian_chroot:+($debian_chroot)}\[\033[01;32m\]\u@\h\[\033[00m\]:\[\033[01;34m\]\w\[\033[00m\]\$ '
+ export PS1
+ unset _OLD_VIRTUAL_PS1
+ unset VIRTUAL_ENV
+ unset VIRTUAL_ENV_PROMPT
+ [ ! nondestructive '=' nondestructive ]
+ [ '' '=' cygwin ]
+ [ '' '=' msys ]
+ VIRTUAL_ENV=/home/cfontana/venv/a
+ export VIRTUAL_ENV
+ _OLD_VIRTUAL_PATH=/home/cfontana/venv/c/bin:/usr/local/sbin:/usr/local/bin:/usr/sbin:/usr/bin:/sbin:/bin:/usr/games:/usr/local/games:/snap/bin
+ PATH=/home/cfontana/venv/a/bin:/home/cfontana/venv/c/bin:/usr/local/sbin:/usr/local/bin:/usr/sbin:/usr/bin:/sbin:/bin:/usr/games:/usr/local/games:/snap/bin
+ export PATH
+ [ -n '' ]
+ [ -z '' ]
+ _OLD_VIRTUAL_PS1='(c) \[\e]0;\u@\h: \w\a\]${debian_chroot:+($debian_chroot)}\[\033[01;32m\]\u@\h\[\033[00m\]:\[\033[01;34m\]\w\[\033[00m\]\$ '
+ PS1='(a) (c) \[\e]0;\u@\h: \w\a\]${debian_chroot:+($debian_chroot)}\[\033[01;32m\]\u@\h\[\033[00m\]:\[\033[01;34m\]\w\[\033[00m\]\$ '
+ export PS1
+ VIRTUAL_ENV_PROMPT='(a) '
+ export VIRTUAL_ENV_PROMPT
+ hash -r
+ 2> /dev/null
+ sed -i s/daily/hourly/ config/config_PES_2026-07-10.json
+ cd datasets/ARGO
+ python get_argo.py -c PES_2026-07-10
----------------------------------
=> Config file PES_2026-07-10 loaded
----------------------------------

[np.float64(14.0942715076515), np.float64(14.4057298410845), np.float64(42.3598968687105), np.float64(42.5776052021135), 0, 500, '2026-07-10', '2026-07-15']
Traceback (most recent call last):
  File "/home/cfontana/DATA_MED/datasets/ARGO/get_argo.py", line 73, in <module>
    f = f.region(box).load()
        ^^^^^^^^^^^^^^^^^^^^
  File "/home/cfontana/venv/a/lib/python3.12/site-packages/argopy/fetchers.py", line 886, in load
    self._data = self._to_xarray(**kwargs)
                 ^^^^^^^^^^^^^^^^^^^^^^^^^
  File "/home/cfontana/venv/a/lib/python3.12/site-packages/argopy/fetchers.py", line 673, in _to_xarray
    xds = self.fetcher.to_xarray(**kwargs)
          ^^^^^^^^^^^^^^^^^^^^^^^^^^^^^^^^
  File "/home/cfontana/venv/a/lib/python3.12/site-packages/argopy/data_fetchers/erddap_data.py", line 583, in to_xarray
    results = self.fs.open_dataset(URI[0])
              ^^^^^^^^^^^^^^^^^^^^^^^^^^^^
  File "/home/cfontana/venv/a/lib/python3.12/site-packages/argopy/stores/implementations/http.py", line 349, in open_dataset
    target, _ = load_in_memory(
                ^^^^^^^^^^^^^^^
  File "/home/cfontana/venv/a/lib/python3.12/site-packages/argopy/stores/implementations/http.py", line 261, in load_in_memory
    data = self.download_url(url, **dwn_opts)
           ^^^^^^^^^^^^^^^^^^^^^^^^^^^^^^^^^^
  File "/home/cfontana/venv/a/lib/python3.12/site-packages/argopy/stores/implementations/http.py", line 169, in download_url
    data, n = make_request(
              ^^^^^^^^^^^^^
  File "/home/cfontana/venv/a/lib/python3.12/site-packages/argopy/stores/implementations/http.py", line 124, in make_request
    raise e
  File "/home/cfontana/venv/a/lib/python3.12/site-packages/argopy/stores/implementations/http.py", line 121, in make_request
    data = ffs.cat_file(url, **cat_opts)
           ^^^^^^^^^^^^^^^^^^^^^^^^^^^^^
  File "/home/cfontana/venv/a/lib/python3.12/site-packages/fsspec/asyn.py", line 118, in wrapper
    return sync(self.loop, func, *args, **kwargs)
           ^^^^^^^^^^^^^^^^^^^^^^^^^^^^^^^^^^^^^^
  File "/home/cfontana/venv/a/lib/python3.12/site-packages/fsspec/asyn.py", line 103, in sync
    raise return_result
  File "/home/cfontana/venv/a/lib/python3.12/site-packages/fsspec/asyn.py", line 56, in _runner
    result[0] = await coro
                ^^^^^^^^^^
  File "/home/cfontana/venv/a/lib/python3.12/site-packages/fsspec/implementations/http.py", line 247, in _cat_file
    self._raise_not_found_for_status(r, url)
  File "/home/cfontana/venv/a/lib/python3.12/site-packages/fsspec/implementations/http.py", line 229, in _raise_not_found_for_status
    raise FileNotFoundError(url)
FileNotFoundError: https://erddap.ifremer.fr/erddap/tabledap/ArgoFloats.nc?config_mission_number,cycle_number,data_mode,direction,latitude,longitude,platform_number,position_qc,pres,pres_adjusted,pres_adjusted_error,pres_adjusted_qc,pres_qc,psal,psal_adjusted,psal_adjusted_error,psal_adjusted_qc,psal_qc,temp,temp_adjusted,temp_adjusted_error,temp_adjusted_qc,temp_qc,time,time_qc,vertical_sampling_scheme&longitude>=14.0942715076515&longitude<=14.4057298410845&latitude>=42.3598968687105&latitude<=42.5776052021135&pres>=0&pres<=500&time>=1783641600.0&time<=1784073600.0&latitude!=NaN&longitude!=NaN&distinct()&orderBy("time,pres")
+ [ 1 -eq 0 ]
+ cd ../../
+ sed -i s/phy/bgc/ config/config_PES_2026-07-10.json
+ cd datasets/ARGO
+ python get_argo.py -c PES_2026-07-10
----------------------------------
=> Config file PES_2026-07-10 loaded
----------------------------------

[np.float64(14.0942715076515), np.float64(14.4057298410845), np.float64(42.3598968687105), np.float64(42.5776052021135), 0, 500, '2026-07-10', '2026-07-15']
Traceback (most recent call last):
  File "/home/cfontana/DATA_MED/datasets/ARGO/get_argo.py", line 73, in <module>
    f = f.region(box).load()
        ^^^^^^^^^^^^^
  File "/home/cfontana/venv/a/lib/python3.12/site-packages/argopy/fetchers.py", line 68, in wrapper
    return AccessPoint(*args)
           ^^^^^^^^^^^^^^^^^^
  File "/home/cfontana/venv/a/lib/python3.12/site-packages/argopy/fetchers.py", line 648, in region
    self.fetcher = self.Fetchers["region"](box=box, **self.fetcher_options)
                   ^^^^^^^^^^^^^^^^^^^^^^^^^^^^^^^^^^^^^^^^^^^^^^^^^^^^^^^^
  File "/home/cfontana/venv/a/lib/python3.12/site-packages/argopy/data_fetchers/erddap_data.py", line 184, in __init__
    params = self._bgc_vlist_avail
             ^^^^^^^^^^^^^^^^^^^^^
  File "/home/cfontana/venv/a/lib/python3.12/site-packages/argopy/data_fetchers/erddap_data.py", line 305, in _bgc_vlist_avail
    params = self.indexfs.read_params()
             ^^^^^^^^^^^^^^^^^^^^^^^^^^
  File "/home/cfontana/venv/a/lib/python3.12/site-packages/argopy/stores/index/implementations/pandas/index.py", line 281, in read_params
    raise DataNotFound(
argopy.errors.DataNotFound: 'No data found in the index corresponding to your search criteria. Search definition: x=14.09/14.41;y=42.36/42.58;t=2026-07-10/2026-07-15'
+ [ 1 -eq 0 ]
+ cd ../../
+ [ 1 -eq 1 ]
+ source /home/cfontana/venv/c/bin/activate
+ 1> /dev/null
+ deactivate nondestructive
+ [ -n /home/cfontana/venv/c/bin:/usr/local/sbin:/usr/local/bin:/usr/sbin:/usr/bin:/sbin:/bin:/usr/games:/usr/local/games:/snap/bin ]
+ PATH=/home/cfontana/venv/c/bin:/usr/local/sbin:/usr/local/bin:/usr/sbin:/usr/bin:/sbin:/bin:/usr/games:/usr/local/games:/snap/bin
+ export PATH
+ unset _OLD_VIRTUAL_PATH
+ [ -n '' ]
+ hash -r
+ 2> /dev/null
+ [ -n '(c) \[\e]0;\u@\h: \w\a\]${debian_chroot:+($debian_chroot)}\[\033[01;32m\]\u@\h\[\033[00m\]:\[\033[01;34m\]\w\[\033[00m\]\$ ' ]
+ PS1='(c) \[\e]0;\u@\h: \w\a\]${debian_chroot:+($debian_chroot)}\[\033[01;32m\]\u@\h\[\033[00m\]:\[\033[01;34m\]\w\[\033[00m\]\$ '
+ export PS1
+ unset _OLD_VIRTUAL_PS1
+ unset VIRTUAL_ENV
+ unset VIRTUAL_ENV_PROMPT
+ [ ! nondestructive '=' nondestructive ]
+ [ '' '=' cygwin ]
+ [ '' '=' msys ]
+ VIRTUAL_ENV=/home/cfontana/venv/c
+ export VIRTUAL_ENV
+ _OLD_VIRTUAL_PATH=/home/cfontana/venv/c/bin:/usr/local/sbin:/usr/local/bin:/usr/sbin:/usr/bin:/sbin:/bin:/usr/games:/usr/local/games:/snap/bin
+ PATH=/home/cfontana/venv/c/bin:/home/cfontana/venv/c/bin:/usr/local/sbin:/usr/local/bin:/usr/sbin:/usr/bin:/sbin:/bin:/usr/games:/usr/local/games:/snap/bin
+ export PATH
+ [ -n '' ]
+ [ -z '' ]
+ _OLD_VIRTUAL_PS1='(c) \[\e]0;\u@\h: \w\a\]${debian_chroot:+($debian_chroot)}\[\033[01;32m\]\u@\h\[\033[00m\]:\[\033[01;34m\]\w\[\033[00m\]\$ '
+ PS1='(c) (c) \[\e]0;\u@\h: \w\a\]${debian_chroot:+($debian_chroot)}\[\033[01;32m\]\u@\h\[\033[00m\]:\[\033[01;34m\]\w\[\033[00m\]\$ '
+ export PS1
+ VIRTUAL_ENV_PROMPT='(c) '
+ export VIRTUAL_ENV_PROMPT
+ hash -r
+ 2> /dev/null
+ static=/scratch/cfontana/DIAGS/PES_2026-07-10/static_PES_2026-07-10
+ mkdir /scratch/cfontana/DIAGS/PES_2026-07-10/static_PES_2026-07-10
+ dir=/scratch/cfontana/DIAGS/PES_2026-07-10/CMEMS/thetao/ITP_NC
+ i=1
+ ls /scratch/cfontana/DIAGS/PES_2026-07-10/CMEMS/thetao/ITP_NC/PLOT/
+ cp /scratch/cfontana/DIAGS/PES_2026-07-10/CMEMS/thetao/ITP_NC/PLOT/2026071000_thetao.jpg /scratch/cfontana/DIAGS/PES_2026-07-10/static_PES_2026-07-10/thetao_1.jpg
+ let i=1+1
+ cp /scratch/cfontana/DIAGS/PES_2026-07-10/CMEMS/thetao/ITP_NC/PLOT/2026071100_thetao.jpg /scratch/cfontana/DIAGS/PES_2026-07-10/static_PES_2026-07-10/thetao_2.jpg
+ let i=2+1
+ cp /scratch/cfontana/DIAGS/PES_2026-07-10/CMEMS/thetao/ITP_NC/PLOT/2026071200_thetao.jpg /scratch/cfontana/DIAGS/PES_2026-07-10/static_PES_2026-07-10/thetao_3.jpg
+ let i=3+1
+ cp /scratch/cfontana/DIAGS/PES_2026-07-10/CMEMS/thetao/ITP_NC/PLOT/2026071300_thetao.jpg /scratch/cfontana/DIAGS/PES_2026-07-10/static_PES_2026-07-10/thetao_4.jpg
+ let i=4+1
+ cp /scratch/cfontana/DIAGS/PES_2026-07-10/CMEMS/thetao/ITP_NC/PLOT/2026071400_thetao.jpg /scratch/cfontana/DIAGS/PES_2026-07-10/static_PES_2026-07-10/thetao_5.jpg
+ let i=5+1
+ cp /scratch/cfontana/DIAGS/PES_2026-07-10/CMEMS/thetao/ITP_NC/PLOT/2026071500_thetao.jpg /scratch/cfontana/DIAGS/PES_2026-07-10/static_PES_2026-07-10/thetao_6.jpg
+ let i=6+1
+ cp /scratch/cfontana/DIAGS/PES_2026-07-10/CMEMS/thetao/ITP_NC/time_series.jpg /scratch/cfontana/DIAGS/PES_2026-07-10/static_PES_2026-07-10/time_series_thetao.jpg
+ dir=/scratch/cfontana/DIAGS/PES_2026-07-10/CMEMS/chl/ITP_NC
+ i=1
+ ls /scratch/cfontana/DIAGS/PES_2026-07-10/CMEMS/chl/ITP_NC/PLOT/
+ cp /scratch/cfontana/DIAGS/PES_2026-07-10/CMEMS/chl/ITP_NC/PLOT/2026071012_chl.jpg /scratch/cfontana/DIAGS/PES_2026-07-10/static_PES_2026-07-10/chl_1.jpg
+ let i=1+1
+ cp /scratch/cfontana/DIAGS/PES_2026-07-10/CMEMS/chl/ITP_NC/PLOT/2026071112_chl.jpg /scratch/cfontana/DIAGS/PES_2026-07-10/static_PES_2026-07-10/chl_2.jpg
+ let i=2+1
+ cp /scratch/cfontana/DIAGS/PES_2026-07-10/CMEMS/chl/ITP_NC/PLOT/2026071212_chl.jpg /scratch/cfontana/DIAGS/PES_2026-07-10/static_PES_2026-07-10/chl_3.jpg
+ let i=3+1
+ cp /scratch/cfontana/DIAGS/PES_2026-07-10/CMEMS/chl/ITP_NC/PLOT/2026071312_chl.jpg /scratch/cfontana/DIAGS/PES_2026-07-10/static_PES_2026-07-10/chl_4.jpg
+ let i=4+1
+ cp /scratch/cfontana/DIAGS/PES_2026-07-10/CMEMS/chl/ITP_NC/PLOT/2026071412_chl.jpg /scratch/cfontana/DIAGS/PES_2026-07-10/static_PES_2026-07-10/chl_5.jpg
+ let i=5+1
+ cp /scratch/cfontana/DIAGS/PES_2026-07-10/CMEMS/chl/ITP_NC/PLOT/2026071512_chl.jpg /scratch/cfontana/DIAGS/PES_2026-07-10/static_PES_2026-07-10/chl_6.jpg
+ let i=6+1
+ cp /scratch/cfontana/DIAGS/PES_2026-07-10/CMEMS/chl/ITP_NC/time_series.jpg /scratch/cfontana/DIAGS/PES_2026-07-10/static_PES_2026-07-10/time_series_chl.jpg
+ dir=/scratch/cfontana/DIAGS/PES_2026-07-10/RADAR/
+ i=1
+ ls /scratch/cfontana/DIAGS/PES_2026-07-10/RADAR//20260710_00.jpg /scratch/cfontana/DIAGS/PES_2026-07-10/RADAR//20260711_00.jpg /scratch/cfontana/DIAGS/PES_2026-07-10/RADAR//20260712_00.jpg /scratch/cfontana/DIAGS/PES_2026-07-10/RADAR//20260713_00.jpg /scratch/cfontana/DIAGS/PES_2026-07-10/RADAR//20260714_00.jpg /scratch/cfontana/DIAGS/PES_2026-07-10/RADAR//20260715_00.jpg
+ cp /scratch/cfontana/DIAGS/PES_2026-07-10/RADAR//20260710_00.jpg /scratch/cfontana/DIAGS/PES_2026-07-10/static_PES_2026-07-10/radar_1.jpg
+ let i=1+1
+ cp /scratch/cfontana/DIAGS/PES_2026-07-10/RADAR//20260711_00.jpg /scratch/cfontana/DIAGS/PES_2026-07-10/static_PES_2026-07-10/radar_2.jpg
+ let i=2+1
+ cp /scratch/cfontana/DIAGS/PES_2026-07-10/RADAR//20260712_00.jpg /scratch/cfontana/DIAGS/PES_2026-07-10/static_PES_2026-07-10/radar_3.jpg
+ let i=3+1
+ cp /scratch/cfontana/DIAGS/PES_2026-07-10/RADAR//20260713_00.jpg /scratch/cfontana/DIAGS/PES_2026-07-10/static_PES_2026-07-10/radar_4.jpg
+ let i=4+1
+ cp /scratch/cfontana/DIAGS/PES_2026-07-10/RADAR//20260714_00.jpg /scratch/cfontana/DIAGS/PES_2026-07-10/static_PES_2026-07-10/radar_5.jpg
+ let i=5+1
+ cp /scratch/cfontana/DIAGS/PES_2026-07-10/RADAR//20260715_00.jpg /scratch/cfontana/DIAGS/PES_2026-07-10/static_PES_2026-07-10/radar_6.jpg
+ let i=6+1
+ dir=/scratch/cfontana/DIAGS/PES_2026-07-10/ARGO/
+ ls -d '/scratch/cfontana/DIAGS/PES_2026-07-10/ARGO//bio*/'
ls: cannot access '/scratch/cfontana/DIAGS/PES_2026-07-10/ARGO//bio*/': No such file or directory
+ i=1
+ 1> /scratch/cfontana/DIAGS/PES_2026-07-10/static_PES_2026-07-10/list.txt
+ ls -d '/scratch/cfontana/DIAGS/PES_2026-07-10/ARGO//*/'
ls: cannot access '/scratch/cfontana/DIAGS/PES_2026-07-10/ARGO//*/': No such file or directory
+ cp /scratch/cfontana/DIAGS/PES_2026-07-10/ARGO//map.jpg /scratch/cfontana/DIAGS/PES_2026-07-10/static_PES_2026-07-10
cp: cannot stat '/scratch/cfontana/DIAGS/PES_2026-07-10/ARGO//map.jpg': No such file or directory
+ scp -r /scratch/cfontana/DIAGS/PES_2026-07-10/static_PES_2026-07-10 yulpa175555@webhost03.yulpa.io:/datas/yulpa175555/sites/merval.eg2.fr/htdocs/DIAGS
+ echo 'PROCESSING SAD'
PROCESSING SAD
+ echo '_______________ '
_______________ 
+ date
Sat Jul 11 19:00:58 CEST 2026
+ config=SAD_2026-07-10
+ echo SAD
+ awk '{print tolower($0)}'
+ lower=sad
+ set -x
+ cat config/config_SAD.json
+ sed -e s/DINI/2026-07-10/g
+ sed -e s/DOUT/20260710/
+ sed -e s/DEND/2026-07-15/
+ sed -e s/FREQ/hourly/
+ 1> config/config_SAD_2026-07-10.json
+ cp config/cmems_DOMAIN.dat config/cmems_SAD_2026-07-10.dat
+ cp config/variables_mit_DOMAIN.dat config/variables_mit_SAD_2026-07-10.dat
+ jq -r .diagdir config/config_SAD_2026-07-10.json
+ diagdir=/scratch/cfontana/DIAGS/SAD_2026-07-10
+ jq -r .radardir config/config_SAD_2026-07-10.json
+ radardir=/scratch/cfontana/RADAR/
+ [ 0 -eq 0 -a 0 -eq 1 ]
+ [ 1 -eq 1 ]
+ cd datasets/CMEMS
+ python get_data_sat.py -c SAD_2026-07-10 -v thetao
INFO - 2026-07-11T17:01:01Z - Selected dataset version: "202311"
INFO - 2026-07-11T17:01:01Z - Selected dataset part: "default"
WARNING - 2026-07-11T17:01:01Z - Some of your subset selection [2026-07-10 00:00:00+00:00, 2026-07-15 00:00:00+00:00] for the time dimension exceed the dataset coordinates [2008-01-01 00:00:00+00:00, 2026-07-11 00:00:00+00:00]
----------------------------------
=> Config file SAD_2026-07-10 loaded
----------------------------------

Downloading CMEMS products : SST_MED_SST_L3S_NRT_OBSERVATIONS_010_012_b
=> Variable [np.str_('adjusted_sea_surface_temperature')] 

------------------------------
DATE =>>> 2026-07-10 2026-07-15
------------------------------
  0%|                                                                                          | 0/306 [00:00<?, ?it/s]  0%|▎                                                                                 | 1/306 [00:00<02:47,  1.82it/s]  2%|█▎                                                                                | 5/306 [00:00<00:32,  9.23it/s]  3%|██▍                                                                               | 9/306 [00:00<00:19, 15.16it/s]  7%|█████▌                                                                           | 21/306 [00:00<00:07, 36.90it/s]  9%|███████▏                                                                         | 27/306 [00:01<00:06, 39.99it/s] 13%|██████████▎                                                                      | 39/306 [00:01<00:04, 55.55it/s] 15%|████████████▏                                                                    | 46/306 [00:01<00:04, 54.66it/s] 17%|██████████████                                                                   | 53/306 [00:01<00:04, 58.02it/s] 20%|███████████████▉                                                                 | 60/306 [00:01<00:04, 53.89it/s] 22%|█████████████████▍                                                               | 66/306 [00:01<00:04, 53.21it/s] 24%|███████████████████▎                                                             | 73/306 [00:01<00:04, 53.19it/s] 26%|█████████████████████▍                                                           | 81/306 [00:01<00:04, 49.70it/s] 28%|███████████████████████                                                          | 87/306 [00:02<00:04, 49.59it/s] 30%|████████████████████████▌                                                        | 93/306 [00:02<00:05, 42.32it/s] 32%|██████████████████████████▏                                                      | 99/306 [00:02<00:05, 40.84it/s] 36%|████████████████████████████▍                                                   | 109/306 [00:02<00:03, 51.59it/s] 38%|██████████████████████████████                                                  | 115/306 [00:02<00:03, 51.58it/s] 40%|███████████████████████████████▋                                                | 121/306 [00:02<00:03, 47.64it/s] 41%|████████████████████████████████▉                                               | 126/306 [00:02<00:04, 44.61it/s] 43%|██████████████████████████████████▊                                             | 133/306 [00:03<00:04, 40.63it/s] 46%|████████████████████████████████████▊                                           | 141/306 [00:03<00:03, 48.22it/s] 49%|██████████████████████████████████████▉                                         | 149/306 [00:03<00:02, 54.38it/s] 51%|████████████████████████████████████████▌                                       | 155/306 [00:03<00:02, 51.44it/s] 53%|██████████████████████████████████████████                                      | 161/306 [00:03<00:03, 47.92it/s] 55%|████████████████████████████████████████████▏                                   | 169/306 [00:03<00:02, 48.69it/s] 58%|██████████████████████████████████████████████▎                                 | 177/306 [00:03<00:02, 54.94it/s] 60%|████████████████████████████████████████████████▎                               | 185/306 [00:04<00:02, 43.09it/s] 62%|█████████████████████████████████████████████████▋                              | 190/306 [00:04<00:03, 33.19it/s] 64%|██████████████████████████████████████████████████▉                             | 195/306 [00:04<00:03, 35.65it/s] 66%|█████████████████████████████████████████████████████                           | 203/306 [00:04<00:02, 35.15it/s] 70%|███████████████████████████████████████████████████████▋                        | 213/306 [00:04<00:02, 45.39it/s] 72%|█████████████████████████████████████████████████████████▊                      | 221/306 [00:05<00:01, 52.00it/s] 75%|███████████████████████████████████████████████████████████▌                    | 228/306 [00:05<00:01, 54.50it/s] 77%|█████████████████████████████████████████████████████████████▍                  | 235/306 [00:05<00:01, 52.07it/s] 79%|███████████████████████████████████████████████████████████████                 | 241/306 [00:05<00:01, 52.84it/s] 81%|█████████████████████████████████████████████████████████████████               | 249/306 [00:05<00:01, 52.47it/s] 85%|████████████████████████████████████████████████████████████████████▏           | 261/306 [00:05<00:00, 57.20it/s] 89%|██████████████████████████████████████████████████████████████████████▊         | 271/306 [00:05<00:00, 66.17it/s] 91%|████████████████████████████████████████████████████████████████████████▋       | 278/306 [00:06<00:00, 62.86it/s] 93%|██████████████████████████████████████████████████████████████████████████▌     | 285/306 [00:06<00:00, 54.01it/s] 95%|████████████████████████████████████████████████████████████████████████████    | 291/306 [00:06<00:00, 49.67it/s] 97%|█████████████████████████████████████████████████████████████████████████████▋  | 297/306 [00:06<00:00, 42.45it/s]100%|████████████████████████████████████████████████████████████████████████████████| 306/306 [00:06<00:00, 46.35it/s]

[FILE SAVED ] /scratch/cfontana/DIAGS/SAD_2026-07-10/CMEMS/data/SST_MED_SST_L3S_NRT_OBSERVATIONS_010_012_b.nc
+ python interp_cmems.py -c SAD_2026-07-10 -v thetao
----------------------------------
=> Config file SAD_2026-07-10 loaded
----------------------------------


[FILE SAVED] /scratch/cfontana/DIAGS/SAD_2026-07-10/CMEMS/thetao/ITP_NC/thetao_20260710.nc


[FILE SAVED] /scratch/cfontana/DIAGS/SAD_2026-07-10/CMEMS/thetao/ITP_NC/thetao_20260711.nc

+ [ 2 -eq 2 ]
+ error=1
+ cd ../../plot
+ python plot_CMEMS_pickle_data_vs_sat.py -c SAD_2026-07-10 -v thetao -s CMEMS
----------------------------------
=> Config file SAD_2026-07-10 loaded
----------------------------------

Processing
739807 26.139505535255466 26.007116 26.09301 0.9617409292168373
739808 26.048399926046418 25.869183 25.9724 0.961295153567207
[Errno 2] No such file or directory: '/scratch/cfontana/DIAGS/SAD_2026-07-10/CMEMS/thetao/ITP_NC/thetao_20260712.nc' 

=> in get_sat_2D :
Error processing file /scratch/cfontana/DIAGS/SAD_2026-07-10/CMEMS/thetao/ITP_NC/thetao_20260712.nc
File not found
739809 26.20644829136705 nan 26.550547 1
[Errno 2] No such file or directory: '/scratch/cfontana/DIAGS/SAD_2026-07-10/CMEMS/thetao/ITP_NC/thetao_20260713.nc' 

=> in get_sat_2D :
Error processing file /scratch/cfontana/DIAGS/SAD_2026-07-10/CMEMS/thetao/ITP_NC/thetao_20260713.nc
File not found
739810 26.276897278539593 nan 26.830599 1
[Errno 2] No such file or directory: '/scratch/cfontana/DIAGS/SAD_2026-07-10/CMEMS/thetao/ITP_NC/thetao_20260714.nc' 

=> in get_sat_2D :
Error processing file /scratch/cfontana/DIAGS/SAD_2026-07-10/CMEMS/thetao/ITP_NC/thetao_20260714.nc
File not found
No space left on the device (473620480 Mo free) — exiting
[Errno 2] No such file or directory: '/scratch/cfontana/DIAGS/SAD_2026-07-10/CMEMS/thetao/ITP_NC/thetao_20260715.nc' 

=> in get_sat_2D :
Error processing file /scratch/cfontana/DIAGS/SAD_2026-07-10/CMEMS/thetao/ITP_NC/thetao_20260715.nc
File not found
No space left on the device (473620480 Mo free) — exiting
[SAVED FIG] /scratch/cfontana/DIAGS/SAD_2026-07-10/CMEMS/thetao/ITP_NC/PLOT/2026071000_thetao.jpg
[SAVED FIG] /scratch/cfontana/DIAGS/SAD_2026-07-10/CMEMS/thetao/ITP_NC/PLOT/2026071100_thetao.jpg
[SAVED FIG] /scratch/cfontana/DIAGS/SAD_2026-07-10/CMEMS/thetao/ITP_NC/PLOT/2026071200_thetao.jpg
[SAVED FIG] /scratch/cfontana/DIAGS/SAD_2026-07-10/CMEMS/thetao/ITP_NC/PLOT/2026071300_thetao.jpg
+ python plot_sat_CMEMS_timeseries.py -c SAD_2026-07-10 -v thetao -s CMEMS
----------------------------------
=> Config file SAD_2026-07-10 loaded
----------------------------------

[SAVED FIG] /scratch/cfontana/DIAGS/SAD_2026-07-10/CMEMS/thetao/ITP_NC/time_series.jpg
+ rm -f '/scratch/cfontana/DIAGS/SAD_2026-07-10/CMEMS/thetao/ITP_NC/PLOT/*.pkl'
+ [ 1 -eq 1 ]
+ rm -f /scratch/cfontana/DIAGS/SAD_2026-07-10/CMEMS/thetao/ITP_NC/thetao_20260710.nc /scratch/cfontana/DIAGS/SAD_2026-07-10/CMEMS/thetao/ITP_NC/thetao_20260711.nc
+ date
Sat Jul 11 19:10:28 CEST 2026
+ cd ..
+ [ 1 -eq 1 ]
+ cd datasets/HFRADAR
+ python read_radar.py -c SAD_2026-07-10
----------------------------------
=> Config file SAD_2026-07-10 loaded
----------------------------------


----------
20260710 0
[Errno 2] No such file or directory: '/scratch/cfontana/RADAR//2026-07-10/EUHFR_NRTcurrent_HFR-TirLig-Total_v3.nc'
[Errno 2] No such file or directory: '/scratch/cfontana/RADAR//2026-07-10/EUHFR_NRTcurrent_HFR-ARPAS-Total_v3.nc'
[Errno 2] No such file or directory: '/scratch/cfontana/RADAR//2026-07-10/EUHFR_NRTcurrent_HFR-LaMMA-Total_v3.nc'
[Errno 2] No such file or directory: '/scratch/cfontana/RADAR//2026-07-10/EUHFR_NRTcurrent_HFR-GoS-Total_v3.nc'
[Errno 2] No such file or directory: '/scratch/cfontana/RADAR//2026-07-10/EUHFR_NRTcurrent_HFR-WesternItaly-Total_v3.nc'
[Errno 2] No such file or directory: '/scratch/cfontana/RADAR//2026-07-10/EUHFR_NRTcurrent_HFR-Granitola-Total_v3.nc'
[Errno 2] No such file or directory: '/scratch/cfontana/RADAR//2026-07-10/EUHFR_NRTcurrent_HFR-NAdr-Total_v3.nc'
[Errno 2] No such file or directory: '/scratch/cfontana/RADAR//2026-07-10/EUHFR_NRTcurrent_HFR-GoM-Total_v3.nc'
[SAVED FIG] /scratch/cfontana/DIAGS/SAD_2026-07-10/RADAR/20260710_00.jpg

----------
20260711 0
[Errno 2] No such file or directory: '/scratch/cfontana/RADAR//2026-07-10/EUHFR_NRTcurrent_HFR-TirLig-Total_v3.nc'
[Errno 2] No such file or directory: '/scratch/cfontana/RADAR//2026-07-10/EUHFR_NRTcurrent_HFR-ARPAS-Total_v3.nc'
[Errno 2] No such file or directory: '/scratch/cfontana/RADAR//2026-07-10/EUHFR_NRTcurrent_HFR-LaMMA-Total_v3.nc'
[Errno 2] No such file or directory: '/scratch/cfontana/RADAR//2026-07-10/EUHFR_NRTcurrent_HFR-GoS-Total_v3.nc'
[Errno 2] No such file or directory: '/scratch/cfontana/RADAR//2026-07-10/EUHFR_NRTcurrent_HFR-WesternItaly-Total_v3.nc'
[Errno 2] No such file or directory: '/scratch/cfontana/RADAR//2026-07-10/EUHFR_NRTcurrent_HFR-Granitola-Total_v3.nc'
[Errno 2] No such file or directory: '/scratch/cfontana/RADAR//2026-07-10/EUHFR_NRTcurrent_HFR-NAdr-Total_v3.nc'
[Errno 2] No such file or directory: '/scratch/cfontana/RADAR//2026-07-10/EUHFR_NRTcurrent_HFR-GoM-Total_v3.nc'
[SAVED FIG] /scratch/cfontana/DIAGS/SAD_2026-07-10/RADAR/20260711_00.jpg

----------
20260712 0
[Errno 2] No such file or directory: '/scratch/cfontana/RADAR//2026-07-10/EUHFR_NRTcurrent_HFR-TirLig-Total_v3.nc'
[Errno 2] No such file or directory: '/scratch/cfontana/RADAR//2026-07-10/EUHFR_NRTcurrent_HFR-ARPAS-Total_v3.nc'
[Errno 2] No such file or directory: '/scratch/cfontana/RADAR//2026-07-10/EUHFR_NRTcurrent_HFR-LaMMA-Total_v3.nc'
[Errno 2] No such file or directory: '/scratch/cfontana/RADAR//2026-07-10/EUHFR_NRTcurrent_HFR-GoS-Total_v3.nc'
[Errno 2] No such file or directory: '/scratch/cfontana/RADAR//2026-07-10/EUHFR_NRTcurrent_HFR-WesternItaly-Total_v3.nc'
[Errno 2] No such file or directory: '/scratch/cfontana/RADAR//2026-07-10/EUHFR_NRTcurrent_HFR-Granitola-Total_v3.nc'
[Errno 2] No such file or directory: '/scratch/cfontana/RADAR//2026-07-10/EUHFR_NRTcurrent_HFR-NAdr-Total_v3.nc'
[Errno 2] No such file or directory: '/scratch/cfontana/RADAR//2026-07-10/EUHFR_NRTcurrent_HFR-GoM-Total_v3.nc'
[SAVED FIG] /scratch/cfontana/DIAGS/SAD_2026-07-10/RADAR/20260712_00.jpg

----------
20260713 0
[Errno 2] No such file or directory: '/scratch/cfontana/RADAR//2026-07-10/EUHFR_NRTcurrent_HFR-TirLig-Total_v3.nc'
[Errno 2] No such file or directory: '/scratch/cfontana/RADAR//2026-07-10/EUHFR_NRTcurrent_HFR-ARPAS-Total_v3.nc'
[Errno 2] No such file or directory: '/scratch/cfontana/RADAR//2026-07-10/EUHFR_NRTcurrent_HFR-LaMMA-Total_v3.nc'
[Errno 2] No such file or directory: '/scratch/cfontana/RADAR//2026-07-10/EUHFR_NRTcurrent_HFR-GoS-Total_v3.nc'
[Errno 2] No such file or directory: '/scratch/cfontana/RADAR//2026-07-10/EUHFR_NRTcurrent_HFR-WesternItaly-Total_v3.nc'
[Errno 2] No such file or directory: '/scratch/cfontana/RADAR//2026-07-10/EUHFR_NRTcurrent_HFR-Granitola-Total_v3.nc'
[Errno 2] No such file or directory: '/scratch/cfontana/RADAR//2026-07-10/EUHFR_NRTcurrent_HFR-NAdr-Total_v3.nc'
[Errno 2] No such file or directory: '/scratch/cfontana/RADAR//2026-07-10/EUHFR_NRTcurrent_HFR-GoM-Total_v3.nc'
[SAVED FIG] /scratch/cfontana/DIAGS/SAD_2026-07-10/RADAR/20260713_00.jpg

----------
20260714 0
[Errno 2] No such file or directory: '/scratch/cfontana/RADAR//2026-07-10/EUHFR_NRTcurrent_HFR-TirLig-Total_v3.nc'
[Errno 2] No such file or directory: '/scratch/cfontana/RADAR//2026-07-10/EUHFR_NRTcurrent_HFR-ARPAS-Total_v3.nc'
[Errno 2] No such file or directory: '/scratch/cfontana/RADAR//2026-07-10/EUHFR_NRTcurrent_HFR-LaMMA-Total_v3.nc'
[Errno 2] No such file or directory: '/scratch/cfontana/RADAR//2026-07-10/EUHFR_NRTcurrent_HFR-GoS-Total_v3.nc'
[Errno 2] No such file or directory: '/scratch/cfontana/RADAR//2026-07-10/EUHFR_NRTcurrent_HFR-WesternItaly-Total_v3.nc'
[Errno 2] No such file or directory: '/scratch/cfontana/RADAR//2026-07-10/EUHFR_NRTcurrent_HFR-Granitola-Total_v3.nc'
[Errno 2] No such file or directory: '/scratch/cfontana/RADAR//2026-07-10/EUHFR_NRTcurrent_HFR-NAdr-Total_v3.nc'
[Errno 2] No such file or directory: '/scratch/cfontana/RADAR//2026-07-10/EUHFR_NRTcurrent_HFR-GoM-Total_v3.nc'
[SAVED FIG] /scratch/cfontana/DIAGS/SAD_2026-07-10/RADAR/20260714_00.jpg

----------
20260715 0
[Errno 2] No such file or directory: '/scratch/cfontana/RADAR//2026-07-10/EUHFR_NRTcurrent_HFR-TirLig-Total_v3.nc'
[Errno 2] No such file or directory: '/scratch/cfontana/RADAR//2026-07-10/EUHFR_NRTcurrent_HFR-ARPAS-Total_v3.nc'
[Errno 2] No such file or directory: '/scratch/cfontana/RADAR//2026-07-10/EUHFR_NRTcurrent_HFR-LaMMA-Total_v3.nc'
[Errno 2] No such file or directory: '/scratch/cfontana/RADAR//2026-07-10/EUHFR_NRTcurrent_HFR-GoS-Total_v3.nc'
[Errno 2] No such file or directory: '/scratch/cfontana/RADAR//2026-07-10/EUHFR_NRTcurrent_HFR-WesternItaly-Total_v3.nc'
[Errno 2] No such file or directory: '/scratch/cfontana/RADAR//2026-07-10/EUHFR_NRTcurrent_HFR-Granitola-Total_v3.nc'
[Errno 2] No such file or directory: '/scratch/cfontana/RADAR//2026-07-10/EUHFR_NRTcurrent_HFR-NAdr-Total_v3.nc'
[Errno 2] No such file or directory: '/scratch/cfontana/RADAR//2026-07-10/EUHFR_NRTcurrent_HFR-GoM-Total_v3.nc'
[SAVED FIG] /scratch/cfontana/DIAGS/SAD_2026-07-10/RADAR/20260715_00.jpg
+ date
Sat Jul 11 19:26:59 CEST 2026
+ cd ../..
+ cat config/config_SAD.json
+ sed -e s/DINI/2026-07-10/g
+ sed -e s/FREQ/daily/
+ sed -e s/DEND/2026-07-15/
+ sed -e s/DOUT/20260710/
+ 1> config/config_SAD_2026-07-10.json
+ [ 1 -eq 1 ]
+ cd datasets/CMEMS
+ python get_data_sat.py -c SAD_2026-07-10 -v chl
INFO - 2026-07-11T17:27:01Z - Selected dataset version: "202211"
INFO - 2026-07-11T17:27:01Z - Selected dataset part: "default"
WARNING - 2026-07-11T17:27:01Z - Some of your subset selection [2026-07-10 00:00:00+00:00, 2026-07-15 00:00:00+00:00] for the time dimension exceed the dataset coordinates [2026-07-03 00:00:00+00:00, 2026-07-10 00:00:00+00:00]
----------------------------------
=> Config file SAD_2026-07-10 loaded
----------------------------------

Downloading CMEMS products : cmems_obs-oc_med_bgc-plankton_nrt_l3-multi-1km_P1D
=> Variable ['CHL', 'KD490'] 

------------------------------
DATE =>>> 2026-07-10 2026-07-15
------------------------------
  0%|                                                                                          | 0/130 [00:00<?, ?it/s]  1%|▋                                                                                 | 1/130 [00:00<00:22,  5.86it/s]  2%|█▉                                                                                | 3/130 [00:00<00:10, 11.80it/s]  7%|█████▋                                                                            | 9/130 [00:00<00:04, 29.71it/s] 13%|██████████▌                                                                      | 17/130 [00:00<00:03, 36.81it/s] 18%|██████████████▎                                                                  | 23/130 [00:00<00:02, 42.49it/s] 27%|█████████████████████▊                                                           | 35/130 [00:00<00:01, 60.68it/s] 32%|██████████████████████████▏                                                      | 42/130 [00:00<00:01, 60.70it/s] 41%|█████████████████████████████████                                                | 53/130 [00:01<00:01, 73.31it/s] 48%|███████████████████████████████████████▎                                         | 63/130 [00:01<00:00, 80.41it/s] 56%|█████████████████████████████████████████████▍                                   | 73/130 [00:01<00:00, 75.98it/s] 65%|████████████████████████████████████████████████████▉                            | 85/130 [00:01<00:00, 86.28it/s] 73%|███████████████████████████████████████████████████████████▏                     | 95/130 [00:01<00:00, 86.60it/s] 81%|████████████████████████████████████████████████████████████████▌               | 105/130 [00:01<00:00, 89.67it/s] 88%|██████████████████████████████████████████████████████████████████████▊         | 115/130 [00:01<00:00, 90.93it/s] 96%|████████████████████████████████████████████████████████████████████████████▉   | 125/130 [00:01<00:00, 91.43it/s]100%|████████████████████████████████████████████████████████████████████████████████| 130/130 [00:01<00:00, 70.99it/s]

[FILE SAVED ] /scratch/cfontana/DIAGS/SAD_2026-07-10/CMEMS/data/cmems_obs-oc_med_bgc-plankton_nrt_l3-multi-1km_P1D.nc
+ python interp_cmems.py -c SAD_2026-07-10 -v chl
----------------------------------
=> Config file SAD_2026-07-10 loaded
----------------------------------


[FILE SAVED] /scratch/cfontana/DIAGS/SAD_2026-07-10/CMEMS/chl/ITP_NC/chl_20260710.nc

+ [ 2 -eq 2 ]
+ error=1
+ cd ../../plot
+ python plot_CMEMS_pickle_data_vs_sat.py -c SAD_2026-07-10 -v chl -s CMEMS
----------------------------------
=> Config file SAD_2026-07-10 loaded
----------------------------------

Processing
739807 0.09885082278029392 0.085452564 0.038906 0.9616031895498167
[Errno 2] No such file or directory: '/scratch/cfontana/DIAGS/SAD_2026-07-10/CMEMS/chl/ITP_NC/chl_20260711.nc' 

=> in get_sat_2D :
Error processing file /scratch/cfontana/DIAGS/SAD_2026-07-10/CMEMS/chl/ITP_NC/chl_20260711.nc
File not found
739808 0.1013407179588878 nan 0.037354764 1
[Errno 2] No such file or directory: '/scratch/cfontana/DIAGS/SAD_2026-07-10/CMEMS/chl/ITP_NC/chl_20260712.nc' 

=> in get_sat_2D :
Error processing file /scratch/cfontana/DIAGS/SAD_2026-07-10/CMEMS/chl/ITP_NC/chl_20260712.nc
File not found
739809 0.09725448621091146 nan 0.036019064 1
[Errno 2] No such file or directory: '/scratch/cfontana/DIAGS/SAD_2026-07-10/CMEMS/chl/ITP_NC/chl_20260713.nc' 

=> in get_sat_2D :
Error processing file /scratch/cfontana/DIAGS/SAD_2026-07-10/CMEMS/chl/ITP_NC/chl_20260713.nc
File not found
739810 0.09102648429559217 nan 0.034875773 1
[Errno 2] No such file or directory: '/scratch/cfontana/DIAGS/SAD_2026-07-10/CMEMS/chl/ITP_NC/chl_20260714.nc' 

=> in get_sat_2D :
Error processing file /scratch/cfontana/DIAGS/SAD_2026-07-10/CMEMS/chl/ITP_NC/chl_20260714.nc
File not found
No space left on the device (526917632 Mo free) — exiting
[Errno 2] No such file or directory: '/scratch/cfontana/DIAGS/SAD_2026-07-10/CMEMS/chl/ITP_NC/chl_20260715.nc' 

=> in get_sat_2D :
Error processing file /scratch/cfontana/DIAGS/SAD_2026-07-10/CMEMS/chl/ITP_NC/chl_20260715.nc
File not found
No space left on the device (526913536 Mo free) — exiting
[SAVED FIG] /scratch/cfontana/DIAGS/SAD_2026-07-10/CMEMS/chl/ITP_NC/PLOT/2026071012_chl.jpg
[SAVED FIG] /scratch/cfontana/DIAGS/SAD_2026-07-10/CMEMS/chl/ITP_NC/PLOT/2026071112_chl.jpg
[SAVED FIG] /scratch/cfontana/DIAGS/SAD_2026-07-10/CMEMS/chl/ITP_NC/PLOT/2026071212_chl.jpg
[SAVED FIG] /scratch/cfontana/DIAGS/SAD_2026-07-10/CMEMS/chl/ITP_NC/PLOT/2026071312_chl.jpg
+ python plot_sat_CMEMS_timeseries.py -c SAD_2026-07-10 -v chl -s CMEMS
----------------------------------
=> Config file SAD_2026-07-10 loaded
----------------------------------

[SAVED FIG] /scratch/cfontana/DIAGS/SAD_2026-07-10/CMEMS/chl/ITP_NC/time_series.jpg
+ rm -f '/scratch/cfontana/DIAGS/SAD_2026-07-10/CMEMS/chl/ITP_NC/PLOT/*.pkl'
+ [ 1 -eq 1 ]
+ rm -f /scratch/cfontana/DIAGS/SAD_2026-07-10/CMEMS/chl/ITP_NC/chl_20260710.nc
+ date
Sat Jul 11 19:32:26 CEST 2026
+ cd ..
+ [ 1 -eq 0 ]
+ [ 1 -eq 1 ]
+ rm -f /scratch/cfontana/DIAGS/SAD_2026-07-10/CMEMS/data/SST_MED_SST_L3S_NRT_OBSERVATIONS_010_012_b.nc /scratch/cfontana/DIAGS/SAD_2026-07-10/CMEMS/data/cmems_obs-oc_med_bgc-plankton_nrt_l3-multi-1km_P1D.nc
+ [ 1 -eq 1 ]
+ source /home/cfontana/venv/a/bin/activate
+ 1> /dev/null
+ deactivate nondestructive
+ [ -n /home/cfontana/venv/c/bin:/usr/local/sbin:/usr/local/bin:/usr/sbin:/usr/bin:/sbin:/bin:/usr/games:/usr/local/games:/snap/bin ]
+ PATH=/home/cfontana/venv/c/bin:/usr/local/sbin:/usr/local/bin:/usr/sbin:/usr/bin:/sbin:/bin:/usr/games:/usr/local/games:/snap/bin
+ export PATH
+ unset _OLD_VIRTUAL_PATH
+ [ -n '' ]
+ hash -r
+ 2> /dev/null
+ [ -n '(c) \[\e]0;\u@\h: \w\a\]${debian_chroot:+($debian_chroot)}\[\033[01;32m\]\u@\h\[\033[00m\]:\[\033[01;34m\]\w\[\033[00m\]\$ ' ]
+ PS1='(c) \[\e]0;\u@\h: \w\a\]${debian_chroot:+($debian_chroot)}\[\033[01;32m\]\u@\h\[\033[00m\]:\[\033[01;34m\]\w\[\033[00m\]\$ '
+ export PS1
+ unset _OLD_VIRTUAL_PS1
+ unset VIRTUAL_ENV
+ unset VIRTUAL_ENV_PROMPT
+ [ ! nondestructive '=' nondestructive ]
+ [ '' '=' cygwin ]
+ [ '' '=' msys ]
+ VIRTUAL_ENV=/home/cfontana/venv/a
+ export VIRTUAL_ENV
+ _OLD_VIRTUAL_PATH=/home/cfontana/venv/c/bin:/usr/local/sbin:/usr/local/bin:/usr/sbin:/usr/bin:/sbin:/bin:/usr/games:/usr/local/games:/snap/bin
+ PATH=/home/cfontana/venv/a/bin:/home/cfontana/venv/c/bin:/usr/local/sbin:/usr/local/bin:/usr/sbin:/usr/bin:/sbin:/bin:/usr/games:/usr/local/games:/snap/bin
+ export PATH
+ [ -n '' ]
+ [ -z '' ]
+ _OLD_VIRTUAL_PS1='(c) \[\e]0;\u@\h: \w\a\]${debian_chroot:+($debian_chroot)}\[\033[01;32m\]\u@\h\[\033[00m\]:\[\033[01;34m\]\w\[\033[00m\]\$ '
+ PS1='(a) (c) \[\e]0;\u@\h: \w\a\]${debian_chroot:+($debian_chroot)}\[\033[01;32m\]\u@\h\[\033[00m\]:\[\033[01;34m\]\w\[\033[00m\]\$ '
+ export PS1
+ VIRTUAL_ENV_PROMPT='(a) '
+ export VIRTUAL_ENV_PROMPT
+ hash -r
+ 2> /dev/null
+ sed -i s/daily/hourly/ config/config_SAD_2026-07-10.json
+ cd datasets/ARGO
+ python get_argo.py -c SAD_2026-07-10
----------------------------------
=> Config file SAD_2026-07-10 loaded
----------------------------------

[np.float64(13.856771508140167), np.float64(20.309896508140167), np.float64(39.50260491652136), np.float64(43.0390632498547), 0, 500, '2026-07-10', '2026-07-15']
[SAVED] /scratch/cfontana/DIAGS/SAD_2026-07-10/ARGO/argo.nc
+ [ 0 -eq 0 ]
+ echo 'ARGO FOUND'
ARGO FOUND
+ python compare_argo.py -c SAD_2026-07-10
/home/cfontana/DATA_MED/datasets/ARGO/compare_argo.py:186: SyntaxWarning: invalid escape sequence '\ '
  print('/!\ NaN detected in depth data\n')
----------------------------------
=> Config file SAD_2026-07-10 loaded
----------------------------------

2 profiles found

Processing

Float 6903822 cycle 297
-----
Interpolation done for [ 72 ] data in 1.92 secInterpolation done for [ 72 ] data in 2.0 sec[SAVED FIG] /scratch/cfontana/DIAGS/SAD_2026-07-10/ARGO/6903822/profile_297.jpg

Float 3902626 cycle 125
-----
Interpolation done for [ 57 ] data in 1.1 secInterpolation done for [ 57 ] data in 1.71 sec[SAVED FIG] /scratch/cfontana/DIAGS/SAD_2026-07-10/ARGO/3902626/profile_125.jpg

-------------
Total of 258 found
-------------

Plot trajectories ...
[SAVED FIG] /scratch/cfontana/DIAGS/SAD_2026-07-10/ARGO/3902626/map.jpg
[SAVED FIG] /scratch/cfontana/DIAGS/SAD_2026-07-10/ARGO/6903822/map.jpg
[SAVED FIG] /scratch/cfontana/DIAGS/SAD_2026-07-10/ARGO/map.jpg
N =  127
[SAVED FIG] /scratch/cfontana/DIAGS/SAD_2026-07-10/ARGO/error_Salinity.jpg
Data for Salinity
[np.float64(0.07890928452540535), np.float64(0.0726224077414143), np.float64(0.18418461524356036)]

N =  127
[SAVED FIG] /scratch/cfontana/DIAGS/SAD_2026-07-10/ARGO/error_Temperature.jpg
Data for Temperature
[np.float64(0.10831063283497262), np.float64(0.42579559953834467), np.float64(0.20528380600473234)]

+ cd ../../
+ sed -i s/phy/bgc/ config/config_SAD_2026-07-10.json
+ cd datasets/ARGO
+ python get_argo.py -c SAD_2026-07-10
----------------------------------
=> Config file SAD_2026-07-10 loaded
----------------------------------

[np.float64(13.856771508140167), np.float64(20.309896508140167), np.float64(39.50260491652136), np.float64(43.0390632498547), 0, 500, '2026-07-10', '2026-07-15']
Traceback (most recent call last):
  File "/home/cfontana/DATA_MED/datasets/ARGO/get_argo.py", line 73, in <module>
    f = f.region(box).load()
        ^^^^^^^^^^^^^^^^^^^^
  File "/home/cfontana/venv/a/lib/python3.12/site-packages/argopy/fetchers.py", line 886, in load
    self._data = self._to_xarray(**kwargs)
                 ^^^^^^^^^^^^^^^^^^^^^^^^^
  File "/home/cfontana/venv/a/lib/python3.12/site-packages/argopy/fetchers.py", line 673, in _to_xarray
    xds = self.fetcher.to_xarray(**kwargs)
          ^^^^^^^^^^^^^^^^^^^^^^^^^^^^^^^^
  File "/home/cfontana/venv/a/lib/python3.12/site-packages/argopy/data_fetchers/erddap_data.py", line 583, in to_xarray
    results = self.fs.open_dataset(URI[0])
              ^^^^^^^^^^^^^^^^^^^^^^^^^^^^
  File "/home/cfontana/venv/a/lib/python3.12/site-packages/argopy/stores/implementations/http.py", line 349, in open_dataset
    target, _ = load_in_memory(
                ^^^^^^^^^^^^^^^
  File "/home/cfontana/venv/a/lib/python3.12/site-packages/argopy/stores/implementations/http.py", line 261, in load_in_memory
    data = self.download_url(url, **dwn_opts)
           ^^^^^^^^^^^^^^^^^^^^^^^^^^^^^^^^^^
  File "/home/cfontana/venv/a/lib/python3.12/site-packages/argopy/stores/implementations/http.py", line 169, in download_url
    data, n = make_request(
              ^^^^^^^^^^^^^
  File "/home/cfontana/venv/a/lib/python3.12/site-packages/argopy/stores/implementations/http.py", line 124, in make_request
    raise e
  File "/home/cfontana/venv/a/lib/python3.12/site-packages/argopy/stores/implementations/http.py", line 121, in make_request
    data = ffs.cat_file(url, **cat_opts)
           ^^^^^^^^^^^^^^^^^^^^^^^^^^^^^
  File "/home/cfontana/venv/a/lib/python3.12/site-packages/fsspec/asyn.py", line 118, in wrapper
    return sync(self.loop, func, *args, **kwargs)
           ^^^^^^^^^^^^^^^^^^^^^^^^^^^^^^^^^^^^^^
  File "/home/cfontana/venv/a/lib/python3.12/site-packages/fsspec/asyn.py", line 103, in sync
    raise return_result
  File "/home/cfontana/venv/a/lib/python3.12/site-packages/fsspec/asyn.py", line 56, in _runner
    result[0] = await coro
                ^^^^^^^^^^
  File "/home/cfontana/venv/a/lib/python3.12/site-packages/fsspec/implementations/http.py", line 247, in _cat_file
    self._raise_not_found_for_status(r, url)
  File "/home/cfontana/venv/a/lib/python3.12/site-packages/fsspec/implementations/http.py", line 229, in _raise_not_found_for_status
    raise FileNotFoundError(url)
FileNotFoundError: https://erddap.ifremer.fr/erddap/tabledap/ArgoFloats-synthetic-BGC.nc?bbp700,bbp700_adjusted,bbp700_adjusted_error,bbp700_adjusted_qc,bbp700_qc,cdom,cdom_adjusted,cdom_adjusted_error,cdom_adjusted_qc,cdom_qc,chla,chla_adjusted,chla_adjusted_error,chla_adjusted_qc,chla_qc,config_mission_number,cycle_number,direction,down_irradiance380,down_irradiance380_adjusted,down_irradiance380_adjusted_error,down_irradiance380_adjusted_qc,down_irradiance380_qc,down_irradiance412,down_irradiance412_adjusted,down_irradiance412_adjusted_error,down_irradiance412_adjusted_qc,down_irradiance412_qc,down_irradiance490,down_irradiance490_adjusted,down_irradiance490_adjusted_error,down_irradiance490_adjusted_qc,down_irradiance490_qc,downwelling_par,downwelling_par_adjusted,downwelling_par_adjusted_error,downwelling_par_adjusted_qc,downwelling_par_qc,doxy,doxy_adjusted,doxy_adjusted_error,doxy_adjusted_qc,doxy_qc,latitude,longitude,nitrate,nitrate_adjusted,nitrate_adjusted_error,nitrate_adjusted_qc,nitrate_qc,platform_number,position_qc,pres,pres_adjusted,pres_adjusted_error,pres_adjusted_qc,pres_qc,psal,psal_adjusted,psal_adjusted_error,psal_adjusted_qc,psal_qc,temp,temp_adjusted,temp_adjusted_error,temp_adjusted_qc,temp_qc,time,time_qc&longitude>=13.856771508140167&longitude<=20.309896508140167&latitude>=39.50260491652136&latitude<=43.0390632498547&pres>=0&pres<=500&time>=1783641600.0&time<=1784073600.0&latitude!=NaN&longitude!=NaN&distinct()&orderBy("time,pres")
+ [ 1 -eq 0 ]
+ cd ../../
+ [ 1 -eq 1 ]
+ source /home/cfontana/venv/c/bin/activate
+ 1> /dev/null
+ deactivate nondestructive
+ [ -n /home/cfontana/venv/c/bin:/usr/local/sbin:/usr/local/bin:/usr/sbin:/usr/bin:/sbin:/bin:/usr/games:/usr/local/games:/snap/bin ]
+ PATH=/home/cfontana/venv/c/bin:/usr/local/sbin:/usr/local/bin:/usr/sbin:/usr/bin:/sbin:/bin:/usr/games:/usr/local/games:/snap/bin
+ export PATH
+ unset _OLD_VIRTUAL_PATH
+ [ -n '' ]
+ hash -r
+ 2> /dev/null
+ [ -n '(c) \[\e]0;\u@\h: \w\a\]${debian_chroot:+($debian_chroot)}\[\033[01;32m\]\u@\h\[\033[00m\]:\[\033[01;34m\]\w\[\033[00m\]\$ ' ]
+ PS1='(c) \[\e]0;\u@\h: \w\a\]${debian_chroot:+($debian_chroot)}\[\033[01;32m\]\u@\h\[\033[00m\]:\[\033[01;34m\]\w\[\033[00m\]\$ '
+ export PS1
+ unset _OLD_VIRTUAL_PS1
+ unset VIRTUAL_ENV
+ unset VIRTUAL_ENV_PROMPT
+ [ ! nondestructive '=' nondestructive ]
+ [ '' '=' cygwin ]
+ [ '' '=' msys ]
+ VIRTUAL_ENV=/home/cfontana/venv/c
+ export VIRTUAL_ENV
+ _OLD_VIRTUAL_PATH=/home/cfontana/venv/c/bin:/usr/local/sbin:/usr/local/bin:/usr/sbin:/usr/bin:/sbin:/bin:/usr/games:/usr/local/games:/snap/bin
+ PATH=/home/cfontana/venv/c/bin:/home/cfontana/venv/c/bin:/usr/local/sbin:/usr/local/bin:/usr/sbin:/usr/bin:/sbin:/bin:/usr/games:/usr/local/games:/snap/bin
+ export PATH
+ [ -n '' ]
+ [ -z '' ]
+ _OLD_VIRTUAL_PS1='(c) \[\e]0;\u@\h: \w\a\]${debian_chroot:+($debian_chroot)}\[\033[01;32m\]\u@\h\[\033[00m\]:\[\033[01;34m\]\w\[\033[00m\]\$ '
+ PS1='(c) (c) \[\e]0;\u@\h: \w\a\]${debian_chroot:+($debian_chroot)}\[\033[01;32m\]\u@\h\[\033[00m\]:\[\033[01;34m\]\w\[\033[00m\]\$ '
+ export PS1
+ VIRTUAL_ENV_PROMPT='(c) '
+ export VIRTUAL_ENV_PROMPT
+ hash -r
+ 2> /dev/null
+ static=/scratch/cfontana/DIAGS/SAD_2026-07-10/static_SAD_2026-07-10
+ mkdir /scratch/cfontana/DIAGS/SAD_2026-07-10/static_SAD_2026-07-10
+ dir=/scratch/cfontana/DIAGS/SAD_2026-07-10/CMEMS/thetao/ITP_NC
+ i=1
+ ls /scratch/cfontana/DIAGS/SAD_2026-07-10/CMEMS/thetao/ITP_NC/PLOT/
+ cp /scratch/cfontana/DIAGS/SAD_2026-07-10/CMEMS/thetao/ITP_NC/PLOT/2026071000_thetao.jpg /scratch/cfontana/DIAGS/SAD_2026-07-10/static_SAD_2026-07-10/thetao_1.jpg
+ let i=1+1
+ cp /scratch/cfontana/DIAGS/SAD_2026-07-10/CMEMS/thetao/ITP_NC/PLOT/2026071100_thetao.jpg /scratch/cfontana/DIAGS/SAD_2026-07-10/static_SAD_2026-07-10/thetao_2.jpg
+ let i=2+1
+ cp /scratch/cfontana/DIAGS/SAD_2026-07-10/CMEMS/thetao/ITP_NC/PLOT/2026071200_thetao.jpg /scratch/cfontana/DIAGS/SAD_2026-07-10/static_SAD_2026-07-10/thetao_3.jpg
+ let i=3+1
+ cp /scratch/cfontana/DIAGS/SAD_2026-07-10/CMEMS/thetao/ITP_NC/PLOT/2026071300_thetao.jpg /scratch/cfontana/DIAGS/SAD_2026-07-10/static_SAD_2026-07-10/thetao_4.jpg
+ let i=4+1
+ cp /scratch/cfontana/DIAGS/SAD_2026-07-10/CMEMS/thetao/ITP_NC/time_series.jpg /scratch/cfontana/DIAGS/SAD_2026-07-10/static_SAD_2026-07-10/time_series_thetao.jpg
+ dir=/scratch/cfontana/DIAGS/SAD_2026-07-10/CMEMS/chl/ITP_NC
+ i=1
+ ls /scratch/cfontana/DIAGS/SAD_2026-07-10/CMEMS/chl/ITP_NC/PLOT/
+ cp /scratch/cfontana/DIAGS/SAD_2026-07-10/CMEMS/chl/ITP_NC/PLOT/2026071012_chl.jpg /scratch/cfontana/DIAGS/SAD_2026-07-10/static_SAD_2026-07-10/chl_1.jpg
+ let i=1+1
+ cp /scratch/cfontana/DIAGS/SAD_2026-07-10/CMEMS/chl/ITP_NC/PLOT/2026071112_chl.jpg /scratch/cfontana/DIAGS/SAD_2026-07-10/static_SAD_2026-07-10/chl_2.jpg
+ let i=2+1
+ cp /scratch/cfontana/DIAGS/SAD_2026-07-10/CMEMS/chl/ITP_NC/PLOT/2026071212_chl.jpg /scratch/cfontana/DIAGS/SAD_2026-07-10/static_SAD_2026-07-10/chl_3.jpg
+ let i=3+1
+ cp /scratch/cfontana/DIAGS/SAD_2026-07-10/CMEMS/chl/ITP_NC/PLOT/2026071312_chl.jpg /scratch/cfontana/DIAGS/SAD_2026-07-10/static_SAD_2026-07-10/chl_4.jpg
+ let i=4+1
+ cp /scratch/cfontana/DIAGS/SAD_2026-07-10/CMEMS/chl/ITP_NC/time_series.jpg /scratch/cfontana/DIAGS/SAD_2026-07-10/static_SAD_2026-07-10/time_series_chl.jpg
+ dir=/scratch/cfontana/DIAGS/SAD_2026-07-10/RADAR/
+ i=1
+ ls /scratch/cfontana/DIAGS/SAD_2026-07-10/RADAR//20260710_00.jpg /scratch/cfontana/DIAGS/SAD_2026-07-10/RADAR//20260711_00.jpg /scratch/cfontana/DIAGS/SAD_2026-07-10/RADAR//20260712_00.jpg /scratch/cfontana/DIAGS/SAD_2026-07-10/RADAR//20260713_00.jpg /scratch/cfontana/DIAGS/SAD_2026-07-10/RADAR//20260714_00.jpg /scratch/cfontana/DIAGS/SAD_2026-07-10/RADAR//20260715_00.jpg
+ cp /scratch/cfontana/DIAGS/SAD_2026-07-10/RADAR//20260710_00.jpg /scratch/cfontana/DIAGS/SAD_2026-07-10/static_SAD_2026-07-10/radar_1.jpg
+ let i=1+1
+ cp /scratch/cfontana/DIAGS/SAD_2026-07-10/RADAR//20260711_00.jpg /scratch/cfontana/DIAGS/SAD_2026-07-10/static_SAD_2026-07-10/radar_2.jpg
+ let i=2+1
+ cp /scratch/cfontana/DIAGS/SAD_2026-07-10/RADAR//20260712_00.jpg /scratch/cfontana/DIAGS/SAD_2026-07-10/static_SAD_2026-07-10/radar_3.jpg
+ let i=3+1
+ cp /scratch/cfontana/DIAGS/SAD_2026-07-10/RADAR//20260713_00.jpg /scratch/cfontana/DIAGS/SAD_2026-07-10/static_SAD_2026-07-10/radar_4.jpg
+ let i=4+1
+ cp /scratch/cfontana/DIAGS/SAD_2026-07-10/RADAR//20260714_00.jpg /scratch/cfontana/DIAGS/SAD_2026-07-10/static_SAD_2026-07-10/radar_5.jpg
+ let i=5+1
+ cp /scratch/cfontana/DIAGS/SAD_2026-07-10/RADAR//20260715_00.jpg /scratch/cfontana/DIAGS/SAD_2026-07-10/static_SAD_2026-07-10/radar_6.jpg
+ let i=6+1
+ dir=/scratch/cfontana/DIAGS/SAD_2026-07-10/ARGO/
+ ls -d '/scratch/cfontana/DIAGS/SAD_2026-07-10/ARGO//bio*/'
ls: cannot access '/scratch/cfontana/DIAGS/SAD_2026-07-10/ARGO//bio*/': No such file or directory
+ i=1
+ 1> /scratch/cfontana/DIAGS/SAD_2026-07-10/static_SAD_2026-07-10/list.txt
+ ls -d /scratch/cfontana/DIAGS/SAD_2026-07-10/ARGO//3902626/ /scratch/cfontana/DIAGS/SAD_2026-07-10/ARGO//6903822/
+ ls /scratch/cfontana/DIAGS/SAD_2026-07-10/ARGO//3902626//profile_125.jpg
+ cp /scratch/cfontana/DIAGS/SAD_2026-07-10/ARGO//3902626//profile_125.jpg /scratch/cfontana/DIAGS/SAD_2026-07-10/static_SAD_2026-07-10/argo_1.jpg
+ echo argo_1.jpg
+ let i=1+1
+ ls /scratch/cfontana/DIAGS/SAD_2026-07-10/ARGO//6903822//profile_297.jpg
+ cp /scratch/cfontana/DIAGS/SAD_2026-07-10/ARGO//6903822//profile_297.jpg /scratch/cfontana/DIAGS/SAD_2026-07-10/static_SAD_2026-07-10/argo_2.jpg
+ echo argo_2.jpg
+ let i=2+1
+ cp /scratch/cfontana/DIAGS/SAD_2026-07-10/ARGO//map.jpg /scratch/cfontana/DIAGS/SAD_2026-07-10/static_SAD_2026-07-10
+ scp -r /scratch/cfontana/DIAGS/SAD_2026-07-10/static_SAD_2026-07-10 yulpa175555@webhost03.yulpa.io:/datas/yulpa175555/sites/merval.eg2.fr/htdocs/DIAGS
+ date
+ echo Sat Jul 11 19:32:57 CEST 2026
+ 1> /scratch/cfontana/DIAGS/SAD_2026-07-10/active
+ [ 1 -eq 1 ]
+ scp -r /scratch/cfontana/DIAGS/SAD_2026-07-10/active yulpa175555@webhost03.yulpa.io:/datas/yulpa175555/sites/merval.eg2.fr/htdocs/
+ echo 'Error => 1'
Error => 1
+ [ 1 -eq 1 -a 1 -eq 1 ]
+ date -d '8 days ago' +%Y-%m-%d
+ last=2026-07-03
+ echo 'Last no error is 2026-07-03'
Last no error is 2026-07-03
+ echo 2026-07-03
+ 1> /home/cfontana/no_error
+ scp /home/cfontana/no_error yulpa175555@webhost03.yulpa.io:/datas/yulpa175555/sites/merval.eg2.fr/htdocs/
